date,psi_max,psi_mean,psi_north,psi_south,psi_east,psi_west,psi_central,pm25_24h_max,n_readings,rain_mm,wind_speed_max,wind_dir,temp_max,humidity_mean,hotspots_sumatra,hotspots_borneo,hotspots_peninsula,psi_yesterday,psi_change,psi_north_change,psi_south_change,psi_east_change,psi_west_change,psi_central_change,hotspots_sumatra_3d,log_hotspots_sumatra_3d,hotspots_borneo_3d,log_hotspots_borneo_3d,wind_from_east,wind_from_north,wind_from_sumatra,wind_from_borneo,sumatra_fires_x_wind,borneo_fires_x_wind,rain_3d,month,psi_tomorrow,psi_north_tomorrow,psi_south_tomorrow,psi_east_tomorrow,psi_west_tomorrow,psi_central_tomorrow,unhealthy_tomorrow
2019-01-01,40.0,38.125,40.0,39.0,36.0,25.0,33.0,10.0,8,5.6,16.3,312,30.7,86,26.0,11.0,7.0,,,,,,,,26.0,3.295836866004329,11.0,2.4849066497880004,-0.7431448254773946,0.6691306063588578,0.0,0.0,0.0,0.0,5.6,1,55.0,54.0,55.0,55.0,46.0,53.0,0.0
2019-01-02,55.0,51.4375,54.0,55.0,55.0,46.0,53.0,16.0,16,0.4,17.6,291,29.8,84,33.0,8.0,0.0,40.0,15.0,14.0,16.0,19.0,21.0,20.0,59.0,4.0943445622221,19.0,2.995732273553991,-0.9335804264972017,0.3583679495453004,0.0,0.0,0.0,0.0,6.0,1,61.0,57.0,61.0,59.0,54.0,59.0,0.0
2019-01-03,61.0,58.583333333333336,57.0,61.0,59.0,54.0,59.0,21.0,24,1.7,28.1,277,29.9,83,55.0,8.0,24.0,55.0,6.0,3.0,6.0,4.0,8.0,6.0,114.0,4.74493212836325,27.0,3.332204510175204,-0.992546151641322,0.12186934340514768,1.0,0.0,4.74493212836325,0.0,7.699999999999999,1,60.0,55.0,60.0,58.0,53.0,58.0,0.0
2019-01-04,60.0,56.875,55.0,60.0,58.0,53.0,58.0,20.0,24,0.5,20.5,276,30.0,81,66.0,39.0,20.0,61.0,-1.0,-2.0,-1.0,-1.0,-1.0,-1.0,154.0,5.043425116919247,55.0,4.02535169073515,-0.9945218953682734,0.10452846326765299,1.0,0.0,5.043425116919247,0.0,2.6,1,61.0,57.0,61.0,59.0,55.0,56.0,0.0
2019-01-05,61.0,57.25,57.0,61.0,59.0,55.0,56.0,21.0,8,2.0,12.4,69,30.0,86,55.0,38.0,18.0,60.0,1.0,2.0,1.0,1.0,2.0,-2.0,176.0,5.176149732573829,85.0,4.454347296253507,0.9335804264972017,0.3583679495453004,0.0,0.0,0.0,0.0,4.2,1,61.0,56.0,61.0,56.0,59.0,57.0,0.0
2019-01-06,61.0,54.8125,56.0,61.0,56.0,59.0,57.0,21.0,16,6.9,15.3,28,29.2,87,24.0,60.0,23.0,61.0,0.0,-1.0,0.0,-3.0,4.0,1.0,145.0,4.983606621708336,137.0,4.927253685157205,0.4694715627858908,0.882947592858927,0.0,0.0,0.0,0.0,9.4,1,53.0,43.0,53.0,49.0,40.0,52.0,0.0
2019-01-07,53.0,50.79166666666666,43.0,53.0,49.0,40.0,52.0,14.0,24,2.0,16.6,29,30.0,86,17.0,76.0,13.0,61.0,-8.0,-13.0,-8.0,-7.0,-19.0,-5.0,96.0,4.574710978503383,174.0,5.1647859739235145,0.48480962024633706,0.8746197071393957,0.0,0.0,0.0,0.0,10.9,1,52.0,36.0,52.0,46.0,30.0,50.0,0.0
2019-01-08,52.0,49.625,36.0,52.0,46.0,30.0,50.0,13.0,24,21.8,13.7,43,27.8,89,11.0,43.0,7.0,53.0,-1.0,-7.0,-1.0,-3.0,-10.0,-2.0,52.0,3.970291913552122,179.0,5.19295685089021,0.6819983600624985,0.7313537016191705,0.0,0.0,0.0,0.0,30.700000000000003,1,53.0,34.0,53.0,49.0,33.0,47.0,0.0
2019-01-09,53.0,52.375,34.0,53.0,49.0,33.0,47.0,14.0,8,8.9,15.6,30,29.3,89,8.0,58.0,24.0,52.0,1.0,-2.0,1.0,3.0,3.0,-3.0,36.0,3.6109179126442243,177.0,5.181783550292085,0.49999999999999994,0.8660254037844387,0.0,0.0,0.0,0.0,32.7,1,52.0,42.0,52.0,50.0,37.0,48.0,0.0
2019-01-10,52.0,49.73913043478261,42.0,52.0,50.0,37.0,48.0,13.0,23,0.3,19.6,34,30.2,83,15.0,42.0,7.0,53.0,-1.0,8.0,-1.0,1.0,4.0,1.0,34.0,3.5553480614894135,143.0,4.969813299576001,0.5591929034707469,0.8290375725550417,0.0,0.0,0.0,0.0,31.0,1,46.0,40.0,46.0,45.0,31.0,45.0,0.0
2019-01-11,46.0,44.0,40.0,46.0,45.0,31.0,45.0,11.0,23,4.4,19.1,30,29.9,82,8.0,36.0,17.0,52.0,-6.0,-2.0,-6.0,-5.0,-6.0,-3.0,31.0,3.4657359027997265,136.0,4.919980925828125,0.49999999999999994,0.8660254037844387,0.0,0.0,0.0,0.0,13.599999999999998,1,50.0,37.0,49.0,50.0,39.0,43.0,0.0
2019-01-12,50.0,48.625,37.0,49.0,50.0,39.0,43.0,12.0,16,0.4,13.5,16,30.3,82,14.0,67.0,25.0,46.0,4.0,-3.0,3.0,5.0,8.0,-2.0,37.0,3.6375861597263857,145.0,4.983606621708336,0.27563735581699916,0.9612616959383189,0.0,0.0,0.0,0.0,5.099999999999997,1,52.0,41.0,52.0,48.0,37.0,43.0,0.0
2019-01-13,52.0,49.958333333333336,41.0,52.0,48.0,37.0,43.0,13.0,24,1.5,14.2,19,30.3,84,16.0,43.0,27.0,50.0,2.0,4.0,3.0,-2.0,-2.0,0.0,38.0,3.6635616461296463,146.0,4.990432586778736,0.3255681544571567,0.9455185755993168,0.0,0.0,0.0,0.0,6.299999999999997,1,52.0,40.0,52.0,51.0,33.0,45.0,0.0
2019-01-14,52.0,51.375,40.0,52.0,51.0,33.0,45.0,13.0,8,12.5,13.2,7,29.6,87,7.0,14.0,20.0,52.0,0.0,-1.0,0.0,3.0,-4.0,2.0,37.0,3.6375861597263857,124.0,4.8283137373023015,0.12186934340514748,0.992546151641322,0.0,0.0,0.0,0.0,14.399999999999997,1,54.0,51.0,54.0,53.0,44.0,52.0,0.0
2019-01-15,54.0,52.91304347826087,51.0,54.0,53.0,44.0,52.0,15.0,23,1.2,12.1,341,29.8,85,5.0,0.0,14.0,52.0,2.0,11.0,2.0,2.0,11.0,7.0,28.0,3.367295829986474,57.0,4.060443010546419,-0.3255681544571567,0.9455185755993168,0.0,0.0,0.0,0.0,15.199999999999996,1,53.0,49.0,53.0,53.0,46.0,51.0,0.0
2019-01-16,53.0,51.69565217391305,49.0,53.0,53.0,46.0,51.0,14.0,23,1.5,15.3,347,29.9,85,8.0,15.0,17.0,54.0,-1.0,-2.0,-1.0,0.0,2.0,-1.0,20.0,3.044522437723423,29.0,3.4011973816621555,-0.22495105434386534,0.9743700647852351,0.0,0.0,0.0,0.0,15.199999999999996,1,50.0,34.0,43.0,50.0,34.0,35.0,0.0
2019-01-17,50.0,45.1875,34.0,43.0,50.0,34.0,35.0,12.0,16,19.7,16.3,3,28.5,89,14.0,14.0,3.0,53.0,-3.0,-15.0,-10.0,-3.0,-12.0,-16.0,27.0,3.332204510175204,29.0,3.4011973816621555,0.052335956242943835,0.9986295347545738,0.0,0.0,0.0,0.0,22.399999999999995,1,37.0,28.0,31.0,37.0,17.0,23.0,0.0
2019-01-18,37.0,34.375,28.0,31.0,37.0,17.0,23.0,9.0,8,7.4,21.6,20,27.8,88,17.0,45.0,3.0,50.0,-13.0,-6.0,-12.0,-13.0,-17.0,-12.0,39.0,3.6888794541139363,74.0,4.31748811353631,0.3420201433256687,0.9396926207859084,0.0,0.0,0.0,0.0,28.599999999999994,1,54.0,54.0,52.0,54.0,40.0,53.0,0.0
2019-01-19,54.0,51.6,54.0,52.0,54.0,40.0,53.0,15.0,20,1.3,18.8,12,29.4,82,11.0,41.0,6.0,37.0,17.0,26.0,21.0,17.0,23.0,30.0,42.0,3.7612001156935624,100.0,4.61512051684126,0.20791169081775934,0.9781476007338057,0.0,0.0,0.0,0.0,28.399999999999995,1,54.0,51.0,52.0,54.0,53.0,52.0,0.0
2019-01-20,54.0,53.0625,51.0,52.0,54.0,53.0,52.0,14.0,16,1.7,18.2,11,30.1,83,9.0,25.0,16.0,54.0,0.0,-3.0,0.0,0.0,13.0,-1.0,37.0,3.6375861597263857,111.0,4.718498871295094,0.1908089953765448,0.981627183447664,0.0,0.0,0.0,0.0,10.399999999999997,1,53.0,49.0,52.0,53.0,52.0,45.0,0.0
2019-01-21,53.0,52.0,49.0,52.0,53.0,52.0,45.0,14.0,24,6.3,18.4,350,29.5,85,4.0,0.0,8.0,54.0,-1.0,-2.0,0.0,-1.0,-1.0,-7.0,24.0,3.2188758248682006,66.0,4.204692619390966,-0.1736481776669304,0.984807753012208,0.0,0.0,0.0,0.0,9.299999999999997,1,52.0,45.0,47.0,51.0,52.0,44.0,0.0
2019-01-22,52.0,51.75,45.0,47.0,51.0,52.0,44.0,13.0,8,0.0,18.0,2,28.2,84,10.0,4.0,21.0,53.0,-1.0,-4.0,-5.0,-2.0,0.0,-1.0,23.0,3.1780538303479458,29.0,3.4011973816621555,0.03489949670250097,0.9993908270190958,0.0,0.0,0.0,0.0,7.9999999999999964,1,54.0,54.0,52.0,52.0,35.0,49.0,0.0
2019-01-23,54.0,50.75,54.0,52.0,52.0,35.0,49.0,15.0,16,1.6,21.9,18,29.3,84,7.0,10.0,34.0,52.0,2.0,9.0,5.0,1.0,-17.0,5.0,21.0,3.091042453358316,14.0,2.70805020110221,0.3090169943749474,0.9510565162951535,0.0,0.0,0.0,0.0,7.899999999999997,1,55.0,54.0,55.0,54.0,42.0,53.0,0.0
2019-01-24,55.0,54.375,54.0,55.0,54.0,42.0,53.0,16.0,8,0.0,22.4,28,29.7,79,20.0,12.0,27.0,54.0,1.0,0.0,3.0,2.0,7.0,4.0,37.0,3.6375861597263857,26.0,3.295836866004329,0.4694715627858908,0.882947592858927,0.0,0.0,0.0,0.0,1.5999999999999965,1,61.0,53.0,61.0,55.0,54.0,59.0,0.0
2019-01-25,61.0,59.26086956521739,53.0,61.0,55.0,54.0,59.0,21.0,23,2.1,20.4,21,29.0,78,10.0,8.0,13.0,55.0,6.0,-1.0,6.0,1.0,12.0,6.0,37.0,3.6375861597263857,30.0,3.4339872044851463,0.35836794954530027,0.9335804264972017,0.0,0.0,0.0,0.0,3.6999999999999966,1,59.0,54.0,59.0,55.0,54.0,57.0,0.0
2019-01-26,59.0,57.95652173913044,54.0,59.0,55.0,54.0,57.0,19.0,23,0.6,20.1,24,29.4,78,23.0,15.0,13.0,61.0,-2.0,1.0,-2.0,0.0,0.0,-2.0,53.0,3.9889840465642745,35.0,3.58351893845611,0.4067366430758002,0.9135454576426009,0.0,0.0,0.0,0.0,2.6999999999999966,1,55.0,51.0,55.0,53.0,47.0,55.0,0.0
2019-01-27,55.0,54.3,51.0,55.0,53.0,47.0,55.0,16.0,10,2.1,20.3,16,29.9,82,10.0,39.0,11.0,59.0,-4.0,-3.0,-4.0,-2.0,-7.0,-2.0,43.0,3.784189633918261,62.0,4.143134726391533,0.27563735581699916,0.9612616959383189,0.0,0.0,0.0,0.0,4.799999999999997,1,52.0,44.0,52.0,45.0,38.0,49.0,0.0
2019-01-28,52.0,51.0,44.0,52.0,45.0,38.0,49.0,13.0,4,11.7,19.3,14,28.5,89,20.0,55.0,3.0,55.0,-3.0,-7.0,-3.0,-8.0,-9.0,-6.0,53.0,3.9889840465642745,109.0,4.700480365792417,0.24192189559966773,0.9702957262759965,0.0,0.0,0.0,0.0,14.399999999999997,1,54.0,49.0,54.0,53.0,41.0,42.0,0.0
2019-01-29,54.0,52.69565217391305,49.0,54.0,53.0,41.0,42.0,15.0,23,1.2,21.5,22,29.3,85,4.0,24.0,18.0,52.0,2.0,5.0,2.0,8.0,3.0,-7.0,34.0,3.5553480614894135,118.0,4.77912349311153,0.374606593415912,0.9271838545667874,0.0,0.0,0.0,0.0,14.999999999999996,1,54.0,44.0,52.0,54.0,34.0,46.0,0.0
2019-01-30,54.0,51.785714285714285,44.0,52.0,54.0,34.0,46.0,14.0,14,0.3,22.7,24,29.3,81,10.0,14.0,1.0,54.0,0.0,-5.0,-2.0,1.0,-7.0,4.0,34.0,3.5553480614894135,93.0,4.543294782270004,0.4067366430758002,0.9135454576426009,0.0,0.0,0.0,0.0,13.199999999999996,1,55.0,40.0,52.0,55.0,34.0,46.0,0.0
2019-01-31,55.0,54.125,40.0,52.0,55.0,34.0,46.0,15.0,8,0.8,15.7,36,29.6,84,33.0,13.0,18.0,54.0,1.0,-4.0,0.0,1.0,0.0,0.0,47.0,3.871201010907891,51.0,3.9512437185814275,0.5877852522924731,0.8090169943749475,0.0,0.0,0.0,0.0,2.2999999999999963,1,57.0,46.0,52.0,57.0,40.0,48.0,0.0
2019-02-01,57.0,53.8125,46.0,52.0,57.0,40.0,48.0,17.0,16,0.5,21.1,27,29.9,82,33.0,15.0,42.0,55.0,2.0,6.0,0.0,2.0,6.0,2.0,76.0,4.343805421853684,42.0,3.7612001156935624,0.45399049973954675,0.8910065241883679,0.0,0.0,0.0,0.0,1.5999999999999965,2,52.0,42.0,52.0,47.0,30.0,39.0,0.0
2019-02-02,52.0,51.625,42.0,52.0,47.0,30.0,39.0,13.0,8,2.5,15.3,31,29.7,84,33.0,22.0,17.0,57.0,-5.0,-4.0,0.0,-10.0,-10.0,-9.0,99.0,4.605170185988092,50.0,3.9318256327243257,0.5150380749100542,0.8571673007021123,0.0,0.0,0.0,0.0,3.7999999999999963,2,51.0,35.0,51.0,42.0,22.0,43.0,0.0
2019-02-03,51.0,50.4375,35.0,51.0,42.0,22.0,43.0,13.0,16,9.9,15.9,30,30.1,87,8.0,38.0,33.0,52.0,-1.0,-7.0,-1.0,-5.0,-8.0,4.0,74.0,4.31748811353631,75.0,4.330733340286331,0.49999999999999994,0.8660254037844387,0.0,0.0,0.0,0.0,12.899999999999997,2,53.0,35.0,53.0,51.0,23.0,41.0,0.0
2019-02-04,53.0,52.75,35.0,53.0,51.0,23.0,41.0,14.0,8,2.1,16.7,22,30.3,84,28.0,28.0,32.0,51.0,2.0,0.0,2.0,9.0,1.0,-2.0,69.0,4.248495242049359,88.0,4.48863636973214,0.374606593415912,0.9271838545667874,0.0,0.0,0.0,0.0,14.499999999999996,2,54.0,46.0,54.0,47.0,30.0,51.0,0.0
2019-02-05,54.0,52.78260869565217,46.0,54.0,47.0,30.0,51.0,15.0,23,1.1,16.9,16,29.7,85,28.0,14.0,60.0,53.0,1.0,11.0,1.0,-4.0,7.0,10.0,64.0,4.174387269895637,80.0,4.394449154672439,0.27563735581699916,0.9612616959383189,0.0,0.0,0.0,0.0,13.099999999999998,2,51.0,43.0,51.0,44.0,26.0,43.0,0.0
2019-02-06,51.0,47.95652173913044,43.0,51.0,44.0,26.0,43.0,12.0,23,0.9,16.5,28,30.1,80,25.0,26.0,65.0,54.0,-3.0,-3.0,-3.0,-3.0,-4.0,-8.0,81.0,4.406719247264253,68.0,4.23410650459726,0.4694715627858908,0.882947592858927,0.0,0.0,0.0,0.0,4.099999999999997,2,52.0,49.0,52.0,46.0,24.0,48.0,0.0
2019-02-07,52.0,52.0,49.0,52.0,46.0,24.0,48.0,13.0,1,4.0,15.1,25,30.1,81,45.0,58.0,87.0,51.0,1.0,6.0,1.0,2.0,-2.0,5.0,98.0,4.59511985013459,98.0,4.59511985013459,0.42261826174069944,0.9063077870366499,0.0,0.0,0.0,0.0,5.9999999999999964,2,67.0,35.0,54.0,67.0,26.0,47.0,0.0
2019-02-08,67.0,65.625,35.0,54.0,67.0,26.0,47.0,26.0,8,2.0,11.8,22,30.9,81,70.0,37.0,64.0,52.0,15.0,-14.0,2.0,21.0,2.0,-1.0,140.0,4.948759890378168,121.0,4.804021044733257,0.374606593415912,0.9271838545667874,0.0,0.0,0.0,0.0,6.899999999999997,2,68.0,41.0,54.0,68.0,38.0,44.0,0.0
2019-02-09,68.0,60.78260869565217,41.0,54.0,68.0,38.0,44.0,27.0,23,7.7,8.9,12,30.3,86,62.0,62.0,42.0,67.0,1.0,6.0,0.0,1.0,12.0,-3.0,177.0,5.181783550292085,157.0,5.062595033026967,0.20791169081775934,0.9781476007338057,0.0,0.0,0.0,0.0,13.699999999999996,2,57.0,36.0,53.0,57.0,32.0,45.0,0.0
2019-02-10,57.0,55.75,36.0,53.0,57.0,32.0,45.0,17.0,16,0.7,19.8,26,30.6,82,45.0,56.0,71.0,68.0,-11.0,-5.0,-1.0,-11.0,-6.0,1.0,177.0,5.181783550292085,155.0,5.049856007249537,0.4383711467890774,0.898794046299167,0.0,0.0,0.0,0.0,10.399999999999997,2,55.0,34.0,49.0,55.0,26.0,45.0,0.0
2019-02-11,55.0,54.5,34.0,49.0,55.0,26.0,45.0,16.0,8,0.0,20.8,25,30.7,73,109.0,36.0,113.0,57.0,-2.0,-2.0,-4.0,-2.0,-6.0,0.0,216.0,5.37989735354046,154.0,5.043425116919247,0.42261826174069944,0.9063077870366499,0.0,0.0,0.0,0.0,8.399999999999997,2,53.0,53.0,51.0,53.0,44.0,49.0,0.0
2019-02-12,53.0,52.6875,53.0,51.0,53.0,44.0,49.0,14.0,16,0.0,13.5,26,30.6,76,183.0,82.0,68.0,55.0,-2.0,19.0,2.0,-2.0,18.0,4.0,337.0,5.823045895483019,174.0,5.1647859739235145,0.4383711467890774,0.898794046299167,0.0,0.0,0.0,0.0,0.6999999999999964,2,53.0,52.0,53.0,49.0,47.0,49.0,0.0
2019-02-13,53.0,52.083333333333336,52.0,53.0,49.0,47.0,49.0,14.0,24,2.5,18.0,31,30.3,81,135.0,89.0,29.0,53.0,0.0,-1.0,2.0,-4.0,3.0,0.0,427.0,6.059123195581797,207.0,5.337538079701318,0.5150380749100542,0.8571673007021123,0.0,0.0,0.0,0.0,2.4999999999999964,2,53.0,44.0,53.0,42.0,36.0,52.0,0.0
2019-02-14,53.0,49.375,44.0,53.0,42.0,36.0,52.0,13.0,24,0.6,21.7,35,30.8,76,140.0,87.0,70.0,53.0,0.0,-8.0,0.0,-7.0,-11.0,3.0,458.0,6.129050210060545,258.0,5.556828061699537,0.573576436351046,0.8191520442889918,0.0,0.0,0.0,0.0,3.0999999999999965,2,56.0,45.0,56.0,45.0,40.0,52.0,0.0
2019-02-15,56.0,54.91666666666666,45.0,56.0,45.0,40.0,52.0,17.0,24,0.5,19.4,25,31.5,75,486.0,173.0,61.0,53.0,3.0,1.0,3.0,3.0,4.0,0.0,761.0,6.635946555686647,349.0,5.857933154483459,0.42261826174069944,0.9063077870366499,0.0,0.0,0.0,0.0,3.5999999999999965,2,55.0,50.0,55.0,45.0,35.0,49.0,0.0
2019-02-16,55.0,54.25,50.0,55.0,45.0,35.0,49.0,15.0,8,0.0,17.6,26,31.7,73,107.0,109.0,57.0,56.0,-1.0,5.0,-1.0,0.0,-5.0,-3.0,733.0,6.598509028614515,369.0,5.91350300563827,0.4383711467890774,0.898794046299167,0.0,0.0,0.0,0.0,1.0999999999999965,2,54.0,54.0,54.0,52.0,51.0,52.0,0.0
2019-02-17,54.0,53.5,54.0,54.0,52.0,51.0,52.0,15.0,16,3.1,12.9,17,30.9,80,21.0,108.0,54.0,55.0,-1.0,4.0,-1.0,7.0,16.0,3.0,614.0,6.421622267806518,390.0,5.968707559985366,0.29237170472273677,0.9563047559630354,0.0,0.0,0.0,0.0,3.5999999999999965,2,55.0,55.0,54.0,54.0,49.0,54.0,0.0
2019-02-18,55.0,54.25,55.0,54.0,54.0,49.0,54.0,15.0,8,4.0,9.0,61,29.1,81,70.0,66.0,39.0,54.0,1.0,1.0,0.0,2.0,-2.0,2.0,198.0,5.293304824724492,283.0,5.648974238161206,0.8746197071393957,0.4848096202463371,0.0,0.0,0.0,0.0,7.099999999999996,2,55.0,54.0,55.0,51.0,53.0,52.0,0.0
2019-02-19,55.0,53.375,54.0,55.0,51.0,53.0,52.0,15.0,16,4.1,13.6,59,31.1,81,65.0,102.0,38.0,55.0,0.0,-1.0,1.0,-3.0,4.0,-2.0,156.0,5.056245805348308,276.0,5.6240175061873385,0.8571673007021123,0.5150380749100542,0.0,0.0,0.0,0.0,11.199999999999996,2,54.0,53.0,53.0,49.0,53.0,54.0,0.0
2019-02-20,54.0,53.16666666666666,53.0,53.0,49.0,53.0,54.0,15.0,24,2.4,12.0,41,31.4,80,74.0,117.0,45.0,55.0,-1.0,-1.0,-2.0,-2.0,0.0,2.0,209.0,5.3471075307174685,285.0,5.655991810819852,0.6560590289905073,0.754709580222772,0.0,0.0,0.0,0.0,10.499999999999996,2,56.0,47.0,54.0,51.0,53.0,56.0,0.0
2019-02-21,56.0,54.625,47.0,54.0,51.0,53.0,56.0,16.0,8,0.0,20.6,32,32.7,75,182.0,104.0,106.0,54.0,2.0,-6.0,1.0,2.0,0.0,2.0,321.0,5.7745515455444085,323.0,5.780743515792329,0.5299192642332049,0.848048096156426,0.0,0.0,0.0,0.0,6.4999999999999964,2,54.0,50.0,54.0,54.0,47.0,54.0,0.0
2019-02-22,54.0,54.0,50.0,54.0,54.0,47.0,54.0,15.0,23,4.9,15.9,28,32.3,78,167.0,69.0,71.0,56.0,-2.0,3.0,0.0,3.0,-6.0,-2.0,423.0,6.049733455231958,290.0,5.673323267171493,0.4694715627858908,0.882947592858927,0.0,0.0,0.0,0.0,7.299999999999997,2,57.0,51.0,54.0,47.0,52.0,57.0,0.0
2019-02-23,57.0,56.41666666666666,51.0,54.0,47.0,52.0,57.0,18.0,12,0.2,16.5,33,33.3,72,207.0,77.0,149.0,54.0,3.0,1.0,0.0,-7.0,5.0,3.0,556.0,6.322565239927284,250.0,5.5254529391317835,0.5446390350150271,0.838670567945424,0.0,0.0,0.0,0.0,5.099999999999997,2,56.0,46.0,56.0,54.0,52.0,55.0,0.0
2019-02-24,56.0,54.5,46.0,56.0,54.0,52.0,55.0,16.0,24,2.4,14.5,28,33.3,72,212.0,104.0,128.0,57.0,-1.0,-5.0,2.0,7.0,0.0,-2.0,586.0,6.375024819828097,250.0,5.5254529391317835,0.4694715627858908,0.882947592858927,0.0,0.0,0.0,0.0,7.499999999999998,2,55.0,52.0,54.0,55.0,49.0,53.0,0.0
2019-02-25,55.0,53.625,52.0,54.0,55.0,49.0,53.0,15.0,8,2.3,17.1,48,32.8,73,213.0,70.0,162.0,56.0,-1.0,6.0,-2.0,1.0,-3.0,-2.0,632.0,6.450470422144176,251.0,5.529429087511423,0.7431448254773942,0.6691306063588582,0.0,0.0,0.0,0.0,4.899999999999997,2,57.0,52.0,56.0,52.0,50.0,57.0,0.0
2019-02-26,57.0,56.30434782608695,52.0,56.0,52.0,50.0,57.0,18.0,23,2.1,19.8,46,30.8,80,135.0,109.0,106.0,55.0,2.0,0.0,2.0,-3.0,1.0,4.0,560.0,6.329720905522696,283.0,5.648974238161206,0.7193398003386512,0.6946583704589973,0.0,0.0,0.0,0.0,6.799999999999997,2,53.0,40.0,53.0,51.0,33.0,53.0,0.0
2019-02-27,53.0,52.17391304347826,40.0,53.0,51.0,33.0,53.0,14.0,23,1.1,23.4,39,32.7,73,90.0,168.0,29.0,57.0,-4.0,-12.0,-3.0,-1.0,-17.0,-4.0,438.0,6.0844994130751715,347.0,5.8522024797744745,0.6293203910498374,0.7771459614569709,0.0,0.0,0.0,0.0,5.4999999999999964,2,58.0,53.0,56.0,55.0,52.0,58.0,0.0
2019-02-28,58.0,57.0625,53.0,56.0,55.0,52.0,58.0,18.0,16,0.1,22.2,37,32.2,72,128.0,136.0,75.0,53.0,5.0,13.0,3.0,4.0,19.0,5.0,353.0,5.869296913133774,413.0,6.025865973825314,0.6018150231520483,0.7986355100472928,0.0,0.0,0.0,0.0,3.2999999999999976,2,58.0,53.0,57.0,55.0,53.0,58.0,0.0
2019-03-01,58.0,57.5,53.0,57.0,55.0,53.0,58.0,18.0,8,1.2,23.5,33,32.3,73,124.0,176.0,73.0,58.0,0.0,0.0,1.0,0.0,1.0,0.0,342.0,5.8377304471659395,480.0,6.175867270105761,0.5446390350150271,0.838670567945424,0.0,0.0,0.0,0.0,2.3999999999999977,3,55.0,49.0,55.0,52.0,51.0,53.0,0.0
2019-03-02,55.0,53.9375,49.0,55.0,52.0,51.0,53.0,16.0,16,0.0,15.8,7,34.9,67,147.0,149.0,71.0,58.0,-3.0,-4.0,-2.0,-3.0,-2.0,-5.0,399.0,5.991464547107982,461.0,6.135564891081739,0.12186934340514748,0.992546151641322,0.0,0.0,0.0,0.0,1.2999999999999974,3,57.0,50.0,57.0,53.0,52.0,56.0,0.0
2019-03-03,57.0,55.375,50.0,57.0,53.0,52.0,56.0,17.0,24,0.1,20.9,44,33.0,70,59.0,133.0,90.0,55.0,2.0,1.0,2.0,1.0,1.0,3.0,330.0,5.802118375377063,458.0,6.129050210060545,0.6946583704589973,0.7193398003386512,0.0,0.0,0.0,0.0,1.2999999999999974,3,60.0,54.0,60.0,57.0,55.0,59.0,0.0
2019-03-04,60.0,57.41666666666666,54.0,60.0,57.0,55.0,59.0,20.0,24,1.0,19.1,32,34.8,70,83.0,101.0,89.0,57.0,3.0,4.0,3.0,4.0,3.0,3.0,289.0,5.66988092298052,383.0,5.950642552587727,0.5299192642332049,0.848048096156426,0.0,0.0,0.0,0.0,1.0999999999999974,3,59.0,53.0,59.0,56.0,55.0,58.0,0.0
2019-03-05,59.0,58.875,53.0,59.0,56.0,55.0,58.0,19.0,8,12.9,16.2,22,34.2,76,146.0,158.0,113.0,60.0,-1.0,-1.0,-1.0,-1.0,0.0,-1.0,288.0,5.666426688112432,392.0,5.973809611869261,0.374606593415912,0.9271838545667874,0.0,0.0,0.0,0.0,13.999999999999998,3,67.0,54.0,67.0,61.0,57.0,61.0,0.0
2019-03-06,67.0,64.43478260869566,54.0,67.0,61.0,57.0,61.0,26.0,23,47.0,17.3,40,31.6,80,61.0,139.0,45.0,59.0,8.0,1.0,8.0,5.0,2.0,3.0,290.0,5.673323267171493,398.0,5.988961416889864,0.6427876096865393,0.766044443118978,0.0,0.0,0.0,0.0,60.9,3,57.0,52.0,57.0,54.0,54.0,55.0,0.0
2019-03-07,57.0,54.56521739130435,52.0,57.0,54.0,54.0,55.0,17.0,23,1.2,12.3,55,31.9,82,151.0,97.0,115.0,67.0,-10.0,-2.0,-10.0,-7.0,-3.0,-6.0,358.0,5.883322388488279,394.0,5.978885764901122,0.8191520442889918,0.573576436351046,0.0,0.0,0.0,0.0,61.1,3,70.0,56.0,64.0,64.0,55.0,70.0,0.0
2019-03-08,70.0,62.04347826086956,56.0,64.0,64.0,55.0,70.0,29.0,23,0.2,15.6,52,32.8,77,179.0,40.0,127.0,57.0,13.0,4.0,7.0,10.0,1.0,15.0,391.0,5.971261839790462,276.0,5.6240175061873385,0.788010753606722,0.6156614753256583,0.0,0.0,0.0,0.0,48.4,3,68.0,57.0,64.0,61.0,58.0,68.0,0.0
2019-03-09,68.0,63.375,57.0,64.0,61.0,58.0,68.0,27.0,16,2.4,13.0,68,32.0,78,187.0,45.0,199.0,70.0,-2.0,1.0,0.0,-3.0,3.0,-2.0,517.0,6.249975242259483,182.0,5.209486152841421,0.9271838545667874,0.37460659341591196,0.0,0.0,0.0,0.0,3.8,3,57.0,56.0,56.0,51.0,55.0,57.0,0.0
2019-03-10,57.0,55.208333333333336,56.0,56.0,51.0,55.0,57.0,18.0,24,1.4,14.8,111,30.9,78,25.0,40.0,129.0,68.0,-11.0,-1.0,-8.0,-10.0,-3.0,-11.0,391.0,5.971261839790462,125.0,4.836281906951478,0.9335804264972017,-0.35836794954530027,0.0,1.0,0.0,4.836281906951478,3.9999999999999996,3,54.0,54.0,50.0,48.0,47.0,54.0,0.0
2019-03-11,54.0,53.25,54.0,50.0,48.0,47.0,54.0,15.0,8,10.8,9.4,341,31.0,82,11.0,42.0,101.0,57.0,-3.0,-2.0,-6.0,-3.0,-8.0,-3.0,223.0,5.4116460518550396,127.0,4.852030263919617,-0.3255681544571567,0.9455185755993168,0.0,0.0,0.0,0.0,14.600000000000001,3,63.0,55.0,61.0,63.0,47.0,58.0,0.0
2019-03-12,63.0,60.21739130434783,55.0,61.0,63.0,47.0,58.0,22.0,23,3.2,12.6,310,30.6,81,28.0,60.0,118.0,54.0,9.0,1.0,11.0,15.0,0.0,4.0,64.0,4.174387269895637,142.0,4.962844630259907,-0.7660444431189781,0.6427876096865393,0.0,0.0,0.0,0.0,15.400000000000002,3,60.0,52.0,59.0,60.0,55.0,53.0,0.0
2019-03-13,60.0,56.90909090909091,52.0,59.0,60.0,55.0,53.0,20.0,22,2.2,14.3,22,31.6,81,69.0,71.0,138.0,63.0,-3.0,-3.0,-2.0,-3.0,8.0,-5.0,108.0,4.6913478822291435,173.0,5.159055299214529,0.374606593415912,0.9271838545667874,0.0,0.0,0.0,0.0,16.200000000000003,3,58.0,51.0,58.0,54.0,54.0,56.0,0.0
2019-03-14,58.0,55.34782608695652,51.0,58.0,54.0,54.0,56.0,19.0,23,0.1,18.8,34,33.0,73,214.0,72.0,214.0,60.0,-2.0,-1.0,-1.0,-6.0,-1.0,3.0,311.0,5.7430031878094825,203.0,5.318119993844216,0.5591929034707469,0.8290375725550417,0.0,0.0,0.0,0.0,5.500000000000002,3,57.0,53.0,57.0,57.0,53.0,57.0,0.0
2019-03-15,57.0,57.0,53.0,57.0,57.0,53.0,57.0,18.0,16,0.0,22.6,22,33.3,70,249.0,175.0,195.0,58.0,-1.0,2.0,-1.0,3.0,-1.0,1.0,532.0,6.278521424165844,318.0,5.765191102784844,0.374606593415912,0.9271838545667874,0.0,0.0,0.0,0.0,2.300000000000002,3,58.0,53.0,58.0,56.0,53.0,57.0,0.0
2019-03-16,58.0,56.375,53.0,58.0,56.0,53.0,57.0,18.0,24,2.4,17.6,21,32.5,75,364.0,116.0,421.0,57.0,1.0,0.0,1.0,-1.0,0.0,0.0,827.0,6.71901315438526,363.0,5.8971538676367405,0.35836794954530027,0.9335804264972017,0.0,0.0,0.0,0.0,2.5000000000000018,3,57.0,52.0,56.0,57.0,52.0,55.0,0.0
2019-03-17,57.0,55.875,52.0,56.0,57.0,52.0,55.0,17.0,8,0.0,22.5,25,34.1,67,511.0,149.0,483.0,58.0,-1.0,-1.0,-2.0,1.0,-1.0,-2.0,1124.0,7.025538314638521,440.0,6.089044875446846,0.42261826174069944,0.9063077870366499,0.0,0.0,0.0,0.0,2.4000000000000017,3,63.0,56.0,63.0,63.0,60.0,60.0,0.0
2019-03-18,63.0,61.69565217391305,56.0,63.0,63.0,60.0,60.0,23.0,23,0.0,19.6,33,34.7,66,864.0,154.0,334.0,57.0,6.0,4.0,7.0,6.0,8.0,5.0,1739.0,7.461640392208575,419.0,6.040254711277414,0.5446390350150271,0.838670567945424,0.0,0.0,0.0,0.0,2.4000000000000017,3,61.0,56.0,61.0,61.0,53.0,59.0,0.0
2019-03-19,61.0,60.5625,56.0,61.0,61.0,53.0,59.0,21.0,16,0.0,21.6,44,34.8,65,832.0,228.0,313.0,63.0,-2.0,0.0,-2.0,-2.0,-7.0,-1.0,2207.0,7.699842407396986,531.0,6.2766434893416445,0.6946583704589973,0.7193398003386512,0.0,0.0,0.0,0.0,0.0,3,61.0,54.0,61.0,60.0,53.0,59.0,0.0
2019-03-20,61.0,59.875,54.0,61.0,60.0,53.0,59.0,21.0,8,1.1,17.9,21,35.6,68,443.0,179.0,196.0,61.0,0.0,-2.0,0.0,-1.0,0.0,0.0,2139.0,7.668561108015897,561.0,6.331501849893691,0.35836794954530027,0.9335804264972017,0.0,0.0,0.0,0.0,1.1000000000000019,3,57.0,56.0,57.0,56.0,53.0,55.0,0.0
2019-03-21,57.0,55.625,56.0,57.0,56.0,53.0,55.0,17.0,16,25.9,17.3,1,33.6,76,110.0,136.0,129.0,61.0,-4.0,2.0,-4.0,-4.0,0.0,-4.0,1385.0,7.234177179749849,543.0,6.298949246855942,0.01745240643728351,0.9998476951563913,0.0,0.0,0.0,0.0,27.0,3,56.0,52.0,55.0,56.0,37.0,53.0,0.0
2019-03-22,56.0,55.625,52.0,55.0,56.0,37.0,53.0,16.0,8,5.5,11.1,300,31.7,84,247.0,198.0,161.0,57.0,-1.0,-4.0,-2.0,0.0,-16.0,-2.0,800.0,6.68586094706836,513.0,6.2422232654551655,-0.8660254037844386,0.5000000000000001,0.0,0.0,0.0,0.0,32.5,3,74.0,61.0,74.0,68.0,65.0,64.0,0.0
2019-03-23,74.0,71.04761904761905,61.0,74.0,68.0,65.0,64.0,33.0,21,15.7,7.9,339,31.2,85,360.0,175.0,137.0,56.0,18.0,9.0,19.0,12.0,28.0,11.0,717.0,6.576469569048224,509.0,6.234410725718371,-0.35836794954530077,0.9335804264972015,0.0,0.0,0.0,0.0,47.099999999999994,3,62.0,55.0,62.0,61.0,59.0,62.0,0.0
2019-03-24,62.0,60.1875,55.0,62.0,61.0,59.0,62.0,22.0,16,4.5,9.0,307,30.9,86,214.0,80.0,115.0,74.0,-12.0,-6.0,-12.0,-7.0,-6.0,-2.0,821.0,6.71174039505618,453.0,6.118097198041348,-0.798635510047293,0.6018150231520479,0.0,0.0,0.0,0.0,25.7,3,71.0,56.0,71.0,65.0,61.0,63.0,0.0
2019-03-25,71.0,66.45833333333333,56.0,71.0,65.0,61.0,63.0,29.0,24,5.8,10.8,359,31.4,83,95.0,116.0,98.0,62.0,9.0,1.0,9.0,4.0,2.0,1.0,669.0,6.507277712385012,371.0,5.918893854273146,-0.01745240643728356,0.9998476951563913,0.0,0.0,0.0,0.0,26.0,3,64.0,54.0,64.0,63.0,57.0,60.0,0.0
2019-03-26,64.0,60.25,54.0,64.0,63.0,57.0,60.0,24.0,8,1.5,13.8,36,31.3,81,43.0,24.0,57.0,71.0,-7.0,-2.0,-7.0,-2.0,-4.0,-3.0,352.0,5.8664680569332965,220.0,5.3981627015177525,0.5877852522924731,0.8090169943749475,0.0,0.0,0.0,0.0,11.8,3,60.0,56.0,55.0,54.0,52.0,60.0,0.0
2019-03-27,60.0,58.26086956521739,56.0,55.0,54.0,52.0,60.0,20.0,23,0.0,11.7,29,33.5,71,201.0,37.0,53.0,64.0,-4.0,2.0,-9.0,-9.0,-5.0,0.0,339.0,5.8289456176102075,177.0,5.181783550292085,0.48480962024633706,0.8746197071393957,0.0,0.0,0.0,0.0,7.3,3,69.0,57.0,69.0,61.0,56.0,63.0,0.0
2019-03-28,69.0,66.9375,57.0,69.0,61.0,56.0,63.0,28.0,16,19.9,11.1,31,30.0,85,38.0,26.0,50.0,60.0,9.0,1.0,14.0,7.0,4.0,3.0,282.0,5.645446897643238,87.0,4.477336814478207,0.5150380749100542,0.8571673007021123,0.0,0.0,0.0,0.0,21.4,3,66.0,55.0,66.0,61.0,54.0,58.0,0.0
2019-03-29,66.0,62.5,55.0,66.0,61.0,54.0,58.0,25.0,8,2.9,12.1,100,30.9,84,56.0,48.0,39.0,69.0,-3.0,-2.0,-3.0,0.0,-2.0,-5.0,295.0,5.69035945432406,111.0,4.718498871295094,0.984807753012208,-0.1736481776669303,0.0,1.0,0.0,4.718498871295094,22.799999999999997,3,63.0,60.0,63.0,60.0,58.0,62.0,0.0
2019-03-30,63.0,59.25,60.0,63.0,60.0,58.0,62.0,23.0,16,17.2,12.0,217,28.5,90,12.0,44.0,23.0,66.0,-3.0,5.0,-3.0,-1.0,4.0,4.0,106.0,4.672828834461906,118.0,4.77912349311153,-0.6018150231520484,-0.7986355100472928,1.0,0.0,4.672828834461906,0.0,40.0,3,77.0,72.0,77.0,74.0,58.0,67.0,0.0
2019-03-31,77.0,71.66666666666667,72.0,77.0,74.0,58.0,67.0,35.0,24,15.8,8.1,281,28.6,90,6.0,65.0,7.0,63.0,14.0,12.0,14.0,14.0,0.0,5.0,74.0,4.31748811353631,157.0,5.062595033026967,-0.9816271834476639,0.1908089953765451,1.0,0.0,4.31748811353631,0.0,35.9,3,71.0,68.0,71.0,70.0,58.0,66.0,0.0
2019-04-01,71.0,61.54166666666666,68.0,71.0,70.0,58.0,66.0,30.0,24,25.1,12.6,278,27.3,91,13.0,120.0,15.0,77.0,-6.0,-4.0,-6.0,-4.0,0.0,-1.0,31.0,3.4657359027997265,229.0,5.438079308923196,-0.9902680687415704,0.13917310096006547,1.0,0.0,3.4657359027997265,0.0,58.1,4,57.0,53.0,54.0,57.0,37.0,55.0,0.0
2019-04-02,57.0,55.875,53.0,54.0,57.0,37.0,55.0,17.0,8,8.2,9.4,13,29.6,87,13.0,87.0,28.0,71.0,-14.0,-15.0,-17.0,-13.0,-21.0,-11.0,32.0,3.4965075614664802,272.0,5.60947179518496,0.224951054343865,0.9743700647852352,0.0,0.0,0.0,0.0,49.10000000000001,4,62.0,56.0,59.0,62.0,54.0,62.0,0.0
2019-04-03,62.0,58.52173913043478,56.0,59.0,62.0,54.0,62.0,22.0,23,3.8,10.2,18,27.5,90,25.0,50.0,16.0,57.0,5.0,3.0,5.0,5.0,17.0,7.0,51.0,3.9512437185814275,257.0,5.552959584921617,0.3090169943749474,0.9510565162951535,0.0,0.0,0.0,0.0,37.1,4,53.0,47.0,50.0,53.0,31.0,51.0,0.0
2019-04-04,53.0,51.5,47.0,50.0,53.0,31.0,51.0,13.0,16,6.5,11.5,5,30.2,87,48.0,114.0,49.0,62.0,-9.0,-9.0,-9.0,-9.0,-23.0,-11.0,86.0,4.465908118654584,251.0,5.529429087511423,0.08715574274765817,0.9961946980917455,0.0,0.0,0.0,0.0,18.5,4,52.0,48.0,52.0,52.0,52.0,51.0,0.0
2019-04-05,52.0,50.875,48.0,52.0,52.0,52.0,51.0,13.0,24,0.5,15.2,358,31.3,81,35.0,52.0,47.0,53.0,-1.0,1.0,2.0,-1.0,21.0,0.0,108.0,4.6913478822291435,216.0,5.37989735354046,-0.034899496702500823,0.9993908270190958,0.0,0.0,0.0,0.0,10.8,4,54.0,51.0,53.0,52.0,54.0,52.0,0.0
2019-04-06,54.0,52.833333333333336,51.0,53.0,52.0,54.0,52.0,15.0,24,0.1,13.8,27,30.9,80,55.0,133.0,109.0,52.0,2.0,3.0,1.0,0.0,2.0,1.0,138.0,4.9344739331306915,299.0,5.703782474656201,0.45399049973954675,0.8910065241883679,0.0,0.0,0.0,0.0,7.1,4,53.0,47.0,53.0,52.0,52.0,53.0,0.0
2019-04-07,53.0,52.0,47.0,53.0,52.0,52.0,53.0,14.0,8,0.7,8.5,49,31.3,80,67.0,148.0,106.0,54.0,-1.0,-4.0,0.0,0.0,-2.0,1.0,157.0,5.062595033026967,333.0,5.811140992976701,0.754709580222772,0.6560590289905073,0.0,0.0,0.0,0.0,1.2999999999999998,4,54.0,44.0,54.0,52.0,53.0,53.0,0.0
2019-04-08,54.0,53.0,44.0,54.0,52.0,53.0,53.0,14.0,16,5.6,11.2,20,30.7,85,41.0,155.0,48.0,53.0,1.0,-3.0,1.0,0.0,1.0,0.0,163.0,5.099866427824199,436.0,6.07993319509559,0.3420201433256687,0.9396926207859084,0.0,0.0,0.0,0.0,6.3999999999999995,4,58.0,47.0,58.0,53.0,48.0,55.0,0.0
2019-04-09,58.0,55.458333333333336,47.0,58.0,53.0,48.0,55.0,18.0,24,7.7,9.4,14,31.2,87,67.0,123.0,38.0,54.0,4.0,3.0,4.0,1.0,-5.0,2.0,175.0,5.170483995038151,426.0,6.056784013228625,0.24192189559966773,0.9702957262759965,0.0,0.0,0.0,0.0,14.0,4,61.0,55.0,61.0,60.0,53.0,57.0,0.0
2019-04-10,61.0,59.25,55.0,61.0,60.0,53.0,57.0,21.0,24,30.6,14.5,354,29.6,89,43.0,88.0,43.0,58.0,3.0,8.0,3.0,7.0,5.0,2.0,151.0,5.0238805208462765,366.0,5.905361848054571,-0.10452846326765342,0.9945218953682733,0.0,0.0,0.0,0.0,43.9,4,68.0,62.0,68.0,66.0,64.0,64.0,0.0
2019-04-11,68.0,65.16666666666667,62.0,68.0,66.0,64.0,64.0,27.0,24,7.4,9.9,70,28.7,89,7.0,48.0,22.0,61.0,7.0,7.0,7.0,6.0,11.0,7.0,117.0,4.770684624465665,259.0,5.560681631015528,0.9396926207859083,0.3420201433256688,0.0,1.0,0.0,5.560681631015528,45.699999999999996,4,68.0,62.0,68.0,65.0,64.0,64.0,0.0
2019-04-12,68.0,67.0,62.0,68.0,65.0,64.0,64.0,27.0,8,10.2,8.0,123,29.9,88,14.0,65.0,20.0,68.0,0.0,0.0,0.0,-1.0,0.0,0.0,64.0,4.174387269895637,201.0,5.308267697401205,0.838670567945424,-0.5446390350150271,0.0,1.0,0.0,5.308267697401205,48.2,4,60.0,59.0,60.0,59.0,57.0,59.0,0.0
2019-04-13,60.0,57.9375,59.0,60.0,59.0,57.0,59.0,20.0,16,6.8,8.1,123,30.0,86,27.0,23.0,21.0,68.0,-8.0,-3.0,-8.0,-6.0,-7.0,-5.0,48.0,3.8918202981106265,136.0,4.919980925828125,0.838670567945424,-0.5446390350150271,0.0,1.0,0.0,4.919980925828125,24.4,4,53.0,53.0,52.0,47.0,53.0,51.0,0.0
2019-04-14,53.0,50.708333333333336,53.0,52.0,47.0,53.0,51.0,14.0,24,18.2,11.7,122,29.5,88,23.0,44.0,29.0,60.0,-7.0,-6.0,-8.0,-12.0,-4.0,-8.0,64.0,4.174387269895637,132.0,4.890349128221754,0.8480480961564261,-0.5299192642332048,0.0,1.0,0.0,4.890349128221754,35.2,4,45.0,44.0,43.0,36.0,45.0,38.0,0.0
2019-04-15,45.0,43.75,44.0,43.0,36.0,45.0,38.0,11.0,8,9.1,7.9,71,31.5,86,15.0,100.0,84.0,53.0,-8.0,-9.0,-9.0,-11.0,-8.0,-13.0,65.0,4.189654742026425,167.0,5.123963979403259,0.9455185755993167,0.32556815445715676,0.0,1.0,0.0,5.123963979403259,34.099999999999994,4,52.0,52.0,46.0,44.0,51.0,44.0,0.0
2019-04-16,52.0,47.47826086956522,52.0,46.0,44.0,51.0,44.0,13.0,23,6.2,9.4,121,31.3,84,11.0,90.0,61.0,45.0,7.0,8.0,3.0,8.0,6.0,6.0,49.0,3.912023005428146,234.0,5.459585514144159,0.8571673007021123,-0.5150380749100543,0.0,1.0,0.0,5.459585514144159,33.5,4,57.0,56.0,57.0,56.0,54.0,56.0,0.0
2019-04-17,57.0,54.23809523809524,56.0,57.0,56.0,54.0,56.0,17.0,21,0.5,10.8,93,30.9,82,32.0,144.0,142.0,52.0,5.0,4.0,11.0,12.0,3.0,12.0,58.0,4.07753744390572,334.0,5.814130531825066,0.9986295347545738,-0.05233595624294384,0.0,1.0,0.0,5.814130531825066,15.8,4,63.0,61.0,63.0,58.0,59.0,60.0,0.0
2019-04-18,63.0,60.43478260869565,61.0,63.0,58.0,59.0,60.0,23.0,23,2.7,9.7,70,31.5,85,32.0,128.0,153.0,57.0,6.0,5.0,6.0,2.0,5.0,4.0,75.0,4.330733340286331,362.0,5.8944028342648505,0.9396926207859083,0.3420201433256688,0.0,1.0,0.0,5.8944028342648505,9.4,4,58.0,58.0,58.0,55.0,58.0,55.0,0.0
2019-04-19,58.0,57.1875,58.0,58.0,55.0,58.0,55.0,18.0,16,9.5,9.0,356,31.6,85,10.0,45.0,95.0,63.0,-5.0,-3.0,-5.0,-3.0,-1.0,-5.0,74.0,4.31748811353631,317.0,5.762051382780177,-0.06975647374412564,0.9975640502598242,0.0,0.0,0.0,0.0,12.7,4,60.0,57.0,60.0,58.0,57.0,55.0,0.0
2019-04-20,60.0,58.0,57.0,60.0,58.0,57.0,55.0,20.0,8,49.1,10.1,87,30.4,89,18.0,41.0,93.0,58.0,2.0,-1.0,2.0,3.0,-1.0,0.0,60.0,4.110873864173311,214.0,5.3706380281276624,0.9986295347545738,0.052335956242943966,0.0,1.0,0.0,5.3706380281276624,61.3,4,64.0,63.0,62.0,59.0,64.0,61.0,0.0
2019-04-21,64.0,63.1875,63.0,62.0,59.0,64.0,61.0,23.0,16,8.0,8.7,134,30.3,89,27.0,80.0,51.0,60.0,4.0,6.0,2.0,1.0,7.0,6.0,55.0,4.02535169073515,166.0,5.117993812416755,0.7193398003386511,-0.6946583704589974,0.0,1.0,0.0,5.117993812416755,66.6,4,61.0,59.0,58.0,54.0,61.0,57.0,0.0
2019-04-22,61.0,56.04166666666666,59.0,58.0,54.0,61.0,57.0,21.0,24,10.5,13.8,133,29.6,90,16.0,67.0,106.0,64.0,-3.0,-4.0,-4.0,-5.0,-3.0,-4.0,61.0,4.127134385045092,188.0,5.241747015059643,0.7313537016191706,-0.6819983600624984,0.0,1.0,0.0,5.241747015059643,67.6,4,59.0,55.0,59.0,56.0,56.0,58.0,0.0
2019-04-23,59.0,56.25,55.0,59.0,56.0,56.0,58.0,19.0,8,18.5,10.1,123,29.9,89,4.0,54.0,77.0,61.0,-2.0,-4.0,1.0,2.0,-5.0,1.0,47.0,3.871201010907891,201.0,5.308267697401205,0.838670567945424,-0.5446390350150271,0.0,1.0,0.0,5.308267697401205,37.00000000000001,4,59.0,57.0,57.0,59.0,45.0,56.0,0.0
2019-04-24,59.0,57.0,57.0,57.0,59.0,45.0,56.0,19.0,15,11.4,7.2,78,29.1,89,19.0,41.0,41.0,59.0,0.0,2.0,-2.0,3.0,-11.0,-2.0,39.0,3.6888794541139363,162.0,5.093750200806762,0.9781476007338056,0.20791169081775945,0.0,1.0,0.0,5.093750200806762,40.400000000000006,4,64.0,56.0,64.0,57.0,61.0,61.0,0.0
2019-04-25,64.0,61.1875,56.0,64.0,57.0,61.0,61.0,24.0,16,11.5,11.2,69,30.4,89,7.0,9.0,32.0,59.0,5.0,-1.0,7.0,-2.0,16.0,5.0,30.0,3.4339872044851463,104.0,4.653960350157523,0.9335804264972017,0.3583679495453004,0.0,0.0,0.0,0.0,41.400000000000006,4,69.0,58.0,69.0,60.0,60.0,62.0,0.0
2019-04-26,69.0,64.16666666666667,58.0,69.0,60.0,60.0,62.0,28.0,24,45.3,11.3,308,27.6,93,0.0,16.0,30.0,64.0,5.0,2.0,5.0,3.0,-1.0,1.0,26.0,3.295836866004329,66.0,4.204692619390966,-0.7880107536067218,0.6156614753256585,0.0,0.0,0.0,0.0,68.2,4,56.0,53.0,56.0,54.0,43.0,53.0,0.0
2019-04-27,56.0,55.125,53.0,56.0,54.0,43.0,53.0,17.0,8,16.6,8.0,244,27.8,90,0.0,8.0,3.0,69.0,-13.0,-5.0,-13.0,-6.0,-17.0,-9.0,7.0,2.0794415416798357,33.0,3.5263605246161616,-0.8987940462991668,-0.43837114678907774,1.0,0.0,2.0794415416798357,0.0,73.4,4,60.0,51.0,60.0,56.0,53.0,52.0,0.0
2019-04-28,60.0,50.25,51.0,60.0,56.0,53.0,52.0,20.0,16,1.2,11.9,54,29.2,83,7.0,13.0,5.0,56.0,4.0,-2.0,4.0,2.0,10.0,-1.0,7.0,2.0794415416798357,37.0,3.6375861597263857,0.8090169943749475,0.5877852522924731,0.0,0.0,0.0,0.0,63.10000000000001,4,60.0,52.0,60.0,57.0,54.0,54.0,0.0
2019-04-29,60.0,59.375,52.0,60.0,57.0,54.0,54.0,20.0,8,0.6,13.2,78,31.2,86,25.0,5.0,14.0,60.0,0.0,1.0,0.0,1.0,1.0,2.0,32.0,3.4965075614664802,26.0,3.295836866004329,0.9781476007338056,0.20791169081775945,0.0,1.0,0.0,3.295836866004329,18.40000000000001,4,59.0,54.0,59.0,47.0,52.0,58.0,0.0
2019-04-30,59.0,55.0,54.0,59.0,47.0,52.0,58.0,19.0,16,9.1,13.3,315,29.3,91,35.0,22.0,14.0,60.0,-1.0,2.0,-1.0,-10.0,-2.0,4.0,67.0,4.219507705176107,40.0,3.713572066704308,-0.7071067811865477,0.7071067811865474,0.0,0.0,0.0,0.0,10.900000000000007,4,69.0,63.0,69.0,57.0,60.0,66.0,0.0
2019-05-01,69.0,64.25,63.0,69.0,57.0,60.0,66.0,28.0,24,2.8,11.6,296,31.2,85,100.0,40.0,61.0,59.0,10.0,9.0,10.0,10.0,8.0,8.0,160.0,5.081404364984463,67.0,4.219507705176107,-0.898794046299167,0.4383711467890774,0.0,0.0,0.0,0.0,12.500000000000007,5,73.0,67.0,73.0,64.0,67.0,72.0,0.0
2019-05-02,73.0,66.04166666666667,67.0,73.0,64.0,67.0,72.0,32.0,24,10.0,9.1,10,31.1,90,109.0,40.0,42.0,69.0,4.0,4.0,4.0,7.0,7.0,6.0,244.0,5.501258210544727,102.0,4.634728988229636,0.17364817766693033,0.984807753012208,0.0,0.0,0.0,0.0,21.900000000000006,5,81.0,74.0,76.0,70.0,78.0,81.0,0.0
2019-05-03,81.0,78.0,74.0,76.0,70.0,78.0,81.0,39.0,24,4.7,7.4,102,30.9,88,69.0,61.0,73.0,73.0,8.0,7.0,3.0,6.0,11.0,9.0,278.0,5.631211781821365,141.0,4.955827057601261,0.9781476007338057,-0.20791169081775934,0.0,1.0,0.0,4.955827057601261,17.500000000000007,5,74.0,70.0,64.0,67.0,74.0,72.0,0.0
2019-05-04,74.0,68.04166666666667,70.0,64.0,67.0,74.0,72.0,32.0,24,25.6,10.0,138,29.9,89,62.0,70.0,46.0,81.0,-7.0,-4.0,-12.0,-3.0,-4.0,-9.0,240.0,5.484796933490655,171.0,5.147494476813453,0.6691306063588583,-0.7431448254773941,0.0,1.0,0.0,5.147494476813453,40.30000000000001,5,63.0,63.0,58.0,60.0,61.0,61.0,0.0
2019-05-05,63.0,60.708333333333336,63.0,58.0,60.0,61.0,61.0,23.0,24,14.8,15.1,275,29.1,89,16.0,100.0,68.0,74.0,-11.0,-7.0,-6.0,-7.0,-13.0,-11.0,147.0,4.997212273764115,231.0,5.44673737166631,-0.9961946980917455,0.08715574274765789,1.0,0.0,4.997212273764115,0.0,45.10000000000001,5,57.0,57.0,56.0,56.0,52.0,54.0,0.0
2019-05-06,57.0,46.41666666666666,57.0,56.0,56.0,52.0,54.0,17.0,24,0.2,16.2,256,30.4,83,79.0,94.0,91.0,63.0,-6.0,-6.0,-2.0,-4.0,-9.0,-7.0,157.0,5.062595033026967,264.0,5.579729825986222,-0.9702957262759965,-0.24192189559966779,1.0,0.0,5.062595033026967,0.0,40.60000000000001,5,49.0,43.0,45.0,49.0,35.0,44.0,0.0
2019-05-07,49.0,46.75,43.0,45.0,49.0,35.0,44.0,12.0,8,1.3,14.0,227,30.1,85,56.0,117.0,67.0,57.0,-8.0,-14.0,-11.0,-7.0,-17.0,-10.0,151.0,5.0238805208462765,311.0,5.7430031878094825,-0.7313537016191705,-0.6819983600624986,1.0,0.0,5.0238805208462765,0.0,16.300000000000008,5,56.0,53.0,55.0,55.0,48.0,56.0,0.0
2019-05-08,56.0,54.0,53.0,55.0,55.0,48.0,56.0,16.0,22,3.9,15.2,239,29.2,87,47.0,133.0,26.0,49.0,7.0,10.0,10.0,6.0,13.0,12.0,182.0,5.209486152841421,344.0,5.84354441703136,-0.8571673007021121,-0.5150380749100544,1.0,0.0,5.209486152841421,0.0,5.4000000000000075,5,53.0,52.0,51.0,53.0,39.0,53.0,0.0
2019-05-09,53.0,51.875,52.0,51.0,53.0,39.0,53.0,14.0,8,6.6,12.3,245,29.9,89,77.0,109.0,22.0,56.0,-3.0,-1.0,-4.0,-2.0,-9.0,-3.0,180.0,5.198497031265826,359.0,5.886104031450156,-0.9063077870366502,-0.42261826174069916,1.0,0.0,5.198497031265826,0.0,11.800000000000008,5,57.0,53.0,55.0,57.0,42.0,54.0,0.0
2019-05-10,57.0,55.52173913043478,53.0,55.0,57.0,42.0,54.0,17.0,23,0.1,10.6,225,30.8,85,48.0,135.0,25.0,53.0,4.0,1.0,4.0,4.0,3.0,1.0,172.0,5.153291594497779,377.0,5.934894195619588,-0.7071067811865475,-0.7071067811865477,1.0,0.0,5.153291594497779,0.0,10.600000000000007,5,64.0,61.0,64.0,64.0,60.0,63.0,0.0
2019-05-11,64.0,63.625,61.0,64.0,64.0,60.0,63.0,24.0,16,4.4,9.9,206,29.4,89,66.0,107.0,23.0,57.0,7.0,8.0,9.0,7.0,18.0,9.0,191.0,5.2574953720277815,351.0,5.863631175598097,-0.43837114678907746,-0.8987940462991669,1.0,0.0,5.2574953720277815,0.0,11.100000000000009,5,64.0,63.0,63.0,64.0,62.0,63.0,0.0
2019-05-12,64.0,62.5,63.0,63.0,64.0,62.0,63.0,24.0,24,6.1,9.4,215,29.5,91,45.0,98.0,31.0,64.0,0.0,2.0,-1.0,0.0,2.0,0.0,159.0,5.075173815233827,340.0,5.831882477283517,-0.5735764363510462,-0.8191520442889918,1.0,0.0,5.075173815233827,0.0,10.600000000000009,5,66.0,66.0,56.0,61.0,61.0,66.0,0.0
2019-05-13,66.0,64.125,66.0,56.0,61.0,61.0,66.0,26.0,24,9.0,10.1,205,29.1,89,25.0,102.0,36.0,64.0,2.0,3.0,-7.0,-3.0,-1.0,3.0,136.0,4.919980925828125,307.0,5.730099782973574,-0.4226182617406993,-0.90630778703665,1.0,0.0,4.919980925828125,0.0,19.500000000000007,5,64.0,64.0,55.0,60.0,63.0,61.0,0.0
2019-05-14,64.0,63.208333333333336,64.0,55.0,60.0,63.0,61.0,24.0,24,14.4,11.3,183,29.8,89,37.0,47.0,39.0,66.0,-2.0,-2.0,-1.0,-1.0,2.0,-5.0,107.0,4.68213122712422,247.0,5.5134287461649825,-0.052335956242943564,-0.9986295347545738,0.0,0.0,0.0,0.0,29.500000000000007,5,60.0,60.0,54.0,58.0,59.0,58.0,0.0
2019-05-15,60.0,56.083333333333336,60.0,54.0,58.0,59.0,58.0,20.0,24,17.4,11.0,205,29.6,88,0.0,104.0,36.0,64.0,-4.0,-4.0,-1.0,-2.0,-4.0,-3.0,62.0,4.143134726391533,253.0,5.537334267018537,-0.4226182617406993,-0.90630778703665,1.0,0.0,4.143134726391533,0.0,40.800000000000004,5,56.0,55.0,55.0,56.0,53.0,53.0,0.0
2019-05-16,56.0,54.04166666666666,55.0,55.0,56.0,53.0,53.0,16.0,24,14.2,10.1,257,29.3,90,13.0,30.0,19.0,60.0,-4.0,-5.0,1.0,-2.0,-6.0,-5.0,50.0,3.9318256327243257,181.0,5.204006687076795,-0.9743700647852351,-0.22495105434386525,1.0,0.0,3.9318256327243257,0.0,46.0,5,58.0,56.0,58.0,56.0,45.0,52.0,0.0
2019-05-17,58.0,57.25,56.0,58.0,56.0,45.0,52.0,18.0,8,13.4,11.2,243,28.5,90,9.0,11.0,20.0,56.0,2.0,1.0,3.0,0.0,-8.0,-1.0,22.0,3.1354942159291497,145.0,4.983606621708336,-0.8910065241883678,-0.4539904997395469,1.0,0.0,3.1354942159291497,0.0,45.00000000000001,5,55.0,55.0,54.0,52.0,45.0,54.0,0.0
2019-05-18,55.0,52.56521739130435,55.0,54.0,52.0,45.0,54.0,16.0,23,7.3,12.3,180,29.5,87,14.0,19.0,71.0,58.0,-3.0,-1.0,-4.0,-4.0,0.0,2.0,36.0,3.6109179126442243,60.0,4.110873864173311,1.2246467991473532e-16,-1.0,0.0,0.0,0.0,0.0,34.900000000000006,5,54.0,54.0,53.0,51.0,46.0,52.0,0.0
2019-05-19,54.0,47.82608695652174,54.0,53.0,51.0,46.0,52.0,15.0,23,14.5,13.0,188,28.4,90,23.0,37.0,39.0,55.0,-1.0,-1.0,-1.0,-1.0,1.0,-2.0,46.0,3.8501476017100584,67.0,4.219507705176107,-0.13917310096006552,-0.9902680687415703,0.0,0.0,0.0,0.0,35.2,5,54.0,52.0,54.0,53.0,53.0,51.0,0.0
2019-05-20,54.0,52.25,52.0,54.0,53.0,53.0,51.0,15.0,16,13.2,11.6,183,29.3,87,10.0,56.0,29.0,54.0,0.0,-2.0,1.0,2.0,7.0,-1.0,47.0,3.871201010907891,112.0,4.727387818712341,-0.052335956242943564,-0.9986295347545738,0.0,0.0,0.0,0.0,35.00000000000001,5,53.0,52.0,53.0,53.0,52.0,49.0,0.0
2019-05-21,53.0,52.0,52.0,53.0,53.0,52.0,49.0,14.0,8,17.7,11.9,193,29.0,88,43.0,28.0,9.0,54.0,-1.0,0.0,-1.0,0.0,-1.0,-2.0,76.0,4.343805421853684,121.0,4.804021044733257,-0.22495105434386498,-0.9743700647852352,0.0,0.0,0.0,0.0,45.400000000000006,5,57.0,56.0,51.0,53.0,55.0,57.0,0.0
2019-05-22,57.0,55.9375,56.0,51.0,53.0,55.0,57.0,17.0,16,4.2,15.5,152,28.5,89,25.0,55.0,12.0,53.0,4.0,4.0,-2.0,0.0,3.0,8.0,78.0,4.3694478524670215,139.0,4.941642422609304,0.4694715627858907,-0.882947592858927,0.0,1.0,0.0,4.941642422609304,35.10000000000001,5,55.0,54.0,40.0,46.0,55.0,53.0,0.0
2019-05-23,55.0,54.625,54.0,40.0,46.0,55.0,53.0,15.0,8,9.3,13.7,150,30.0,86,25.0,28.0,24.0,57.0,-2.0,-2.0,-11.0,-7.0,0.0,-4.0,93.0,4.543294782270004,111.0,4.718498871295094,0.49999999999999994,-0.8660254037844387,0.0,1.0,0.0,4.718498871295094,31.200000000000006,5,52.0,52.0,43.0,45.0,51.0,34.0,0.0
2019-05-24,52.0,50.375,52.0,43.0,45.0,51.0,34.0,13.0,16,2.3,12.0,149,30.5,84,51.0,61.0,51.0,55.0,-3.0,-2.0,3.0,-1.0,-4.0,-19.0,101.0,4.624972813284271,144.0,4.976733742420574,0.5150380749100544,-0.8571673007021122,0.0,1.0,0.0,4.976733742420574,15.800000000000008,5,52.0,52.0,44.0,36.0,50.0,36.0,0.0
2019-05-25,52.0,51.5,52.0,44.0,36.0,50.0,36.0,13.0,8,5.7,13.9,171,29.3,88,67.0,69.0,89.0,52.0,0.0,0.0,1.0,-9.0,-1.0,2.0,143.0,4.969813299576001,158.0,5.0689042022202315,0.15643446504023098,-0.9876883405951377,0.0,0.0,0.0,0.0,17.300000000000008,5,37.0,36.0,36.0,30.0,37.0,30.0,0.0
2019-05-26,37.0,33.608695652173914,36.0,36.0,30.0,37.0,30.0,9.0,23,3.2,13.0,161,29.8,87,101.0,42.0,60.0,52.0,-15.0,-16.0,-8.0,-6.0,-13.0,-6.0,219.0,5.393627546352362,172.0,5.153291594497779,0.3255681544571566,-0.9455185755993168,0.0,0.0,0.0,0.0,11.200000000000006,5,37.0,30.0,37.0,32.0,36.0,29.0,0.0
2019-05-27,37.0,34.0625,30.0,37.0,32.0,36.0,29.0,9.0,16,3.8,11.2,135,29.3,90,121.0,53.0,50.0,37.0,0.0,-6.0,1.0,2.0,-1.0,-1.0,289.0,5.66988092298052,164.0,5.10594547390058,0.7071067811865476,-0.7071067811865475,0.0,1.0,0.0,5.10594547390058,12.700000000000006,5,33.0,29.0,33.0,30.0,28.0,30.0,0.0
2019-05-28,33.0,32.333333333333336,29.0,33.0,30.0,28.0,30.0,8.0,3,4.9,16.9,135,29.7,88,95.0,49.0,89.0,37.0,-4.0,-1.0,-4.0,-2.0,-8.0,1.0,317.0,5.762051382780177,144.0,4.976733742420574,0.7071067811865476,-0.7071067811865475,0.0,1.0,0.0,4.976733742420574,11.900000000000007,5,40.0,35.0,35.0,40.0,40.0,36.0,0.0
2019-05-29,40.0,36.5625,35.0,35.0,40.0,40.0,36.0,10.0,16,35.8,11.6,133,29.4,90,14.0,18.0,57.0,33.0,7.0,6.0,2.0,10.0,12.0,6.0,230.0,5.442417710521793,120.0,4.795790545596741,0.7313537016191706,-0.6819983600624984,0.0,1.0,0.0,4.795790545596741,44.5,5,52.0,52.0,41.0,51.0,39.0,51.0,0.0
2019-05-30,52.0,48.91666666666666,52.0,41.0,51.0,39.0,51.0,13.0,24,7.6,9.0,111,29.4,89,7.0,45.0,33.0,40.0,12.0,17.0,6.0,11.0,-1.0,15.0,116.0,4.762173934797756,112.0,4.727387818712341,0.9335804264972017,-0.35836794954530027,0.0,1.0,0.0,4.727387818712341,48.300000000000004,5,52.0,52.0,42.0,42.0,51.0,51.0,0.0
2019-05-31,52.0,52.0,52.0,42.0,42.0,51.0,51.0,13.0,8,11.2,10.6,123,29.0,91,12.0,35.0,25.0,52.0,0.0,0.0,1.0,-9.0,12.0,0.0,33.0,3.5263605246161616,98.0,4.59511985013459,0.838670567945424,-0.5446390350150271,0.0,1.0,0.0,4.59511985013459,54.6,5,53.0,53.0,36.0,35.0,39.0,48.0,0.0
2019-06-01,53.0,52.5625,53.0,36.0,35.0,39.0,48.0,14.0,16,8.6,11.9,201,28.8,90,7.0,26.0,11.0,52.0,1.0,1.0,-6.0,-7.0,-12.0,-3.0,26.0,3.295836866004329,106.0,4.672828834461906,-0.35836794954530043,-0.9335804264972017,1.0,0.0,3.295836866004329,0.0,27.400000000000006,6,52.0,52.0,35.0,37.0,35.0,46.0,0.0
2019-06-02,52.0,51.875,52.0,35.0,37.0,35.0,46.0,13.0,8,10.4,10.6,202,29.4,88,5.0,5.0,20.0,53.0,-1.0,-1.0,-1.0,2.0,-4.0,-2.0,24.0,3.2188758248682006,66.0,4.204692619390966,-0.374606593415912,-0.9271838545667874,1.0,0.0,3.2188758248682006,0.0,30.200000000000003,6,53.0,53.0,44.0,39.0,42.0,52.0,0.0
2019-06-03,53.0,50.47826086956522,53.0,44.0,39.0,42.0,52.0,14.0,23,25.8,11.2,223,28.5,91,6.0,5.0,11.0,52.0,1.0,1.0,9.0,2.0,7.0,6.0,18.0,2.9444389791664403,36.0,3.6109179126442243,-0.6819983600624984,-0.7313537016191706,1.0,0.0,2.9444389791664403,0.0,44.80000000000001,6,55.0,53.0,55.0,48.0,48.0,54.0,0.0
2019-06-04,55.0,49.82608695652174,53.0,55.0,48.0,48.0,54.0,16.0,23,3.4,13.9,104,29.8,87,12.0,0.0,35.0,53.0,2.0,0.0,11.0,9.0,6.0,2.0,23.0,3.1780538303479458,10.0,2.3978952727983707,0.9702957262759965,-0.24192189559966779,0.0,1.0,0.0,2.3978952727983707,39.60000000000001,6,54.0,54.0,53.0,42.0,51.0,53.0,0.0
2019-06-05,54.0,50.875,54.0,53.0,42.0,51.0,53.0,15.0,16,22.4,10.9,162,29.3,90,6.0,19.0,4.0,55.0,-1.0,1.0,-2.0,-6.0,3.0,-1.0,24.0,3.2188758248682006,24.0,3.2188758248682006,0.3090169943749475,-0.9510565162951535,0.0,0.0,0.0,0.0,51.60000000000001,6,53.0,52.0,40.0,35.0,53.0,41.0,0.0
2019-06-06,53.0,51.875,52.0,40.0,35.0,53.0,41.0,13.0,24,31.9,12.9,155,28.0,92,2.0,30.0,1.0,54.0,-1.0,-2.0,-13.0,-7.0,2.0,-12.0,20.0,3.044522437723423,49.0,3.912023005428146,0.4226182617406995,-0.9063077870366499,0.0,1.0,0.0,3.912023005428146,57.7,6,52.0,46.0,40.0,37.0,52.0,41.0,0.0
2019-06-07,52.0,45.875,46.0,40.0,37.0,52.0,41.0,13.0,8,7.4,11.4,186,28.1,90,12.0,13.0,3.0,53.0,-1.0,-6.0,0.0,2.0,-1.0,0.0,20.0,3.044522437723423,62.0,4.143134726391533,-0.1045284632676535,-0.9945218953682733,0.0,0.0,0.0,0.0,61.7,6,56.0,56.0,56.0,55.0,52.0,55.0,0.0
2019-06-08,56.0,53.52173913043478,56.0,56.0,55.0,52.0,55.0,17.0,23,5.8,14.3,152,28.7,89,15.0,9.0,18.0,52.0,4.0,10.0,16.0,18.0,0.0,14.0,29.0,3.4011973816621555,52.0,3.970291913552122,0.4694715627858907,-0.882947592858927,0.0,1.0,0.0,3.970291913552122,45.10000000000001,6,55.0,55.0,53.0,53.0,51.0,54.0,0.0
2019-06-09,55.0,49.73913043478261,55.0,53.0,53.0,51.0,54.0,15.0,23,11.9,10.3,144,28.5,90,20.0,14.0,6.0,56.0,-1.0,-1.0,-3.0,-2.0,-1.0,-1.0,47.0,3.871201010907891,36.0,3.6109179126442243,0.5877852522924732,-0.8090169943749473,0.0,1.0,0.0,3.6109179126442243,25.10000000000001,6,52.0,48.0,52.0,44.0,52.0,52.0,0.0
2019-06-10,52.0,50.30434782608695,48.0,52.0,44.0,52.0,52.0,13.0,23,15.8,16.5,149,29.9,86,37.0,20.0,37.0,55.0,-3.0,-7.0,-1.0,-9.0,1.0,-2.0,72.0,4.290459441148391,43.0,3.784189633918261,0.5150380749100544,-0.8571673007021122,0.0,1.0,0.0,3.784189633918261,33.500000000000014,6,52.0,48.0,51.0,44.0,52.0,52.0,0.0
2019-06-11,52.0,48.47826086956522,48.0,51.0,44.0,52.0,52.0,13.0,23,23.5,14.6,151,28.9,91,2.0,52.0,14.0,52.0,0.0,0.0,-1.0,0.0,0.0,0.0,59.0,4.0943445622221,86.0,4.465908118654584,0.48480962024633717,-0.8746197071393957,0.0,1.0,0.0,4.465908118654584,51.20000000000001,6,32.0,32.0,32.0,30.0,31.0,28.0,0.0
2019-06-12,32.0,29.6875,32.0,32.0,30.0,31.0,28.0,8.0,16,37.2,20.3,183,29.1,87,10.0,20.0,11.0,52.0,-20.0,-16.0,-19.0,-14.0,-21.0,-24.0,49.0,3.912023005428146,92.0,4.532599493153256,-0.052335956242943564,-0.9986295347545738,0.0,0.0,0.0,0.0,76.50000000000001,6,33.0,32.0,33.0,27.0,31.0,31.0,0.0
2019-06-13,33.0,31.125,32.0,33.0,27.0,31.0,31.0,8.0,8,5.0,14.9,155,28.6,88,12.0,28.0,5.0,32.0,1.0,0.0,1.0,-3.0,0.0,3.0,24.0,3.2188758248682006,100.0,4.61512051684126,0.4226182617406995,-0.9063077870366499,0.0,1.0,0.0,4.61512051684126,65.70000000000002,6,39.0,32.0,36.0,32.0,33.0,39.0,0.0
2019-06-14,39.0,36.05263157894737,32.0,36.0,32.0,33.0,39.0,9.0,19,9.7,13.7,158,29.2,89,21.0,20.0,20.0,33.0,6.0,0.0,3.0,5.0,2.0,8.0,43.0,3.784189633918261,68.0,4.23410650459726,0.37460659341591224,-0.9271838545667873,0.0,1.0,0.0,4.23410650459726,51.900000000000006,6,46.0,46.0,42.0,35.0,28.0,41.0,0.0
2019-06-15,46.0,42.06666666666667,46.0,42.0,35.0,28.0,41.0,11.0,15,2.5,11.9,175,29.0,88,8.0,20.0,32.0,39.0,7.0,14.0,6.0,3.0,-5.0,2.0,41.0,3.7376696182833684,68.0,4.23410650459726,0.0871557427476582,-0.9961946980917455,0.0,0.0,0.0,0.0,17.200000000000006,6,50.0,49.0,50.0,47.0,34.0,49.0,0.0
2019-06-16,50.0,46.16666666666666,49.0,50.0,47.0,34.0,49.0,12.0,24,2.6,19.1,172,30.2,87,51.0,18.0,10.0,46.0,4.0,3.0,8.0,12.0,6.0,8.0,80.0,4.394449154672439,58.0,4.07753744390572,0.13917310096006533,-0.9902680687415704,0.0,0.0,0.0,0.0,14.800000000000006,6,42.0,39.0,38.0,42.0,30.0,34.0,0.0
2019-06-17,42.0,38.125,39.0,38.0,42.0,30.0,34.0,10.0,8,13.2,15.6,158,29.1,89,30.0,27.0,2.0,50.0,-8.0,-10.0,-12.0,-5.0,-4.0,-15.0,89.0,4.499809670330265,65.0,4.189654742026425,0.37460659341591224,-0.9271838545667873,0.0,1.0,0.0,4.189654742026425,18.300000000000004,6,42.0,42.0,35.0,36.0,39.0,42.0,0.0
2019-06-18,42.0,40.625,42.0,35.0,36.0,39.0,42.0,10.0,16,26.1,13.0,167,27.3,93,15.0,47.0,9.0,42.0,0.0,3.0,-3.0,-6.0,9.0,8.0,96.0,4.574710978503383,92.0,4.532599493153256,0.2249510543438652,-0.9743700647852351,0.0,0.0,0.0,0.0,41.900000000000006,6,51.0,48.0,51.0,42.0,51.0,51.0,0.0
2019-06-19,51.0,45.29166666666666,48.0,51.0,42.0,51.0,51.0,13.0,24,9.5,9.0,156,28.8,89,45.0,13.0,6.0,42.0,9.0,6.0,16.0,6.0,12.0,9.0,90.0,4.51085950651685,87.0,4.477336814478207,0.40673664307580043,-0.9135454576426008,0.0,1.0,0.0,4.477336814478207,48.800000000000004,6,52.0,49.0,50.0,42.0,52.0,52.0,0.0
2019-06-20,52.0,47.833333333333336,49.0,50.0,42.0,52.0,52.0,13.0,24,17.2,11.6,162,28.8,90,22.0,16.0,5.0,51.0,1.0,1.0,-1.0,0.0,1.0,1.0,82.0,4.418840607796598,76.0,4.343805421853684,0.3090169943749475,-0.9510565162951535,0.0,0.0,0.0,0.0,52.80000000000001,6,40.0,38.0,36.0,34.0,36.0,40.0,0.0
2019-06-21,40.0,38.75,38.0,36.0,34.0,36.0,40.0,10.0,8,9.9,10.0,187,28.4,90,16.0,59.0,12.0,52.0,-12.0,-11.0,-14.0,-8.0,-16.0,-12.0,83.0,4.430816798843313,88.0,4.48863636973214,-0.12186934340514731,-0.9925461516413221,0.0,0.0,0.0,0.0,36.60000000000001,6,47.0,47.0,46.0,39.0,37.0,43.0,0.0
2019-06-22,47.0,43.95,47.0,46.0,39.0,37.0,43.0,11.0,20,19.0,13.0,218,27.8,89,13.0,40.0,3.0,40.0,7.0,9.0,10.0,5.0,1.0,3.0,51.0,3.9512437185814275,115.0,4.7535901911063645,-0.6156614753256582,-0.788010753606722,1.0,0.0,3.9512437185814275,0.0,46.10000000000001,6,47.0,43.0,47.0,40.0,43.0,44.0,0.0
2019-06-23,47.0,42.43478260869565,43.0,47.0,40.0,43.0,44.0,11.0,23,1.9,18.4,184,29.9,85,53.0,38.0,15.0,47.0,0.0,-4.0,1.0,1.0,6.0,1.0,82.0,4.418840607796598,137.0,4.927253685157205,-0.06975647374412527,-0.9975640502598242,0.0,0.0,0.0,0.0,30.800000000000008,6,49.0,42.0,46.0,48.0,40.0,49.0,0.0
2019-06-24,49.0,39.60869565217392,42.0,46.0,48.0,40.0,49.0,12.0,23,0.8,17.2,151,29.4,87,19.0,44.0,16.0,47.0,2.0,-1.0,-1.0,8.0,-3.0,5.0,85.0,4.454347296253507,122.0,4.812184355372417,0.48480962024633717,-0.8746197071393957,0.0,1.0,0.0,4.812184355372417,21.700000000000006,6,60.0,56.0,60.0,57.0,60.0,57.0,0.0
2019-06-25,60.0,58.1875,56.0,60.0,57.0,60.0,57.0,20.0,16,8.4,18.9,157,29.9,83,61.0,69.0,28.0,49.0,11.0,14.0,14.0,9.0,20.0,8.0,133.0,4.897839799950911,151.0,5.0238805208462765,0.39073112848927377,-0.9205048534524404,0.0,1.0,0.0,5.0238805208462765,11.100000000000007,6,59.0,56.0,59.0,57.0,59.0,56.0,0.0
2019-06-26,59.0,57.29166666666666,56.0,59.0,57.0,59.0,56.0,20.0,24,1.4,15.5,168,28.9,85,90.0,64.0,14.0,60.0,-1.0,0.0,-1.0,0.0,-1.0,-1.0,170.0,5.14166355650266,177.0,5.181783550292085,0.20791169081775931,-0.9781476007338057,0.0,0.0,0.0,0.0,10.600000000000007,6,62.0,58.0,59.0,56.0,62.0,57.0,0.0
2019-06-27,62.0,58.73913043478261,58.0,59.0,56.0,62.0,57.0,21.0,23,5.6,12.5,156,29.7,86,124.0,48.0,16.0,59.0,3.0,2.0,0.0,-1.0,3.0,1.0,275.0,5.62040086571715,181.0,5.204006687076795,0.40673664307580043,-0.9135454576426008,0.0,1.0,0.0,5.204006687076795,15.400000000000007,6,57.0,57.0,57.0,55.0,57.0,54.0,0.0
2019-06-28,57.0,53.16666666666666,57.0,57.0,55.0,57.0,54.0,18.0,24,2.3,18.7,150,29.7,84,178.0,54.0,17.0,62.0,-5.0,-1.0,-2.0,-1.0,-5.0,-3.0,392.0,5.973809611869261,166.0,5.117993812416755,0.49999999999999994,-0.8660254037844387,0.0,1.0,0.0,5.117993812416755,9.300000000000008,6,61.0,55.0,61.0,57.0,56.0,56.0,0.0
2019-06-29,61.0,56.29166666666666,55.0,61.0,57.0,56.0,56.0,21.0,24,7.0,16.5,149,29.2,88,157.0,91.0,30.0,57.0,4.0,-2.0,4.0,2.0,-1.0,2.0,459.0,6.131226489483141,193.0,5.267858159063328,0.5150380749100544,-0.8571673007021122,0.0,1.0,0.0,5.267858159063328,14.900000000000006,6,61.0,55.0,61.0,55.0,56.0,56.0,0.0
2019-06-30,61.0,57.29166666666666,55.0,61.0,55.0,56.0,56.0,21.0,24,10.2,13.6,167,28.6,87,90.0,50.0,21.0,61.0,0.0,0.0,0.0,-2.0,0.0,0.0,425.0,6.054439346269371,195.0,5.278114659230517,0.2249510543438652,-0.9743700647852351,0.0,0.0,0.0,0.0,19.500000000000007,6,53.0,52.0,52.0,53.0,51.0,51.0,0.0
2019-07-01,53.0,52.375,52.0,52.0,53.0,51.0,51.0,13.0,8,1.0,16.5,158,29.7,84,126.0,38.0,28.0,61.0,-8.0,-3.0,-9.0,-2.0,-5.0,-5.0,373.0,5.924255797414532,179.0,5.19295685089021,0.37460659341591224,-0.9271838545667873,0.0,1.0,0.0,5.19295685089021,18.200000000000003,7,59.0,55.0,59.0,57.0,56.0,56.0,0.0
2019-07-02,59.0,56.4375,55.0,59.0,57.0,56.0,56.0,19.0,16,1.6,16.3,164,29.9,83,39.0,16.0,8.0,53.0,6.0,3.0,7.0,4.0,5.0,5.0,255.0,5.545177444479562,104.0,4.653960350157523,0.2756373558169992,-0.9612616959383189,0.0,0.0,0.0,0.0,12.800000000000004,7,64.0,60.0,64.0,61.0,61.0,60.0,0.0
2019-07-03,64.0,62.0,60.0,64.0,61.0,61.0,60.0,24.0,24,11.8,15.6,156,28.8,87,83.0,25.0,1.0,59.0,5.0,5.0,5.0,4.0,5.0,4.0,248.0,5.517452896464707,79.0,4.382026634673881,0.40673664307580043,-0.9135454576426008,0.0,1.0,0.0,4.382026634673881,14.400000000000006,7,64.0,60.0,64.0,61.0,62.0,63.0,0.0
2019-07-04,64.0,63.16666666666666,60.0,64.0,61.0,62.0,63.0,24.0,24,5.2,14.6,152,29.5,87,114.0,26.0,43.0,64.0,0.0,0.0,0.0,0.0,1.0,3.0,236.0,5.4680601411351315,67.0,4.219507705176107,0.4694715627858907,-0.882947592858927,0.0,1.0,0.0,4.219507705176107,18.600000000000005,7,61.0,60.0,61.0,58.0,58.0,59.0,0.0
2019-07-05,61.0,59.75,60.0,61.0,58.0,58.0,59.0,21.0,8,2.4,18.1,138,30.2,86,167.0,102.0,30.0,64.0,-3.0,0.0,-3.0,-3.0,-4.0,-4.0,364.0,5.8998973535824915,153.0,5.0369526024136295,0.6691306063588583,-0.7431448254773941,0.0,1.0,0.0,5.0369526024136295,19.400000000000006,7,52.0,39.0,42.0,52.0,42.0,36.0,0.0
2019-07-06,52.0,51.75,39.0,42.0,52.0,42.0,36.0,13.0,16,6.6,9.0,148,29.1,88,60.0,170.0,42.0,61.0,-9.0,-21.0,-19.0,-6.0,-16.0,-23.0,341.0,5.834810737062605,298.0,5.700443573390687,0.5299192642332049,-0.848048096156426,0.0,1.0,0.0,5.700443573390687,14.200000000000005,7,54.0,54.0,46.0,52.0,48.0,47.0,0.0
2019-07-07,54.0,51.458333333333336,54.0,46.0,52.0,48.0,47.0,14.0,24,9.0,12.1,158,29.5,87,53.0,135.0,35.0,52.0,2.0,15.0,4.0,0.0,6.0,11.0,280.0,5.638354669333745,407.0,6.0112671744041615,0.37460659341591224,-0.9271838545667873,0.0,1.0,0.0,6.0112671744041615,18.000000000000004,7,56.0,56.0,47.0,46.0,45.0,49.0,0.0
2019-07-08,56.0,54.583333333333336,56.0,47.0,46.0,45.0,49.0,16.0,24,15.9,15.5,155,29.4,88,55.0,127.0,32.0,54.0,2.0,2.0,1.0,-6.0,-3.0,2.0,168.0,5.1298987149230735,432.0,6.07073772800249,0.4226182617406995,-0.9063077870366499,0.0,1.0,0.0,6.07073772800249,31.500000000000007,7,57.0,57.0,52.0,55.0,54.0,50.0,0.0
2019-07-09,57.0,54.333333333333336,57.0,52.0,55.0,54.0,50.0,17.0,24,15.4,14.8,171,28.6,86,50.0,115.0,21.0,56.0,1.0,1.0,5.0,9.0,9.0,1.0,158.0,5.0689042022202315,377.0,5.934894195619588,0.15643446504023098,-0.9876883405951377,0.0,0.0,0.0,0.0,40.300000000000004,7,55.0,55.0,51.0,55.0,53.0,51.0,0.0
2019-07-10,55.0,54.25,55.0,51.0,55.0,53.0,51.0,15.0,8,0.4,19.7,123,30.1,79,96.0,76.0,45.0,57.0,-2.0,-2.0,-1.0,0.0,-1.0,1.0,201.0,5.308267697401205,318.0,5.765191102784844,0.838670567945424,-0.5446390350150271,0.0,1.0,0.0,5.765191102784844,31.700000000000003,7,51.0,49.0,51.0,50.0,51.0,51.0,0.0
2019-07-11,51.0,50.125,49.0,51.0,50.0,51.0,51.0,12.0,16,0.4,16.6,141,30.1,79,109.0,125.0,56.0,55.0,-4.0,-6.0,0.0,-5.0,-2.0,0.0,255.0,5.545177444479562,316.0,5.75890177387728,0.6293203910498374,-0.7771459614569709,0.0,1.0,0.0,5.75890177387728,16.200000000000006,7,51.0,44.0,51.0,44.0,48.0,50.0,0.0
2019-07-12,51.0,50.125,44.0,51.0,44.0,48.0,50.0,12.0,8,0.0,17.1,154,29.9,82,157.0,60.0,43.0,51.0,0.0,-5.0,0.0,-6.0,-3.0,-1.0,362.0,5.8944028342648505,261.0,5.568344503761097,0.4383711467890773,-0.898794046299167,0.0,1.0,0.0,5.568344503761097,0.8000000000000054,7,52.0,44.0,52.0,48.0,45.0,45.0,0.0
2019-07-13,52.0,51.3125,44.0,52.0,48.0,45.0,45.0,13.0,16,0.4,18.0,149,29.9,84,209.0,121.0,13.0,51.0,1.0,0.0,1.0,4.0,-3.0,-5.0,475.0,6.16541785423142,306.0,5.726847747587197,0.5150380749100544,-0.8571673007021122,0.0,1.0,0.0,5.726847747587197,0.8000000000000054,7,52.0,49.0,52.0,52.0,48.0,50.0,0.0
2019-07-14,52.0,51.208333333333336,49.0,52.0,52.0,48.0,50.0,13.0,24,4.5,15.2,155,29.5,85,198.0,222.0,17.0,52.0,0.0,5.0,0.0,4.0,3.0,5.0,564.0,6.336825731146441,403.0,6.0014148779611505,0.4226182617406995,-0.9063077870366499,0.0,1.0,0.0,6.0014148779611505,4.900000000000006,7,58.0,54.0,58.0,56.0,55.0,54.0,0.0
2019-07-15,58.0,55.25,54.0,58.0,56.0,55.0,54.0,18.0,8,4.4,16.2,185,27.8,86,125.0,280.0,12.0,52.0,6.0,5.0,6.0,4.0,7.0,4.0,532.0,6.278521424165844,623.0,6.436150368369428,-0.08715574274765794,-0.9961946980917455,0.0,0.0,0.0,0.0,9.300000000000006,7,57.0,55.0,57.0,57.0,56.0,56.0,0.0
2019-07-16,57.0,55.95652173913044,55.0,57.0,57.0,56.0,56.0,18.0,23,0.8,21.3,161,29.5,80,127.0,275.0,7.0,58.0,-1.0,1.0,-1.0,1.0,1.0,2.0,450.0,6.111467339502679,777.0,6.656726524178391,0.3255681544571566,-0.9455185755993168,0.0,0.0,0.0,0.0,9.700000000000006,7,59.0,57.0,59.0,58.0,59.0,57.0,0.0
2019-07-17,59.0,57.82608695652174,57.0,59.0,58.0,59.0,57.0,19.0,23,1.3,22.0,157,29.6,79,87.0,307.0,24.0,57.0,2.0,2.0,2.0,1.0,3.0,1.0,339.0,5.8289456176102075,862.0,6.760414691083428,0.39073112848927377,-0.9205048534524404,0.0,1.0,0.0,6.760414691083428,6.500000000000005,7,59.0,57.0,58.0,57.0,59.0,57.0,0.0
2019-07-18,59.0,58.21739130434783,57.0,58.0,57.0,59.0,57.0,19.0,23,0.4,20.3,153,29.8,76,123.0,240.0,13.0,59.0,0.0,0.0,-1.0,-1.0,0.0,0.0,337.0,5.823045895483019,822.0,6.71295620067707,0.45399049973954686,-0.8910065241883678,0.0,1.0,0.0,6.71295620067707,2.5000000000000053,7,56.0,52.0,55.0,56.0,56.0,55.0,0.0
2019-07-19,56.0,54.1,52.0,55.0,56.0,56.0,55.0,17.0,10,0.1,18.3,158,29.8,78,97.0,153.0,17.0,59.0,-3.0,-5.0,-3.0,-1.0,-3.0,-2.0,307.0,5.730099782973574,700.0,6.55250788703459,0.37460659341591224,-0.9271838545667873,0.0,1.0,0.0,6.55250788703459,1.8000000000000054,7,54.0,52.0,54.0,53.0,54.0,53.0,0.0
2019-07-20,54.0,52.57142857142857,52.0,54.0,53.0,54.0,53.0,15.0,21,0.6,14.5,149,30.2,82,113.0,258.0,38.0,56.0,-2.0,0.0,-1.0,-3.0,-2.0,-2.0,333.0,5.811140992976701,651.0,6.480044561926653,0.5150380749100544,-0.8571673007021122,0.0,1.0,0.0,6.480044561926653,1.1000000000000054,7,57.0,57.0,56.0,56.0,56.0,55.0,0.0
2019-07-21,57.0,55.75,57.0,56.0,56.0,56.0,55.0,18.0,24,1.8,13.6,160,29.7,86,65.0,91.0,30.0,54.0,3.0,5.0,2.0,3.0,2.0,2.0,275.0,5.62040086571715,502.0,6.220590170099739,0.3420201433256689,-0.9396926207859083,0.0,1.0,0.0,6.220590170099739,2.5000000000000053,7,57.0,57.0,53.0,56.0,56.0,54.0,0.0
2019-07-22,57.0,56.375,57.0,53.0,56.0,56.0,54.0,18.0,8,21.1,12.3,158,28.1,90,24.0,228.0,28.0,57.0,0.0,0.0,-3.0,0.0,0.0,-1.0,202.0,5.313205979041787,577.0,6.359573868672378,0.37460659341591224,-0.9271838545667873,0.0,1.0,0.0,6.359573868672378,23.500000000000007,7,54.0,51.0,40.0,51.0,54.0,50.0,0.0
2019-07-23,54.0,53.04347826086956,51.0,40.0,51.0,54.0,50.0,15.0,23,14.2,11.6,153,27.3,90,23.0,172.0,4.0,57.0,-3.0,-6.0,-13.0,-5.0,-2.0,-4.0,112.0,4.727387818712341,491.0,6.198478716492308,0.45399049973954686,-0.8910065241883678,0.0,1.0,0.0,6.198478716492308,37.10000000000001,7,57.0,57.0,45.0,53.0,57.0,55.0,0.0
2019-07-24,57.0,56.1875,57.0,45.0,53.0,57.0,55.0,17.0,16,13.1,18.2,167,28.5,86,88.0,149.0,6.0,54.0,3.0,6.0,5.0,2.0,3.0,5.0,135.0,4.912654885736052,549.0,6.309918278226516,0.2249510543438652,-0.9743700647852351,0.0,0.0,0.0,0.0,48.400000000000006,7,56.0,56.0,49.0,54.0,54.0,53.0,0.0
2019-07-25,56.0,54.75,56.0,49.0,54.0,54.0,53.0,17.0,8,0.5,15.1,155,29.5,80,163.0,140.0,7.0,57.0,-1.0,-1.0,4.0,1.0,-3.0,-2.0,274.0,5.616771097666572,461.0,6.135564891081739,0.4226182617406995,-0.9063077870366499,0.0,1.0,0.0,6.135564891081739,27.800000000000004,7,55.0,52.0,52.0,55.0,54.0,53.0,0.0
2019-07-26,55.0,54.125,52.0,52.0,55.0,54.0,53.0,16.0,16,0.2,14.1,147,29.6,83,235.0,256.0,31.0,56.0,-1.0,-4.0,3.0,1.0,0.0,0.0,486.0,6.18826412308259,545.0,6.302618975744905,0.5446390350150273,-0.8386705679454239,0.0,1.0,0.0,6.302618975744905,13.800000000000006,7,55.0,52.0,52.0,55.0,54.0,52.0,0.0
2019-07-27,55.0,55.0,52.0,52.0,55.0,54.0,52.0,16.0,8,1.1,12.8,133,29.9,84,237.0,115.0,23.0,55.0,0.0,0.0,0.0,0.0,0.0,-1.0,635.0,6.455198563340122,511.0,6.238324625039508,0.7313537016191706,-0.6819983600624984,0.0,1.0,0.0,6.238324625039508,1.8000000000000071,7,56.0,53.0,52.0,52.0,56.0,54.0,0.0
2019-07-28,56.0,54.26086956521739,53.0,52.0,52.0,56.0,54.0,17.0,23,7.7,15.9,152,28.4,89,283.0,291.0,40.0,55.0,1.0,1.0,0.0,-3.0,2.0,2.0,755.0,6.628041376179533,662.0,6.4967749901858625,0.4694715627858907,-0.882947592858927,0.0,1.0,0.0,6.4967749901858625,9.000000000000007,7,57.0,52.0,57.0,55.0,55.0,55.0,0.0
2019-07-29,57.0,53.4375,52.0,57.0,55.0,55.0,55.0,17.0,16,1.4,17.8,162,29.6,85,341.0,386.0,72.0,56.0,1.0,-1.0,5.0,3.0,-1.0,1.0,861.0,6.759255270663693,792.0,6.675823221634848,0.3090169943749475,-0.9510565162951535,0.0,0.0,0.0,0.0,10.200000000000008,7,59.0,54.0,59.0,58.0,59.0,58.0,0.0
2019-07-30,59.0,57.625,54.0,59.0,58.0,59.0,58.0,20.0,8,2.1,16.0,158,28.6,86,445.0,244.0,67.0,57.0,2.0,2.0,2.0,3.0,4.0,3.0,1069.0,6.975413927455952,921.0,6.826545223556594,0.37460659341591224,-0.9271838545667873,0.0,1.0,0.0,6.826545223556594,11.200000000000006,7,64.0,60.0,62.0,62.0,61.0,64.0,0.0
2019-07-31,64.0,62.06666666666667,60.0,62.0,62.0,61.0,64.0,24.0,15,0.5,21.4,164,29.9,76,812.0,534.0,134.0,59.0,5.0,6.0,3.0,4.0,2.0,6.0,1598.0,7.377133712833954,1164.0,7.060476365999801,0.2756373558169992,-0.9612616959383189,0.0,0.0,0.0,0.0,4.000000000000007,7,59.0,58.0,58.0,59.0,57.0,59.0,0.0
2019-08-01,59.0,57.66666666666666,58.0,58.0,59.0,57.0,59.0,19.0,24,0.8,20.2,163,30.1,78,663.0,455.0,115.0,64.0,-5.0,-2.0,-4.0,-3.0,-4.0,-5.0,1920.0,7.560601162768557,1233.0,7.1180162044653335,0.2923717047227366,-0.9563047559630355,0.0,0.0,0.0,0.0,3.4000000000000075,8,59.0,58.0,59.0,58.0,59.0,59.0,0.0
2019-08-02,59.0,58.375,58.0,59.0,58.0,59.0,59.0,19.0,24,0.0,19.2,160,30.0,78,729.0,422.0,71.0,59.0,0.0,0.0,1.0,-1.0,2.0,0.0,2204.0,7.6984827878809465,1411.0,7.252762418053187,0.3420201433256689,-0.9396926207859083,0.0,1.0,0.0,7.252762418053187,1.3000000000000071,8,58.0,57.0,57.0,58.0,58.0,57.0,0.0
2019-08-03,58.0,57.5,57.0,57.0,58.0,58.0,57.0,18.0,8,0.3,18.8,155,30.1,79,443.0,884.0,46.0,59.0,-1.0,-1.0,-2.0,0.0,-1.0,-2.0,1835.0,7.515344571180436,1761.0,7.474204806496124,0.4226182617406995,-0.9063077870366499,0.0,1.0,0.0,7.474204806496124,1.1000000000000072,8,58.0,54.0,58.0,55.0,54.0,56.0,0.0
2019-08-04,58.0,56.6875,54.0,58.0,55.0,54.0,56.0,18.0,16,0.3,19.3,157,29.7,81,431.0,1216.0,94.0,58.0,0.0,-3.0,1.0,-3.0,-4.0,-1.0,1603.0,7.38025578842646,2522.0,7.833203948641057,0.39073112848927377,-0.9205048534524404,0.0,1.0,0.0,7.833203948641057,0.6000000000000071,8,55.0,53.0,54.0,55.0,54.0,55.0,0.0
2019-08-05,55.0,54.75,53.0,54.0,55.0,54.0,55.0,16.0,8,1.5,20.3,159,29.4,80,470.0,1206.0,96.0,58.0,-3.0,-1.0,-4.0,0.0,0.0,-1.0,1344.0,7.20414929203594,3306.0,8.103796712981794,0.3583679495453002,-0.9335804264972017,0.0,1.0,0.0,8.103796712981794,2.100000000000007,8,70.0,65.0,70.0,66.0,66.0,65.0,0.0
2019-08-06,70.0,68.6875,65.0,70.0,66.0,66.0,65.0,29.0,16,1.0,18.9,155,29.8,81,477.0,921.0,40.0,55.0,15.0,12.0,16.0,11.0,12.0,10.0,1378.0,7.229113877793302,3343.0,8.114922974204593,0.4226182617406995,-0.9063077870366499,0.0,1.0,0.0,8.114922974204593,2.800000000000007,8,69.0,64.0,69.0,66.0,64.0,63.0,0.0
2019-08-07,69.0,67.33333333333333,64.0,69.0,66.0,64.0,63.0,28.0,24,1.7,17.9,152,29.6,81,276.0,1036.0,20.0,70.0,-1.0,-1.0,-1.0,0.0,-2.0,-2.0,1223.0,7.1098794630722715,3163.0,8.059592328887545,0.4694715627858907,-0.882947592858927,0.0,1.0,0.0,8.059592328887545,4.200000000000007,8,69.0,63.0,69.0,65.0,65.0,65.0,0.0
2019-08-08,69.0,68.0,63.0,69.0,65.0,65.0,65.0,28.0,8,0.3,21.7,159,29.9,78,531.0,513.0,34.0,69.0,0.0,-1.0,0.0,-1.0,1.0,2.0,1284.0,7.158513997329321,2470.0,7.81237820598861,0.3583679495453002,-0.9335804264972017,0.0,1.0,0.0,7.81237820598861,3.000000000000007,8,68.0,64.0,68.0,67.0,66.0,65.0,0.0
2019-08-09,68.0,67.6086956521739,64.0,68.0,67.0,66.0,65.0,27.0,23,1.0,21.1,161,29.9,80,362.0,1508.0,12.0,69.0,-1.0,1.0,-1.0,2.0,1.0,0.0,1169.0,7.064759027791802,3057.0,8.025516386489008,0.3255681544571566,-0.9455185755993168,0.0,0.0,0.0,0.0,3.000000000000007,8,68.0,62.0,68.0,66.0,65.0,63.0,0.0
2019-08-10,68.0,66.875,62.0,68.0,66.0,65.0,63.0,27.0,16,1.1,20.6,155,30.2,79,304.0,1946.0,9.0,68.0,0.0,-2.0,0.0,-1.0,-1.0,-2.0,1197.0,7.088408778675395,3967.0,8.286017468404763,0.4226182617406995,-0.9063077870366499,0.0,1.0,0.0,8.286017468404763,2.4000000000000075,8,64.0,61.0,64.0,63.0,63.0,60.0,0.0
2019-08-11,64.0,62.083333333333336,61.0,64.0,63.0,63.0,60.0,24.0,24,1.2,20.7,153,30.4,79,549.0,1485.0,34.0,68.0,-4.0,-1.0,-4.0,-3.0,-2.0,-3.0,1215.0,7.103322062526113,4939.0,8.505120610181969,0.45399049973954686,-0.8910065241883678,0.0,1.0,0.0,8.505120610181969,3.300000000000008,8,63.0,59.0,62.0,62.0,63.0,59.0,0.0
2019-08-12,63.0,62.125,59.0,62.0,62.0,63.0,59.0,22.0,8,0.6,16.4,146,31.0,79,752.0,1965.0,58.0,64.0,-1.0,-2.0,-2.0,-1.0,0.0,-1.0,1605.0,7.381501894506707,5396.0,8.593598522618644,0.5591929034707469,-0.8290375725550416,0.0,1.0,0.0,8.593598522618644,2.9000000000000075,8,61.0,59.0,61.0,60.0,61.0,59.0,0.0
2019-08-13,61.0,60.25,59.0,61.0,60.0,61.0,59.0,21.0,16,0.5,16.5,147,30.4,81,737.0,1213.0,46.0,63.0,-2.0,0.0,-1.0,-2.0,-2.0,0.0,2038.0,7.620214770574455,4663.0,8.447628728030327,0.5446390350150273,-0.8386705679454239,0.0,1.0,0.0,8.447628728030327,2.3000000000000074,8,59.0,59.0,59.0,59.0,58.0,59.0,0.0
2019-08-14,59.0,58.125,59.0,59.0,59.0,58.0,59.0,19.0,8,1.5,14.2,146,30.1,82,599.0,874.0,18.0,61.0,-2.0,0.0,-2.0,-1.0,-3.0,0.0,2088.0,7.644440761556566,4052.0,8.307212626628308,0.5591929034707469,-0.8290375725550416,0.0,1.0,0.0,8.307212626628308,2.6000000000000076,8,61.0,60.0,59.0,58.0,61.0,60.0,0.0
2019-08-15,61.0,59.21739130434783,60.0,59.0,58.0,61.0,60.0,21.0,23,7.6,14.2,181,28.8,85,509.0,639.0,20.0,59.0,2.0,1.0,0.0,-1.0,3.0,1.0,1845.0,7.520776415062797,2726.0,7.910957382845589,-0.017452406437283637,-0.9998476951563913,0.0,0.0,0.0,0.0,9.600000000000007,8,61.0,60.0,59.0,61.0,57.0,58.0,0.0
2019-08-16,61.0,59.9375,60.0,59.0,61.0,57.0,58.0,21.0,16,5.5,17.7,172,29.9,80,699.0,1943.0,59.0,61.0,0.0,0.0,0.0,3.0,-4.0,-2.0,1807.0,7.4999765409521215,3456.0,8.148156439921625,0.13917310096006533,-0.9902680687415704,0.0,0.0,0.0,0.0,14.600000000000007,8,66.0,60.0,66.0,63.0,63.0,64.0,0.0
2019-08-17,66.0,62.458333333333336,60.0,66.0,63.0,63.0,64.0,25.0,24,1.9,19.5,154,30.0,82,524.0,1792.0,26.0,61.0,5.0,0.0,7.0,2.0,6.0,6.0,1732.0,7.457609289715606,4374.0,8.383661798791715,0.4383711467890773,-0.898794046299167,0.0,1.0,0.0,8.383661798791715,15.000000000000007,8,66.0,59.0,66.0,62.0,62.0,63.0,0.0
2019-08-18,66.0,64.41666666666667,59.0,66.0,62.0,62.0,63.0,25.0,24,0.5,19.4,133,31.4,76,894.0,1168.0,55.0,66.0,0.0,-1.0,0.0,-1.0,-1.0,-1.0,2117.0,7.658227526161352,4903.0,8.497806477616047,0.7313537016191706,-0.6819983600624984,0.0,1.0,0.0,8.497806477616047,7.9000000000000075,8,60.0,57.0,60.0,58.0,57.0,59.0,0.0
2019-08-19,60.0,57.79166666666666,57.0,60.0,58.0,57.0,59.0,20.0,24,0.0,17.8,154,31.0,76,813.0,584.0,76.0,66.0,-6.0,-2.0,-6.0,-4.0,-5.0,-4.0,2231.0,7.710653323501202,3544.0,8.173293438966228,0.4383711467890773,-0.898794046299167,0.0,1.0,0.0,8.173293438966228,2.400000000000007,8,62.0,59.0,62.0,61.0,61.0,59.0,0.0
2019-08-20,62.0,60.875,59.0,62.0,61.0,61.0,59.0,22.0,24,0.5,20.1,139,31.7,76,988.0,358.0,53.0,60.0,2.0,2.0,2.0,3.0,4.0,0.0,2695.0,7.899524472032198,2110.0,7.65491704784832,0.6560590289905073,-0.754709580222772,0.0,1.0,0.0,7.65491704784832,1.000000000000007,8,62.0,58.0,62.0,60.0,59.0,59.0,0.0
2019-08-21,62.0,61.875,58.0,62.0,60.0,59.0,59.0,22.0,8,0.5,16.8,150,30.5,78,835.0,1065.0,48.0,62.0,0.0,-1.0,0.0,-1.0,-2.0,0.0,2636.0,7.877397186353287,2007.0,7.60489448081162,0.49999999999999994,-0.8660254037844387,0.0,1.0,0.0,7.60489448081162,1.000000000000007,8,60.0,55.0,60.0,57.0,56.0,56.0,0.0
2019-08-22,60.0,58.0,55.0,60.0,57.0,56.0,56.0,20.0,15,4.1,15.0,158,29.2,85,883.0,1456.0,36.0,62.0,-2.0,-3.0,-2.0,-3.0,-3.0,-3.0,2706.0,7.903596289614301,2879.0,7.965545573129992,0.37460659341591224,-0.9271838545667873,0.0,1.0,0.0,7.965545573129992,5.100000000000007,8,56.0,54.0,56.0,56.0,54.0,56.0,0.0
2019-08-23,56.0,55.125,54.0,56.0,56.0,54.0,56.0,17.0,24,2.7,16.9,151,30.2,79,1331.0,960.0,44.0,60.0,-4.0,-1.0,-4.0,-1.0,-2.0,0.0,3049.0,8.022896869601457,3481.0,8.155362120328135,0.48480962024633717,-0.8746197071393957,0.0,1.0,0.0,8.155362120328135,7.300000000000007,8,61.0,56.0,61.0,60.0,59.0,59.0,0.0
2019-08-24,61.0,58.38095238095238,56.0,61.0,60.0,59.0,59.0,21.0,21,1.6,16.9,148,30.8,77,592.0,174.0,15.0,56.0,5.0,2.0,5.0,4.0,5.0,3.0,2806.0,7.939871576361883,2590.0,7.85979918056211,0.5299192642332049,-0.848048096156426,0.0,1.0,0.0,7.85979918056211,8.400000000000007,8,64.0,61.0,64.0,60.0,62.0,62.0,0.0
2019-08-25,64.0,61.91666666666666,61.0,64.0,60.0,62.0,62.0,24.0,24,5.9,13.0,170,29.1,81,168.0,144.0,5.0,61.0,3.0,5.0,3.0,0.0,3.0,3.0,2091.0,7.645875825184813,1278.0,7.153833801578843,0.17364817766693028,-0.984807753012208,0.0,0.0,0.0,0.0,10.200000000000008,8,81.0,76.0,75.0,68.0,81.0,73.0,0.0
2019-08-26,81.0,75.16666666666667,76.0,75.0,68.0,81.0,73.0,39.0,24,6.8,12.2,140,30.5,82,430.0,156.0,19.0,64.0,17.0,15.0,11.0,8.0,19.0,11.0,1190.0,7.0825485693553,474.0,6.163314804034641,0.6427876096865395,-0.7660444431189779,0.0,1.0,0.0,6.163314804034641,14.300000000000008,8,76.0,68.0,67.0,64.0,76.0,68.0,0.0
2019-08-27,76.0,70.75,68.0,67.0,64.0,76.0,68.0,34.0,8,17.9,11.3,161,28.3,88,109.0,117.0,7.0,81.0,-5.0,-8.0,-8.0,-4.0,-5.0,-5.0,707.0,6.56244409369372,417.0,6.035481432524756,0.3255681544571566,-0.9455185755993168,0.0,0.0,0.0,0.0,30.60000000000001,8,63.0,60.0,61.0,59.0,60.0,63.0,0.0
2019-08-28,63.0,60.625,60.0,61.0,59.0,60.0,63.0,22.0,16,9.3,13.2,182,28.2,88,13.0,446.0,8.0,76.0,-13.0,-8.0,-6.0,-5.0,-16.0,-5.0,552.0,6.315358001522335,719.0,6.579251212010101,-0.0348994967025009,-0.9993908270190958,0.0,0.0,0.0,0.0,34.000000000000014,8,61.0,55.0,61.0,58.0,59.0,60.0,0.0
2019-08-29,61.0,59.75,55.0,61.0,58.0,59.0,60.0,21.0,8,1.0,23.7,166,30.4,80,61.0,1344.0,13.0,63.0,-2.0,-5.0,0.0,-1.0,-1.0,-3.0,183.0,5.214935757608986,1907.0,7.553810852008231,0.24192189559966773,-0.9702957262759965,0.0,0.0,0.0,0.0,28.20000000000001,8,60.0,56.0,60.0,60.0,60.0,58.0,0.0
2019-08-30,60.0,59.4375,56.0,60.0,60.0,60.0,58.0,20.0,16,7.5,23.1,169,29.4,81,489.0,1507.0,22.0,61.0,-1.0,1.0,-1.0,2.0,1.0,-2.0,563.0,6.335054251498059,3297.0,8.101071503119543,0.19080899537654497,-0.981627183447664,0.0,0.0,0.0,0.0,17.80000000000001,8,61.0,58.0,59.0,61.0,58.0,57.0,0.0
2019-08-31,61.0,59.41666666666666,58.0,59.0,61.0,58.0,57.0,21.0,24,0.0,17.7,156,30.3,74,1105.0,1207.0,32.0,60.0,1.0,2.0,-1.0,1.0,-2.0,-1.0,1655.0,7.412160334945205,4058.0,8.308691916838898,0.40673664307580043,-0.9135454576426008,0.0,1.0,0.0,8.308691916838898,8.50000000000001,8,63.0,60.0,62.0,63.0,62.0,59.0,0.0
2019-09-01,63.0,62.125,60.0,62.0,63.0,62.0,59.0,23.0,8,0.0,16.3,148,31.0,78,1225.0,978.0,98.0,61.0,2.0,2.0,3.0,2.0,4.0,2.0,2819.0,7.944492163932159,3692.0,8.214194414852564,0.5299192642332049,-0.848048096156426,0.0,1.0,0.0,8.214194414852564,7.500000000000011,9,67.0,61.0,67.0,64.0,64.0,63.0,0.0
2019-09-02,67.0,66.5,61.0,67.0,64.0,64.0,63.0,26.0,16,1.1,18.5,138,31.7,78,359.0,2118.0,19.0,63.0,4.0,1.0,5.0,1.0,2.0,4.0,2689.0,7.897296472595885,4303.0,8.36730010184162,0.6691306063588583,-0.7431448254773941,0.0,1.0,0.0,8.36730010184162,1.1000000000000107,9,67.0,63.0,67.0,63.0,65.0,63.0,0.0
2019-09-03,67.0,65.75,63.0,67.0,63.0,65.0,63.0,26.0,24,1.8,18.7,141,31.4,80,614.0,3071.0,23.0,67.0,0.0,2.0,0.0,-1.0,1.0,0.0,2198.0,7.695757990554761,6167.0,8.727129915243166,0.6293203910498374,-0.7771459614569709,0.0,1.0,0.0,8.727129915243166,2.900000000000011,9,65.0,62.0,65.0,61.0,64.0,62.0,0.0
2019-09-04,65.0,62.333333333333336,62.0,65.0,61.0,64.0,62.0,24.0,24,4.2,18.8,164,30.2,82,1067.0,4416.0,19.0,67.0,-2.0,-1.0,-2.0,-2.0,-1.0,-1.0,2040.0,7.621195162809845,9605.0,9.17014318222477,0.2756373558169992,-0.9612616959383189,0.0,0.0,0.0,0.0,7.100000000000011,9,61.0,57.0,60.0,60.0,61.0,59.0,0.0
2019-09-05,61.0,60.125,57.0,60.0,60.0,61.0,59.0,21.0,8,0.5,17.1,150,30.8,78,1640.0,4786.0,29.0,65.0,-4.0,-5.0,-5.0,-1.0,-3.0,-3.0,3321.0,8.10832229017324,12273.0,9.415238482949043,0.49999999999999994,-0.8660254037844387,0.0,1.0,0.0,9.415238482949043,6.500000000000011,9,70.0,64.0,70.0,67.0,69.0,66.0,0.0
2019-09-06,70.0,69.08695652173913,64.0,70.0,67.0,69.0,66.0,29.0,23,0.6,17.7,148,31.2,79,1235.0,3093.0,78.0,61.0,9.0,7.0,10.0,7.0,8.0,7.0,3942.0,8.279697133877628,12295.0,9.417029285218431,0.5299192642332049,-0.848048096156426,0.0,1.0,0.0,9.417029285218431,5.3000000000000105,9,73.0,67.0,73.0,68.0,71.0,68.0,0.0
2019-09-07,73.0,71.6875,67.0,73.0,68.0,71.0,68.0,31.0,16,0.3,19.7,144,31.0,76,919.0,3106.0,49.0,70.0,3.0,3.0,3.0,1.0,2.0,2.0,3794.0,8.24143968982973,10985.0,9.304377013902565,0.5877852522924732,-0.8090169943749473,0.0,1.0,0.0,9.304377013902565,1.4000000000000106,9,72.0,66.0,72.0,68.0,70.0,69.0,0.0
2019-09-08,72.0,70.66666666666667,66.0,72.0,68.0,70.0,69.0,30.0,24,0.3,18.7,145,31.6,75,2512.0,2690.0,67.0,73.0,-1.0,-1.0,-1.0,0.0,-1.0,1.0,4666.0,8.448271745949816,8889.0,9.09268232850795,0.5735764363510459,-0.8191520442889919,0.0,1.0,0.0,9.09268232850795,1.2000000000000106,9,79.0,70.0,79.0,75.0,74.0,74.0,0.0
2019-09-09,79.0,75.875,70.0,79.0,75.0,74.0,74.0,36.0,8,1.8,16.8,150,30.8,78,2229.0,3000.0,57.0,72.0,7.0,4.0,7.0,7.0,4.0,5.0,5660.0,8.64135583403666,8796.0,9.082166033252674,0.49999999999999994,-0.8660254037844387,0.0,1.0,0.0,9.082166033252674,2.4000000000000106,9,99.0,87.0,99.0,95.0,90.0,87.0,0.0
2019-09-10,99.0,93.75,87.0,99.0,95.0,90.0,87.0,54.0,20,0.9,15.5,145,30.5,81,2507.0,4643.0,34.0,79.0,20.0,17.0,20.0,20.0,16.0,13.0,7248.0,8.888618807300878,10333.0,9.24319470884713,0.5735764363510459,-0.8191520442889919,0.0,1.0,0.0,9.24319470884713,3.000000000000011,9,92.0,83.0,92.0,87.0,85.0,82.0,0.0
2019-09-11,92.0,80.21739130434783,83.0,92.0,87.0,85.0,82.0,48.0,23,0.9,16.7,141,32.0,76,4941.0,7102.0,60.0,99.0,-7.0,-4.0,-7.0,-8.0,-5.0,-5.0,9677.0,9.177610547353265,14745.0,9.598727138549595,0.6293203910498374,-0.7771459614569709,0.0,1.0,0.0,9.598727138549595,3.6000000000000107,9,93.0,78.0,93.0,88.0,83.0,82.0,0.0
2019-09-12,93.0,82.875,78.0,93.0,88.0,83.0,82.0,49.0,16,0.6,14.7,140,31.3,77,2754.0,5648.0,113.0,92.0,1.0,-5.0,1.0,1.0,-2.0,0.0,10202.0,9.230437073675304,17393.0,9.76388059814971,0.6427876096865395,-0.7660444431189779,0.0,1.0,0.0,9.76388059814971,2.400000000000011,9,97.0,83.0,97.0,92.0,89.0,89.0,0.0
2019-09-13,97.0,96.125,83.0,97.0,92.0,89.0,89.0,53.0,8,0.2,17.3,159,31.6,78,1493.0,8782.0,28.0,93.0,4.0,5.0,4.0,4.0,6.0,7.0,9188.0,9.125762395500885,21532.0,9.977341921106609,0.3583679495453002,-0.9335804264972017,0.0,1.0,0.0,9.977341921106609,1.700000000000011,9,114.0,99.0,110.0,102.0,114.0,96.0,1.0
2019-09-14,114.0,99.3913043478261,99.0,110.0,102.0,114.0,96.0,68.0,23,4.9,17.1,190,29.2,81,2860.0,6793.0,9.0,97.0,17.0,16.0,13.0,10.0,25.0,7.0,7107.0,8.868976189274543,21223.0,9.962887895817575,-0.17364817766693047,-0.984807753012208,0.0,0.0,0.0,0.0,5.700000000000012,9,124.0,111.0,121.0,108.0,124.0,109.0,1.0
2019-09-15,124.0,114.78260869565216,111.0,121.0,108.0,124.0,109.0,78.0,23,0.6,17.4,148,30.6,76,1387.0,4088.0,13.0,114.0,10.0,12.0,11.0,6.0,10.0,13.0,5740.0,8.655388690167637,19663.0,9.886544831805816,0.5299192642332049,-0.848048096156426,0.0,1.0,0.0,9.886544831805816,5.700000000000012,9,88.0,80.0,85.0,79.0,88.0,81.0,0.0
2019-09-16,88.0,84.875,80.0,85.0,79.0,88.0,81.0,45.0,16,0.0,16.6,153,31.4,73,2075.0,4251.0,24.0,124.0,-36.0,-31.0,-36.0,-29.0,-36.0,-28.0,6322.0,8.751949058058614,15132.0,9.624633068687027,0.45399049973954686,-0.8910065241883678,0.0,1.0,0.0,9.624633068687027,5.5000000000000115,9,104.0,92.0,102.0,93.0,104.0,91.0,1.0
2019-09-17,104.0,94.91666666666669,92.0,102.0,93.0,104.0,91.0,58.0,24,0.5,18.6,151,31.8,75,3046.0,3220.0,28.0,88.0,16.0,12.0,17.0,14.0,16.0,10.0,6508.0,8.780941113572387,11559.0,9.355306142226368,0.48480962024633717,-0.8746197071393957,0.0,1.0,0.0,9.355306142226368,1.1000000000000116,9,145.0,122.0,145.0,137.0,127.0,124.0,1.0
2019-09-18,145.0,122.16666666666669,122.0,145.0,137.0,127.0,124.0,98.0,24,1.3,21.7,143,31.6,76,970.0,5093.0,9.0,104.0,41.0,30.0,43.0,44.0,23.0,33.0,6091.0,8.714731714015052,12564.0,9.438670449977693,0.6018150231520482,-0.7986355100472929,0.0,1.0,0.0,9.438670449977693,1.8000000000000114,9,154.0,131.0,154.0,145.0,135.0,131.0,1.0
2019-09-19,154.0,128.5,131.0,154.0,145.0,135.0,131.0,106.0,24,0.0,18.3,138,32.6,74,2901.0,5140.0,50.0,145.0,9.0,9.0,9.0,8.0,8.0,7.0,6917.0,8.841881989497114,13453.0,9.507031738585551,0.6691306063588583,-0.7431448254773941,0.0,1.0,0.0,9.507031738585551,1.8000000000000114,9,81.0,76.0,81.0,76.0,81.0,74.0,0.0
2019-09-20,81.0,71.75,76.0,81.0,76.0,81.0,74.0,39.0,8,1.3,15.9,136,31.9,75,4286.0,2436.0,57.0,154.0,-73.0,-55.0,-73.0,-69.0,-54.0,-57.0,8157.0,9.006754319877503,12669.0,9.446992273315185,0.6946583704589971,-0.7193398003386513,0.0,1.0,0.0,9.446992273315185,2.600000000000011,9,109.0,96.0,109.0,103.0,102.0,100.0,1.0
2019-09-21,109.0,98.0,96.0,109.0,103.0,102.0,100.0,63.0,23,0.0,18.0,139,32.6,73,4894.0,2802.0,50.0,81.0,28.0,20.0,28.0,27.0,21.0,26.0,12081.0,9.399472020698687,10378.0,9.24753981296529,0.6560590289905073,-0.754709580222772,0.0,1.0,0.0,9.24753981296529,1.3000000000000114,9,126.0,115.0,126.0,121.0,113.0,114.0,1.0
2019-09-22,126.0,117.1875,115.0,126.0,121.0,113.0,114.0,79.0,16,0.0,16.7,120,33.2,73,4471.0,3242.0,57.0,109.0,17.0,19.0,17.0,18.0,11.0,14.0,13651.0,9.521641310026597,8480.0,9.0455836463617,0.8660254037844387,-0.4999999999999998,0.0,1.0,0.0,9.0455836463617,1.3000000000000114,9,129.0,118.0,129.0,123.0,118.0,119.0,1.0
2019-09-23,129.0,118.41666666666669,118.0,129.0,123.0,118.0,119.0,82.0,24,2.6,18.2,94,30.4,79,1102.0,4271.0,26.0,126.0,3.0,3.0,3.0,2.0,5.0,5.0,10467.0,9.256078263650036,10315.0,9.241451367001236,0.9975640502598242,-0.06975647374412533,0.0,1.0,0.0,9.241451367001236,2.600000000000011,9,105.0,88.0,105.0,95.0,96.0,91.0,1.0
2019-09-24,105.0,101.125,88.0,105.0,95.0,96.0,91.0,59.0,8,3.4,22.6,69,31.4,84,762.0,4304.0,57.0,129.0,-24.0,-30.0,-24.0,-28.0,-22.0,-28.0,6335.0,8.754002933494261,11817.0,9.37737907190562,0.9335804264972017,0.3583679495453004,0.0,0.0,0.0,0.0,6.0000000000000115,9,88.0,75.0,88.0,80.0,77.0,78.0,0.0
2019-09-25,88.0,74.73913043478261,75.0,88.0,80.0,77.0,78.0,45.0,23,21.8,13.1,99,28.9,89,618.0,3498.0,3.0,105.0,-17.0,-13.0,-17.0,-15.0,-19.0,-13.0,2482.0,7.817222785508166,12073.0,9.398809659356372,0.9876883405951378,-0.1564344650402308,0.0,1.0,0.0,9.398809659356372,27.80000000000001,9,74.0,65.0,74.0,72.0,69.0,70.0,0.0
2019-09-26,74.0,68.3913043478261,65.0,74.0,72.0,69.0,70.0,32.0,23,1.4,8.9,254,29.4,86,408.0,1274.0,13.0,88.0,-14.0,-10.0,-14.0,-8.0,-8.0,-8.0,1788.0,7.489412083508719,9076.0,9.113499020526627,-0.961261695938319,-0.2756373558169989,1.0,0.0,7.489412083508719,0.0,26.60000000000001,9,76.0,69.0,75.0,76.0,76.0,75.0,0.0
2019-09-27,76.0,75.0625,69.0,75.0,76.0,76.0,75.0,34.0,16,3.5,10.0,87,30.1,85,549.0,472.0,33.0,74.0,2.0,4.0,1.0,4.0,7.0,5.0,1575.0,7.362645270417825,5244.0,8.565030520830398,0.9986295347545738,0.052335956242943966,0.0,1.0,0.0,8.565030520830398,26.70000000000001,9,75.0,73.0,75.0,73.0,74.0,73.0,0.0
2019-09-28,75.0,73.0,73.0,75.0,73.0,74.0,73.0,33.0,24,6.9,10.1,111,30.0,86,528.0,1016.0,38.0,76.0,-1.0,4.0,0.0,-3.0,-2.0,-2.0,1485.0,7.303843225277705,2762.0,7.924072324923417,0.9335804264972017,-0.35836794954530027,0.0,1.0,0.0,7.924072324923417,11.800000000000011,9,76.0,74.0,75.0,73.0,76.0,73.0,0.0
2019-09-29,76.0,75.5,74.0,75.0,73.0,76.0,73.0,34.0,8,19.7,9.4,103,30.2,87,267.0,1016.0,21.0,75.0,1.0,1.0,0.0,0.0,2.0,0.0,1344.0,7.20414929203594,2504.0,7.826044013518965,0.9743700647852352,-0.22495105434386503,0.0,1.0,0.0,7.826044013518965,30.10000000000001,9,62.0,58.0,62.0,60.0,57.0,60.0,0.0
2019-09-30,62.0,58.9375,58.0,62.0,60.0,57.0,60.0,22.0,16,8.8,13.7,193,28.2,88,600.0,593.0,20.0,76.0,-14.0,-16.0,-13.0,-13.0,-19.0,-13.0,1395.0,7.241366283322318,2625.0,7.873217054862741,-0.22495105434386498,-0.9743700647852352,0.0,0.0,0.0,0.0,35.40000000000001,9,62.0,58.0,61.0,62.0,55.0,62.0,0.0
2019-10-01,62.0,60.625,58.0,61.0,62.0,55.0,62.0,22.0,8,3.0,11.3,150,28.5,90,679.0,380.0,19.0,62.0,0.0,0.0,-1.0,2.0,-2.0,2.0,1546.0,7.344072850573066,1989.0,7.595889917718538,0.49999999999999994,-0.8660254037844387,0.0,1.0,0.0,7.595889917718538,31.500000000000014,10,64.0,62.0,61.0,61.0,64.0,61.0,0.0
2019-10-02,64.0,61.95652173913044,62.0,61.0,61.0,64.0,61.0,23.0,23,6.4,11.7,87,28.8,89,204.0,422.0,12.0,62.0,2.0,4.0,0.0,-1.0,9.0,-1.0,1483.0,7.302496423727326,1395.0,7.241366283322318,0.9986295347545738,0.052335956242943966,0.0,1.0,0.0,7.241366283322318,18.20000000000001,10,65.0,59.0,58.0,65.0,60.0,59.0,0.0
2019-10-03,65.0,63.3125,59.0,58.0,65.0,60.0,59.0,24.0,16,2.3,11.8,138,28.8,88,139.0,223.0,21.0,64.0,1.0,-3.0,-3.0,4.0,-4.0,-2.0,1022.0,6.930494765951626,1025.0,6.933423025730715,0.6691306063588583,-0.7431448254773941,0.0,1.0,0.0,6.933423025730715,11.70000000000001,10,62.0,58.0,53.0,62.0,61.0,58.0,0.0
2019-10-04,62.0,60.625,58.0,53.0,62.0,61.0,58.0,22.0,8,17.1,10.6,143,28.5,89,291.0,202.0,24.0,65.0,-3.0,-1.0,-5.0,-3.0,1.0,-1.0,634.0,6.453624998892692,847.0,6.742880635791903,0.6018150231520482,-0.7986355100472929,0.0,1.0,0.0,6.742880635791903,25.80000000000001,10,52.0,48.0,51.0,51.0,52.0,43.0,0.0
2019-10-05,52.0,50.375,48.0,51.0,51.0,52.0,43.0,13.0,16,2.3,12.7,125,30.0,83,771.0,847.0,40.0,62.0,-10.0,-10.0,-2.0,-11.0,-9.0,-15.0,1201.0,7.091742115095153,1272.0,7.149131598557407,0.8191520442889917,-0.5735764363510462,0.0,1.0,0.0,7.149131598557407,21.700000000000014,10,55.0,53.0,53.0,53.0,55.0,53.0,0.0
2019-10-06,55.0,53.25,53.0,53.0,53.0,55.0,53.0,15.0,24,1.8,16.4,112,30.2,83,326.0,309.0,33.0,52.0,3.0,5.0,2.0,2.0,3.0,10.0,1388.0,7.236339342754344,1358.0,7.214504414151143,0.9271838545667874,-0.37460659341591207,0.0,1.0,0.0,7.214504414151143,21.200000000000014,10,58.0,56.0,56.0,54.0,58.0,57.0,0.0
2019-10-07,58.0,56.625,56.0,56.0,54.0,58.0,57.0,18.0,8,6.7,13.0,101,29.5,86,238.0,167.0,16.0,55.0,3.0,3.0,3.0,1.0,3.0,4.0,1335.0,7.197435354096591,1323.0,7.188412736496954,0.981627183447664,-0.1908089953765448,0.0,1.0,0.0,7.188412736496954,10.800000000000011,10,57.0,56.0,55.0,53.0,57.0,56.0,0.0
2019-10-08,57.0,56.0625,56.0,55.0,53.0,57.0,56.0,17.0,16,24.4,10.1,139,28.7,89,627.0,533.0,28.0,58.0,-1.0,0.0,-1.0,-1.0,-1.0,-1.0,1191.0,7.083387847625295,1009.0,6.917705609835305,0.6560590289905073,-0.754709580222772,0.0,1.0,0.0,6.917705609835305,32.900000000000006,10,60.0,59.0,58.0,55.0,57.0,60.0,0.0
2019-10-09,60.0,58.41666666666666,59.0,58.0,55.0,57.0,60.0,20.0,24,16.3,12.1,128,29.9,87,773.0,1038.0,24.0,57.0,3.0,3.0,3.0,2.0,0.0,4.0,1638.0,7.40184157874383,1738.0,7.461065514354283,0.788010753606722,-0.6156614753256583,0.0,1.0,0.0,7.461065514354283,47.400000000000006,10,67.0,62.0,66.0,64.0,60.0,67.0,0.0
2019-10-10,67.0,59.833333333333336,62.0,66.0,64.0,60.0,67.0,26.0,24,4.6,7.3,346,29.4,88,962.0,1318.0,32.0,60.0,7.0,3.0,8.0,9.0,3.0,7.0,2362.0,7.767687277186908,2889.0,7.969011781106478,-0.24192189559966787,0.9702957262759965,0.0,0.0,0.0,0.0,45.30000000000001,10,69.0,64.0,67.0,64.0,61.0,69.0,0.0
2019-10-11,69.0,67.875,64.0,67.0,64.0,61.0,69.0,28.0,8,1.9,12.8,90,30.2,86,1077.0,210.0,48.0,67.0,2.0,2.0,1.0,0.0,1.0,2.0,2812.0,7.9420068084898565,2566.0,7.8504931808711405,1.0,6.123233995736766e-17,0.0,1.0,0.0,7.8504931808711405,22.80000000000001,10,60.0,57.0,51.0,53.0,60.0,55.0,0.0
2019-10-12,60.0,58.8125,57.0,51.0,53.0,60.0,55.0,20.0,16,4.8,7.9,97,30.1,87,759.0,255.0,25.0,69.0,-9.0,-7.0,-16.0,-11.0,-1.0,-14.0,2798.0,7.937017489515454,1783.0,7.486613313139955,0.9925461516413221,-0.12186934340514737,0.0,1.0,0.0,7.486613313139955,11.30000000000001,10,67.0,62.0,56.0,57.0,67.0,61.0,0.0
2019-10-13,67.0,64.54166666666667,62.0,56.0,57.0,67.0,61.0,26.0,24,15.3,12.3,124,30.2,88,2961.0,633.0,15.0,60.0,7.0,5.0,5.0,4.0,7.0,6.0,4797.0,8.47595444339964,1098.0,7.002155954403621,0.8290375725550417,-0.5591929034707467,0.0,1.0,0.0,7.002155954403621,22.00000000000001,10,62.0,59.0,54.0,55.0,62.0,58.0,0.0
2019-10-14,62.0,57.333333333333336,59.0,54.0,55.0,62.0,58.0,22.0,24,4.4,12.6,70,30.8,86,4013.0,682.0,36.0,67.0,-5.0,-3.0,-2.0,-2.0,-5.0,-3.0,7733.0,8.953381472167242,1570.0,7.359467638255621,0.9396926207859083,0.3420201433256688,0.0,1.0,0.0,7.359467638255621,24.500000000000014,10,62.0,60.0,57.0,62.0,58.0,59.0,0.0
2019-10-15,62.0,60.625,60.0,57.0,62.0,58.0,59.0,22.0,24,5.8,11.2,55,29.9,87,1086.0,258.0,21.0,62.0,0.0,1.0,3.0,7.0,-4.0,1.0,8060.0,8.9947928972836,1573.0,7.3613754289773485,0.8191520442889918,0.573576436351046,0.0,0.0,0.0,0.0,25.50000000000001,10,61.0,60.0,57.0,61.0,59.0,59.0,0.0
2019-10-16,61.0,60.125,60.0,57.0,61.0,59.0,59.0,21.0,8,7.5,10.2,58,30.6,87,1089.0,211.0,27.0,62.0,-1.0,0.0,0.0,-1.0,1.0,0.0,6188.0,8.73052880173936,1151.0,7.049254841255837,0.8480480961564261,0.5299192642332049,0.0,0.0,0.0,0.0,17.70000000000001,10,55.0,52.0,49.0,51.0,54.0,55.0,0.0
2019-10-17,55.0,53.869565217391305,52.0,49.0,51.0,54.0,55.0,16.0,23,12.8,9.2,87,29.7,88,723.0,295.0,0.0,61.0,-6.0,-8.0,-8.0,-10.0,-5.0,-4.0,2898.0,7.972121128921655,764.0,6.639875833826536,0.9986295347545738,0.052335956242943966,0.0,1.0,0.0,6.639875833826536,26.10000000000001,10,60.0,58.0,60.0,59.0,55.0,60.0,0.0
2019-10-18,60.0,59.17391304347826,58.0,60.0,59.0,55.0,60.0,20.0,23,18.1,9.7,159,28.7,90,261.0,159.0,10.0,55.0,5.0,6.0,11.0,8.0,1.0,5.0,2073.0,7.637234388789473,665.0,6.501289670540389,0.3583679495453002,-0.9335804264972017,0.0,1.0,0.0,6.501289670540389,38.400000000000006,10,64.0,64.0,62.0,63.0,64.0,63.0,0.0
2019-10-19,64.0,62.375,64.0,62.0,63.0,64.0,63.0,24.0,16,7.7,12.9,92,29.6,88,710.0,149.0,11.0,60.0,4.0,6.0,2.0,4.0,9.0,3.0,1694.0,7.43543801981455,603.0,6.403574197934815,0.9993908270190958,-0.034899496702500955,0.0,1.0,0.0,6.403574197934815,38.60000000000001,10,67.0,65.0,65.0,67.0,65.0,66.0,0.0
2019-10-20,67.0,66.0,65.0,65.0,67.0,65.0,66.0,26.0,8,2.4,14.5,92,29.8,89,537.0,136.0,21.0,64.0,3.0,1.0,3.0,4.0,1.0,3.0,1508.0,7.319202458767849,444.0,6.09807428216624,0.9993908270190958,-0.034899496702500955,0.0,1.0,0.0,6.09807428216624,28.20000000000001,10,57.0,57.0,51.0,51.0,55.0,52.0,0.0
2019-10-21,57.0,56.142857142857146,57.0,51.0,51.0,55.0,52.0,18.0,14,17.6,13.3,121,29.3,90,629.0,467.0,8.0,67.0,-10.0,-8.0,-14.0,-16.0,-10.0,-14.0,1876.0,7.537430036586509,752.0,6.6240652277998935,0.8571673007021123,-0.5150380749100543,0.0,1.0,0.0,6.6240652277998935,27.70000000000001,10,57.0,57.0,53.0,51.0,52.0,57.0,0.0
2019-10-22,57.0,55.625,57.0,53.0,51.0,52.0,57.0,17.0,24,50.9,9.7,228,26.4,92,1414.0,801.0,2.0,57.0,0.0,0.0,2.0,0.0,-3.0,5.0,2580.0,7.855932199718614,1404.0,7.247792581767846,-0.7431448254773944,-0.6691306063588581,1.0,0.0,7.855932199718614,0.0,70.9,10,61.0,57.0,57.0,61.0,55.0,55.0,0.0
2019-10-23,61.0,56.16666666666666,57.0,57.0,61.0,55.0,55.0,21.0,24,7.0,10.5,175,29.8,85,2094.0,1070.0,2.0,57.0,4.0,0.0,4.0,10.0,3.0,-2.0,4137.0,8.327967858305488,2338.0,7.757478766584179,0.0871557427476582,-0.9961946980917455,0.0,0.0,0.0,0.0,75.5,10,66.0,62.0,61.0,66.0,65.0,62.0,0.0
2019-10-24,66.0,63.75,62.0,61.0,66.0,65.0,62.0,25.0,8,3.6,11.7,82,29.2,89,2263.0,1267.0,7.0,61.0,5.0,5.0,4.0,5.0,10.0,7.0,5771.0,8.660773919893762,3138.0,8.051659556841953,0.9902680687415704,0.13917310096006547,0.0,1.0,0.0,8.051659556841953,61.500000000000014,10,63.0,61.0,62.0,63.0,62.0,60.0,0.0
2019-10-25,63.0,59.25,61.0,62.0,63.0,62.0,60.0,22.0,16,28.6,9.6,42,29.8,89,945.0,304.0,13.0,66.0,-3.0,-1.0,1.0,-3.0,-3.0,-2.0,5302.0,8.57602797713713,2641.0,7.879291485082271,0.6691306063588582,0.7431448254773942,0.0,0.0,0.0,0.0,39.20000000000001,10,58.0,54.0,58.0,56.0,57.0,56.0,0.0
2019-10-26,58.0,57.5,54.0,58.0,56.0,57.0,56.0,18.0,8,58.4,7.4,328,29.4,88,379.0,52.0,12.0,63.0,-5.0,-7.0,-4.0,-7.0,-5.0,-4.0,3587.0,8.185350223178686,1623.0,7.392647520721623,-0.529919264233205,0.8480480961564258,0.0,0.0,0.0,0.0,90.60000000000001,10,56.0,55.0,52.0,56.0,36.0,55.0,0.0
2019-10-27,56.0,55.1875,55.0,52.0,56.0,36.0,55.0,17.0,16,39.7,10.0,331,28.2,90,749.0,218.0,3.0,58.0,-2.0,1.0,-6.0,0.0,-21.0,-1.0,2073.0,7.637234388789473,574.0,6.354370040797351,-0.4848096202463369,0.8746197071393959,0.0,0.0,0.0,0.0,126.70000000000002,10,56.0,54.0,53.0,56.0,35.0,55.0,0.0
2019-10-28,56.0,52.0,54.0,53.0,56.0,35.0,55.0,16.0,24,36.2,9.7,288,28.3,90,227.0,244.0,6.0,56.0,0.0,-1.0,1.0,0.0,-1.0,0.0,1355.0,7.212294468500341,514.0,6.244166900663736,-0.9510565162951536,0.30901699437494723,1.0,0.0,7.212294468500341,0.0,134.3,10,71.0,62.0,64.0,71.0,61.0,62.0,0.0
2019-10-29,71.0,60.458333333333336,62.0,64.0,71.0,61.0,62.0,30.0,24,9.0,9.7,248,29.6,89,443.0,566.0,5.0,56.0,15.0,8.0,11.0,15.0,26.0,7.0,1419.0,7.258412150595307,1028.0,6.9363427358340495,-0.9271838545667873,-0.3746065934159123,1.0,0.0,7.258412150595307,0.0,84.9,10,71.0,65.0,65.0,71.0,65.0,64.0,0.0
2019-10-30,71.0,70.5,65.0,65.0,71.0,65.0,64.0,30.0,8,3.7,11.0,276,29.6,89,558.0,578.0,13.0,71.0,0.0,3.0,1.0,0.0,4.0,2.0,1228.0,7.113956109566034,1388.0,7.236339342754344,-0.9945218953682734,0.10452846326765299,1.0,0.0,7.113956109566034,0.0,48.90000000000001,10,73.0,72.0,73.0,71.0,69.0,71.0,0.0
2019-10-31,73.0,70.375,72.0,73.0,71.0,69.0,71.0,31.0,16,10.2,12.3,252,28.7,89,200.0,16.0,2.0,71.0,2.0,7.0,8.0,0.0,4.0,7.0,1201.0,7.091742115095153,1160.0,7.057036981697891,-0.9510565162951535,-0.30901699437494756,1.0,0.0,7.091742115095153,0.0,22.900000000000006,10,73.0,73.0,73.0,73.0,69.0,72.0,0.0
2019-11-01,73.0,71.375,73.0,73.0,73.0,69.0,72.0,32.0,8,7.0,10.9,232,30.3,84,484.0,42.0,9.0,73.0,0.0,1.0,0.0,2.0,0.0,1.0,1242.0,7.1252830915107115,636.0,6.456769655572163,-0.7880107536067221,-0.6156614753256581,1.0,0.0,7.1252830915107115,0.0,20.900000000000006,11,75.0,74.0,75.0,71.0,73.0,73.0,0.0
2019-11-02,75.0,72.625,74.0,75.0,71.0,73.0,73.0,33.0,16,0.6,10.5,166,30.2,83,582.0,187.0,6.0,73.0,2.0,1.0,2.0,-2.0,4.0,1.0,1266.0,7.144407180321139,245.0,5.5053315359323625,0.24192189559966773,-0.9702957262759965,0.0,0.0,0.0,0.0,17.800000000000008,11,73.0,73.0,72.0,67.0,71.0,71.0,0.0
2019-11-03,73.0,71.0,73.0,72.0,67.0,71.0,71.0,32.0,8,14.6,11.7,234,29.6,85,316.0,377.0,13.0,75.0,-2.0,-1.0,-3.0,-4.0,-2.0,-2.0,1382.0,7.232010331664759,606.0,6.408528791059498,-0.8090169943749473,-0.5877852522924732,1.0,0.0,7.232010331664759,0.0,22.200000000000006,11,76.0,73.0,76.0,76.0,60.0,72.0,0.0
2019-11-04,76.0,68.69565217391305,73.0,76.0,76.0,60.0,72.0,35.0,23,5.0,9.9,346,30.8,86,346.0,688.0,8.0,73.0,3.0,0.0,4.0,9.0,-11.0,1.0,1244.0,7.126890808898808,1252.0,7.133295954896068,-0.24192189559966787,0.9702957262759965,0.0,0.0,0.0,0.0,20.200000000000006,11,88.0,80.0,85.0,88.0,80.0,76.0,0.0
2019-11-05,88.0,84.26086956521739,80.0,85.0,88.0,80.0,76.0,44.0,23,9.1,11.4,187,29.3,89,26.0,1334.0,1.0,76.0,12.0,7.0,9.0,12.0,20.0,4.0,688.0,6.535241271013659,2399.0,7.783224016336037,-0.12186934340514731,-0.9925461516413221,0.0,0.0,0.0,0.0,28.700000000000003,11,86.0,78.0,86.0,84.0,81.0,78.0,0.0
2019-11-06,86.0,78.26086956521739,78.0,86.0,84.0,81.0,78.0,43.0,23,14.2,12.0,177,29.1,90,572.0,977.0,8.0,88.0,-2.0,-2.0,1.0,-4.0,1.0,2.0,944.0,6.851184927493743,2999.0,8.006367567650246,0.05233595624294381,-0.9986295347545738,0.0,0.0,0.0,0.0,28.300000000000004,11,81.0,77.0,81.0,80.0,76.0,78.0,0.0
2019-11-07,81.0,77.8695652173913,77.0,81.0,80.0,76.0,78.0,39.0,23,1.1,9.2,158,29.9,87,1233.0,1088.0,17.0,86.0,-5.0,-1.0,-5.0,-4.0,-5.0,0.0,1831.0,7.513163545234075,3399.0,8.131530710604252,0.37460659341591224,-0.9271838545667873,0.0,1.0,0.0,8.131530710604252,24.400000000000006,11,79.0,76.0,79.0,79.0,76.0,75.0,0.0
2019-11-08,79.0,70.21052631578948,76.0,79.0,79.0,76.0,75.0,37.0,19,12.7,12.7,316,26.9,91,687.0,804.0,0.0,81.0,-2.0,-1.0,-2.0,-1.0,0.0,-3.0,2492.0,7.821242083523558,2869.0,7.962067308753666,-0.6946583704589976,0.7193398003386509,0.0,0.0,0.0,0.0,28.000000000000007,11,,,,,,,
2019-11-09,,,,,,,,,0,5.1,10.2,314,30.1,87,1215.0,793.0,13.0,79.0,,,,,,,3135.0,8.0507033814703,2685.0,7.895808377083183,-0.7193398003386511,0.6946583704589973,0.0,0.0,0.0,0.0,18.900000000000006,11,68.0,63.0,68.0,68.0,60.0,68.0,0.0
2019-11-10,68.0,65.33333333333333,63.0,68.0,68.0,60.0,68.0,27.0,12,0.9,9.8,310,29.8,85,1645.0,1370.0,8.0,,,,,,,,3547.0,8.17413934342947,2967.0,7.995643604287271,-0.7660444431189781,0.6427876096865393,0.0,0.0,0.0,0.0,18.700000000000003,11,68.0,61.0,62.0,68.0,53.0,59.0,0.0
2019-11-11,68.0,64.625,61.0,62.0,68.0,53.0,59.0,27.0,8,6.5,14.1,233,29.1,86,844.0,750.0,13.0,68.0,0.0,-2.0,-6.0,0.0,-7.0,-9.0,3704.0,8.217438537730187,2913.0,7.97728198675515,-0.7986355100472928,-0.6018150231520483,1.0,0.0,8.217438537730187,0.0,12.500000000000007,11,81.0,74.0,79.0,81.0,69.0,74.0,0.0
2019-11-12,81.0,73.375,74.0,79.0,81.0,69.0,74.0,39.0,16,9.7,11.2,252,30.1,88,486.0,192.0,8.0,68.0,13.0,13.0,17.0,13.0,16.0,15.0,2975.0,7.998335395952982,2312.0,7.746300662231439,-0.9510565162951535,-0.30901699437494756,1.0,0.0,7.998335395952982,0.0,17.10000000000001,11,95.0,87.0,92.0,95.0,81.0,84.0,0.0
2019-11-13,95.0,89.625,87.0,92.0,95.0,81.0,84.0,51.0,8,7.0,5.7,8,30.1,88,134.0,166.0,8.0,81.0,14.0,13.0,13.0,14.0,12.0,10.0,1464.0,7.289610521451167,1108.0,7.011213987350367,0.13917310096006544,0.9902680687415704,0.0,0.0,0.0,0.0,23.20000000000001,11,90.0,78.0,90.0,78.0,80.0,81.0,0.0
2019-11-14,90.0,75.0,78.0,90.0,78.0,80.0,81.0,47.0,16,21.6,14.3,42,27.6,92,58.0,181.0,3.0,95.0,-5.0,-9.0,-2.0,-17.0,-1.0,-3.0,678.0,6.520621127558696,539.0,6.29156913955832,0.6691306063588582,0.7431448254773942,0.0,0.0,0.0,0.0,38.30000000000001,11,61.0,56.0,61.0,57.0,59.0,59.0,0.0
2019-11-15,61.0,58.375,56.0,61.0,57.0,59.0,59.0,21.0,8,11.9,11.9,16,27.0,92,67.0,295.0,5.0,90.0,-29.0,-22.0,-29.0,-21.0,-21.0,-22.0,259.0,5.560681631015528,642.0,6.466144724237619,0.27563735581699916,0.9612616959383189,0.0,0.0,0.0,0.0,40.50000000000001,11,54.0,49.0,54.0,54.0,42.0,52.0,0.0
2019-11-16,54.0,52.21739130434783,49.0,54.0,54.0,42.0,52.0,15.0,23,5.1,8.2,36,29.5,89,167.0,460.0,8.0,61.0,-7.0,-7.0,-7.0,-3.0,-17.0,-7.0,292.0,5.680172609017068,936.0,6.842683282238422,0.5877852522924731,0.8090169943749475,0.0,0.0,0.0,0.0,38.60000000000001,11,57.0,55.0,57.0,56.0,56.0,57.0,0.0
2019-11-17,57.0,56.5,55.0,57.0,56.0,56.0,57.0,18.0,16,0.8,9.4,62,30.8,83,296.0,502.0,21.0,54.0,3.0,6.0,3.0,2.0,14.0,5.0,530.0,6.274762021241939,1257.0,7.1372784372603855,0.8829475928589269,0.46947156278589086,0.0,0.0,0.0,0.0,17.800000000000008,11,57.0,53.0,56.0,57.0,56.0,56.0,0.0
2019-11-18,57.0,56.208333333333336,53.0,56.0,57.0,56.0,56.0,17.0,24,8.3,11.9,29,29.9,88,79.0,266.0,13.0,57.0,0.0,-2.0,-1.0,1.0,0.0,-1.0,542.0,6.297109319933935,1228.0,7.113956109566034,0.48480962024633706,0.8746197071393957,0.0,0.0,0.0,0.0,14.200000000000008,11,57.0,54.0,55.0,57.0,55.0,53.0,0.0
2019-11-19,57.0,56.5,54.0,55.0,57.0,55.0,53.0,17.0,8,13.9,10.1,24,29.3,89,62.0,250.0,3.0,57.0,0.0,1.0,-1.0,0.0,-1.0,-3.0,437.0,6.082218910376446,1018.0,6.926577033222725,0.4067366430758002,0.9135454576426009,0.0,0.0,0.0,0.0,23.000000000000007,11,53.0,52.0,53.0,53.0,45.0,52.0,0.0
2019-11-20,53.0,52.43478260869565,52.0,53.0,53.0,45.0,52.0,14.0,23,15.2,14.8,30,27.6,92,75.0,208.0,3.0,57.0,-4.0,-2.0,-2.0,-4.0,-10.0,-1.0,216.0,5.37989735354046,724.0,6.586171654854675,0.49999999999999994,0.8660254037844387,0.0,0.0,0.0,0.0,37.400000000000006,11,53.0,43.0,52.0,53.0,36.0,51.0,0.0
2019-11-21,53.0,52.82608695652174,43.0,52.0,53.0,36.0,51.0,14.0,23,23.6,13.4,21,28.3,91,68.0,104.0,5.0,53.0,0.0,-9.0,-1.0,0.0,-9.0,-1.0,205.0,5.327876168789581,562.0,6.333279628139691,0.35836794954530027,0.9335804264972017,0.0,0.0,0.0,0.0,52.7,11,52.0,35.0,38.0,52.0,33.0,38.0,0.0
2019-11-22,52.0,38.65217391304348,35.0,38.0,52.0,33.0,38.0,13.0,23,31.9,11.2,28,29.2,92,29.0,162.0,11.0,53.0,-1.0,-8.0,-14.0,-1.0,-3.0,-13.0,172.0,5.153291594497779,474.0,6.163314804034641,0.4694715627858908,0.882947592858927,0.0,0.0,0.0,0.0,70.7,11,41.0,27.0,36.0,41.0,25.0,36.0,0.0
2019-11-23,41.0,38.25,27.0,36.0,41.0,25.0,36.0,10.0,12,13.2,12.6,8,27.4,92,34.0,145.0,10.0,52.0,-11.0,-8.0,-2.0,-11.0,-8.0,-2.0,131.0,4.882801922586371,411.0,6.021023349349527,0.13917310096006544,0.9902680687415704,0.0,0.0,0.0,0.0,68.7,11,38.0,29.0,27.0,38.0,25.0,28.0,0.0
2019-11-24,38.0,34.5,29.0,27.0,38.0,25.0,28.0,9.0,8,18.3,8.3,18,29.3,89,41.0,74.0,13.0,41.0,-3.0,2.0,-9.0,-3.0,0.0,-8.0,104.0,4.653960350157523,381.0,5.945420608606575,0.3090169943749474,0.9510565162951535,0.0,0.0,0.0,0.0,63.400000000000006,11,58.0,51.0,53.0,58.0,34.0,48.0,0.0
2019-11-25,58.0,53.0,51.0,53.0,58.0,34.0,48.0,18.0,23,12.9,11.5,10,29.8,91,167.0,101.0,5.0,38.0,20.0,22.0,26.0,20.0,9.0,20.0,242.0,5.493061443340548,320.0,5.771441123130016,0.17364817766693033,0.984807753012208,0.0,0.0,0.0,0.0,44.400000000000006,11,56.0,51.0,53.0,56.0,30.0,47.0,0.0
2019-11-26,56.0,46.34782608695652,51.0,53.0,56.0,30.0,47.0,16.0,23,6.9,12.0,23,29.5,90,94.0,145.0,17.0,58.0,-2.0,0.0,0.0,-2.0,-4.0,-1.0,302.0,5.713732805509369,320.0,5.771441123130016,0.39073112848927377,0.9205048534524404,0.0,0.0,0.0,0.0,38.10000000000001,11,44.0,38.0,38.0,44.0,26.0,44.0,0.0
2019-11-27,44.0,41.0625,38.0,38.0,44.0,26.0,44.0,11.0,16,16.5,11.2,31,29.4,90,162.0,181.0,18.0,56.0,-12.0,-13.0,-15.0,-12.0,-4.0,-3.0,423.0,6.049733455231958,427.0,6.059123195581797,0.5150380749100542,0.8571673007021123,0.0,0.0,0.0,0.0,36.300000000000004,11,46.0,40.0,42.0,44.0,29.0,46.0,0.0
2019-11-28,46.0,45.25,40.0,42.0,44.0,29.0,46.0,11.0,8,6.2,13.8,41,29.5,90,370.0,100.0,16.0,44.0,2.0,2.0,4.0,0.0,3.0,2.0,626.0,6.440946540632921,426.0,6.056784013228625,0.6560590289905073,0.754709580222772,0.0,0.0,0.0,0.0,29.600000000000005,11,46.0,40.0,43.0,46.0,29.0,33.0,0.0
2019-11-29,46.0,45.25,40.0,43.0,46.0,29.0,33.0,11.0,16,11.3,13.5,23,29.7,91,257.0,122.0,5.0,46.0,0.0,0.0,1.0,2.0,0.0,-13.0,789.0,6.672032945461067,403.0,6.0014148779611505,0.39073112848927377,0.9205048534524404,0.0,0.0,0.0,0.0,34.0,11,47.0,47.0,37.0,44.0,30.0,33.0,0.0
2019-11-30,47.0,42.208333333333336,47.0,37.0,44.0,30.0,33.0,11.0,24,7.6,9.5,24,29.5,90,166.0,51.0,2.0,46.0,1.0,7.0,-6.0,-2.0,1.0,0.0,793.0,6.677083461247136,273.0,5.6131281063880705,0.4067366430758002,0.9135454576426009,0.0,0.0,0.0,0.0,25.1,11,48.0,48.0,41.0,45.0,28.0,37.0,0.0
2019-12-01,48.0,46.625,48.0,41.0,45.0,28.0,37.0,11.0,8,78.4,9.4,3,29.1,90,112.0,37.0,3.0,47.0,1.0,1.0,4.0,1.0,-2.0,4.0,535.0,6.284134161070802,210.0,5.351858133476067,0.052335956242943835,0.9986295347545738,0.0,0.0,0.0,0.0,97.30000000000001,12,40.0,32.0,34.0,40.0,25.0,30.0,0.0
2019-12-02,40.0,36.4375,32.0,34.0,40.0,25.0,30.0,10.0,16,35.9,13.5,5,28.7,91,7.0,35.0,1.0,48.0,-8.0,-16.0,-7.0,-5.0,-3.0,-7.0,285.0,5.655991810819852,123.0,4.820281565605037,0.08715574274765817,0.9961946980917455,0.0,0.0,0.0,0.0,121.9,12,34.0,25.0,34.0,33.0,23.0,28.0,0.0
2019-12-03,34.0,32.375,25.0,34.0,33.0,23.0,28.0,8.0,8,1.0,17.0,21,28.3,83,9.0,64.0,21.0,40.0,-6.0,-7.0,0.0,-7.0,-2.0,-2.0,128.0,4.859812404361672,136.0,4.919980925828125,0.35836794954530027,0.9335804264972017,0.0,0.0,0.0,0.0,115.30000000000001,12,56.0,53.0,56.0,55.0,51.0,54.0,0.0
2019-12-04,56.0,53.391304347826086,53.0,56.0,55.0,51.0,54.0,16.0,23,0.1,23.1,19,29.5,80,9.0,16.0,13.0,34.0,22.0,28.0,22.0,22.0,28.0,26.0,25.0,3.258096538021482,115.0,4.7535901911063645,0.3255681544571567,0.9455185755993168,0.0,0.0,0.0,0.0,37.0,12,55.0,53.0,55.0,55.0,53.0,54.0,0.0
2019-12-05,55.0,55.0,53.0,55.0,55.0,53.0,54.0,16.0,16,0.0,20.1,26,29.5,80,8.0,61.0,10.0,56.0,-1.0,0.0,-1.0,0.0,2.0,0.0,26.0,3.295836866004329,141.0,4.955827057601261,0.4383711467890774,0.898794046299167,0.0,0.0,0.0,0.0,1.1,12,56.0,52.0,55.0,55.0,53.0,56.0,0.0
2019-12-06,56.0,55.04166666666666,52.0,55.0,55.0,53.0,56.0,16.0,24,2.9,19.8,17,29.6,81,23.0,23.0,7.0,55.0,1.0,-1.0,0.0,0.0,0.0,2.0,40.0,3.713572066704308,100.0,4.61512051684126,0.29237170472273677,0.9563047559630354,0.0,0.0,0.0,0.0,3.0,12,55.0,51.0,54.0,55.0,50.0,55.0,0.0
2019-12-07,55.0,54.5,51.0,54.0,55.0,50.0,55.0,16.0,24,0.3,26.7,24,28.4,79,2.0,63.0,6.0,56.0,-1.0,-1.0,-1.0,0.0,-3.0,-1.0,33.0,3.5263605246161616,147.0,4.997212273764115,0.4067366430758002,0.9135454576426009,0.0,0.0,0.0,0.0,3.1999999999999997,12,54.0,49.0,54.0,52.0,51.0,54.0,0.0
2019-12-08,54.0,51.833333333333336,49.0,54.0,52.0,51.0,54.0,15.0,24,6.5,18.0,29,26.9,90,12.0,25.0,8.0,55.0,-1.0,-2.0,0.0,-3.0,1.0,-1.0,37.0,3.6375861597263857,111.0,4.718498871295094,0.48480962024633706,0.8746197071393957,0.0,0.0,0.0,0.0,9.7,12,43.0,36.0,40.0,33.0,36.0,43.0,0.0
2019-12-09,43.0,32.041666666666664,36.0,40.0,33.0,36.0,43.0,10.0,24,16.4,19.1,38,26.2,92,38.0,29.0,6.0,54.0,-11.0,-13.0,-14.0,-19.0,-15.0,-11.0,52.0,3.970291913552122,117.0,4.770684624465665,0.6156614753256583,0.7880107536067219,0.0,0.0,0.0,0.0,23.199999999999996,12,36.0,27.0,36.0,35.0,20.0,26.0,0.0
2019-12-10,36.0,30.625,27.0,36.0,35.0,20.0,26.0,9.0,8,4.8,16.6,25,27.7,90,37.0,28.0,11.0,43.0,-7.0,-9.0,-4.0,2.0,-16.0,-17.0,87.0,4.477336814478207,82.0,4.418840607796598,0.42261826174069944,0.9063077870366499,0.0,0.0,0.0,0.0,27.699999999999996,12,52.0,45.0,44.0,51.0,36.0,52.0,0.0
2019-12-11,52.0,42.375,45.0,44.0,51.0,36.0,52.0,13.0,16,15.9,16.3,21,26.6,93,32.0,23.0,14.0,36.0,16.0,18.0,8.0,16.0,16.0,26.0,107.0,4.68213122712422,80.0,4.394449154672439,0.35836794954530027,0.9335804264972017,0.0,0.0,0.0,0.0,37.099999999999994,12,32.0,29.0,29.0,32.0,14.0,28.0,0.0
2019-12-12,32.0,30.125,29.0,29.0,32.0,14.0,28.0,8.0,8,7.6,21.2,22,29.0,85,29.0,24.0,25.0,52.0,-20.0,-16.0,-15.0,-19.0,-22.0,-24.0,98.0,4.59511985013459,75.0,4.330733340286331,0.374606593415912,0.9271838545667874,0.0,0.0,0.0,0.0,28.299999999999997,12,57.0,55.0,55.0,53.0,52.0,57.0,0.0
2019-12-13,57.0,54.65217391304348,55.0,55.0,53.0,52.0,57.0,17.0,23,21.5,18.3,13,28.2,87,17.0,26.0,6.0,32.0,25.0,26.0,26.0,21.0,38.0,29.0,78.0,4.3694478524670215,73.0,4.30406509320417,0.224951054343865,0.9743700647852352,0.0,0.0,0.0,0.0,45.0,12,34.0,30.0,31.0,34.0,28.0,33.0,0.0
2019-12-14,34.0,27.4375,30.0,31.0,34.0,28.0,33.0,8.0,16,27.3,18.0,35,27.3,91,47.0,45.0,6.0,57.0,-23.0,-25.0,-24.0,-19.0,-24.0,-24.0,93.0,4.543294782270004,95.0,4.564348191467836,0.573576436351046,0.8191520442889918,0.0,0.0,0.0,0.0,56.4,12,31.0,26.0,31.0,27.0,22.0,29.0,0.0
2019-12-15,31.0,29.5,26.0,31.0,27.0,22.0,29.0,7.0,8,20.5,9.3,42,28.3,92,21.0,29.0,0.0,34.0,-3.0,-4.0,0.0,-7.0,-6.0,-4.0,85.0,4.454347296253507,100.0,4.61512051684126,0.6691306063588582,0.7431448254773942,0.0,0.0,0.0,0.0,69.3,12,27.0,25.0,27.0,27.0,21.0,23.0,0.0
2019-12-16,27.0,26.33333333333333,25.0,27.0,27.0,21.0,23.0,7.0,6,17.9,14.7,8,28.0,91,10.0,27.0,2.0,31.0,-4.0,-1.0,-4.0,0.0,-1.0,-6.0,78.0,4.3694478524670215,101.0,4.624972813284271,0.13917310096006544,0.9902680687415704,0.0,0.0,0.0,0.0,65.69999999999999,12,,,,,,,
2019-12-17,,,,,,,,,0,36.2,9.9,12,27.1,94,6.0,21.0,6.0,27.0,,,,,,,37.0,3.6375861597263857,77.0,4.356708826689592,0.20791169081775934,0.9781476007338057,0.0,0.0,0.0,0.0,74.6,12,,,,,,,
2019-12-18,,,,,,,,,0,18.0,8.9,360,28.3,92,1.0,10.0,3.0,,,,,,,,17.0,2.8903717578961645,58.0,4.07753744390572,-2.4492935982947064e-16,1.0,0.0,0.0,0.0,0.0,72.1,12,46.0,30.0,38.0,46.0,24.0,40.0,0.0
2019-12-19,46.0,45.5,30.0,38.0,46.0,24.0,40.0,11.0,2,3.4,13.5,13,29.0,90,20.0,30.0,14.0,,,,,,,,27.0,3.332204510175204,61.0,4.127134385045092,0.224951054343865,0.9743700647852352,0.0,0.0,0.0,0.0,57.599999999999994,12,,,,,,,
2019-12-20,,,,,,,,,0,3.4,14.8,36,28.6,89,11.0,56.0,22.0,46.0,,,,,,,32.0,3.4965075614664802,96.0,4.574710978503383,0.5877852522924731,0.8090169943749475,0.0,0.0,0.0,0.0,24.799999999999994,12,44.0,32.0,44.0,35.0,36.0,41.0,0.0
2019-12-21,44.0,44.0,32.0,44.0,35.0,36.0,41.0,10.0,1,11.8,14.3,21,28.4,90,26.0,39.0,9.0,,,,,,,,57.0,4.060443010546419,125.0,4.836281906951478,0.35836794954530027,0.9335804264972017,0.0,0.0,0.0,0.0,18.599999999999994,12,,,,,,,
2019-12-22,,,,,,,,,0,5.8,17.7,354,28.2,90,11.0,12.0,32.0,44.0,,,,,,,48.0,3.8918202981106265,107.0,4.68213122712422,-0.10452846326765342,0.9945218953682733,0.0,0.0,0.0,0.0,20.999999999999993,12,42.0,36.0,40.0,41.0,37.0,42.0,0.0
2019-12-23,42.0,41.5,36.0,40.0,41.0,37.0,42.0,10.0,2,3.2,12.9,15,30.1,87,17.0,8.0,35.0,,,,,,,,54.0,4.007333185232471,59.0,4.0943445622221,0.25881904510252074,0.9659258262890683,0.0,0.0,0.0,0.0,20.799999999999997,12,45.0,33.0,44.0,39.0,45.0,45.0,0.0
2019-12-24,45.0,43.91666666666666,33.0,44.0,39.0,45.0,45.0,11.0,12,2.7,18.3,19,30.2,87,7.0,16.0,37.0,42.0,3.0,-3.0,4.0,-2.0,8.0,3.0,35.0,3.58351893845611,36.0,3.6109179126442243,0.3255681544571567,0.9455185755993168,0.0,0.0,0.0,0.0,11.699999999999996,12,49.0,41.0,46.0,43.0,42.0,49.0,0.0
2019-12-25,49.0,45.78260869565217,41.0,46.0,43.0,42.0,49.0,12.0,23,8.6,12.6,1,29.6,88,12.0,17.0,34.0,45.0,4.0,8.0,2.0,4.0,-3.0,4.0,36.0,3.6109179126442243,41.0,3.7376696182833684,0.01745240643728351,0.9998476951563913,0.0,0.0,0.0,0.0,14.499999999999993,12,51.0,45.0,49.0,43.0,46.0,51.0,0.0
2019-12-26,51.0,48.65217391304348,45.0,49.0,43.0,46.0,51.0,12.0,23,2.2,16.2,14,30.6,83,9.0,21.0,20.0,49.0,2.0,4.0,3.0,0.0,4.0,2.0,28.0,3.367295829986474,54.0,4.007333185232471,0.24192189559966773,0.9702957262759965,0.0,0.0,0.0,0.0,13.499999999999993,12,45.0,38.0,45.0,41.0,44.0,45.0,0.0
2019-12-27,45.0,44.22222222222222,38.0,45.0,41.0,44.0,45.0,11.0,18,0.8,16.6,21,30.2,82,9.0,31.0,23.0,51.0,-6.0,-7.0,-4.0,-2.0,-2.0,-6.0,30.0,3.4339872044851463,69.0,4.248495242049359,0.35836794954530027,0.9335804264972017,0.0,0.0,0.0,0.0,11.599999999999993,12,54.0,40.0,54.0,52.0,34.0,52.0,0.0
2019-12-28,54.0,53.4375,40.0,54.0,52.0,34.0,52.0,15.0,16,2.5,18.1,29,29.1,83,9.0,21.0,28.0,45.0,9.0,2.0,9.0,11.0,-10.0,7.0,27.0,3.332204510175204,73.0,4.30406509320417,0.48480962024633706,0.8746197071393957,0.0,0.0,0.0,0.0,5.499999999999993,12,54.0,40.0,54.0,52.0,47.0,52.0,0.0
2019-12-29,54.0,53.29166666666666,40.0,54.0,52.0,47.0,52.0,15.0,24,1.3,18.2,27,29.9,83,8.0,22.0,23.0,54.0,0.0,0.0,0.0,0.0,13.0,0.0,26.0,3.295836866004329,74.0,4.31748811353631,0.45399049973954675,0.8910065241883679,0.0,0.0,0.0,0.0,4.5999999999999925,12,53.0,41.0,53.0,50.0,46.0,52.0,0.0
2019-12-30,53.0,49.0,41.0,53.0,50.0,46.0,52.0,14.0,24,0.4,18.7,23,30.1,83,31.0,31.0,37.0,54.0,-1.0,1.0,-1.0,-2.0,-1.0,0.0,48.0,3.8918202981106265,74.0,4.31748811353631,0.39073112848927377,0.9205048534524404,0.0,0.0,0.0,0.0,4.199999999999993,12,44.0,36.0,42.0,44.0,32.0,42.0,0.0
2019-12-31,44.0,42.75,36.0,42.0,44.0,32.0,42.0,11.0,8,0.7,22.2,21,29.2,84,7.0,36.0,14.0,53.0,-9.0,-5.0,-11.0,-6.0,-14.0,-10.0,46.0,3.8501476017100584,89.0,4.499809670330265,0.35836794954530027,0.9335804264972017,0.0,0.0,0.0,0.0,2.399999999999993,12,40.0,38.0,36.0,40.0,32.0,39.0,0.0
2020-01-01,40.0,38.5,38.0,36.0,40.0,32.0,39.0,9.0,16,0.3,22.6,19,29.7,83,34.0,22.0,10.0,44.0,-4.0,2.0,-6.0,-4.0,0.0,-3.0,72.0,4.290459441148391,89.0,4.499809670330265,0.3255681544571567,0.9455185755993168,0.0,0.0,0.0,0.0,1.3999999999999928,1,45.0,37.0,42.0,45.0,32.0,43.0,0.0
2020-01-02,45.0,41.708333333333336,37.0,42.0,45.0,32.0,43.0,11.0,24,1.4,18.2,16,29.0,87,19.0,1.0,13.0,40.0,5.0,-1.0,6.0,5.0,0.0,4.0,60.0,4.110873864173311,59.0,4.0943445622221,0.27563735581699916,0.9612616959383189,0.0,0.0,0.0,0.0,2.399999999999993,1,47.0,43.0,47.0,47.0,44.0,46.0,0.0
2020-01-03,47.0,45.875,43.0,47.0,47.0,44.0,46.0,11.0,24,1.8,17.9,17,29.6,86,9.0,2.0,21.0,45.0,2.0,6.0,5.0,2.0,12.0,3.0,62.0,4.143134726391533,25.0,3.258096538021482,0.29237170472273677,0.9563047559630354,0.0,0.0,0.0,0.0,3.499999999999993,1,47.0,42.0,47.0,46.0,42.0,46.0,0.0
2020-01-04,47.0,45.29166666666666,42.0,47.0,46.0,42.0,46.0,11.0,24,1.0,22.7,19,29.5,83,31.0,9.0,36.0,47.0,0.0,-1.0,0.0,-1.0,-2.0,0.0,59.0,4.0943445622221,12.0,2.5649493574615367,0.3255681544571567,0.9455185755993168,0.0,0.0,0.0,0.0,4.199999999999993,1,48.0,44.0,47.0,45.0,42.0,48.0,0.0
2020-01-05,48.0,46.16666666666666,44.0,47.0,45.0,42.0,48.0,11.0,24,1.0,20.9,18,30.2,81,76.0,19.0,35.0,47.0,1.0,2.0,0.0,-1.0,0.0,2.0,116.0,4.762173934797756,30.0,3.4339872044851463,0.3090169943749474,0.9510565162951535,0.0,0.0,0.0,0.0,3.7999999999999927,1,51.0,51.0,44.0,49.0,40.0,43.0,0.0
2020-01-06,51.0,46.16666666666666,51.0,44.0,49.0,40.0,43.0,12.0,24,4.8,21.3,1,29.4,84,136.0,22.0,6.0,48.0,3.0,7.0,-3.0,4.0,-2.0,-5.0,243.0,5.497168225293202,50.0,3.9318256327243257,0.01745240643728351,0.9998476951563913,0.0,0.0,0.0,0.0,6.799999999999993,1,40.0,30.0,37.0,40.0,31.0,35.0,0.0
2020-01-07,40.0,31.291666666666668,30.0,37.0,40.0,31.0,35.0,10.0,24,19.0,22.2,7,28.4,88,94.0,3.0,24.0,51.0,-11.0,-21.0,-7.0,-9.0,-9.0,-8.0,306.0,5.726847747587197,44.0,3.8066624897703196,0.12186934340514748,0.992546151641322,0.0,0.0,0.0,0.0,24.799999999999994,1,38.0,32.0,31.0,34.0,34.0,38.0,0.0
2020-01-08,38.0,33.666666666666664,32.0,31.0,34.0,34.0,38.0,9.0,24,2.1,19.4,15,29.4,86,103.0,15.0,20.0,40.0,-2.0,2.0,-6.0,-6.0,3.0,3.0,333.0,5.811140992976701,40.0,3.713572066704308,0.25881904510252074,0.9659258262890683,0.0,0.0,0.0,0.0,25.899999999999995,1,48.0,38.0,45.0,43.0,34.0,48.0,0.0
2020-01-09,48.0,43.04166666666666,38.0,45.0,43.0,34.0,48.0,12.0,24,2.7,20.8,16,29.3,86,19.0,51.0,18.0,38.0,10.0,6.0,14.0,9.0,0.0,10.0,216.0,5.37989735354046,69.0,4.248495242049359,0.27563735581699916,0.9612616959383189,0.0,0.0,0.0,0.0,23.799999999999994,1,52.0,44.0,46.0,46.0,39.0,52.0,0.0
2020-01-10,52.0,49.375,44.0,46.0,46.0,39.0,52.0,13.0,24,5.5,14.6,354,30.3,85,0.0,16.0,1.0,48.0,4.0,6.0,1.0,3.0,5.0,4.0,122.0,4.812184355372417,82.0,4.418840607796598,-0.10452846326765342,0.9945218953682733,0.0,0.0,0.0,0.0,10.299999999999994,1,53.0,49.0,51.0,51.0,43.0,53.0,0.0
2020-01-11,53.0,51.958333333333336,49.0,51.0,51.0,43.0,53.0,14.0,24,4.2,10.9,342,30.2,87,3.0,0.0,7.0,52.0,1.0,5.0,5.0,5.0,4.0,1.0,22.0,3.1354942159291497,67.0,4.219507705176107,-0.3090169943749477,0.9510565162951535,0.0,0.0,0.0,0.0,12.399999999999995,1,56.0,52.0,54.0,53.0,52.0,56.0,0.0
2020-01-12,56.0,53.125,52.0,54.0,53.0,52.0,56.0,16.0,24,1.3,11.5,359,29.6,86,23.0,0.0,31.0,53.0,3.0,3.0,3.0,2.0,9.0,3.0,26.0,3.295836866004329,16.0,2.833213344056216,-0.01745240643728356,0.9998476951563913,0.0,0.0,0.0,0.0,10.999999999999993,1,57.0,52.0,55.0,55.0,55.0,57.0,0.0
2020-01-13,57.0,55.458333333333336,52.0,55.0,55.0,55.0,57.0,17.0,24,1.4,19.0,20,29.9,84,7.0,18.0,44.0,56.0,1.0,0.0,1.0,2.0,3.0,1.0,33.0,3.5263605246161616,18.0,2.9444389791664403,0.3420201433256687,0.9396926207859084,0.0,0.0,0.0,0.0,6.899999999999993,1,53.0,47.0,51.0,52.0,51.0,53.0,0.0
2020-01-14,53.0,51.0,47.0,51.0,52.0,51.0,53.0,14.0,24,0.0,19.7,22,30.5,81,46.0,16.0,40.0,57.0,-4.0,-5.0,-4.0,-3.0,-4.0,-4.0,76.0,4.343805421853684,34.0,3.5553480614894135,0.374606593415912,0.9271838545667874,0.0,0.0,0.0,0.0,2.699999999999993,1,50.0,42.0,50.0,48.0,50.0,49.0,0.0
2020-01-15,50.0,48.17391304347826,42.0,50.0,48.0,50.0,49.0,12.0,23,0.9,18.4,23,29.6,84,61.0,22.0,57.0,53.0,-3.0,-5.0,-1.0,-4.0,-1.0,-4.0,114.0,4.74493212836325,56.0,4.04305126783455,0.39073112848927377,0.9205048534524404,0.0,0.0,0.0,0.0,2.2999999999999927,1,64.0,57.0,62.0,62.0,56.0,64.0,0.0
2020-01-16,64.0,55.125,57.0,62.0,62.0,56.0,64.0,24.0,24,3.1,14.5,25,29.9,84,36.0,21.0,46.0,50.0,14.0,15.0,12.0,14.0,6.0,15.0,143.0,4.969813299576001,59.0,4.0943445622221,0.42261826174069944,0.9063077870366499,0.0,0.0,0.0,0.0,3.999999999999993,1,76.0,65.0,69.0,71.0,66.0,76.0,0.0
2020-01-17,76.0,72.25,65.0,69.0,71.0,66.0,76.0,34.0,24,1.1,16.1,20,30.6,81,66.0,21.0,45.0,64.0,12.0,8.0,7.0,9.0,10.0,12.0,163.0,5.099866427824199,64.0,4.174387269895637,0.3420201433256687,0.9396926207859084,0.0,0.0,0.0,0.0,5.0999999999999925,1,70.0,61.0,64.0,65.0,64.0,70.0,0.0
2020-01-18,70.0,60.29166666666666,61.0,64.0,65.0,64.0,70.0,29.0,24,2.6,15.9,22,29.8,86,104.0,29.0,36.0,76.0,-6.0,-4.0,-5.0,-6.0,-2.0,-6.0,206.0,5.332718793265369,71.0,4.276666119016055,0.374606593415912,0.9271838545667874,0.0,0.0,0.0,0.0,6.799999999999993,1,53.0,52.0,53.0,50.0,48.0,53.0,0.0
2020-01-19,53.0,49.79166666666666,52.0,53.0,50.0,48.0,53.0,14.0,24,5.1,16.9,40,30.1,86,54.0,51.0,28.0,70.0,-17.0,-9.0,-11.0,-15.0,-16.0,-17.0,224.0,5.41610040220442,101.0,4.624972813284271,0.6427876096865393,0.766044443118978,0.0,0.0,0.0,0.0,8.799999999999994,1,55.0,51.0,55.0,53.0,52.0,55.0,0.0
2020-01-20,55.0,53.5,51.0,55.0,53.0,52.0,55.0,16.0,24,14.3,14.9,33,29.4,89,13.0,68.0,13.0,53.0,2.0,-1.0,2.0,3.0,4.0,2.0,171.0,5.147494476813453,148.0,5.003946305945459,0.5446390350150271,0.838670567945424,0.0,0.0,0.0,0.0,21.999999999999993,1,53.0,44.0,53.0,47.0,50.0,53.0,0.0
2020-01-21,53.0,49.04166666666666,44.0,53.0,47.0,50.0,53.0,14.0,24,7.1,21.7,33,28.2,89,11.0,80.0,25.0,55.0,-2.0,-7.0,-2.0,-6.0,-2.0,-2.0,78.0,4.3694478524670215,199.0,5.298317366548036,0.5446390350150271,0.838670567945424,0.0,0.0,0.0,0.0,26.499999999999993,1,57.0,38.0,57.0,49.0,45.0,52.0,0.0
2020-01-22,57.0,55.375,38.0,57.0,49.0,45.0,52.0,18.0,24,0.0,20.5,29,30.4,83,43.0,86.0,36.0,53.0,4.0,-6.0,4.0,2.0,-5.0,-1.0,67.0,4.219507705176107,234.0,5.459585514144159,0.48480962024633706,0.8746197071393957,0.0,0.0,0.0,0.0,21.399999999999995,1,52.0,38.0,52.0,46.0,39.0,50.0,0.0
2020-01-23,52.0,48.5,38.0,52.0,46.0,39.0,50.0,13.0,24,3.0,16.1,23,30.2,86,53.0,129.0,57.0,57.0,-5.0,0.0,-5.0,-3.0,-6.0,-2.0,107.0,4.68213122712422,295.0,5.69035945432406,0.39073112848927377,0.9205048534524404,0.0,0.0,0.0,0.0,10.099999999999994,1,51.0,34.0,51.0,40.0,41.0,46.0,0.0
2020-01-24,51.0,45.66666666666666,34.0,51.0,40.0,41.0,46.0,12.0,24,1.0,21.7,22,30.6,80,52.0,48.0,79.0,52.0,-1.0,-4.0,-1.0,-6.0,2.0,-4.0,148.0,5.003946305945459,263.0,5.575949103146316,0.374606593415912,0.9271838545667874,0.0,0.0,0.0,0.0,3.9999999999999947,1,54.0,37.0,54.0,38.0,41.0,45.0,0.0
2020-01-25,54.0,52.333333333333336,37.0,54.0,38.0,41.0,45.0,15.0,24,0.0,15.6,30,31.4,78,73.0,80.0,75.0,51.0,3.0,3.0,3.0,-2.0,0.0,-1.0,178.0,5.187385805840755,257.0,5.552959584921617,0.49999999999999994,0.8660254037844387,0.0,0.0,0.0,0.0,3.9999999999999947,1,55.0,34.0,55.0,51.0,44.0,45.0,0.0
2020-01-26,55.0,53.875,34.0,55.0,51.0,44.0,45.0,15.0,24,0.3,12.6,23,31.8,80,22.0,41.0,19.0,54.0,1.0,-3.0,1.0,13.0,3.0,0.0,147.0,4.997212273764115,169.0,5.135798437050262,0.39073112848927377,0.9205048534524404,0.0,0.0,0.0,0.0,1.2999999999999947,1,55.0,33.0,55.0,49.0,42.0,45.0,0.0
2020-01-27,55.0,49.625,33.0,55.0,49.0,42.0,45.0,15.0,24,7.4,12.0,18,30.4,85,23.0,53.0,22.0,55.0,0.0,-1.0,0.0,-2.0,-2.0,0.0,118.0,4.77912349311153,174.0,5.1647859739235145,0.3090169943749474,0.9510565162951535,0.0,0.0,0.0,0.0,7.699999999999995,1,51.0,37.0,44.0,41.0,36.0,51.0,0.0
2020-01-28,51.0,47.458333333333336,37.0,44.0,41.0,36.0,51.0,12.0,24,6.4,12.8,38,30.7,86,27.0,56.0,48.0,55.0,-4.0,4.0,-11.0,-8.0,-6.0,6.0,72.0,4.290459441148391,150.0,5.017279836814924,0.6156614753256583,0.7880107536067219,0.0,0.0,0.0,0.0,14.099999999999994,1,52.0,39.0,41.0,38.0,40.0,52.0,0.0
2020-01-29,52.0,49.30434782608695,39.0,41.0,38.0,40.0,52.0,13.0,23,44.8,15.2,312,27.6,92,19.0,36.0,16.0,51.0,1.0,2.0,-3.0,-3.0,4.0,1.0,69.0,4.248495242049359,145.0,4.983606621708336,-0.7431448254773946,0.6691306063588578,0.0,0.0,0.0,0.0,58.599999999999994,1,37.0,28.0,34.0,31.0,30.0,37.0,0.0
2020-01-30,37.0,31.666666666666668,28.0,34.0,31.0,30.0,37.0,9.0,24,3.8,14.1,21,30.5,85,11.0,16.0,16.0,52.0,-15.0,-11.0,-7.0,-7.0,-10.0,-15.0,57.0,4.060443010546419,108.0,4.6913478822291435,0.35836794954530027,0.9335804264972017,0.0,0.0,0.0,0.0,54.99999999999999,1,52.0,33.0,39.0,36.0,36.0,52.0,0.0
2020-01-31,52.0,46.208333333333336,33.0,39.0,36.0,36.0,52.0,13.0,24,0.5,21.9,38,29.8,82,13.0,43.0,18.0,37.0,15.0,5.0,5.0,5.0,6.0,15.0,43.0,3.784189633918261,95.0,4.564348191467836,0.6156614753256583,0.7880107536067219,0.0,0.0,0.0,0.0,49.099999999999994,1,52.0,36.0,42.0,40.0,39.0,52.0,0.0
2020-02-01,52.0,49.34782608695652,36.0,42.0,40.0,39.0,52.0,13.0,23,1.2,24.1,42,29.8,83,39.0,45.0,25.0,52.0,0.0,3.0,3.0,4.0,3.0,0.0,63.0,4.1588830833596715,104.0,4.653960350157523,0.6691306063588582,0.7431448254773942,0.0,0.0,0.0,0.0,5.5,2,59.0,52.0,54.0,59.0,51.0,57.0,0.0
2020-02-02,59.0,54.458333333333336,52.0,54.0,59.0,51.0,57.0,19.0,24,0.8,26.2,31,29.0,83,31.0,58.0,30.0,52.0,7.0,16.0,12.0,19.0,12.0,5.0,83.0,4.430816798843313,146.0,4.990432586778736,0.5150380749100542,0.8571673007021123,0.0,0.0,0.0,0.0,2.5,2,61.0,52.0,54.0,61.0,52.0,56.0,0.0
2020-02-03,61.0,59.41666666666666,52.0,54.0,61.0,52.0,56.0,21.0,24,0.0,21.7,26,29.7,79,34.0,24.0,52.0,59.0,2.0,0.0,0.0,2.0,1.0,-1.0,104.0,4.653960350157523,127.0,4.852030263919617,0.4383711467890774,0.898794046299167,0.0,0.0,0.0,0.0,2.0,2,57.0,51.0,53.0,57.0,56.0,57.0,0.0
2020-02-04,57.0,56.625,51.0,53.0,57.0,56.0,57.0,17.0,24,0.3,15.5,24,29.8,80,55.0,26.0,61.0,61.0,-4.0,-1.0,-1.0,-4.0,4.0,1.0,120.0,4.795790545596741,108.0,4.6913478822291435,0.4067366430758002,0.9135454576426009,0.0,0.0,0.0,0.0,1.1,2,57.0,52.0,54.0,56.0,56.0,57.0,0.0
2020-02-05,57.0,54.625,52.0,54.0,56.0,56.0,57.0,17.0,24,1.0,16.1,22,30.1,81,64.0,43.0,47.0,57.0,0.0,1.0,1.0,-1.0,0.0,0.0,153.0,5.0369526024136295,93.0,4.543294782270004,0.374606593415912,0.9271838545667874,0.0,0.0,0.0,0.0,1.3,2,53.0,43.0,53.0,51.0,52.0,52.0,0.0
2020-02-06,53.0,49.66666666666666,43.0,53.0,51.0,52.0,52.0,14.0,24,1.2,19.8,28,29.5,81,17.0,59.0,35.0,57.0,-4.0,-9.0,-1.0,-5.0,-4.0,-5.0,136.0,4.919980925828125,128.0,4.859812404361672,0.4694715627858908,0.882947592858927,0.0,0.0,0.0,0.0,2.5,2,53.0,46.0,47.0,51.0,46.0,53.0,0.0
2020-02-07,53.0,49.583333333333336,46.0,47.0,51.0,46.0,53.0,14.0,24,0.7,22.7,24,29.9,78,53.0,60.0,62.0,53.0,0.0,3.0,-6.0,0.0,-6.0,1.0,134.0,4.90527477843843,162.0,5.093750200806762,0.4067366430758002,0.9135454576426009,0.0,0.0,0.0,0.0,2.9000000000000004,2,56.0,53.0,52.0,53.0,53.0,56.0,0.0
2020-02-08,56.0,55.208333333333336,53.0,52.0,53.0,53.0,56.0,17.0,24,0.0,14.2,9,31.0,76,9.0,21.0,69.0,53.0,3.0,7.0,5.0,2.0,7.0,3.0,79.0,4.382026634673881,140.0,4.948759890378168,0.15643446504023087,0.9876883405951378,0.0,0.0,0.0,0.0,1.9,2,55.0,52.0,49.0,52.0,52.0,55.0,0.0
2020-02-09,55.0,52.16666666666666,52.0,49.0,52.0,52.0,55.0,15.0,24,6.1,15.7,359,29.1,88,58.0,13.0,11.0,56.0,-1.0,-1.0,-3.0,-1.0,-1.0,-1.0,120.0,4.795790545596741,94.0,4.553876891600541,-0.01745240643728356,0.9998476951563913,0.0,0.0,0.0,0.0,6.8,2,44.0,36.0,34.0,38.0,33.0,44.0,0.0
2020-02-10,44.0,30.0,36.0,34.0,38.0,33.0,44.0,10.0,24,24.5,12.6,21,27.4,92,47.0,14.0,8.0,55.0,-11.0,-16.0,-15.0,-14.0,-19.0,-11.0,114.0,4.74493212836325,48.0,3.8918202981106265,0.35836794954530027,0.9335804264972017,0.0,0.0,0.0,0.0,30.6,2,42.0,33.0,34.0,37.0,29.0,42.0,0.0
2020-02-11,42.0,37.5,33.0,34.0,37.0,29.0,42.0,10.0,24,36.3,13.8,43,28.2,91,22.0,46.0,11.0,44.0,-2.0,-3.0,0.0,-1.0,-4.0,-2.0,127.0,4.852030263919617,73.0,4.30406509320417,0.6819983600624985,0.7313537016191705,0.0,0.0,0.0,0.0,66.9,2,41.0,34.0,36.0,39.0,36.0,41.0,0.0
2020-02-12,41.0,37.625,34.0,36.0,39.0,36.0,41.0,10.0,24,10.2,14.2,43,29.2,89,34.0,56.0,18.0,42.0,-1.0,1.0,2.0,2.0,7.0,-1.0,103.0,4.6443908991413725,116.0,4.762173934797756,0.6819983600624985,0.7313537016191705,0.0,0.0,0.0,0.0,71.0,2,53.0,40.0,45.0,40.0,43.0,53.0,0.0
2020-02-13,53.0,49.41666666666666,40.0,45.0,40.0,43.0,53.0,14.0,24,1.3,16.6,33,29.9,86,11.0,48.0,19.0,41.0,12.0,6.0,9.0,1.0,7.0,12.0,67.0,4.219507705176107,150.0,5.017279836814924,0.5446390350150271,0.838670567945424,0.0,0.0,0.0,0.0,47.8,2,58.0,41.0,46.0,43.0,48.0,58.0,0.0
2020-02-14,58.0,55.75,41.0,46.0,43.0,48.0,58.0,18.0,24,1.3,19.4,37,30.9,83,16.0,27.0,28.0,53.0,5.0,1.0,1.0,3.0,5.0,5.0,61.0,4.127134385045092,131.0,4.882801922586371,0.6018150231520483,0.7986355100472928,0.0,0.0,0.0,0.0,12.799999999999999,2,55.0,34.0,52.0,39.0,51.0,55.0,0.0
2020-02-15,55.0,50.66666666666666,34.0,52.0,39.0,51.0,55.0,15.0,24,2.0,10.5,357,31.1,84,11.0,9.0,29.0,58.0,-3.0,-7.0,6.0,-4.0,3.0,-3.0,38.0,3.6635616461296463,84.0,4.442651256490317,-0.05233595624294437,0.9986295347545738,0.0,0.0,0.0,0.0,4.6,2,56.0,37.0,53.0,51.0,56.0,56.0,0.0
2020-02-16,56.0,53.91666666666666,37.0,53.0,51.0,56.0,56.0,17.0,24,4.2,6.2,13,29.7,85,6.0,30.0,40.0,55.0,1.0,3.0,1.0,12.0,5.0,1.0,33.0,3.5263605246161616,66.0,4.204692619390966,0.224951054343865,0.9743700647852352,0.0,0.0,0.0,0.0,7.500000000000001,2,57.0,39.0,53.0,52.0,57.0,57.0,0.0
2020-02-17,57.0,54.91666666666666,39.0,53.0,52.0,57.0,57.0,18.0,24,0.2,17.3,24,31.4,80,16.0,50.0,27.0,56.0,1.0,2.0,0.0,1.0,1.0,1.0,33.0,3.5263605246161616,89.0,4.499809670330265,0.4067366430758002,0.9135454576426009,0.0,0.0,0.0,0.0,6.400000000000001,2,50.0,26.0,28.0,50.0,38.0,42.0,0.0
2020-02-18,50.0,41.41666666666666,26.0,28.0,50.0,38.0,42.0,12.0,24,6.2,14.6,35,27.1,90,10.0,35.0,10.0,57.0,-7.0,-13.0,-25.0,-2.0,-19.0,-15.0,32.0,3.4965075614664802,115.0,4.7535901911063645,0.573576436351046,0.8191520442889918,0.0,0.0,0.0,0.0,10.600000000000001,2,54.0,42.0,49.0,54.0,41.0,51.0,0.0
2020-02-19,54.0,46.125,42.0,49.0,54.0,41.0,51.0,14.0,24,1.0,20.2,21,29.9,84,8.0,59.0,33.0,50.0,4.0,16.0,21.0,4.0,3.0,9.0,34.0,3.5553480614894135,144.0,4.976733742420574,0.35836794954530027,0.9335804264972017,0.0,0.0,0.0,0.0,7.400000000000001,2,53.0,41.0,45.0,53.0,39.0,49.0,0.0
2020-02-20,53.0,51.833333333333336,41.0,45.0,53.0,39.0,49.0,14.0,24,2.5,26.4,22,29.5,84,36.0,57.0,35.0,54.0,-1.0,-1.0,-4.0,-1.0,-2.0,-2.0,54.0,4.007333185232471,151.0,5.0238805208462765,0.374606593415912,0.9271838545667874,0.0,0.0,0.0,0.0,9.700000000000001,2,52.0,40.0,42.0,52.0,41.0,49.0,0.0
2020-02-21,52.0,45.875,40.0,42.0,52.0,41.0,49.0,13.0,24,5.2,25.5,23,29.0,87,52.0,83.0,28.0,53.0,-1.0,-1.0,-3.0,-1.0,2.0,0.0,96.0,4.574710978503383,199.0,5.298317366548036,0.39073112848927377,0.9205048534524404,0.0,0.0,0.0,0.0,8.700000000000001,2,55.0,45.0,41.0,55.0,42.0,46.0,0.0
2020-02-22,55.0,52.22727272727273,45.0,41.0,55.0,42.0,46.0,16.0,22,1.0,26.4,25,29.4,84,101.0,119.0,17.0,52.0,3.0,5.0,-1.0,3.0,1.0,-3.0,189.0,5.247024072160486,259.0,5.560681631015528,0.42261826174069944,0.9063077870366499,0.0,0.0,0.0,0.0,8.700000000000001,2,56.0,41.0,47.0,56.0,45.0,48.0,0.0
2020-02-23,56.0,54.41666666666666,41.0,47.0,56.0,45.0,48.0,17.0,24,0.2,23.2,24,29.8,81,171.0,162.0,30.0,55.0,1.0,-4.0,6.0,1.0,3.0,2.0,324.0,5.783825182329737,364.0,5.8998973535824915,0.4067366430758002,0.9135454576426009,0.0,0.0,0.0,0.0,6.400000000000001,2,56.0,43.0,46.0,56.0,43.0,47.0,0.0
2020-02-24,56.0,53.833333333333336,43.0,46.0,56.0,43.0,47.0,17.0,24,3.7,25.0,26,28.7,84,180.0,136.0,38.0,56.0,0.0,2.0,-1.0,0.0,-2.0,-1.0,452.0,6.115892125483034,417.0,6.035481432524756,0.4383711467890774,0.898794046299167,0.0,0.0,0.0,0.0,4.900000000000001,2,53.0,44.0,52.0,53.0,51.0,53.0,0.0
2020-02-25,53.0,52.41666666666666,44.0,52.0,53.0,51.0,53.0,14.0,24,3.8,20.0,21,29.8,81,142.0,80.0,58.0,56.0,-3.0,1.0,6.0,-3.0,8.0,6.0,493.0,6.202535517187923,378.0,5.937536205082426,0.35836794954530027,0.9335804264972017,0.0,0.0,0.0,0.0,7.700000000000001,2,53.0,42.0,49.0,53.0,48.0,53.0,0.0
2020-02-26,53.0,51.79166666666666,42.0,49.0,53.0,48.0,53.0,14.0,24,0.2,20.7,23,31.4,81,244.0,24.0,51.0,53.0,0.0,-2.0,-3.0,0.0,-3.0,0.0,566.0,6.340359303727752,240.0,5.484796933490655,0.39073112848927377,0.9205048534524404,0.0,0.0,0.0,0.0,7.700000000000001,2,52.0,48.0,40.0,52.0,43.0,46.0,0.0
2020-02-27,52.0,47.79166666666666,48.0,40.0,52.0,43.0,46.0,13.0,24,0.0,19.5,31,30.8,80,207.0,42.0,55.0,53.0,-1.0,6.0,-9.0,-1.0,-5.0,-7.0,593.0,6.386879319362645,146.0,4.990432586778736,0.5150380749100542,0.8571673007021123,0.0,0.0,0.0,0.0,4.000000000000001,2,54.0,47.0,45.0,48.0,39.0,54.0,0.0
2020-02-28,54.0,48.75,47.0,45.0,48.0,39.0,54.0,14.0,24,0.7,19.5,29,30.5,80,223.0,17.0,66.0,52.0,2.0,-1.0,5.0,-4.0,-4.0,8.0,674.0,6.51471269087253,83.0,4.430816798843313,0.48480962024633706,0.8746197071393957,0.0,0.0,0.0,0.0,0.9000000000000008,2,54.0,39.0,53.0,51.0,44.0,54.0,0.0
2020-02-29,54.0,52.833333333333336,39.0,53.0,51.0,44.0,54.0,15.0,24,0.0,18.4,28,31.1,77,141.0,94.0,117.0,54.0,0.0,-8.0,8.0,3.0,5.0,0.0,571.0,6.349138991379798,153.0,5.0369526024136295,0.4694715627858908,0.882947592858927,0.0,0.0,0.0,0.0,0.7000000000000008,2,53.0,44.0,52.0,53.0,51.0,53.0,0.0
2020-03-01,53.0,52.125,44.0,52.0,53.0,51.0,53.0,14.0,24,0.0,18.7,23,33.2,77,204.0,73.0,73.0,54.0,-1.0,5.0,-1.0,2.0,7.0,-1.0,568.0,6.343880434126331,184.0,5.220355825078324,0.39073112848927377,0.9205048534524404,0.0,0.0,0.0,0.0,0.7000000000000008,3,51.0,34.0,42.0,51.0,42.0,45.0,0.0
2020-03-02,51.0,40.91666666666666,34.0,42.0,51.0,42.0,45.0,12.0,24,0.2,18.5,27,32.2,78,423.0,45.0,66.0,53.0,-2.0,-10.0,-10.0,-2.0,-9.0,-8.0,768.0,6.645090969505644,212.0,5.3612921657094255,0.45399049973954675,0.8910065241883679,0.0,0.0,0.0,0.0,0.2000000000000009,3,45.0,35.0,39.0,45.0,37.0,41.0,0.0
2020-03-03,45.0,42.625,35.0,39.0,45.0,37.0,41.0,11.0,24,1.0,20.3,30,31.5,81,297.0,42.0,56.0,51.0,-6.0,1.0,-3.0,-6.0,-5.0,-4.0,924.0,6.829793737512425,160.0,5.081404364984463,0.49999999999999994,0.8660254037844387,0.0,0.0,0.0,0.0,1.2000000000000008,3,52.0,32.0,39.0,46.0,37.0,52.0,0.0
2020-03-04,52.0,48.388888888888886,32.0,39.0,46.0,37.0,52.0,13.0,18,1.1,15.3,32,31.6,81,100.0,4.0,39.0,45.0,7.0,-3.0,0.0,1.0,0.0,11.0,820.0,6.710523109452428,91.0,4.5217885770490405,0.5299192642332049,0.848048096156426,0.0,0.0,0.0,0.0,2.3000000000000007,3,54.0,47.0,52.0,52.0,48.0,54.0,0.0
2020-03-05,54.0,52.63636363636363,47.0,52.0,52.0,48.0,54.0,15.0,11,5.6,12.5,61,29.4,86,0.0,12.0,26.0,52.0,2.0,15.0,13.0,6.0,11.0,2.0,397.0,5.986452005284438,58.0,4.07753744390572,0.8746197071393957,0.4848096202463371,0.0,0.0,0.0,0.0,7.7,3,57.0,49.0,53.0,53.0,52.0,57.0,0.0
2020-03-06,57.0,56.208333333333336,49.0,53.0,53.0,52.0,57.0,17.0,24,9.4,11.0,18,30.4,88,29.0,8.0,0.0,54.0,3.0,2.0,1.0,1.0,4.0,3.0,129.0,4.867534450455582,24.0,3.2188758248682006,0.3090169943749474,0.9510565162951535,0.0,0.0,0.0,0.0,16.1,3,54.0,41.0,52.0,52.0,51.0,54.0,0.0
2020-03-07,54.0,44.75,41.0,52.0,52.0,51.0,54.0,14.0,24,9.6,14.2,16,30.6,87,29.0,20.0,36.0,57.0,-3.0,-8.0,-1.0,-1.0,-1.0,-3.0,58.0,4.07753744390572,40.0,3.713572066704308,0.27563735581699916,0.9612616959383189,0.0,0.0,0.0,0.0,24.6,3,52.0,47.0,52.0,51.0,46.0,52.0,0.0
2020-03-08,52.0,47.875,47.0,52.0,51.0,46.0,52.0,13.0,24,11.2,13.9,359,30.9,88,46.0,36.0,70.0,54.0,-2.0,6.0,0.0,-1.0,-5.0,-2.0,104.0,4.653960350157523,64.0,4.174387269895637,-0.01745240643728356,0.9998476951563913,0.0,0.0,0.0,0.0,30.199999999999996,3,61.0,57.0,58.0,60.0,61.0,61.0,0.0
2020-03-09,61.0,55.833333333333336,57.0,58.0,60.0,61.0,61.0,21.0,24,5.9,7.1,2,30.8,86,53.0,46.0,68.0,52.0,9.0,10.0,6.0,9.0,15.0,9.0,128.0,4.859812404361672,102.0,4.634728988229636,0.03489949670250097,0.9993908270190958,0.0,0.0,0.0,0.0,26.7,3,63.0,60.0,58.0,60.0,63.0,62.0,0.0
2020-03-10,63.0,62.458333333333336,60.0,58.0,60.0,63.0,62.0,23.0,24,2.0,13.2,53,31.3,86,133.0,62.0,78.0,61.0,2.0,3.0,0.0,0.0,2.0,1.0,232.0,5.4510384535657,144.0,4.976733742420574,0.7986355100472928,0.6018150231520484,0.0,0.0,0.0,0.0,19.1,3,64.0,56.0,57.0,57.0,62.0,64.0,0.0
2020-03-11,64.0,62.04166666666666,56.0,57.0,57.0,62.0,64.0,24.0,24,2.2,13.9,16,32.1,86,140.0,85.0,90.0,63.0,1.0,-4.0,-1.0,-3.0,-1.0,2.0,326.0,5.7899601708972535,193.0,5.267858159063328,0.27563735581699916,0.9612616959383189,0.0,0.0,0.0,0.0,10.100000000000001,3,64.0,56.0,59.0,61.0,58.0,64.0,0.0
2020-03-12,64.0,62.083333333333336,56.0,59.0,61.0,58.0,64.0,23.0,24,4.2,16.4,21,31.2,82,62.0,51.0,65.0,64.0,0.0,0.0,2.0,4.0,-4.0,0.0,335.0,5.817111159963204,198.0,5.293304824724492,0.35836794954530027,0.9335804264972017,0.0,0.0,0.0,0.0,8.4,3,59.0,54.0,55.0,59.0,57.0,58.0,0.0
2020-03-13,59.0,53.958333333333336,54.0,55.0,59.0,57.0,58.0,19.0,24,0.9,15.3,24,31.5,83,91.0,50.0,66.0,64.0,-5.0,-2.0,-4.0,-2.0,-1.0,-6.0,293.0,5.683579767338681,186.0,5.231108616854587,0.4067366430758002,0.9135454576426009,0.0,0.0,0.0,0.0,7.300000000000001,3,52.0,32.0,42.0,43.0,41.0,52.0,0.0
2020-03-14,52.0,49.583333333333336,32.0,42.0,43.0,41.0,52.0,13.0,24,0.3,16.6,54,31.0,82,127.0,93.0,32.0,59.0,-7.0,-22.0,-13.0,-16.0,-16.0,-6.0,280.0,5.638354669333745,194.0,5.272999558563747,0.8090169943749475,0.5877852522924731,0.0,0.0,0.0,0.0,5.4,3,55.0,34.0,39.0,39.0,49.0,55.0,0.0
2020-03-15,55.0,52.833333333333336,34.0,39.0,39.0,49.0,55.0,15.0,24,0.8,18.7,52,32.1,80,132.0,154.0,50.0,52.0,3.0,2.0,-3.0,-4.0,8.0,3.0,350.0,5.860786223465865,297.0,5.697093486505405,0.788010753606722,0.6156614753256583,0.0,0.0,0.0,0.0,2.0,3,53.0,31.0,38.0,39.0,37.0,53.0,0.0
2020-03-16,53.0,41.04166666666666,31.0,38.0,39.0,37.0,53.0,14.0,24,2.8,17.4,42,30.7,80,207.0,155.0,118.0,55.0,-2.0,-3.0,-1.0,0.0,-12.0,-2.0,466.0,6.1463292576688975,402.0,5.998936561946683,0.6691306063588582,0.7431448254773942,0.0,0.0,0.0,0.0,3.9,3,53.0,35.0,51.0,48.0,50.0,53.0,0.0
2020-03-17,53.0,50.29166666666666,35.0,51.0,48.0,50.0,53.0,14.0,24,0.0,22.5,34,31.9,73,146.0,139.0,35.0,53.0,0.0,4.0,13.0,9.0,13.0,0.0,485.0,6.186208623900494,448.0,6.1070228877422545,0.5591929034707469,0.8290375725550417,0.0,0.0,0.0,0.0,3.5999999999999996,3,54.0,47.0,54.0,52.0,53.0,54.0,0.0
2020-03-18,54.0,53.5,47.0,54.0,52.0,53.0,54.0,15.0,24,2.6,17.0,23,32.2,78,183.0,134.0,94.0,53.0,1.0,12.0,3.0,4.0,3.0,1.0,536.0,6.285998094508865,428.0,6.061456918928017,0.39073112848927377,0.9205048534524404,0.0,0.0,0.0,0.0,5.4,3,55.0,45.0,53.0,51.0,55.0,54.0,0.0
2020-03-19,55.0,53.375,45.0,53.0,51.0,55.0,54.0,15.0,24,1.9,16.7,10,32.2,79,112.0,102.0,90.0,54.0,1.0,-2.0,-1.0,-1.0,2.0,0.0,441.0,6.091309882077698,375.0,5.929589143389895,0.17364817766693033,0.984807753012208,0.0,0.0,0.0,0.0,4.5,3,56.0,38.0,51.0,41.0,54.0,56.0,0.0
2020-03-20,56.0,54.625,38.0,51.0,41.0,54.0,56.0,16.0,24,1.3,12.5,54,31.2,80,77.0,36.0,58.0,55.0,1.0,-7.0,-2.0,-10.0,-1.0,2.0,372.0,5.921578419643816,272.0,5.60947179518496,0.8090169943749475,0.5877852522924731,0.0,0.0,0.0,0.0,5.8,3,54.0,38.0,45.0,44.0,53.0,54.0,0.0
2020-03-21,54.0,52.588235294117645,38.0,45.0,44.0,53.0,54.0,15.0,17,18.5,12.6,67,30.7,84,12.0,66.0,46.0,56.0,-2.0,0.0,-6.0,3.0,-1.0,-2.0,201.0,5.308267697401205,204.0,5.3230099791384085,0.9205048534524404,0.3907311284892737,0.0,0.0,0.0,0.0,21.7,3,54.0,39.0,45.0,50.0,49.0,54.0,0.0
2020-03-22,54.0,52.391304347826086,39.0,45.0,50.0,49.0,54.0,15.0,23,12.7,9.4,22,30.3,89,56.0,55.0,21.0,54.0,0.0,1.0,0.0,6.0,-4.0,0.0,145.0,4.983606621708336,157.0,5.062595033026967,0.374606593415912,0.9271838545667874,0.0,0.0,0.0,0.0,32.5,3,55.0,42.0,55.0,51.0,40.0,53.0,0.0
2020-03-23,55.0,52.958333333333336,42.0,55.0,51.0,40.0,53.0,15.0,24,24.6,10.1,48,29.9,90,12.0,49.0,22.0,54.0,1.0,3.0,10.0,1.0,-9.0,-1.0,80.0,4.394449154672439,170.0,5.14166355650266,0.7431448254773942,0.6691306063588582,0.0,0.0,0.0,0.0,55.8,3,53.0,44.0,52.0,46.0,53.0,52.0,0.0
2020-03-24,53.0,51.583333333333336,44.0,52.0,46.0,53.0,52.0,14.0,24,2.2,16.3,37,30.6,85,30.0,47.0,33.0,55.0,-2.0,2.0,-3.0,-5.0,13.0,-1.0,98.0,4.59511985013459,151.0,5.0238805208462765,0.6018150231520483,0.7986355100472928,0.0,0.0,0.0,0.0,39.5,3,54.0,43.0,46.0,48.0,52.0,54.0,0.0
2020-03-25,54.0,51.958333333333336,43.0,46.0,48.0,52.0,54.0,14.0,24,1.5,12.3,61,30.6,84,60.0,59.0,58.0,53.0,1.0,-1.0,-6.0,2.0,-1.0,2.0,102.0,4.634728988229636,155.0,5.049856007249537,0.8746197071393957,0.4848096202463371,0.0,0.0,0.0,0.0,28.3,3,56.0,49.0,47.0,49.0,52.0,56.0,0.0
2020-03-26,56.0,55.29166666666666,49.0,47.0,49.0,52.0,56.0,17.0,24,3.4,14.0,45,30.7,86,43.0,43.0,47.0,54.0,2.0,6.0,1.0,1.0,0.0,2.0,133.0,4.897839799950911,149.0,5.0106352940962555,0.7071067811865476,0.7071067811865476,0.0,0.0,0.0,0.0,7.1,3,53.0,48.0,40.0,51.0,38.0,53.0,0.0
2020-03-27,53.0,47.95454545454545,48.0,40.0,51.0,38.0,53.0,14.0,22,3.1,13.3,23,30.9,86,29.0,53.0,74.0,56.0,-3.0,-1.0,-7.0,2.0,-14.0,-3.0,132.0,4.890349128221754,155.0,5.049856007249537,0.39073112848927377,0.9205048534524404,0.0,0.0,0.0,0.0,8.0,3,54.0,48.0,40.0,51.0,52.0,54.0,0.0
2020-03-28,54.0,53.1764705882353,48.0,40.0,51.0,52.0,54.0,15.0,17,3.2,11.1,21,30.4,84,22.0,21.0,41.0,53.0,1.0,0.0,0.0,0.0,14.0,1.0,94.0,4.553876891600541,117.0,4.770684624465665,0.35836794954530027,0.9335804264972017,0.0,0.0,0.0,0.0,9.7,3,55.0,50.0,39.0,52.0,51.0,55.0,0.0
2020-03-29,55.0,54.375,50.0,39.0,52.0,51.0,55.0,16.0,24,0.3,14.5,30,32.3,81,58.0,49.0,83.0,54.0,1.0,2.0,-1.0,1.0,-1.0,1.0,109.0,4.700480365792417,123.0,4.820281565605037,0.49999999999999994,0.8660254037844387,0.0,0.0,0.0,0.0,6.6,3,56.0,52.0,39.0,52.0,49.0,56.0,0.0
2020-03-30,56.0,54.41666666666666,52.0,39.0,52.0,49.0,56.0,17.0,24,2.3,10.6,348,30.3,84,50.0,31.0,95.0,55.0,1.0,2.0,0.0,0.0,-2.0,1.0,130.0,4.875197323201151,101.0,4.624972813284271,-0.20791169081775987,0.9781476007338056,0.0,0.0,0.0,0.0,5.8,3,57.0,53.0,42.0,52.0,51.0,57.0,0.0
2020-03-31,57.0,55.79166666666666,53.0,42.0,52.0,51.0,57.0,17.0,24,2.5,10.0,20,30.9,81,46.0,27.0,95.0,56.0,1.0,1.0,3.0,0.0,2.0,1.0,154.0,5.043425116919247,107.0,4.68213122712422,0.3420201433256687,0.9396926207859084,0.0,0.0,0.0,0.0,5.1,3,57.0,54.0,48.0,53.0,53.0,57.0,0.0
2020-04-01,57.0,56.208333333333336,54.0,48.0,53.0,53.0,57.0,17.0,24,0.9,10.3,58,31.7,81,59.0,33.0,112.0,57.0,0.0,1.0,6.0,1.0,2.0,0.0,155.0,5.049856007249537,91.0,4.5217885770490405,0.8480480961564261,0.5299192642332049,0.0,0.0,0.0,0.0,5.7,4,55.0,52.0,50.0,52.0,52.0,55.0,0.0
2020-04-02,55.0,51.91666666666666,52.0,50.0,52.0,52.0,55.0,15.0,24,23.5,8.0,20,31.1,88,24.0,52.0,27.0,57.0,-2.0,-2.0,2.0,-1.0,-1.0,-2.0,129.0,4.867534450455582,112.0,4.727387818712341,0.3420201433256687,0.9396926207859084,0.0,0.0,0.0,0.0,26.9,4,53.0,52.0,52.0,52.0,49.0,53.0,0.0
2020-04-03,53.0,52.375,52.0,52.0,52.0,49.0,53.0,14.0,24,21.5,11.3,29,30.7,85,43.0,85.0,34.0,55.0,-2.0,0.0,2.0,0.0,-3.0,-2.0,126.0,4.844187086458591,170.0,5.14166355650266,0.48480962024633706,0.8746197071393957,0.0,0.0,0.0,0.0,45.9,4,54.0,47.0,45.0,49.0,54.0,53.0,0.0
2020-04-04,54.0,51.8125,47.0,45.0,49.0,54.0,53.0,15.0,16,7.5,13.6,39,30.9,86,29.0,119.0,47.0,53.0,1.0,-5.0,-7.0,-3.0,5.0,0.0,96.0,4.574710978503383,256.0,5.54907608489522,0.6293203910498374,0.7771459614569709,0.0,0.0,0.0,0.0,52.5,4,53.0,45.0,49.0,49.0,53.0,53.0,0.0
2020-04-05,53.0,51.958333333333336,45.0,49.0,49.0,53.0,53.0,14.0,24,9.3,11.0,21,31.4,86,9.0,75.0,5.0,54.0,-1.0,-2.0,4.0,0.0,-1.0,0.0,81.0,4.406719247264253,279.0,5.634789603169249,0.35836794954530027,0.9335804264972017,0.0,0.0,0.0,0.0,38.3,4,56.0,53.0,54.0,52.0,52.0,56.0,0.0
2020-04-06,56.0,54.125,53.0,54.0,52.0,52.0,56.0,17.0,24,19.7,7.9,19,28.5,90,9.0,107.0,6.0,53.0,3.0,8.0,5.0,3.0,-1.0,3.0,47.0,3.871201010907891,301.0,5.71042701737487,0.3255681544571567,0.9455185755993168,0.0,0.0,0.0,0.0,36.5,4,54.0,53.0,53.0,49.0,47.0,54.0,0.0
2020-04-07,54.0,44.458333333333336,53.0,53.0,49.0,47.0,54.0,15.0,24,19.9,6.5,48,28.5,89,12.0,12.0,8.0,56.0,-2.0,0.0,-1.0,-3.0,-5.0,-2.0,30.0,3.4339872044851463,194.0,5.272999558563747,0.7431448254773942,0.6691306063588582,0.0,0.0,0.0,0.0,48.9,4,55.0,44.0,39.0,41.0,55.0,52.0,0.0
2020-04-08,55.0,52.25,44.0,39.0,41.0,55.0,52.0,16.0,24,53.0,10.8,12,31.2,89,9.0,25.0,38.0,54.0,1.0,-9.0,-14.0,-8.0,8.0,-2.0,30.0,3.4339872044851463,144.0,4.976733742420574,0.20791169081775934,0.9781476007338057,0.0,0.0,0.0,0.0,92.6,4,54.0,48.0,52.0,53.0,54.0,52.0,0.0
2020-04-09,54.0,52.91666666666666,48.0,52.0,53.0,54.0,52.0,15.0,24,0.4,12.7,54,30.8,84,16.0,55.0,40.0,55.0,-1.0,4.0,13.0,12.0,-1.0,0.0,37.0,3.6375861597263857,92.0,4.532599493153256,0.8090169943749475,0.5877852522924731,0.0,0.0,0.0,0.0,73.30000000000001,4,52.0,51.0,49.0,52.0,51.0,52.0,0.0
2020-04-10,52.0,50.54166666666666,51.0,49.0,52.0,51.0,52.0,13.0,24,0.2,12.0,56,31.0,81,69.0,45.0,30.0,54.0,-2.0,3.0,-3.0,-1.0,-3.0,0.0,94.0,4.553876891600541,125.0,4.836281906951478,0.8290375725550417,0.5591929034707468,0.0,0.0,0.0,0.0,53.6,4,57.0,52.0,47.0,52.0,52.0,57.0,0.0
2020-04-11,57.0,54.875,52.0,47.0,52.0,52.0,57.0,17.0,24,6.7,11.4,58,29.7,84,68.0,46.0,54.0,52.0,5.0,1.0,-2.0,0.0,1.0,5.0,153.0,5.0369526024136295,146.0,4.990432586778736,0.8480480961564261,0.5299192642332049,0.0,0.0,0.0,0.0,7.3,4,55.0,51.0,43.0,44.0,44.0,55.0,0.0
2020-04-12,55.0,50.5,51.0,43.0,44.0,44.0,55.0,16.0,24,8.4,11.2,57,31.0,86,28.0,77.0,117.0,57.0,-2.0,-1.0,-4.0,-8.0,-8.0,-2.0,165.0,5.111987788356544,168.0,5.1298987149230735,0.838670567945424,0.5446390350150271,0.0,0.0,0.0,0.0,15.3,4,53.0,48.0,45.0,50.0,44.0,53.0,0.0
2020-04-13,53.0,50.41666666666666,48.0,45.0,50.0,44.0,53.0,14.0,24,13.8,11.0,41,30.8,89,29.0,59.0,22.0,55.0,-2.0,-3.0,2.0,6.0,0.0,-2.0,125.0,4.836281906951478,182.0,5.209486152841421,0.6560590289905073,0.754709580222772,0.0,0.0,0.0,0.0,28.9,4,56.0,51.0,45.0,51.0,49.0,56.0,0.0
2020-04-14,56.0,54.958333333333336,51.0,45.0,51.0,49.0,56.0,17.0,24,1.0,15.1,34,30.5,83,17.0,142.0,38.0,53.0,3.0,3.0,0.0,1.0,5.0,3.0,74.0,4.31748811353631,278.0,5.631211781821365,0.5591929034707469,0.8290375725550417,0.0,0.0,0.0,0.0,23.200000000000003,4,57.0,53.0,51.0,53.0,53.0,57.0,0.0
2020-04-15,57.0,56.1,53.0,51.0,53.0,53.0,57.0,18.0,20,0.5,15.8,39,30.1,83,47.0,139.0,34.0,56.0,1.0,2.0,6.0,2.0,4.0,1.0,93.0,4.543294782270004,340.0,5.831882477283517,0.6293203910498374,0.7771459614569709,0.0,0.0,0.0,0.0,15.299999999999999,4,57.0,52.0,47.0,51.0,51.0,57.0,0.0
2020-04-16,57.0,55.625,52.0,47.0,51.0,51.0,57.0,17.0,24,0.4,12.0,49,30.9,84,34.0,72.0,65.0,57.0,0.0,-1.0,-4.0,-2.0,-2.0,0.0,98.0,4.59511985013459,353.0,5.869296913133774,0.754709580222772,0.6560590289905073,0.0,0.0,0.0,0.0,1.8999999999999981,4,55.0,52.0,47.0,52.0,51.0,55.0,0.0
2020-04-17,55.0,52.54166666666666,52.0,47.0,52.0,51.0,55.0,16.0,24,0.9,10.6,62,31.0,84,60.0,73.0,57.0,57.0,-2.0,0.0,0.0,1.0,0.0,-2.0,141.0,4.955827057601261,284.0,5.652489180268651,0.8829475928589269,0.46947156278589086,0.0,0.0,0.0,0.0,1.7999999999999983,4,53.0,53.0,47.0,51.0,50.0,53.0,0.0
2020-04-18,53.0,51.583333333333336,53.0,47.0,51.0,50.0,53.0,14.0,24,4.5,13.0,49,31.1,83,42.0,26.0,58.0,55.0,-2.0,1.0,0.0,-1.0,-1.0,-2.0,136.0,4.919980925828125,171.0,5.147494476813453,0.754709580222772,0.6560590289905073,0.0,0.0,0.0,0.0,5.799999999999998,4,52.0,52.0,47.0,51.0,51.0,52.0,0.0
2020-04-19,52.0,50.91666666666666,52.0,47.0,51.0,51.0,52.0,13.0,24,1.4,12.1,82,31.5,81,61.0,34.0,134.0,53.0,-1.0,-1.0,0.0,0.0,1.0,-1.0,163.0,5.099866427824199,133.0,4.897839799950911,0.9902680687415704,0.13917310096006547,0.0,1.0,0.0,4.897839799950911,6.799999999999997,4,51.0,51.0,46.0,45.0,37.0,47.0,0.0
2020-04-20,51.0,49.625,51.0,46.0,45.0,37.0,47.0,12.0,24,0.6,12.4,76,31.7,81,133.0,69.0,175.0,52.0,-1.0,-1.0,-1.0,-6.0,-14.0,-5.0,236.0,5.4680601411351315,129.0,4.867534450455582,0.9702957262759965,0.24192189559966767,0.0,1.0,0.0,4.867534450455582,6.499999999999998,4,53.0,53.0,43.0,49.0,40.0,45.0,0.0
2020-04-21,53.0,50.79166666666666,53.0,43.0,49.0,40.0,45.0,13.0,24,10.7,15.5,60,31.0,87,106.0,66.0,22.0,51.0,2.0,2.0,-3.0,4.0,3.0,-2.0,300.0,5.707110264748875,169.0,5.135798437050262,0.8660254037844386,0.5000000000000001,0.0,0.0,0.0,0.0,12.699999999999998,4,52.0,52.0,45.0,51.0,42.0,46.0,0.0
2020-04-22,52.0,49.75,52.0,45.0,51.0,42.0,46.0,13.0,24,4.4,9.7,55,31.5,85,67.0,67.0,8.0,53.0,-1.0,-1.0,2.0,2.0,2.0,1.0,306.0,5.726847747587197,202.0,5.313205979041787,0.8191520442889918,0.573576436351046,0.0,0.0,0.0,0.0,15.699999999999998,4,50.0,50.0,39.0,49.0,47.0,42.0,0.0
2020-04-23,50.0,47.875,50.0,39.0,49.0,47.0,42.0,12.0,24,28.6,8.7,46,28.9,90,38.0,27.0,4.0,52.0,-2.0,-2.0,-6.0,-2.0,5.0,-4.0,211.0,5.356586274672012,160.0,5.081404364984463,0.7193398003386512,0.6946583704589973,0.0,0.0,0.0,0.0,43.7,4,53.0,51.0,48.0,49.0,45.0,53.0,0.0
2020-04-24,53.0,51.625,51.0,48.0,49.0,45.0,53.0,14.0,24,11.2,10.0,12,30.1,91,10.0,26.0,19.0,50.0,3.0,1.0,9.0,0.0,-2.0,11.0,115.0,4.7535901911063645,120.0,4.795790545596741,0.20791169081775934,0.9781476007338057,0.0,0.0,0.0,0.0,44.199999999999996,4,51.0,47.0,43.0,50.0,35.0,51.0,0.0
2020-04-25,51.0,45.23809523809524,47.0,43.0,50.0,35.0,51.0,12.0,21,29.8,6.0,43,29.0,91,31.0,17.0,10.0,53.0,-2.0,-4.0,-5.0,1.0,-10.0,-2.0,79.0,4.382026634673881,70.0,4.2626798770413155,0.6819983600624985,0.7313537016191705,0.0,0.0,0.0,0.0,69.6,4,53.0,44.0,52.0,53.0,39.0,51.0,0.0
2020-04-26,53.0,49.5,44.0,52.0,53.0,39.0,51.0,13.0,24,33.4,9.1,349,29.8,92,6.0,19.0,0.0,51.0,2.0,-3.0,9.0,3.0,4.0,0.0,47.0,3.871201010907891,62.0,4.143134726391533,-0.19080899537654467,0.981627183447664,0.0,0.0,0.0,0.0,74.4,4,53.0,40.0,51.0,53.0,35.0,47.0,0.0
2020-04-27,53.0,40.54166666666666,40.0,51.0,53.0,35.0,47.0,14.0,24,16.1,12.0,277,28.2,90,3.0,29.0,4.0,53.0,0.0,-4.0,-1.0,0.0,-4.0,-4.0,40.0,3.713572066704308,65.0,4.189654742026425,-0.992546151641322,0.12186934340514768,1.0,0.0,3.713572066704308,0.0,79.3,4,50.0,37.0,44.0,50.0,29.0,35.0,0.0
2020-04-28,50.0,44.91666666666666,37.0,44.0,50.0,29.0,35.0,12.0,24,23.4,9.9,327,29.3,89,1.0,4.0,0.0,53.0,-3.0,-3.0,-7.0,-3.0,-6.0,-12.0,10.0,2.3978952727983707,52.0,3.970291913552122,-0.544639035015027,0.838670567945424,0.0,0.0,0.0,0.0,72.9,4,47.0,39.0,38.0,47.0,33.0,36.0,0.0
2020-04-29,47.0,38.583333333333336,39.0,38.0,47.0,33.0,36.0,11.0,24,13.0,7.4,320,30.0,87,1.0,26.0,5.0,50.0,-3.0,2.0,-6.0,-3.0,4.0,1.0,5.0,1.791759469228055,59.0,4.0943445622221,-0.6427876096865396,0.7660444431189778,0.0,0.0,0.0,0.0,52.5,4,47.0,47.0,46.0,43.0,42.0,47.0,0.0
2020-04-30,47.0,44.16666666666666,47.0,46.0,43.0,42.0,47.0,11.0,24,27.4,7.3,293,28.5,92,3.0,32.0,1.0,47.0,0.0,8.0,8.0,-4.0,9.0,11.0,5.0,1.791759469228055,62.0,4.143134726391533,-0.9205048534524405,0.3907311284892735,0.0,0.0,0.0,0.0,63.8,4,45.0,40.0,45.0,35.0,35.0,44.0,0.0
2020-05-01,45.0,37.875,40.0,45.0,35.0,35.0,44.0,11.0,24,27.4,17.3,271,29.0,92,0.0,52.0,4.0,47.0,-2.0,-7.0,-1.0,-8.0,-7.0,-3.0,4.0,1.6094379124341003,110.0,4.709530201312334,-0.9998476951563913,0.01745240643728313,1.0,0.0,1.6094379124341003,0.0,67.8,5,51.0,37.0,43.0,51.0,33.0,42.0,0.0
2020-05-02,51.0,44.04166666666666,37.0,43.0,51.0,33.0,42.0,12.0,24,10.5,9.9,338,29.9,88,5.0,24.0,2.0,45.0,6.0,-3.0,-2.0,16.0,-2.0,-2.0,8.0,2.1972245773362196,108.0,4.6913478822291435,-0.37460659341591235,0.9271838545667873,0.0,0.0,0.0,0.0,65.3,5,44.0,35.0,42.0,44.0,34.0,41.0,0.0
2020-05-03,44.0,39.41666666666666,35.0,42.0,44.0,34.0,41.0,11.0,24,11.5,8.2,312,29.5,90,10.0,11.0,13.0,51.0,-7.0,-2.0,-1.0,-7.0,1.0,-1.0,15.0,2.772588722239781,87.0,4.477336814478207,-0.7431448254773946,0.6691306063588578,0.0,0.0,0.0,0.0,49.4,5,52.0,35.0,52.0,49.0,35.0,39.0,0.0
2020-05-04,52.0,47.25,35.0,52.0,49.0,35.0,39.0,13.0,24,16.1,6.9,337,29.5,92,11.0,30.0,17.0,44.0,8.0,0.0,10.0,5.0,1.0,-2.0,26.0,3.295836866004329,65.0,4.189654742026425,-0.3907311284892739,0.9205048534524403,0.0,0.0,0.0,0.0,38.1,5,54.0,44.0,53.0,51.0,54.0,53.0,0.0
2020-05-05,54.0,52.583333333333336,44.0,53.0,51.0,54.0,53.0,15.0,24,11.0,8.4,353,31.0,89,10.0,39.0,25.0,52.0,2.0,9.0,1.0,2.0,19.0,14.0,31.0,3.4657359027997265,80.0,4.394449154672439,-0.12186934340514723,0.9925461516413221,0.0,0.0,0.0,0.0,38.6,5,54.0,46.0,53.0,53.0,54.0,53.0,0.0
2020-05-06,54.0,52.25,46.0,53.0,53.0,54.0,53.0,14.0,24,7.9,9.7,250,30.3,88,20.0,57.0,11.0,54.0,0.0,2.0,0.0,2.0,0.0,0.0,41.0,3.7376696182833684,126.0,4.844187086458591,-0.9396926207859084,-0.34202014332566855,1.0,0.0,3.7376696182833684,0.0,35.0,5,53.0,53.0,53.0,53.0,52.0,51.0,0.0
2020-05-07,53.0,49.91666666666666,53.0,53.0,53.0,52.0,51.0,14.0,24,3.6,8.8,167,31.3,86,17.0,63.0,16.0,54.0,-1.0,7.0,0.0,0.0,-2.0,-2.0,47.0,3.871201010907891,159.0,5.075173815233827,0.2249510543438652,-0.9743700647852351,0.0,0.0,0.0,0.0,22.5,5,57.0,56.0,54.0,54.0,54.0,57.0,0.0
2020-05-08,57.0,54.708333333333336,56.0,54.0,54.0,54.0,57.0,17.0,24,9.3,14.2,199,29.6,87,6.0,71.0,5.0,53.0,4.0,3.0,1.0,1.0,2.0,6.0,43.0,3.784189633918261,191.0,5.2574953720277815,-0.32556815445715676,-0.9455185755993167,0.0,0.0,0.0,0.0,20.8,5,49.0,39.0,34.0,36.0,35.0,49.0,0.0
2020-05-09,49.0,32.666666666666664,39.0,34.0,36.0,35.0,49.0,12.0,24,3.8,10.9,164,30.4,83,3.0,43.0,10.0,57.0,-8.0,-17.0,-20.0,-18.0,-19.0,-8.0,26.0,3.295836866004329,177.0,5.181783550292085,0.2756373558169992,-0.9612616959383189,0.0,0.0,0.0,0.0,16.7,5,32.0,32.0,29.0,29.0,28.0,26.0,0.0
2020-05-10,32.0,29.375,32.0,29.0,29.0,28.0,26.0,8.0,24,9.9,12.8,130,30.8,86,7.0,50.0,14.0,49.0,-17.0,-7.0,-5.0,-7.0,-7.0,-23.0,16.0,2.833213344056216,164.0,5.10594547390058,0.766044443118978,-0.6427876096865394,0.0,1.0,0.0,5.10594547390058,23.0,5,28.0,28.0,27.0,27.0,28.0,24.0,0.0
2020-05-11,28.0,27.125,28.0,27.0,27.0,28.0,24.0,7.0,24,5.2,13.3,114,30.4,87,22.0,42.0,20.0,32.0,-4.0,-4.0,-2.0,-2.0,0.0,-2.0,32.0,3.4965075614664802,135.0,4.912654885736052,0.9135454576426009,-0.40673664307580026,0.0,1.0,0.0,4.912654885736052,18.900000000000002,5,31.0,31.0,25.0,29.0,27.0,25.0,0.0
2020-05-12,31.0,28.541666666666668,31.0,25.0,29.0,27.0,25.0,7.0,24,12.5,11.9,86,29.8,90,23.0,29.0,5.0,28.0,3.0,3.0,-2.0,2.0,-1.0,1.0,52.0,3.970291913552122,121.0,4.804021044733257,0.9975640502598242,0.06975647374412523,0.0,1.0,0.0,4.804021044733257,27.6,5,46.0,46.0,33.0,36.0,35.0,33.0,0.0
2020-05-13,46.0,40.458333333333336,46.0,33.0,36.0,35.0,33.0,11.0,24,31.0,10.6,314,27.1,91,19.0,70.0,8.0,31.0,15.0,15.0,8.0,7.0,8.0,8.0,64.0,4.174387269895637,141.0,4.955827057601261,-0.7193398003386511,0.6946583704589973,0.0,0.0,0.0,0.0,48.7,5,55.0,52.0,42.0,55.0,39.0,52.0,0.0
2020-05-14,55.0,53.16666666666666,52.0,42.0,55.0,39.0,52.0,16.0,24,13.8,10.0,148,30.0,90,7.0,58.0,19.0,46.0,9.0,6.0,9.0,19.0,4.0,19.0,49.0,3.912023005428146,157.0,5.062595033026967,0.5299192642332049,-0.848048096156426,0.0,1.0,0.0,5.062595033026967,57.3,5,58.0,53.0,50.0,56.0,52.0,58.0,0.0
2020-05-15,58.0,56.125,53.0,50.0,56.0,52.0,58.0,19.0,24,5.1,11.7,157,30.6,86,36.0,41.0,18.0,55.0,3.0,1.0,8.0,1.0,13.0,6.0,62.0,4.143134726391533,169.0,5.135798437050262,0.39073112848927377,-0.9205048534524404,0.0,1.0,0.0,5.135798437050262,49.9,5,53.0,48.0,43.0,53.0,47.0,53.0,0.0
2020-05-16,53.0,37.66666666666666,48.0,43.0,53.0,47.0,53.0,14.0,24,4.3,12.3,136,30.1,88,10.0,32.0,9.0,58.0,-5.0,-5.0,-7.0,-3.0,-5.0,-5.0,53.0,3.9889840465642745,131.0,4.882801922586371,0.6946583704589971,-0.7193398003386513,0.0,1.0,0.0,4.882801922586371,23.200000000000003,5,48.0,48.0,37.0,33.0,36.0,34.0,0.0
2020-05-17,48.0,42.54166666666666,48.0,37.0,33.0,36.0,34.0,12.0,24,25.4,12.2,238,29.0,90,0.0,38.0,2.0,53.0,-5.0,0.0,-6.0,-20.0,-11.0,-19.0,46.0,3.8501476017100584,111.0,4.718498871295094,-0.848048096156426,-0.529919264233205,1.0,0.0,3.8501476017100584,0.0,34.8,5,47.0,47.0,35.0,38.0,32.0,36.0,0.0
2020-05-18,47.0,38.208333333333336,47.0,35.0,38.0,32.0,36.0,11.0,24,28.1,12.2,209,30.1,87,2.0,13.0,7.0,48.0,-1.0,-1.0,-2.0,5.0,-4.0,2.0,12.0,2.5649493574615367,83.0,4.430816798843313,-0.48480962024633695,-0.8746197071393959,1.0,0.0,2.5649493574615367,0.0,57.8,5,54.0,54.0,51.0,47.0,43.0,54.0,0.0
2020-05-19,54.0,49.333333333333336,54.0,51.0,47.0,43.0,54.0,15.0,24,8.8,9.7,145,30.9,88,17.0,47.0,18.0,47.0,7.0,7.0,16.0,9.0,11.0,18.0,19.0,2.995732273553991,98.0,4.59511985013459,0.5735764363510459,-0.8191520442889919,0.0,1.0,0.0,4.59511985013459,62.300000000000004,5,55.0,55.0,48.0,46.0,47.0,53.0,0.0
2020-05-20,55.0,53.458333333333336,55.0,48.0,46.0,47.0,53.0,16.0,24,10.6,9.5,234,30.2,88,3.0,49.0,24.0,54.0,1.0,1.0,-3.0,-1.0,4.0,-1.0,22.0,3.1354942159291497,109.0,4.700480365792417,-0.8090169943749473,-0.5877852522924732,1.0,0.0,3.1354942159291497,0.0,47.50000000000001,5,55.0,53.0,52.0,54.0,42.0,55.0,0.0
2020-05-21,55.0,52.875,53.0,52.0,54.0,42.0,55.0,15.0,24,5.3,6.7,309,32.3,85,21.0,11.0,52.0,55.0,0.0,-2.0,4.0,8.0,-5.0,2.0,41.0,3.7376696182833684,107.0,4.68213122712422,-0.7771459614569708,0.6293203910498375,0.0,0.0,0.0,0.0,24.700000000000003,5,65.0,57.0,57.0,65.0,56.0,59.0,0.0
2020-05-22,65.0,60.958333333333336,57.0,57.0,65.0,56.0,59.0,25.0,24,39.6,12.3,74,29.8,89,0.0,11.0,16.0,55.0,10.0,4.0,5.0,11.0,14.0,4.0,24.0,3.2188758248682006,71.0,4.276666119016055,0.9612616959383189,0.27563735581699916,0.0,1.0,0.0,4.276666119016055,55.5,5,59.0,53.0,51.0,59.0,54.0,54.0,0.0
2020-05-23,59.0,51.333333333333336,53.0,51.0,59.0,54.0,54.0,19.0,24,74.5,9.8,186,27.7,92,11.0,35.0,11.0,65.0,-6.0,-4.0,-6.0,-6.0,-2.0,-5.0,32.0,3.4965075614664802,57.0,4.060443010546419,-0.1045284632676535,-0.9945218953682733,0.0,0.0,0.0,0.0,119.4,5,61.0,61.0,49.0,56.0,52.0,57.0,0.0
2020-05-24,61.0,59.16666666666666,61.0,49.0,56.0,52.0,57.0,21.0,24,0.3,8.7,129,30.6,86,27.0,19.0,0.0,59.0,2.0,8.0,-2.0,-3.0,-2.0,3.0,38.0,3.6635616461296463,65.0,4.189654742026425,0.777145961456971,-0.6293203910498373,0.0,1.0,0.0,4.189654742026425,114.4,5,60.0,60.0,47.0,50.0,56.0,55.0,0.0
2020-05-25,60.0,55.0,60.0,47.0,50.0,56.0,55.0,20.0,24,1.7,10.2,116,30.5,88,49.0,18.0,23.0,61.0,-1.0,-1.0,-2.0,-6.0,4.0,-2.0,87.0,4.477336814478207,72.0,4.290459441148391,0.8987940462991669,-0.4383711467890775,0.0,1.0,0.0,4.290459441148391,76.50000000000001,5,58.0,54.0,55.0,57.0,54.0,58.0,0.0
2020-05-26,58.0,55.5,54.0,55.0,57.0,54.0,58.0,18.0,24,14.1,8.3,163,30.2,88,13.0,88.0,15.0,60.0,-2.0,-6.0,8.0,7.0,-2.0,3.0,89.0,4.499809670330265,125.0,4.836281906951478,0.2923717047227366,-0.9563047559630355,0.0,0.0,0.0,0.0,16.100000000000016,5,58.0,55.0,55.0,58.0,52.0,58.0,0.0
2020-05-27,58.0,52.708333333333336,55.0,55.0,58.0,52.0,58.0,18.0,24,25.3,11.8,83,29.0,90,1.0,43.0,1.0,58.0,0.0,1.0,0.0,1.0,-2.0,0.0,63.0,4.1588830833596715,149.0,5.0106352940962555,0.992546151641322,0.12186934340514749,0.0,1.0,0.0,5.0106352940962555,41.10000000000001,5,53.0,53.0,43.0,51.0,41.0,53.0,0.0
2020-05-28,53.0,49.583333333333336,53.0,43.0,51.0,41.0,53.0,14.0,24,4.6,12.7,102,30.9,85,59.0,20.0,18.0,58.0,-5.0,-2.0,-12.0,-7.0,-11.0,-5.0,73.0,4.30406509320417,151.0,5.0238805208462765,0.9781476007338057,-0.20791169081775934,0.0,1.0,0.0,5.0238805208462765,44.00000000000001,5,53.0,53.0,40.0,47.0,41.0,47.0,0.0
2020-05-29,53.0,40.54166666666666,53.0,40.0,47.0,41.0,47.0,13.0,24,18.0,9.5,132,30.1,88,42.0,51.0,3.0,53.0,0.0,0.0,-3.0,-4.0,0.0,-6.0,102.0,4.634728988229636,114.0,4.74493212836325,0.7431448254773942,-0.6691306063588582,0.0,1.0,0.0,4.74493212836325,47.90000000000001,5,56.0,56.0,51.0,55.0,46.0,52.0,0.0
2020-05-30,56.0,52.458333333333336,56.0,51.0,55.0,46.0,52.0,16.0,24,2.0,9.0,148,31.0,86,59.0,43.0,8.0,53.0,3.0,3.0,11.0,8.0,5.0,5.0,160.0,5.081404364984463,114.0,4.74493212836325,0.5299192642332049,-0.848048096156426,0.0,1.0,0.0,4.74493212836325,24.60000000000001,5,58.0,55.0,51.0,58.0,51.0,56.0,0.0
2020-05-31,58.0,55.91666666666666,55.0,51.0,58.0,51.0,56.0,18.0,24,9.3,11.2,148,29.5,90,13.0,35.0,18.0,56.0,2.0,-1.0,0.0,3.0,5.0,4.0,114.0,4.74493212836325,129.0,4.867534450455582,0.5299192642332049,-0.848048096156426,0.0,1.0,0.0,4.867534450455582,29.300000000000008,5,59.0,50.0,51.0,59.0,45.0,56.0,0.0
2020-06-01,59.0,58.0,50.0,51.0,59.0,45.0,56.0,19.0,24,16.3,14.1,179,28.4,90,12.0,29.0,17.0,58.0,1.0,-5.0,0.0,1.0,-6.0,0.0,84.0,4.442651256490317,107.0,4.68213122712422,0.01745240643728344,-0.9998476951563913,0.0,0.0,0.0,0.0,27.60000000000001,6,56.0,48.0,43.0,56.0,42.0,47.0,0.0
2020-06-02,56.0,46.79166666666666,48.0,43.0,56.0,42.0,47.0,16.0,24,0.5,8.7,136,30.7,83,27.0,32.0,11.0,59.0,-3.0,-2.0,-8.0,-3.0,-3.0,-9.0,52.0,3.970291913552122,96.0,4.574710978503383,0.6946583704589971,-0.7193398003386513,0.0,1.0,0.0,4.574710978503383,26.10000000000001,6,52.0,52.0,31.0,37.0,51.0,43.0,0.0
2020-06-03,52.0,50.208333333333336,52.0,31.0,37.0,51.0,43.0,13.0,24,7.0,14.0,130,29.5,88,35.0,49.0,13.0,56.0,-4.0,4.0,-12.0,-19.0,9.0,-4.0,74.0,4.31748811353631,110.0,4.709530201312334,0.766044443118978,-0.6427876096865394,0.0,1.0,0.0,4.709530201312334,23.800000000000008,6,48.0,48.0,30.0,28.0,41.0,38.0,0.0
2020-06-04,48.0,32.125,48.0,30.0,28.0,41.0,38.0,12.0,24,24.2,14.2,170,28.8,89,5.0,49.0,2.0,52.0,-4.0,-4.0,-1.0,-9.0,-10.0,-5.0,67.0,4.219507705176107,130.0,4.875197323201151,0.17364817766693028,-0.984807753012208,0.0,0.0,0.0,0.0,31.700000000000006,6,30.0,28.0,30.0,25.0,24.0,25.0,0.0
2020-06-05,30.0,28.0,28.0,30.0,25.0,24.0,25.0,7.0,24,27.9,16.3,217,27.1,90,1.0,21.0,1.0,48.0,-18.0,-20.0,0.0,-3.0,-17.0,-13.0,41.0,3.7376696182833684,119.0,4.787491742782046,-0.6018150231520484,-0.7986355100472928,1.0,0.0,3.7376696182833684,0.0,59.10000000000001,6,44.0,41.0,44.0,31.0,34.0,44.0,0.0
2020-06-06,44.0,30.95833333333333,41.0,44.0,31.0,34.0,44.0,11.0,24,10.6,11.3,186,27.1,89,17.0,4.0,3.0,30.0,14.0,13.0,14.0,6.0,10.0,19.0,23.0,3.1780538303479458,74.0,4.31748811353631,-0.1045284632676535,-0.9945218953682733,0.0,0.0,0.0,0.0,62.7,6,58.0,58.0,52.0,43.0,54.0,55.0,0.0
2020-06-07,58.0,54.958333333333336,58.0,52.0,43.0,54.0,55.0,18.0,24,1.1,13.0,139,30.1,86,12.0,44.0,2.0,44.0,14.0,17.0,8.0,12.0,20.0,11.0,30.0,3.4339872044851463,69.0,4.248495242049359,0.6560590289905073,-0.754709580222772,0.0,1.0,0.0,4.248495242049359,39.6,6,57.0,57.0,47.0,36.0,47.0,54.0,0.0
2020-06-08,57.0,52.833333333333336,57.0,47.0,36.0,47.0,54.0,17.0,24,3.3,7.6,125,30.3,89,44.0,41.0,14.0,58.0,-1.0,-1.0,-5.0,-7.0,-7.0,-1.0,73.0,4.30406509320417,89.0,4.499809670330265,0.8191520442889917,-0.5735764363510462,0.0,1.0,0.0,4.499809670330265,15.000000000000007,6,53.0,53.0,46.0,31.0,48.0,52.0,0.0
2020-06-09,53.0,51.875,53.0,46.0,31.0,48.0,52.0,14.0,24,1.4,15.0,150,30.1,86,138.0,35.0,9.0,57.0,-4.0,-4.0,-1.0,-5.0,1.0,-2.0,194.0,5.272999558563747,120.0,4.795790545596741,0.49999999999999994,-0.8660254037844387,0.0,1.0,0.0,4.795790545596741,5.800000000000007,6,51.0,51.0,42.0,35.0,36.0,40.0,0.0
2020-06-10,51.0,41.875,51.0,42.0,35.0,36.0,40.0,12.0,24,9.9,13.7,144,29.7,89,65.0,67.0,9.0,53.0,-2.0,-2.0,-4.0,4.0,-12.0,-12.0,247.0,5.5134287461649825,143.0,4.969813299576001,0.5877852522924732,-0.8090169943749473,0.0,1.0,0.0,4.969813299576001,14.600000000000007,6,54.0,54.0,33.0,35.0,48.0,35.0,0.0
2020-06-11,54.0,49.125,54.0,33.0,35.0,48.0,35.0,15.0,24,16.4,13.3,136,29.3,90,46.0,43.0,10.0,51.0,3.0,3.0,-9.0,0.0,12.0,-5.0,249.0,5.521460917862246,145.0,4.983606621708336,0.6946583704589971,-0.7193398003386513,0.0,1.0,0.0,4.983606621708336,27.700000000000006,6,54.0,54.0,42.0,34.0,48.0,42.0,0.0
2020-06-12,54.0,48.04166666666666,54.0,42.0,34.0,48.0,42.0,15.0,24,10.6,10.4,165,29.4,90,14.0,71.0,4.0,54.0,0.0,0.0,9.0,-1.0,0.0,7.0,125.0,4.836281906951478,181.0,5.204006687076795,0.258819045102521,-0.9659258262890682,0.0,0.0,0.0,0.0,36.900000000000006,6,52.0,52.0,44.0,37.0,37.0,44.0,0.0
2020-06-13,52.0,48.79166666666666,52.0,44.0,37.0,37.0,44.0,13.0,24,142.9,16.9,192,27.7,91,9.0,59.0,1.0,54.0,-2.0,-2.0,2.0,3.0,-11.0,2.0,69.0,4.248495242049359,173.0,5.159055299214529,-0.2079116908177595,-0.9781476007338056,0.0,0.0,0.0,0.0,169.9,6,53.0,53.0,52.0,40.0,40.0,52.0,0.0
2020-06-14,53.0,46.5,53.0,52.0,40.0,40.0,52.0,13.0,24,2.8,16.0,166,29.1,86,40.0,15.0,4.0,52.0,1.0,1.0,8.0,3.0,3.0,8.0,63.0,4.1588830833596715,145.0,4.983606621708336,0.24192189559966773,-0.9702957262759965,0.0,0.0,0.0,0.0,156.3,6,53.0,53.0,52.0,42.0,43.0,52.0,0.0
2020-06-15,53.0,48.25,53.0,52.0,42.0,43.0,52.0,14.0,24,1.4,15.8,142,30.4,86,45.0,34.0,12.0,53.0,0.0,0.0,0.0,2.0,3.0,0.0,94.0,4.553876891600541,108.0,4.6913478822291435,0.6156614753256584,-0.7880107536067219,0.0,1.0,0.0,4.6913478822291435,147.1,6,53.0,52.0,49.0,36.0,43.0,53.0,0.0
2020-06-16,53.0,49.29166666666666,52.0,49.0,36.0,43.0,53.0,14.0,24,13.8,10.1,90,28.7,90,19.0,46.0,16.0,53.0,0.0,-1.0,-3.0,-6.0,0.0,1.0,104.0,4.653960350157523,95.0,4.564348191467836,1.0,6.123233995736766e-17,0.0,1.0,0.0,4.564348191467836,18.0,6,51.0,48.0,45.0,37.0,38.0,51.0,0.0
2020-06-17,51.0,43.25,48.0,45.0,37.0,38.0,51.0,12.0,24,38.6,14.4,148,28.2,92,10.0,57.0,7.0,53.0,-2.0,-4.0,-4.0,1.0,-5.0,-2.0,74.0,4.31748811353631,137.0,4.927253685157205,0.5299192642332049,-0.848048096156426,0.0,1.0,0.0,4.927253685157205,53.8,6,53.0,53.0,45.0,40.0,40.0,50.0,0.0
2020-06-18,53.0,52.04166666666666,53.0,45.0,40.0,40.0,50.0,14.0,24,15.4,9.7,238,28.7,87,2.0,19.0,1.0,51.0,2.0,5.0,0.0,3.0,2.0,-1.0,31.0,3.4657359027997265,122.0,4.812184355372417,-0.848048096156426,-0.529919264233205,1.0,0.0,3.4657359027997265,0.0,67.80000000000001,6,51.0,51.0,43.0,40.0,30.0,46.0,0.0
2020-06-19,51.0,38.66666666666666,51.0,43.0,40.0,30.0,46.0,12.0,24,15.4,12.0,212,27.9,90,11.0,14.0,0.0,53.0,-2.0,-2.0,-2.0,0.0,-10.0,-4.0,23.0,3.1780538303479458,90.0,4.51085950651685,-0.5299192642332048,-0.8480480961564261,1.0,0.0,3.1780538303479458,0.0,69.4,6,38.0,38.0,35.0,33.0,26.0,31.0,0.0
2020-06-20,38.0,34.47826086956522,38.0,35.0,33.0,26.0,31.0,9.0,23,41.1,15.4,216,27.0,92,7.0,36.0,2.0,51.0,-13.0,-13.0,-8.0,-7.0,-4.0,-15.0,20.0,3.044522437723423,69.0,4.248495242049359,-0.587785252292473,-0.8090169943749475,1.0,0.0,3.044522437723423,0.0,71.9,6,42.0,42.0,38.0,39.0,28.0,27.0,0.0
2020-06-21,42.0,38.79166666666666,42.0,38.0,39.0,28.0,27.0,10.0,24,23.4,15.3,201,28.1,91,6.0,23.0,10.0,38.0,4.0,4.0,3.0,6.0,2.0,-4.0,24.0,3.2188758248682006,73.0,4.30406509320417,-0.35836794954530043,-0.9335804264972017,1.0,0.0,3.2188758248682006,0.0,79.9,6,51.0,51.0,44.0,44.0,34.0,37.0,0.0
2020-06-22,51.0,45.29166666666666,51.0,44.0,44.0,34.0,37.0,12.0,24,19.0,15.8,201,27.9,90,4.0,18.0,3.0,42.0,9.0,9.0,6.0,5.0,6.0,10.0,17.0,2.8903717578961645,77.0,4.356708826689592,-0.35836794954530043,-0.9335804264972017,1.0,0.0,2.8903717578961645,0.0,83.5,6,50.0,50.0,43.0,43.0,32.0,36.0,0.0
2020-06-23,50.0,41.458333333333336,50.0,43.0,43.0,32.0,36.0,12.0,24,63.3,12.5,199,26.0,93,4.0,24.0,10.0,51.0,-1.0,-1.0,-1.0,-1.0,-2.0,-1.0,14.0,2.70805020110221,65.0,4.189654742026425,-0.32556815445715676,-0.9455185755993167,0.0,0.0,0.0,0.0,105.7,6,34.0,34.0,27.0,28.0,22.0,24.0,0.0
2020-06-24,34.0,30.83333333333333,34.0,27.0,28.0,22.0,24.0,8.0,24,16.1,16.2,170,27.0,92,6.0,20.0,1.0,50.0,-16.0,-16.0,-16.0,-15.0,-10.0,-12.0,14.0,2.70805020110221,62.0,4.143134726391533,0.17364817766693028,-0.984807753012208,0.0,0.0,0.0,0.0,98.4,6,47.0,47.0,37.0,40.0,33.0,33.0,0.0
2020-06-25,47.0,41.833333333333336,47.0,37.0,40.0,33.0,33.0,11.0,24,0.3,13.1,150,29.4,86,53.0,6.0,1.0,34.0,13.0,13.0,10.0,12.0,11.0,9.0,63.0,4.1588830833596715,50.0,3.9318256327243257,0.49999999999999994,-0.8660254037844387,0.0,1.0,0.0,3.9318256327243257,79.70000000000002,6,48.0,48.0,47.0,43.0,34.0,37.0,0.0
2020-06-26,48.0,41.625,48.0,47.0,43.0,34.0,37.0,11.0,24,5.2,13.8,153,29.2,86,52.0,4.0,0.0,47.0,1.0,1.0,10.0,3.0,1.0,4.0,111.0,4.718498871295094,30.0,3.4339872044851463,0.45399049973954686,-0.8910065241883678,0.0,1.0,0.0,3.4339872044851463,21.60000000000001,6,54.0,54.0,51.0,51.0,40.0,42.0,0.0
2020-06-27,54.0,53.125,54.0,51.0,51.0,40.0,42.0,15.0,24,3.1,14.7,140,28.6,87,33.0,2.0,3.0,48.0,6.0,6.0,4.0,8.0,6.0,5.0,138.0,4.9344739331306915,12.0,2.5649493574615367,0.6427876096865395,-0.7660444431189779,0.0,1.0,0.0,2.5649493574615367,8.600000000000007,6,53.0,53.0,45.0,50.0,41.0,41.0,0.0
2020-06-28,53.0,47.458333333333336,53.0,45.0,50.0,41.0,41.0,14.0,24,1.4,20.8,152,29.6,84,62.0,4.0,9.0,54.0,-1.0,-1.0,-6.0,-1.0,1.0,-1.0,147.0,4.997212273764115,10.0,2.3978952727983707,0.4694715627858907,-0.882947592858927,0.0,1.0,0.0,2.3978952727983707,9.700000000000006,6,52.0,45.0,46.0,52.0,35.0,39.0,0.0
2020-06-29,52.0,45.75,45.0,46.0,52.0,35.0,39.0,13.0,24,13.1,15.2,156,30.0,84,93.0,24.0,0.0,53.0,-1.0,-8.0,1.0,2.0,-6.0,-2.0,188.0,5.241747015059643,30.0,3.4339872044851463,0.40673664307580043,-0.9135454576426008,0.0,1.0,0.0,3.4339872044851463,17.60000000000001,6,53.0,52.0,51.0,53.0,41.0,46.0,0.0
2020-06-30,53.0,52.25,52.0,51.0,53.0,41.0,46.0,14.0,24,2.5,18.8,144,30.2,85,162.0,40.0,2.0,52.0,1.0,7.0,5.0,1.0,6.0,7.0,317.0,5.762051382780177,68.0,4.23410650459726,0.5877852522924732,-0.8090169943749473,0.0,1.0,0.0,4.23410650459726,17.000000000000007,6,51.0,51.0,42.0,45.0,34.0,38.0,0.0
2020-07-01,51.0,46.0,51.0,42.0,45.0,34.0,38.0,12.0,23,19.5,11.4,150,27.9,90,79.0,65.0,5.0,53.0,-2.0,-1.0,-9.0,-8.0,-7.0,-8.0,334.0,5.814130531825066,129.0,4.867534450455582,0.49999999999999994,-0.8660254037844387,0.0,1.0,0.0,4.867534450455582,35.10000000000001,7,44.0,44.0,39.0,43.0,34.0,34.0,0.0
2020-07-02,44.0,39.41666666666666,44.0,39.0,43.0,34.0,34.0,11.0,24,2.2,18.8,148,29.3,87,49.0,30.0,3.0,51.0,-7.0,-7.0,-3.0,-2.0,0.0,-4.0,290.0,5.673323267171493,135.0,4.912654885736052,0.5299192642332049,-0.848048096156426,0.0,1.0,0.0,4.912654885736052,24.200000000000006,7,35.0,35.0,31.0,33.0,29.0,31.0,0.0
2020-07-03,35.0,31.791666666666668,35.0,31.0,33.0,29.0,31.0,8.0,24,4.9,15.2,147,29.7,86,27.0,34.0,9.0,44.0,-9.0,-9.0,-8.0,-10.0,-5.0,-3.0,155.0,5.049856007249537,129.0,4.867534450455582,0.5446390350150273,-0.8386705679454239,0.0,1.0,0.0,4.867534450455582,26.600000000000012,7,32.0,29.0,32.0,30.0,23.0,29.0,0.0
2020-07-04,32.0,29.25,29.0,32.0,30.0,23.0,29.0,8.0,24,10.6,13.0,106,30.1,87,41.0,35.0,12.0,35.0,-3.0,-6.0,1.0,-3.0,-6.0,-2.0,117.0,4.770684624465665,99.0,4.605170185988092,0.9612616959383189,-0.27563735581699905,0.0,1.0,0.0,4.605170185988092,17.70000000000001,7,50.0,50.0,34.0,34.0,33.0,30.0,0.0
2020-07-05,50.0,43.958333333333336,50.0,34.0,34.0,33.0,30.0,12.0,24,6.5,11.2,121,29.7,88,89.0,27.0,20.0,32.0,18.0,21.0,2.0,4.0,10.0,1.0,157.0,5.062595033026967,96.0,4.574710978503383,0.8571673007021123,-0.5150380749100543,0.0,1.0,0.0,4.574710978503383,22.00000000000001,7,51.0,51.0,35.0,35.0,40.0,33.0,0.0
2020-07-06,51.0,47.41666666666666,51.0,35.0,35.0,40.0,33.0,12.0,24,1.6,14.0,131,30.4,81,64.0,39.0,13.0,50.0,1.0,1.0,1.0,1.0,7.0,3.0,194.0,5.272999558563747,101.0,4.624972813284271,0.7547095802227721,-0.6560590289905072,0.0,1.0,0.0,4.624972813284271,18.70000000000001,7,52.0,52.0,36.0,45.0,35.0,35.0,0.0
2020-07-07,52.0,49.54166666666666,52.0,36.0,45.0,35.0,35.0,13.0,24,20.1,13.0,148,28.5,89,13.0,17.0,3.0,51.0,1.0,1.0,1.0,10.0,-5.0,2.0,166.0,5.117993812416755,83.0,4.430816798843313,0.5299192642332049,-0.848048096156426,0.0,1.0,0.0,4.430816798843313,28.200000000000014,7,49.0,49.0,39.0,44.0,28.0,35.0,0.0
2020-07-08,49.0,45.25,49.0,39.0,44.0,28.0,35.0,12.0,24,10.4,10.7,263,27.8,90,2.0,16.0,6.0,52.0,-3.0,-3.0,3.0,-1.0,-7.0,0.0,79.0,4.382026634673881,72.0,4.290459441148391,-0.9925461516413221,-0.12186934340514717,1.0,0.0,4.382026634673881,0.0,32.100000000000016,7,44.0,44.0,40.0,40.0,21.0,35.0,0.0
2020-07-09,44.0,37.54166666666666,44.0,40.0,40.0,21.0,35.0,11.0,24,36.0,18.1,249,25.8,92,3.0,21.0,0.0,49.0,-5.0,-5.0,1.0,-4.0,-7.0,0.0,18.0,2.9444389791664403,54.0,4.007333185232471,-0.9335804264972016,-0.3583679495453007,1.0,0.0,2.9444389791664403,0.0,66.50000000000001,7,49.0,38.0,35.0,49.0,30.0,28.0,0.0
2020-07-10,49.0,39.208333333333336,38.0,35.0,49.0,30.0,28.0,12.0,24,8.5,8.6,193,28.4,88,13.0,7.0,9.0,44.0,5.0,-6.0,-5.0,9.0,9.0,-7.0,18.0,2.9444389791664403,44.0,3.8066624897703196,-0.22495105434386498,-0.9743700647852352,0.0,0.0,0.0,0.0,54.90000000000001,7,52.0,51.0,38.0,52.0,31.0,36.0,0.0
2020-07-11,52.0,48.583333333333336,51.0,38.0,52.0,31.0,36.0,13.0,24,11.0,14.0,147,28.5,90,43.0,15.0,12.0,49.0,3.0,13.0,3.0,3.0,1.0,8.0,59.0,4.0943445622221,43.0,3.784189633918261,0.5446390350150273,-0.8386705679454239,0.0,1.0,0.0,3.784189633918261,55.500000000000014,7,51.0,51.0,43.0,48.0,44.0,37.0,0.0
2020-07-12,51.0,47.0,51.0,43.0,48.0,44.0,37.0,12.0,24,17.3,14.8,173,28.1,89,24.0,14.0,6.0,52.0,-1.0,0.0,5.0,-4.0,13.0,1.0,80.0,4.394449154672439,36.0,3.6109179126442243,0.12186934340514755,-0.992546151641322,0.0,0.0,0.0,0.0,36.80000000000001,7,48.0,48.0,37.0,37.0,40.0,36.0,0.0
2020-07-13,48.0,42.5,48.0,37.0,37.0,40.0,36.0,12.0,24,43.0,17.0,222,26.2,92,5.0,31.0,6.0,51.0,-3.0,-3.0,-6.0,-11.0,-4.0,-1.0,72.0,4.290459441148391,60.0,4.110873864173311,-0.6691306063588582,-0.7431448254773942,1.0,0.0,4.290459441148391,0.0,71.30000000000001,7,36.0,36.0,31.0,34.0,25.0,28.0,0.0
2020-07-14,36.0,33.166666666666664,36.0,31.0,34.0,25.0,28.0,9.0,24,4.8,15.5,173,26.6,90,13.0,13.0,3.0,48.0,-12.0,-12.0,-6.0,-3.0,-15.0,-8.0,42.0,3.7612001156935624,58.0,4.07753744390572,0.12186934340514755,-0.992546151641322,0.0,0.0,0.0,0.0,65.10000000000001,7,40.0,40.0,30.0,28.0,23.0,33.0,0.0
2020-07-15,40.0,37.208333333333336,40.0,30.0,28.0,23.0,33.0,10.0,24,6.3,12.3,166,28.4,88,17.0,30.0,10.0,36.0,4.0,4.0,-1.0,-6.0,-2.0,5.0,35.0,3.58351893845611,74.0,4.31748811353631,0.24192189559966773,-0.9702957262759965,0.0,0.0,0.0,0.0,54.100000000000016,7,45.0,45.0,32.0,32.0,25.0,41.0,0.0
2020-07-16,45.0,40.54166666666666,45.0,32.0,32.0,25.0,41.0,11.0,24,4.6,10.6,126,30.0,87,34.0,27.0,14.0,40.0,5.0,5.0,2.0,4.0,2.0,8.0,64.0,4.174387269895637,70.0,4.2626798770413155,0.8090169943749475,-0.587785252292473,0.0,1.0,0.0,4.2626798770413155,15.700000000000014,7,52.0,52.0,32.0,32.0,39.0,42.0,0.0
2020-07-17,52.0,49.125,52.0,32.0,32.0,39.0,42.0,13.0,24,8.3,10.1,171,29.3,88,24.0,102.0,10.0,45.0,7.0,7.0,0.0,0.0,14.0,1.0,75.0,4.330733340286331,159.0,5.075173815233827,0.15643446504023098,-0.9876883405951377,0.0,0.0,0.0,0.0,19.200000000000014,7,51.0,51.0,30.0,31.0,36.0,40.0,0.0
2020-07-18,51.0,43.0,51.0,30.0,31.0,36.0,40.0,12.0,24,11.1,14.1,116,28.5,88,11.0,63.0,7.0,52.0,-1.0,-1.0,-2.0,-1.0,-3.0,-2.0,69.0,4.248495242049359,192.0,5.262690188904886,0.8987940462991669,-0.4383711467890775,0.0,1.0,0.0,5.262690188904886,24.000000000000014,7,44.0,43.0,43.0,43.0,39.0,44.0,0.0
2020-07-19,44.0,41.125,43.0,43.0,43.0,39.0,44.0,10.0,24,3.1,8.8,145,29.4,88,31.0,52.0,27.0,51.0,-7.0,-8.0,13.0,12.0,3.0,4.0,66.0,4.204692619390966,217.0,5.384495062789089,0.5735764363510459,-0.8191520442889919,0.0,1.0,0.0,5.384495062789089,22.500000000000014,7,43.0,43.0,39.0,42.0,33.0,41.0,0.0
2020-07-20,43.0,33.041666666666664,43.0,39.0,42.0,33.0,41.0,10.0,24,1.0,10.5,127,29.6,86,33.0,47.0,16.0,44.0,-1.0,0.0,-4.0,-1.0,-6.0,-3.0,75.0,4.330733340286331,162.0,5.093750200806762,0.7986355100472927,-0.6018150231520484,0.0,1.0,0.0,5.093750200806762,15.200000000000014,7,33.0,31.0,32.0,29.0,21.0,33.0,0.0
2020-07-21,33.0,28.95833333333333,31.0,32.0,29.0,21.0,33.0,8.0,24,3.7,12.5,129,30.0,85,14.0,63.0,22.0,43.0,-10.0,-12.0,-7.0,-13.0,-12.0,-8.0,78.0,4.3694478524670215,162.0,5.093750200806762,0.777145961456971,-0.6293203910498373,0.0,1.0,0.0,5.093750200806762,7.800000000000015,7,40.0,40.0,35.0,30.0,39.0,33.0,0.0
2020-07-22,40.0,34.708333333333336,40.0,35.0,30.0,39.0,33.0,10.0,24,28.4,11.5,136,28.6,90,13.0,33.0,16.0,33.0,7.0,9.0,3.0,1.0,18.0,0.0,60.0,4.110873864173311,143.0,4.969813299576001,0.6946583704589971,-0.7193398003386513,0.0,1.0,0.0,4.969813299576001,33.100000000000016,7,51.0,51.0,39.0,42.0,40.0,43.0,0.0
2020-07-23,51.0,48.583333333333336,51.0,39.0,42.0,40.0,43.0,12.0,24,12.5,10.7,217,28.1,90,15.0,15.0,1.0,40.0,11.0,11.0,4.0,12.0,1.0,10.0,42.0,3.7612001156935624,111.0,4.718498871295094,-0.6018150231520484,-0.7986355100472928,1.0,0.0,3.7612001156935624,0.0,44.600000000000016,7,44.0,43.0,37.0,41.0,44.0,39.0,0.0
2020-07-24,44.0,41.625,43.0,37.0,41.0,44.0,39.0,10.0,24,12.9,10.4,123,28.8,89,14.0,18.0,9.0,51.0,-7.0,-8.0,-2.0,-1.0,4.0,-4.0,42.0,3.7612001156935624,66.0,4.204692619390966,0.838670567945424,-0.5446390350150271,0.0,1.0,0.0,4.204692619390966,53.80000000000001,7,41.0,39.0,38.0,35.0,41.0,35.0,0.0
2020-07-25,41.0,38.04166666666666,39.0,38.0,35.0,41.0,35.0,10.0,24,19.7,12.8,143,28.4,90,22.0,47.0,22.0,44.0,-3.0,-4.0,1.0,-6.0,-3.0,-4.0,51.0,3.9512437185814275,80.0,4.394449154672439,0.6018150231520482,-0.7986355100472929,0.0,1.0,0.0,4.394449154672439,45.10000000000002,7,51.0,47.0,51.0,48.0,47.0,41.0,0.0
2020-07-26,51.0,43.66666666666666,47.0,51.0,48.0,47.0,41.0,12.0,24,9.3,15.3,139,28.6,87,32.0,22.0,10.0,41.0,10.0,8.0,13.0,13.0,6.0,6.0,68.0,4.23410650459726,87.0,4.477336814478207,0.6560590289905073,-0.754709580222772,0.0,1.0,0.0,4.477336814478207,41.90000000000002,7,55.0,55.0,54.0,55.0,53.0,53.0,0.0
2020-07-27,55.0,53.833333333333336,55.0,54.0,55.0,53.0,53.0,16.0,24,9.5,18.0,151,29.1,85,38.0,36.0,3.0,51.0,4.0,8.0,3.0,7.0,6.0,12.0,92.0,4.532599493153256,105.0,4.663439094112067,0.48480962024633717,-0.8746197071393957,0.0,1.0,0.0,4.663439094112067,38.50000000000002,7,57.0,57.0,53.0,53.0,47.0,51.0,0.0
2020-07-28,57.0,56.208333333333336,57.0,53.0,53.0,47.0,51.0,18.0,24,2.9,18.4,166,29.2,85,84.0,76.0,1.0,55.0,2.0,2.0,-1.0,-2.0,-6.0,-2.0,154.0,5.043425116919247,134.0,4.90527477843843,0.24192189559966773,-0.9702957262759965,0.0,0.0,0.0,0.0,21.700000000000017,7,57.0,56.0,55.0,55.0,53.0,57.0,0.0
2020-07-29,57.0,53.91666666666666,56.0,55.0,55.0,53.0,57.0,17.0,24,19.6,11.7,170,25.9,93,50.0,54.0,0.0,57.0,0.0,-1.0,2.0,2.0,6.0,6.0,172.0,5.153291594497779,166.0,5.117993812416755,0.17364817766693028,-0.984807753012208,0.0,0.0,0.0,0.0,32.000000000000014,7,65.0,64.0,62.0,64.0,59.0,65.0,0.0
2020-07-30,65.0,62.208333333333336,64.0,62.0,64.0,59.0,65.0,24.0,24,3.0,13.7,164,29.4,89,31.0,24.0,0.0,57.0,8.0,8.0,7.0,9.0,6.0,8.0,165.0,5.111987788356544,154.0,5.043425116919247,0.2756373558169992,-0.9612616959383189,0.0,0.0,0.0,0.0,25.500000000000018,7,61.0,60.0,60.0,61.0,57.0,60.0,0.0
2020-07-31,61.0,57.583333333333336,60.0,60.0,61.0,57.0,60.0,21.0,24,14.1,15.3,182,28.4,88,48.0,17.0,0.0,65.0,-4.0,-4.0,-2.0,-3.0,-2.0,-5.0,129.0,4.867534450455582,95.0,4.564348191467836,-0.0348994967025009,-0.9993908270190958,0.0,0.0,0.0,0.0,36.70000000000002,7,60.0,58.0,60.0,59.0,54.0,57.0,0.0
2020-08-01,60.0,58.61904761904762,58.0,60.0,59.0,54.0,57.0,20.0,21,1.1,20.8,167,29.0,85,80.0,36.0,2.0,61.0,-1.0,-2.0,0.0,-2.0,-3.0,-3.0,159.0,5.075173815233827,77.0,4.356708826689592,0.2249510543438652,-0.9743700647852351,0.0,0.0,0.0,0.0,18.200000000000017,8,66.0,61.0,63.0,66.0,57.0,62.0,0.0
2020-08-02,66.0,62.79166666666666,61.0,63.0,66.0,57.0,62.0,26.0,24,1.0,16.5,162,29.2,83,85.0,28.0,2.0,60.0,6.0,3.0,3.0,7.0,3.0,5.0,213.0,5.365976015021851,81.0,4.406719247264253,0.3090169943749475,-0.9510565162951535,0.0,0.0,0.0,0.0,16.200000000000017,8,65.0,60.0,63.0,65.0,56.0,61.0,0.0
2020-08-03,65.0,60.41666666666666,60.0,63.0,65.0,56.0,61.0,25.0,24,0.3,15.1,145,29.7,82,44.0,82.0,8.0,66.0,-1.0,-1.0,0.0,-1.0,-1.0,-1.0,209.0,5.3471075307174685,146.0,4.990432586778736,0.5735764363510459,-0.8191520442889919,0.0,1.0,0.0,4.990432586778736,2.4000000000000177,8,57.0,54.0,57.0,55.0,53.0,53.0,0.0
2020-08-04,57.0,52.875,54.0,57.0,55.0,53.0,53.0,17.0,24,4.9,10.7,172,28.4,88,19.0,21.0,2.0,65.0,-8.0,-6.0,-6.0,-10.0,-3.0,-8.0,148.0,5.003946305945459,131.0,4.882801922586371,0.13917310096006533,-0.9902680687415704,0.0,0.0,0.0,0.0,6.200000000000018,8,43.0,34.0,43.0,39.0,30.0,32.0,0.0
2020-08-05,43.0,37.458333333333336,34.0,43.0,39.0,30.0,32.0,10.0,24,0.9,18.3,163,29.7,84,5.0,15.0,2.0,57.0,-14.0,-20.0,-14.0,-16.0,-23.0,-21.0,68.0,4.23410650459726,118.0,4.77912349311153,0.2923717047227366,-0.9563047559630355,0.0,0.0,0.0,0.0,6.100000000000018,8,49.0,40.0,49.0,45.0,35.0,37.0,0.0
2020-08-06,49.0,44.208333333333336,40.0,49.0,45.0,35.0,37.0,12.0,24,0.1,11.4,154,29.9,86,112.0,37.0,3.0,43.0,6.0,6.0,6.0,6.0,5.0,5.0,136.0,4.919980925828125,73.0,4.30406509320417,0.4383711467890773,-0.898794046299167,0.0,1.0,0.0,4.30406509320417,5.900000000000018,8,54.0,52.0,54.0,53.0,44.0,49.0,0.0
2020-08-07,54.0,52.583333333333336,52.0,54.0,53.0,44.0,49.0,15.0,24,0.6,14.5,152,30.2,86,155.0,161.0,41.0,49.0,5.0,12.0,5.0,8.0,9.0,12.0,272.0,5.60947179518496,213.0,5.365976015021851,0.4694715627858907,-0.882947592858927,0.0,1.0,0.0,5.365976015021851,1.6000000000000179,8,54.0,51.0,54.0,52.0,44.0,50.0,0.0
2020-08-08,54.0,53.333333333333336,51.0,54.0,52.0,44.0,50.0,15.0,24,0.5,16.7,153,30.6,86,177.0,579.0,32.0,54.0,0.0,-1.0,0.0,-1.0,0.0,1.0,444.0,6.09807428216624,777.0,6.656726524178391,0.45399049973954686,-0.8910065241883678,0.0,1.0,0.0,6.656726524178391,1.2000000000000177,8,56.0,53.0,56.0,56.0,47.0,55.0,0.0
2020-08-09,56.0,54.41666666666666,53.0,56.0,56.0,47.0,55.0,17.0,24,3.7,14.2,143,29.6,88,144.0,849.0,37.0,54.0,2.0,2.0,2.0,4.0,3.0,5.0,476.0,6.1675164908883415,1589.0,7.371489295214277,0.6018150231520482,-0.7986355100472929,0.0,1.0,0.0,7.371489295214277,4.800000000000018,8,62.0,58.0,61.0,62.0,56.0,58.0,0.0
2020-08-10,62.0,59.958333333333336,58.0,61.0,62.0,56.0,58.0,21.0,24,1.2,18.1,156,29.8,87,118.0,952.0,11.0,56.0,6.0,5.0,5.0,6.0,9.0,3.0,439.0,6.0867747269123065,2380.0,7.7752758464868625,0.40673664307580043,-0.9135454576426008,0.0,1.0,0.0,7.7752758464868625,5.400000000000018,8,64.0,60.0,64.0,63.0,58.0,60.0,0.0
2020-08-11,64.0,61.5,60.0,64.0,63.0,58.0,60.0,23.0,24,10.3,18.1,163,30.5,85,34.0,561.0,8.0,62.0,2.0,2.0,3.0,1.0,2.0,2.0,296.0,5.6937321388027,2362.0,7.767687277186908,0.2923717047227366,-0.9563047559630355,0.0,0.0,0.0,0.0,15.200000000000019,8,64.0,62.0,64.0,64.0,59.0,61.0,0.0
2020-08-12,64.0,60.958333333333336,62.0,64.0,64.0,59.0,61.0,24.0,24,2.5,13.8,155,29.7,87,85.0,91.0,2.0,64.0,0.0,2.0,0.0,1.0,1.0,1.0,237.0,5.472270673671475,1604.0,7.380879035564116,0.4226182617406995,-0.9063077870366499,0.0,1.0,0.0,7.380879035564116,14.000000000000018,8,56.0,56.0,55.0,55.0,53.0,55.0,0.0
2020-08-13,56.0,55.125,56.0,55.0,55.0,53.0,55.0,17.0,24,5.2,12.4,186,29.1,87,43.0,221.0,3.0,64.0,-8.0,-6.0,-9.0,-9.0,-6.0,-6.0,162.0,5.093750200806762,873.0,6.773080375655535,-0.1045284632676535,-0.9945218953682733,0.0,0.0,0.0,0.0,18.000000000000018,8,54.0,52.0,52.0,54.0,38.0,52.0,0.0
2020-08-14,54.0,49.625,52.0,52.0,54.0,38.0,52.0,15.0,24,12.3,11.6,192,28.4,89,19.0,331.0,0.0,56.0,-2.0,-4.0,-3.0,-1.0,-15.0,-3.0,147.0,4.997212273764115,643.0,6.467698726104354,-0.2079116908177595,-0.9781476007338056,0.0,0.0,0.0,0.0,20.000000000000018,8,58.0,55.0,56.0,58.0,53.0,54.0,0.0
2020-08-15,58.0,56.208333333333336,55.0,56.0,58.0,53.0,54.0,18.0,24,4.6,10.6,150,29.0,86,43.0,120.0,3.0,54.0,4.0,3.0,4.0,4.0,15.0,2.0,105.0,4.663439094112067,672.0,6.511745329644728,0.49999999999999994,-0.8660254037844387,0.0,1.0,0.0,6.511745329644728,22.100000000000016,8,58.0,58.0,54.0,55.0,54.0,55.0,0.0
2020-08-16,58.0,55.208333333333336,58.0,54.0,55.0,54.0,55.0,18.0,24,5.0,13.3,159,28.9,87,38.0,107.0,18.0,58.0,0.0,3.0,-2.0,-3.0,1.0,1.0,100.0,4.61512051684126,558.0,6.326149473155099,0.3583679495453002,-0.9335804264972017,0.0,1.0,0.0,6.326149473155099,21.90000000000002,8,52.0,52.0,48.0,45.0,35.0,46.0,0.0
2020-08-17,52.0,46.79166666666666,52.0,48.0,45.0,35.0,46.0,13.0,24,16.9,13.2,200,28.3,90,37.0,367.0,14.0,58.0,-6.0,-6.0,-6.0,-10.0,-19.0,-9.0,118.0,4.77912349311153,594.0,6.38856140554563,-0.34202014332566866,-0.9396926207859084,1.0,0.0,4.77912349311153,0.0,26.500000000000018,8,52.0,49.0,49.0,52.0,34.0,40.0,0.0
2020-08-18,52.0,49.333333333333336,49.0,49.0,52.0,34.0,40.0,13.0,24,7.6,16.6,186,28.9,87,22.0,71.0,8.0,52.0,0.0,-3.0,1.0,7.0,-1.0,-6.0,97.0,4.584967478670572,545.0,6.302618975744905,-0.1045284632676535,-0.9945218953682733,0.0,0.0,0.0,0.0,29.50000000000002,8,57.0,57.0,51.0,54.0,49.0,51.0,0.0
2020-08-19,57.0,55.0,57.0,51.0,54.0,49.0,51.0,17.0,24,12.6,9.8,172,29.2,87,41.0,136.0,9.0,52.0,5.0,8.0,2.0,2.0,15.0,11.0,100.0,4.61512051684126,574.0,6.354370040797351,0.13917310096006533,-0.9902680687415704,0.0,0.0,0.0,0.0,37.10000000000002,8,57.0,57.0,51.0,52.0,51.0,52.0,0.0
2020-08-20,57.0,54.79166666666666,57.0,51.0,52.0,51.0,52.0,17.0,24,5.2,11.9,126,29.6,86,51.0,189.0,15.0,57.0,0.0,0.0,0.0,-2.0,2.0,1.0,114.0,4.74493212836325,396.0,5.983936280687191,0.8090169943749475,-0.587785252292473,0.0,1.0,0.0,5.983936280687191,25.40000000000002,8,53.0,53.0,52.0,51.0,52.0,51.0,0.0
2020-08-21,53.0,49.958333333333336,53.0,52.0,51.0,52.0,51.0,14.0,24,0.1,17.5,130,30.6,80,62.0,432.0,4.0,57.0,-4.0,-4.0,1.0,-1.0,1.0,-1.0,154.0,5.043425116919247,757.0,6.630683385642372,0.766044443118978,-0.6427876096865394,0.0,1.0,0.0,6.630683385642372,17.90000000000002,8,54.0,52.0,54.0,52.0,48.0,50.0,0.0
2020-08-22,54.0,52.25,52.0,54.0,52.0,48.0,50.0,15.0,24,6.5,13.0,137,29.2,85,59.0,670.0,9.0,53.0,1.0,-1.0,2.0,1.0,-4.0,-1.0,172.0,5.153291594497779,1291.0,7.163946684342547,0.6819983600624985,-0.7313537016191705,0.0,1.0,0.0,7.163946684342547,11.800000000000022,8,59.0,59.0,53.0,56.0,54.0,55.0,0.0
2020-08-23,59.0,56.29166666666666,59.0,53.0,56.0,54.0,55.0,19.0,24,19.1,11.2,145,27.6,91,75.0,173.0,16.0,54.0,5.0,7.0,-1.0,4.0,6.0,5.0,196.0,5.2832037287379885,1275.0,7.151485463904735,0.5735764363510459,-0.8191520442889919,0.0,1.0,0.0,7.151485463904735,25.700000000000024,8,56.0,56.0,51.0,52.0,45.0,52.0,0.0
2020-08-24,56.0,53.75,56.0,51.0,52.0,45.0,52.0,17.0,24,2.5,13.0,110,29.6,87,131.0,295.0,15.0,59.0,-3.0,-3.0,-2.0,-4.0,-9.0,-3.0,265.0,5.583496308781699,1138.0,7.037905963447182,0.9396926207859084,-0.3420201433256687,0.0,1.0,0.0,7.037905963447182,28.100000000000023,8,52.0,52.0,41.0,48.0,42.0,45.0,0.0
2020-08-25,52.0,47.66666666666666,52.0,41.0,48.0,42.0,45.0,13.0,24,5.1,12.8,119,28.4,89,60.0,353.0,47.0,56.0,-4.0,-4.0,-10.0,-4.0,-3.0,-7.0,266.0,5.58724865840025,821.0,6.71174039505618,0.8746197071393959,-0.484809620246337,0.0,1.0,0.0,6.71174039505618,26.700000000000024,8,48.0,44.0,37.0,48.0,45.0,38.0,0.0
2020-08-26,48.0,39.5,44.0,37.0,48.0,45.0,38.0,12.0,24,7.6,13.8,160,28.5,87,63.0,363.0,23.0,52.0,-4.0,-8.0,-4.0,0.0,3.0,-7.0,254.0,5.541263545158426,1011.0,6.919683849847411,0.3420201433256689,-0.9396926207859083,0.0,1.0,0.0,6.919683849847411,15.20000000000002,8,51.0,51.0,44.0,43.0,40.0,40.0,0.0
2020-08-27,51.0,41.583333333333336,51.0,44.0,43.0,40.0,40.0,12.0,24,2.8,13.3,154,28.9,87,132.0,352.0,29.0,48.0,3.0,7.0,7.0,-5.0,-5.0,2.0,255.0,5.545177444479562,1068.0,6.974478911025045,0.4383711467890773,-0.898794046299167,0.0,1.0,0.0,6.974478911025045,15.500000000000021,8,55.0,55.0,53.0,55.0,51.0,53.0,0.0
2020-08-28,55.0,53.333333333333336,55.0,53.0,55.0,51.0,53.0,15.0,24,1.1,17.6,161,29.8,81,122.0,233.0,26.0,51.0,4.0,4.0,9.0,12.0,11.0,13.0,317.0,5.762051382780177,948.0,6.855408798609928,0.3255681544571566,-0.9455185755993168,0.0,0.0,0.0,0.0,11.500000000000021,8,55.0,55.0,54.0,55.0,53.0,54.0,0.0
2020-08-29,55.0,54.04166666666666,55.0,54.0,55.0,53.0,54.0,16.0,24,9.4,15.3,144,28.9,87,73.0,164.0,24.0,55.0,0.0,0.0,1.0,0.0,2.0,1.0,327.0,5.793013608384144,749.0,6.620073206530356,0.5877852522924732,-0.8090169943749473,0.0,1.0,0.0,6.620073206530356,13.300000000000022,8,54.0,53.0,54.0,52.0,54.0,53.0,0.0
2020-08-30,54.0,52.583333333333336,53.0,54.0,52.0,54.0,53.0,15.0,24,5.2,18.2,154,29.8,86,107.0,446.0,47.0,55.0,-1.0,-2.0,0.0,-3.0,1.0,-1.0,302.0,5.713732805509369,843.0,6.738152494595957,0.4383711467890773,-0.898794046299167,0.0,1.0,0.0,6.738152494595957,15.70000000000002,8,51.0,47.0,51.0,51.0,40.0,43.0,0.0
2020-08-31,51.0,45.708333333333336,47.0,51.0,51.0,40.0,43.0,12.0,24,1.6,15.5,148,30.3,84,83.0,110.0,17.0,54.0,-3.0,-6.0,-3.0,-1.0,-14.0,-10.0,263.0,5.575949103146316,720.0,6.580639137284949,0.5299192642332049,-0.848048096156426,0.0,1.0,0.0,6.580639137284949,16.20000000000002,8,53.0,52.0,52.0,53.0,46.0,49.0,0.0
2020-09-01,53.0,52.625,52.0,52.0,53.0,46.0,49.0,14.0,24,15.9,13.4,150,28.9,89,53.0,45.0,9.0,51.0,2.0,5.0,1.0,2.0,6.0,6.0,243.0,5.497168225293202,601.0,6.400257445308821,0.49999999999999994,-0.8660254037844387,0.0,1.0,0.0,6.400257445308821,22.700000000000024,9,53.0,52.0,52.0,53.0,51.0,48.0,0.0
2020-09-02,53.0,52.083333333333336,52.0,52.0,53.0,51.0,48.0,14.0,24,22.5,11.6,133,29.4,89,28.0,68.0,17.0,53.0,0.0,0.0,0.0,0.0,5.0,-1.0,164.0,5.10594547390058,223.0,5.4116460518550396,0.7313537016191706,-0.6819983600624984,0.0,1.0,0.0,5.4116460518550396,40.00000000000003,9,55.0,55.0,49.0,51.0,53.0,53.0,0.0
2020-09-03,55.0,53.458333333333336,55.0,49.0,51.0,53.0,53.0,16.0,24,18.3,9.9,123,27.7,91,4.0,17.0,24.0,53.0,2.0,3.0,-3.0,-2.0,2.0,5.0,85.0,4.454347296253507,130.0,4.875197323201151,0.838670567945424,-0.5446390350150271,0.0,1.0,0.0,4.875197323201151,56.700000000000024,9,55.0,55.0,43.0,49.0,53.0,52.0,0.0
2020-09-04,55.0,44.41666666666666,55.0,43.0,49.0,53.0,52.0,15.0,24,8.0,13.3,162,28.3,89,8.0,69.0,2.0,55.0,0.0,0.0,-6.0,-2.0,0.0,-1.0,40.0,3.713572066704308,154.0,5.043425116919247,0.3090169943749475,-0.9510565162951535,0.0,0.0,0.0,0.0,48.800000000000026,9,57.0,57.0,52.0,54.0,36.0,52.0,0.0
2020-09-05,57.0,53.41666666666666,57.0,52.0,54.0,36.0,52.0,17.0,24,32.4,12.6,207,25.7,93,12.0,109.0,6.0,55.0,2.0,2.0,9.0,5.0,-17.0,0.0,24.0,3.2188758248682006,195.0,5.278114659230517,-0.45399049973954664,-0.8910065241883679,1.0,0.0,3.2188758248682006,0.0,58.700000000000024,9,54.0,54.0,49.0,52.0,34.0,50.0,0.0
2020-09-06,54.0,48.0,54.0,49.0,52.0,34.0,50.0,15.0,24,2.7,14.5,167,29.6,85,20.0,42.0,5.0,57.0,-3.0,-3.0,-3.0,-2.0,-2.0,-2.0,40.0,3.713572066704308,220.0,5.3981627015177525,0.2249510543438652,-0.9743700647852351,0.0,0.0,0.0,0.0,43.10000000000002,9,53.0,53.0,53.0,52.0,46.0,52.0,0.0
2020-09-07,53.0,51.75,53.0,53.0,52.0,46.0,52.0,14.0,24,5.6,16.6,120,30.3,86,37.0,19.0,15.0,54.0,-1.0,-1.0,4.0,0.0,12.0,2.0,69.0,4.248495242049359,170.0,5.14166355650266,0.8660254037844387,-0.4999999999999998,0.0,1.0,0.0,5.14166355650266,40.70000000000002,9,54.0,49.0,54.0,54.0,47.0,53.0,0.0
2020-09-08,54.0,51.875,49.0,54.0,54.0,47.0,53.0,15.0,24,9.6,12.1,134,28.7,90,24.0,107.0,59.0,53.0,1.0,-4.0,1.0,2.0,1.0,1.0,81.0,4.406719247264253,168.0,5.1298987149230735,0.7193398003386511,-0.6946583704589974,0.0,1.0,0.0,5.1298987149230735,17.900000000000027,9,50.0,50.0,47.0,44.0,41.0,43.0,0.0
2020-09-09,50.0,46.79166666666666,50.0,47.0,44.0,41.0,43.0,12.0,24,21.6,10.6,136,29.5,89,16.0,32.0,13.0,54.0,-4.0,1.0,-7.0,-10.0,-6.0,-10.0,77.0,4.356708826689592,158.0,5.0689042022202315,0.6946583704589971,-0.7193398003386513,0.0,1.0,0.0,5.0689042022202315,36.800000000000026,9,53.0,52.0,45.0,41.0,52.0,53.0,0.0
2020-09-10,53.0,51.75,52.0,45.0,41.0,52.0,53.0,14.0,24,26.5,15.6,210,26.4,92,11.0,102.0,10.0,50.0,3.0,2.0,-2.0,-3.0,11.0,10.0,51.0,3.9512437185814275,241.0,5.488937726156687,-0.5000000000000001,-0.8660254037844386,1.0,0.0,3.9512437185814275,0.0,57.70000000000003,9,49.0,49.0,45.0,41.0,45.0,49.0,0.0
2020-09-11,49.0,42.25,49.0,45.0,41.0,45.0,49.0,12.0,24,4.2,14.2,208,28.5,86,14.0,8.0,4.0,53.0,-4.0,-3.0,0.0,0.0,-7.0,-4.0,41.0,3.7376696182833684,142.0,4.962844630259907,-0.46947156278589086,-0.8829475928589269,1.0,0.0,3.7376696182833684,0.0,52.30000000000003,9,50.0,50.0,49.0,41.0,34.0,40.0,0.0
2020-09-12,50.0,46.29166666666666,50.0,49.0,41.0,34.0,40.0,12.0,24,18.4,15.0,186,27.5,90,25.0,40.0,1.0,49.0,1.0,1.0,4.0,0.0,-11.0,-9.0,50.0,3.9318256327243257,150.0,5.017279836814924,-0.1045284632676535,-0.9945218953682733,0.0,0.0,0.0,0.0,49.10000000000002,9,57.0,56.0,57.0,56.0,53.0,54.0,0.0
2020-09-13,57.0,54.708333333333336,56.0,57.0,56.0,53.0,54.0,17.0,24,4.0,13.9,215,27.8,87,50.0,11.0,0.0,50.0,7.0,6.0,8.0,15.0,19.0,14.0,89.0,4.499809670330265,59.0,4.0943445622221,-0.5735764363510462,-0.8191520442889918,1.0,0.0,4.499809670330265,0.0,26.600000000000026,9,58.0,56.0,58.0,56.0,54.0,55.0,0.0
2020-09-14,58.0,56.04166666666666,56.0,58.0,56.0,54.0,55.0,18.0,24,15.7,14.4,156,26.8,91,13.0,12.0,1.0,57.0,1.0,0.0,1.0,0.0,1.0,1.0,88.0,4.48863636973214,63.0,4.1588830833596715,0.40673664307580043,-0.9135454576426008,0.0,1.0,0.0,4.1588830833596715,38.10000000000002,9,57.0,57.0,55.0,55.0,55.0,55.0,0.0
2020-09-15,57.0,55.04166666666666,57.0,55.0,55.0,55.0,55.0,17.0,24,9.2,13.8,171,29.1,88,21.0,94.0,12.0,58.0,-1.0,1.0,-3.0,-1.0,1.0,0.0,84.0,4.442651256490317,117.0,4.770684624465665,0.15643446504023098,-0.9876883405951377,0.0,0.0,0.0,0.0,28.900000000000027,9,57.0,57.0,57.0,56.0,55.0,56.0,0.0
2020-09-16,57.0,54.083333333333336,57.0,57.0,56.0,55.0,56.0,18.0,24,9.6,14.8,186,28.3,88,53.0,342.0,7.0,57.0,0.0,0.0,2.0,1.0,0.0,1.0,87.0,4.477336814478207,448.0,6.1070228877422545,-0.1045284632676535,-0.9945218953682733,0.0,0.0,0.0,0.0,34.50000000000003,9,55.0,55.0,51.0,44.0,49.0,52.0,0.0
2020-09-17,55.0,52.75,55.0,51.0,44.0,49.0,52.0,15.0,24,4.6,16.3,166,29.5,87,46.0,598.0,1.0,57.0,-2.0,-2.0,-6.0,-12.0,-6.0,-4.0,120.0,4.795790545596741,1034.0,6.942156705699469,0.24192189559966773,-0.9702957262759965,0.0,0.0,0.0,0.0,23.400000000000027,9,56.0,52.0,56.0,55.0,47.0,52.0,0.0
2020-09-18,56.0,52.083333333333336,52.0,56.0,55.0,47.0,52.0,16.0,24,2.4,16.8,166,29.3,85,215.0,1238.0,0.0,55.0,1.0,-3.0,5.0,11.0,-2.0,0.0,314.0,5.752572638825633,2178.0,7.68662133494462,0.24192189559966773,-0.9702957262759965,0.0,0.0,0.0,0.0,16.600000000000026,9,58.0,53.0,58.0,55.0,51.0,53.0,0.0
2020-09-19,58.0,54.333333333333336,53.0,58.0,55.0,51.0,53.0,18.0,24,0.4,15.2,183,29.1,85,73.0,339.0,21.0,56.0,2.0,1.0,2.0,0.0,4.0,1.0,334.0,5.814130531825066,2175.0,7.685243607975833,-0.052335956242943564,-0.9986295347545738,0.0,0.0,0.0,0.0,7.400000000000028,9,55.0,52.0,55.0,52.0,47.0,52.0,0.0
2020-09-20,55.0,52.29166666666666,52.0,55.0,52.0,47.0,52.0,16.0,24,13.6,12.7,85,29.2,89,11.0,964.0,2.0,58.0,-3.0,-1.0,-3.0,-3.0,-4.0,-1.0,299.0,5.703782474656201,2541.0,7.8407064517494,0.9961946980917455,0.08715574274765814,0.0,1.0,0.0,7.8407064517494,16.400000000000027,9,54.0,51.0,54.0,51.0,41.0,52.0,0.0
2020-09-21,54.0,47.91666666666666,51.0,54.0,51.0,41.0,52.0,14.0,24,14.6,8.6,180,27.5,91,0.0,399.0,9.0,55.0,-1.0,-1.0,-1.0,-1.0,-6.0,0.0,84.0,4.442651256490317,1702.0,7.440146680662688,1.2246467991473532e-16,-1.0,0.0,0.0,0.0,0.0,28.60000000000003,9,50.0,50.0,33.0,39.0,35.0,44.0,0.0
2020-09-22,50.0,42.125,50.0,33.0,39.0,35.0,44.0,12.0,24,12.2,12.8,179,28.9,89,20.0,157.0,6.0,54.0,-4.0,-1.0,-21.0,-12.0,-6.0,-8.0,31.0,3.4657359027997265,1520.0,7.327123292259293,0.01745240643728344,-0.9998476951563913,0.0,0.0,0.0,0.0,40.40000000000003,9,56.0,55.0,51.0,55.0,55.0,56.0,0.0
2020-09-23,56.0,53.91666666666666,55.0,51.0,55.0,55.0,56.0,16.0,24,1.3,10.8,145,30.2,85,38.0,1.0,17.0,50.0,6.0,5.0,18.0,16.0,20.0,12.0,58.0,4.07753744390572,557.0,6.324358962381311,0.5735764363510459,-0.8191520442889919,0.0,1.0,0.0,6.324358962381311,28.100000000000026,9,54.0,54.0,51.0,53.0,53.0,53.0,0.0
2020-09-24,54.0,51.125,54.0,51.0,53.0,53.0,53.0,15.0,24,3.4,15.3,196,29.1,87,68.0,9.0,9.0,56.0,-2.0,-1.0,0.0,-2.0,-2.0,-3.0,126.0,4.844187086458591,167.0,5.123963979403259,-0.275637355816999,-0.9612616959383189,0.0,0.0,0.0,0.0,16.900000000000027,9,54.0,52.0,54.0,52.0,53.0,52.0,0.0
2020-09-25,54.0,51.04166666666666,52.0,54.0,52.0,53.0,52.0,15.0,24,18.2,11.8,99,30.2,88,18.0,53.0,3.0,54.0,0.0,-2.0,3.0,-1.0,0.0,-1.0,124.0,4.8283137373023015,63.0,4.1588830833596715,0.9876883405951378,-0.1564344650402308,0.0,1.0,0.0,4.1588830833596715,22.900000000000027,9,55.0,53.0,55.0,52.0,53.0,53.0,0.0
2020-09-26,55.0,50.75,53.0,55.0,52.0,53.0,53.0,15.0,24,23.8,16.0,240,27.7,89,6.0,150.0,0.0,54.0,1.0,1.0,1.0,0.0,0.0,1.0,92.0,4.532599493153256,212.0,5.3612921657094255,-0.8660254037844385,-0.5000000000000004,1.0,0.0,4.532599493153256,0.0,45.40000000000003,9,50.0,43.0,50.0,39.0,28.0,40.0,0.0
2020-09-27,50.0,42.458333333333336,43.0,50.0,39.0,28.0,40.0,12.0,24,11.5,16.1,215,27.0,87,7.0,32.0,0.0,55.0,-5.0,-10.0,-5.0,-13.0,-25.0,-13.0,31.0,3.4657359027997265,235.0,5.4638318050256105,-0.5735764363510462,-0.8191520442889918,1.0,0.0,3.4657359027997265,0.0,53.50000000000003,9,53.0,52.0,53.0,50.0,47.0,48.0,0.0
2020-09-28,53.0,51.25,52.0,53.0,50.0,47.0,48.0,14.0,24,7.3,18.7,176,29.7,86,62.0,12.0,6.0,50.0,3.0,9.0,3.0,11.0,19.0,8.0,75.0,4.330733340286331,194.0,5.272999558563747,0.06975647374412552,-0.9975640502598242,0.0,0.0,0.0,0.0,42.60000000000002,9,52.0,52.0,52.0,51.0,46.0,47.0,0.0
2020-09-29,52.0,49.04166666666666,52.0,52.0,51.0,46.0,47.0,13.0,24,10.1,16.3,139,28.6,89,123.0,220.0,8.0,53.0,-1.0,0.0,-1.0,1.0,-1.0,-1.0,192.0,5.262690188904886,264.0,5.579729825986222,0.6560590289905073,-0.754709580222772,0.0,1.0,0.0,5.579729825986222,28.900000000000027,9,48.0,46.0,48.0,43.0,45.0,42.0,0.0
2020-09-30,48.0,44.625,46.0,48.0,43.0,45.0,42.0,12.0,24,10.8,16.0,102,29.5,89,43.0,260.0,6.0,52.0,-4.0,-6.0,-4.0,-8.0,-1.0,-5.0,228.0,5.43372200355424,492.0,6.20050917404269,0.9781476007338057,-0.20791169081775934,0.0,1.0,0.0,6.20050917404269,28.200000000000028,9,54.0,54.0,47.0,43.0,44.0,42.0,0.0
2020-10-01,54.0,51.083333333333336,54.0,47.0,43.0,44.0,42.0,15.0,24,20.1,8.3,227,29.0,90,19.0,476.0,13.0,48.0,6.0,8.0,-1.0,0.0,-1.0,0.0,185.0,5.225746673713202,956.0,6.863803391452954,-0.7313537016191705,-0.6819983600624986,1.0,0.0,5.225746673713202,0.0,41.00000000000003,10,57.0,57.0,47.0,49.0,39.0,52.0,0.0
2020-10-02,57.0,55.41666666666666,57.0,47.0,49.0,39.0,52.0,18.0,24,19.4,12.2,221,28.6,88,4.0,169.0,0.0,54.0,3.0,3.0,0.0,6.0,-5.0,10.0,66.0,4.204692619390966,905.0,6.80903930604298,-0.656059028990507,-0.7547095802227721,1.0,0.0,4.204692619390966,0.0,50.300000000000026,10,53.0,53.0,48.0,47.0,36.0,53.0,0.0
2020-10-03,53.0,43.125,53.0,48.0,47.0,36.0,53.0,14.0,24,13.2,16.9,218,29.7,82,8.0,73.0,0.0,57.0,-4.0,-4.0,1.0,-2.0,-3.0,1.0,31.0,3.4657359027997265,718.0,6.577861357721047,-0.6156614753256582,-0.788010753606722,1.0,0.0,3.4657359027997265,0.0,52.70000000000003,10,54.0,53.0,54.0,53.0,43.0,52.0,0.0
2020-10-04,54.0,42.833333333333336,53.0,54.0,53.0,43.0,52.0,14.0,24,0.1,14.0,197,29.2,82,44.0,38.0,2.0,53.0,1.0,0.0,6.0,6.0,7.0,-1.0,56.0,4.04305126783455,280.0,5.638354669333745,-0.29237170472273677,-0.9563047559630354,0.0,0.0,0.0,0.0,32.700000000000024,10,61.0,60.0,61.0,60.0,55.0,60.0,0.0
2020-10-05,61.0,59.083333333333336,60.0,61.0,60.0,55.0,60.0,21.0,24,1.1,10.9,184,29.8,85,106.0,134.0,12.0,54.0,7.0,7.0,7.0,7.0,12.0,8.0,158.0,5.0689042022202315,245.0,5.5053315359323625,-0.06975647374412527,-0.9975640502598242,0.0,0.0,0.0,0.0,14.400000000000027,10,60.0,59.0,60.0,59.0,56.0,59.0,0.0
2020-10-06,60.0,58.41666666666666,59.0,60.0,59.0,56.0,59.0,20.0,24,2.4,17.3,196,28.9,88,17.0,623.0,5.0,61.0,-1.0,-1.0,-1.0,-1.0,1.0,-1.0,167.0,5.123963979403259,795.0,6.679599185844383,-0.275637355816999,-0.9612616959383189,0.0,0.0,0.0,0.0,3.6000000000000285,10,57.0,57.0,56.0,56.0,56.0,56.0,0.0
2020-10-07,57.0,54.5,57.0,56.0,56.0,56.0,56.0,18.0,24,17.9,13.9,246,29.8,87,46.0,501.0,6.0,60.0,-3.0,-2.0,-4.0,-3.0,0.0,-3.0,169.0,5.135798437050262,1258.0,7.138073034044347,-0.913545457642601,-0.4067366430758001,1.0,0.0,5.135798437050262,0.0,21.400000000000027,10,52.0,40.0,48.0,52.0,36.0,39.0,0.0
2020-10-08,52.0,42.375,40.0,48.0,52.0,36.0,39.0,13.0,24,13.3,15.9,263,28.8,90,9.0,225.0,2.0,57.0,-5.0,-17.0,-8.0,-4.0,-20.0,-17.0,72.0,4.290459441148391,1349.0,7.2078598714324755,-0.9925461516413221,-0.12186934340514717,1.0,0.0,4.290459441148391,0.0,33.60000000000002,10,46.0,43.0,46.0,41.0,29.0,40.0,0.0
2020-10-09,46.0,43.083333333333336,43.0,46.0,41.0,29.0,40.0,11.0,24,8.6,15.5,214,28.4,85,1.0,2.0,0.0,52.0,-6.0,3.0,-2.0,-11.0,-7.0,1.0,56.0,4.04305126783455,728.0,6.591673732008658,-0.5591929034707467,-0.8290375725550417,1.0,0.0,4.04305126783455,0.0,39.800000000000026,10,48.0,47.0,48.0,45.0,31.0,43.0,0.0
2020-10-10,48.0,44.25,47.0,48.0,45.0,31.0,43.0,12.0,24,6.6,12.8,196,27.0,89,6.0,30.0,0.0,46.0,2.0,4.0,2.0,4.0,2.0,3.0,16.0,2.833213344056216,257.0,5.552959584921617,-0.275637355816999,-0.9612616959383189,0.0,0.0,0.0,0.0,28.50000000000003,10,52.0,50.0,52.0,45.0,30.0,51.0,0.0
2020-10-11,52.0,47.333333333333336,50.0,52.0,45.0,30.0,51.0,13.0,24,18.0,14.7,216,28.6,87,5.0,142.0,2.0,48.0,4.0,3.0,4.0,0.0,-1.0,8.0,12.0,2.5649493574615367,174.0,5.1647859739235145,-0.587785252292473,-0.8090169943749475,1.0,0.0,2.5649493574615367,0.0,33.20000000000003,10,40.0,34.0,39.0,40.0,30.0,33.0,0.0
2020-10-12,40.0,34.833333333333336,34.0,39.0,40.0,30.0,33.0,10.0,24,1.7,27.7,176,28.5,82,11.0,34.0,0.0,52.0,-12.0,-16.0,-13.0,-5.0,0.0,-18.0,22.0,3.1354942159291497,206.0,5.332718793265369,0.06975647374412552,-0.9975640502598242,0.0,0.0,0.0,0.0,26.300000000000026,10,51.0,48.0,51.0,49.0,33.0,48.0,0.0
2020-10-13,51.0,40.833333333333336,48.0,51.0,49.0,33.0,48.0,12.0,24,0.1,15.8,204,29.1,79,3.0,136.0,0.0,40.0,11.0,14.0,12.0,9.0,3.0,15.0,19.0,2.995732273553991,312.0,5.746203190540153,-0.4067366430758002,-0.9135454576426009,1.0,0.0,2.995732273553991,0.0,19.80000000000003,10,60.0,56.0,59.0,60.0,53.0,57.0,0.0
2020-10-14,60.0,57.04166666666666,56.0,59.0,60.0,53.0,57.0,20.0,24,5.3,17.3,199,29.4,84,7.0,101.0,0.0,51.0,9.0,8.0,8.0,11.0,20.0,9.0,21.0,3.091042453358316,271.0,5.605802066295998,-0.32556815445715676,-0.9455185755993167,0.0,0.0,0.0,0.0,7.100000000000028,10,59.0,56.0,58.0,59.0,52.0,56.0,0.0
2020-10-15,59.0,54.79166666666666,56.0,58.0,59.0,52.0,56.0,19.0,24,10.4,14.5,198,29.8,84,74.0,1.0,5.0,60.0,-1.0,0.0,-1.0,-1.0,-1.0,-1.0,84.0,4.442651256490317,238.0,5.476463551931511,-0.3090169943749473,-0.9510565162951536,0.0,0.0,0.0,0.0,15.80000000000003,10,61.0,57.0,59.0,61.0,53.0,58.0,0.0
2020-10-16,61.0,60.17391304347826,57.0,59.0,61.0,53.0,58.0,21.0,23,0.3,14.8,184,30.0,81,33.0,5.0,13.0,59.0,2.0,1.0,1.0,2.0,1.0,2.0,114.0,4.74493212836325,107.0,4.68213122712422,-0.06975647374412527,-0.9975640502598242,0.0,0.0,0.0,0.0,16.00000000000003,10,71.0,64.0,69.0,71.0,58.0,64.0,0.0
2020-10-17,71.0,66.16666666666667,64.0,69.0,71.0,58.0,64.0,30.0,24,1.7,14.8,153,30.1,86,65.0,58.0,14.0,61.0,10.0,7.0,10.0,10.0,5.0,6.0,172.0,5.153291594497779,64.0,4.174387269895637,0.45399049973954686,-0.8910065241883678,0.0,1.0,0.0,4.174387269895637,12.400000000000027,10,67.0,62.0,66.0,67.0,57.0,63.0,0.0
2020-10-18,67.0,60.708333333333336,62.0,66.0,67.0,57.0,63.0,26.0,24,3.7,13.6,155,29.7,87,45.0,63.0,13.0,71.0,-4.0,-2.0,-3.0,-4.0,-1.0,-1.0,143.0,4.969813299576001,126.0,4.844187086458591,0.4226182617406995,-0.9063077870366499,0.0,1.0,0.0,4.844187086458591,5.700000000000029,10,84.0,84.0,55.0,54.0,54.0,52.0,0.0
2020-10-19,84.0,56.869565217391305,84.0,55.0,54.0,54.0,52.0,16.0,23,1.5,11.1,159,29.6,85,39.0,8.0,10.0,67.0,17.0,22.0,-11.0,-13.0,-3.0,-11.0,149.0,5.0106352940962555,129.0,4.867534450455582,0.3583679495453002,-0.9335804264972017,0.0,1.0,0.0,4.867534450455582,6.900000000000029,10,58.0,58.0,54.0,53.0,56.0,56.0,0.0
2020-10-20,58.0,55.958333333333336,58.0,54.0,53.0,56.0,56.0,18.0,24,12.6,8.7,71,29.0,89,45.0,36.0,9.0,84.0,-26.0,-26.0,-1.0,-1.0,2.0,4.0,129.0,4.867534450455582,107.0,4.68213122712422,0.9455185755993167,0.32556815445715676,0.0,1.0,0.0,4.68213122712422,17.80000000000003,10,68.0,62.0,61.0,68.0,60.0,64.0,0.0
2020-10-21,68.0,63.29166666666666,62.0,61.0,68.0,60.0,64.0,28.0,24,19.6,10.2,335,30.8,87,18.0,63.0,3.0,58.0,10.0,4.0,7.0,15.0,4.0,8.0,102.0,4.634728988229636,107.0,4.68213122712422,-0.4226182617406992,0.90630778703665,0.0,0.0,0.0,0.0,33.70000000000003,10,67.0,59.0,61.0,67.0,58.0,63.0,0.0
2020-10-22,67.0,58.958333333333336,59.0,61.0,67.0,58.0,63.0,27.0,24,54.8,16.9,282,27.3,90,0.0,152.0,0.0,68.0,-1.0,-3.0,0.0,-1.0,-2.0,-1.0,63.0,4.1588830833596715,251.0,5.529429087511423,-0.9781476007338056,0.20791169081775943,1.0,0.0,4.1588830833596715,0.0,87.00000000000003,10,57.0,51.0,57.0,51.0,30.0,52.0,0.0
2020-10-23,57.0,50.333333333333336,51.0,57.0,51.0,30.0,52.0,17.0,24,21.7,9.4,285,30.9,85,10.0,230.0,1.0,67.0,-10.0,-8.0,-4.0,-16.0,-28.0,-11.0,28.0,3.367295829986474,445.0,6.100318952020064,-0.9659258262890684,0.2588190451025203,1.0,0.0,3.367295829986474,0.0,96.10000000000004,10,61.0,57.0,61.0,60.0,51.0,58.0,0.0
2020-10-24,61.0,59.75,57.0,61.0,60.0,51.0,58.0,21.0,24,21.9,8.8,128,30.0,88,6.0,97.0,3.0,57.0,4.0,6.0,4.0,9.0,21.0,6.0,16.0,2.833213344056216,479.0,6.173786103901937,0.788010753606722,-0.6156614753256583,0.0,1.0,0.0,6.173786103901937,98.40000000000002,10,60.0,56.0,57.0,60.0,48.0,55.0,0.0
2020-10-25,60.0,55.41666666666666,56.0,57.0,60.0,48.0,55.0,20.0,24,7.2,17.1,267,29.4,86,9.0,31.0,0.0,61.0,-1.0,-1.0,-4.0,0.0,-3.0,-3.0,25.0,3.258096538021482,358.0,5.883322388488279,-0.9986295347545738,-0.052335956242944306,1.0,0.0,3.258096538021482,0.0,50.800000000000026,10,55.0,49.0,55.0,52.0,29.0,47.0,0.0
2020-10-26,55.0,52.04166666666666,49.0,55.0,52.0,29.0,47.0,15.0,24,12.4,13.8,265,27.0,91,14.0,27.0,1.0,60.0,-5.0,-7.0,-2.0,-8.0,-19.0,-8.0,29.0,3.4011973816621555,155.0,5.049856007249537,-0.9961946980917455,-0.08715574274765825,1.0,0.0,3.4011973816621555,0.0,41.50000000000003,10,57.0,53.0,57.0,55.0,33.0,51.0,0.0
2020-10-27,57.0,55.583333333333336,53.0,57.0,55.0,33.0,51.0,17.0,24,1.4,15.0,226,29.8,84,39.0,6.0,10.0,55.0,2.0,4.0,2.0,3.0,4.0,4.0,62.0,4.143134726391533,64.0,4.174387269895637,-0.7193398003386512,-0.6946583704589973,1.0,0.0,4.143134726391533,0.0,21.00000000000003,10,65.0,58.0,65.0,61.0,53.0,55.0,0.0
2020-10-28,65.0,61.66666666666666,58.0,65.0,61.0,53.0,55.0,25.0,24,8.4,9.4,162,28.1,90,20.0,34.0,7.0,57.0,8.0,5.0,8.0,6.0,20.0,4.0,73.0,4.30406509320417,67.0,4.219507705176107,0.3090169943749475,-0.9510565162951535,0.0,0.0,0.0,0.0,22.20000000000003,10,65.0,58.0,65.0,61.0,52.0,55.0,0.0
2020-10-29,65.0,58.958333333333336,58.0,65.0,61.0,52.0,55.0,24.0,24,19.0,11.9,151,29.2,90,21.0,56.0,17.0,65.0,0.0,0.0,0.0,0.0,-1.0,0.0,80.0,4.394449154672439,96.0,4.574710978503383,0.48480962024633717,-0.8746197071393957,0.0,1.0,0.0,4.574710978503383,28.80000000000003,10,55.0,53.0,55.0,52.0,49.0,52.0,0.0
2020-10-30,55.0,54.29166666666666,53.0,55.0,52.0,49.0,52.0,16.0,24,12.1,9.8,126,29.9,90,28.0,125.0,18.0,65.0,-10.0,-5.0,-10.0,-9.0,-3.0,-3.0,69.0,4.248495242049359,215.0,5.375278407684165,0.8090169943749475,-0.587785252292473,0.0,1.0,0.0,5.375278407684165,39.50000000000003,10,55.0,53.0,55.0,50.0,47.0,52.0,0.0
2020-10-31,55.0,53.0,53.0,55.0,50.0,47.0,52.0,16.0,24,17.0,8.8,337,29.5,88,38.0,12.0,2.0,55.0,0.0,0.0,0.0,-2.0,-2.0,0.0,87.0,4.477336814478207,193.0,5.267858159063328,-0.3907311284892739,0.9205048534524403,0.0,0.0,0.0,0.0,48.10000000000002,10,57.0,52.0,57.0,53.0,53.0,53.0,0.0
2020-11-01,57.0,54.66666666666666,52.0,57.0,53.0,53.0,53.0,17.0,24,10.9,15.6,282,29.3,89,8.0,15.0,4.0,55.0,2.0,-1.0,2.0,3.0,6.0,1.0,74.0,4.31748811353631,152.0,5.030437921392435,-0.9781476007338056,0.20791169081775943,1.0,0.0,4.31748811353631,0.0,40.00000000000003,11,55.0,51.0,54.0,55.0,43.0,51.0,0.0
2020-11-02,55.0,54.375,51.0,54.0,55.0,43.0,51.0,16.0,24,16.4,9.8,333,29.3,90,2.0,6.0,4.0,57.0,-2.0,-1.0,-3.0,2.0,-10.0,-2.0,48.0,3.8918202981106265,33.0,3.5263605246161616,-0.45399049973954697,0.8910065241883678,0.0,0.0,0.0,0.0,44.300000000000026,11,55.0,52.0,53.0,55.0,40.0,52.0,0.0
2020-11-03,55.0,54.04166666666666,52.0,53.0,55.0,40.0,52.0,16.0,24,13.3,8.8,228,28.2,92,8.0,29.0,0.0,55.0,0.0,1.0,-1.0,0.0,-3.0,1.0,18.0,2.9444389791664403,50.0,3.9318256327243257,-0.7431448254773944,-0.6691306063588581,1.0,0.0,2.9444389791664403,0.0,40.60000000000002,11,53.0,52.0,53.0,52.0,48.0,52.0,0.0
2020-11-04,53.0,52.333333333333336,52.0,53.0,52.0,48.0,52.0,14.0,24,8.1,7.6,313,27.0,91,12.0,37.0,0.0,55.0,-2.0,0.0,0.0,-3.0,8.0,0.0,22.0,3.1354942159291497,72.0,4.290459441148391,-0.7313537016191703,0.6819983600624986,0.0,0.0,0.0,0.0,37.800000000000026,11,58.0,56.0,58.0,55.0,52.0,55.0,0.0
2020-11-05,58.0,55.833333333333336,56.0,58.0,55.0,52.0,55.0,18.0,24,0.8,9.3,119,29.8,85,3.0,62.0,7.0,53.0,5.0,4.0,5.0,3.0,4.0,3.0,23.0,3.1780538303479458,128.0,4.859812404361672,0.8746197071393959,-0.484809620246337,0.0,1.0,0.0,4.859812404361672,22.200000000000028,11,56.0,55.0,56.0,53.0,53.0,55.0,0.0
2020-11-06,56.0,54.625,55.0,56.0,53.0,53.0,55.0,16.0,24,5.4,12.0,171,29.6,86,6.0,25.0,8.0,58.0,-2.0,-1.0,-2.0,-2.0,1.0,0.0,21.0,3.091042453358316,124.0,4.8283137373023015,0.15643446504023098,-0.9876883405951377,0.0,0.0,0.0,0.0,14.30000000000003,11,54.0,54.0,54.0,43.0,45.0,47.0,0.0
2020-11-07,54.0,53.54166666666666,54.0,54.0,43.0,45.0,47.0,15.0,24,37.5,12.1,265,26.6,93,7.0,23.0,5.0,56.0,-2.0,-1.0,-2.0,-10.0,-8.0,-8.0,16.0,2.833213344056216,110.0,4.709530201312334,-0.9961946980917455,-0.08715574274765825,1.0,0.0,2.833213344056216,0.0,43.70000000000003,11,57.0,53.0,57.0,54.0,35.0,53.0,0.0
2020-11-08,57.0,55.54166666666666,53.0,57.0,54.0,35.0,53.0,17.0,24,11.1,10.5,289,28.6,89,10.0,38.0,6.0,54.0,3.0,-1.0,3.0,11.0,-10.0,6.0,23.0,3.1780538303479458,86.0,4.465908118654584,-0.945518575599317,0.3255681544571563,1.0,0.0,3.1780538303479458,0.0,54.000000000000036,11,60.0,53.0,60.0,55.0,33.0,54.0,0.0
2020-11-09,60.0,58.125,53.0,60.0,55.0,33.0,54.0,20.0,24,17.0,11.2,301,27.1,91,13.0,53.0,12.0,57.0,3.0,0.0,3.0,1.0,-2.0,1.0,30.0,3.4339872044851463,114.0,4.74493212836325,-0.8571673007021123,0.5150380749100542,0.0,0.0,0.0,0.0,65.60000000000002,11,59.0,53.0,59.0,55.0,39.0,53.0,0.0
2020-11-10,59.0,56.375,53.0,59.0,55.0,39.0,53.0,19.0,24,9.8,9.7,247,27.5,91,25.0,58.0,6.0,60.0,-1.0,0.0,-1.0,0.0,6.0,-1.0,48.0,3.8918202981106265,149.0,5.0106352940962555,-0.9205048534524403,-0.3907311284892738,1.0,0.0,3.8918202981106265,0.0,37.900000000000034,11,63.0,58.0,60.0,63.0,53.0,61.0,0.0
2020-11-11,63.0,59.29166666666666,58.0,60.0,63.0,53.0,61.0,22.0,24,0.2,14.7,141,30.3,84,31.0,94.0,5.0,59.0,4.0,5.0,1.0,8.0,14.0,8.0,69.0,4.248495242049359,205.0,5.327876168789581,0.6293203910498374,-0.7771459614569709,0.0,1.0,0.0,5.327876168789581,27.00000000000003,11,59.0,56.0,59.0,59.0,53.0,57.0,0.0
2020-11-12,59.0,52.04166666666666,56.0,59.0,59.0,53.0,57.0,19.0,24,0.8,15.6,99,30.6,82,73.0,218.0,4.0,63.0,-4.0,-2.0,-1.0,-4.0,0.0,-4.0,129.0,4.867534450455582,370.0,5.916202062607435,0.9876883405951378,-0.1564344650402308,0.0,1.0,0.0,5.916202062607435,10.80000000000003,11,53.0,52.0,53.0,43.0,42.0,51.0,0.0
2020-11-13,53.0,50.458333333333336,52.0,53.0,43.0,42.0,51.0,14.0,24,1.9,13.8,37,30.2,88,27.0,243.0,16.0,59.0,-6.0,-4.0,-6.0,-16.0,-11.0,-6.0,131.0,4.882801922586371,555.0,6.320768294250582,0.6018150231520483,0.7986355100472928,0.0,0.0,0.0,0.0,2.9000000000000283,11,55.0,51.0,55.0,53.0,42.0,52.0,0.0
2020-11-14,55.0,54.66666666666666,51.0,55.0,53.0,42.0,52.0,16.0,24,15.8,15.5,48,30.2,89,22.0,83.0,15.0,53.0,2.0,-1.0,2.0,10.0,0.0,1.0,122.0,4.812184355372417,544.0,6.300785794663244,0.7431448254773942,0.6691306063588582,0.0,0.0,0.0,0.0,18.50000000000003,11,56.0,48.0,56.0,53.0,40.0,48.0,0.0
2020-11-15,56.0,54.66666666666666,48.0,56.0,53.0,40.0,48.0,16.0,24,25.3,14.3,61,29.3,91,23.0,61.0,9.0,55.0,1.0,-3.0,1.0,0.0,-2.0,-4.0,72.0,4.290459441148391,387.0,5.961005339623274,0.8746197071393957,0.4848096202463371,0.0,0.0,0.0,0.0,43.00000000000003,11,52.0,37.0,52.0,41.0,39.0,50.0,0.0
2020-11-16,52.0,47.29166666666666,37.0,52.0,41.0,39.0,50.0,13.0,24,4.7,14.7,39,29.7,89,13.0,38.0,11.0,56.0,-4.0,-11.0,-4.0,-12.0,-1.0,2.0,58.0,4.07753744390572,182.0,5.209486152841421,0.6293203910498374,0.7771459614569709,0.0,0.0,0.0,0.0,45.80000000000003,11,53.0,37.0,53.0,41.0,32.0,52.0,0.0
2020-11-17,53.0,52.208333333333336,37.0,53.0,41.0,32.0,52.0,14.0,24,17.5,12.2,65,29.6,90,11.0,23.0,3.0,52.0,1.0,0.0,1.0,0.0,-7.0,2.0,47.0,3.871201010907891,122.0,4.812184355372417,0.9063077870366499,0.42261826174069944,0.0,0.0,0.0,0.0,47.50000000000003,11,57.0,56.0,57.0,54.0,36.0,55.0,0.0
2020-11-18,57.0,54.083333333333336,56.0,57.0,54.0,36.0,55.0,17.0,24,2.5,11.3,325,30.2,87,28.0,42.0,8.0,53.0,4.0,19.0,4.0,13.0,4.0,3.0,52.0,3.970291913552122,103.0,4.6443908991413725,-0.5735764363510465,0.8191520442889916,0.0,0.0,0.0,0.0,24.700000000000028,11,58.0,57.0,58.0,55.0,49.0,57.0,0.0
2020-11-19,58.0,56.583333333333336,57.0,58.0,55.0,49.0,57.0,18.0,24,13.0,8.2,31,29.7,88,15.0,10.0,12.0,57.0,1.0,1.0,1.0,1.0,13.0,2.0,54.0,4.007333185232471,75.0,4.330733340286331,0.5150380749100542,0.8571673007021123,0.0,0.0,0.0,0.0,33.00000000000003,11,55.0,53.0,55.0,53.0,37.0,54.0,0.0
2020-11-20,55.0,53.875,53.0,55.0,53.0,37.0,54.0,15.0,24,13.1,7.1,329,30.1,89,10.0,25.0,4.0,58.0,-3.0,-4.0,-3.0,-2.0,-12.0,-3.0,53.0,3.9889840465642745,77.0,4.356708826689592,-0.5150380749100545,0.8571673007021121,0.0,0.0,0.0,0.0,28.60000000000003,11,56.0,54.0,56.0,55.0,37.0,52.0,0.0
2020-11-21,56.0,54.8,54.0,56.0,55.0,37.0,52.0,16.0,10,29.1,8.7,330,28.1,92,8.0,23.0,0.0,55.0,1.0,1.0,1.0,2.0,0.0,-2.0,33.0,3.5263605246161616,58.0,4.07753744390572,-0.5000000000000004,0.8660254037844384,0.0,0.0,0.0,0.0,55.20000000000003,11,42.0,42.0,33.0,36.0,21.0,37.0,0.0
2020-11-22,42.0,42.0,42.0,33.0,36.0,21.0,37.0,10.0,5,22.6,11.2,306,28.3,90,1.0,20.0,5.0,56.0,-14.0,-12.0,-23.0,-19.0,-16.0,-15.0,19.0,2.995732273553991,68.0,4.23410650459726,-0.8090169943749476,0.5877852522924729,0.0,0.0,0.0,0.0,64.80000000000004,11,42.0,42.0,40.0,38.0,22.0,37.0,0.0
2020-11-23,42.0,39.125,42.0,40.0,38.0,22.0,37.0,10.0,24,17.1,10.5,325,28.0,92,0.0,5.0,0.0,42.0,0.0,0.0,7.0,2.0,1.0,0.0,9.0,2.302585092994046,48.0,3.8918202981106265,-0.5735764363510465,0.8191520442889916,0.0,0.0,0.0,0.0,68.80000000000004,11,53.0,52.0,53.0,53.0,32.0,52.0,0.0
2020-11-24,53.0,49.26086956521739,52.0,53.0,53.0,32.0,52.0,14.0,23,9.6,10.4,307,26.6,92,1.0,13.0,5.0,42.0,11.0,10.0,13.0,15.0,10.0,15.0,2.0,1.0986122886681098,38.0,3.6635616461296463,-0.798635510047293,0.6018150231520479,0.0,0.0,0.0,0.0,49.30000000000003,11,54.0,50.0,54.0,52.0,32.0,51.0,0.0
2020-11-25,54.0,53.29166666666666,50.0,54.0,52.0,32.0,51.0,15.0,24,6.9,9.0,355,27.4,93,7.0,9.0,1.0,53.0,1.0,-2.0,1.0,-1.0,0.0,-1.0,8.0,2.1972245773362196,27.0,3.332204510175204,-0.08715574274765832,0.9961946980917455,0.0,0.0,0.0,0.0,33.60000000000003,11,54.0,46.0,54.0,53.0,32.0,42.0,0.0
2020-11-26,54.0,52.91666666666666,46.0,54.0,53.0,32.0,42.0,15.0,24,15.9,8.0,319,27.0,93,1.0,7.0,0.0,54.0,0.0,-4.0,0.0,1.0,0.0,-9.0,9.0,2.302585092994046,29.0,3.4011973816621555,-0.6560590289905074,0.7547095802227719,0.0,0.0,0.0,0.0,32.40000000000003,11,59.0,44.0,59.0,54.0,42.0,42.0,0.0
2020-11-27,59.0,56.66666666666666,44.0,59.0,54.0,42.0,42.0,19.0,24,19.9,12.1,59,28.3,92,2.0,5.0,1.0,54.0,5.0,-2.0,5.0,1.0,10.0,0.0,10.0,2.3978952727983707,21.0,3.091042453358316,0.8571673007021123,0.5150380749100542,0.0,0.0,0.0,0.0,42.700000000000024,11,55.0,44.0,55.0,47.0,39.0,39.0,0.0
2020-11-28,55.0,49.54166666666666,44.0,55.0,47.0,39.0,39.0,16.0,24,3.8,6.5,339,28.6,88,3.0,4.0,1.0,59.0,-4.0,0.0,-4.0,-7.0,-3.0,-3.0,6.0,1.9459101490553132,16.0,2.833213344056216,-0.35836794954530077,0.9335804264972015,0.0,0.0,0.0,0.0,39.60000000000002,11,53.0,50.0,53.0,49.0,25.0,39.0,0.0
2020-11-29,53.0,52.083333333333336,50.0,53.0,49.0,25.0,39.0,14.0,24,5.5,14.2,337,29.2,89,1.0,3.0,14.0,55.0,-2.0,6.0,-2.0,2.0,-14.0,0.0,6.0,1.9459101490553132,12.0,2.5649493574615367,-0.3907311284892739,0.9205048534524403,0.0,0.0,0.0,0.0,29.200000000000028,11,55.0,52.0,55.0,49.0,37.0,45.0,0.0
2020-11-30,55.0,53.29166666666666,52.0,55.0,49.0,37.0,45.0,16.0,24,18.2,15.9,325,29.4,90,21.0,9.0,2.0,53.0,2.0,2.0,2.0,0.0,12.0,6.0,25.0,3.258096538021482,16.0,2.833213344056216,-0.5735764363510465,0.8191520442889916,0.0,0.0,0.0,0.0,27.50000000000003,11,55.0,53.0,55.0,55.0,47.0,53.0,0.0
2020-12-01,55.0,54.625,53.0,55.0,55.0,47.0,53.0,16.0,24,6.1,11.2,306,30.2,87,57.0,13.0,2.0,55.0,0.0,1.0,0.0,6.0,10.0,8.0,79.0,4.382026634673881,25.0,3.258096538021482,-0.8090169943749476,0.5877852522924729,0.0,0.0,0.0,0.0,29.800000000000026,12,59.0,53.0,59.0,58.0,39.0,53.0,0.0
2020-12-02,59.0,57.54166666666666,53.0,59.0,58.0,39.0,53.0,19.0,24,2.5,9.3,358,30.1,90,72.0,34.0,0.0,55.0,4.0,0.0,4.0,3.0,-8.0,0.0,150.0,5.017279836814924,56.0,4.04305126783455,-0.034899496702500823,0.9993908270190958,0.0,0.0,0.0,0.0,26.800000000000026,12,56.0,55.0,56.0,56.0,47.0,52.0,0.0
2020-12-03,56.0,54.47368421052632,55.0,56.0,56.0,47.0,52.0,17.0,19,12.9,12.6,356,30.0,90,20.0,39.0,2.0,59.0,-3.0,2.0,-3.0,-2.0,8.0,-1.0,149.0,5.0106352940962555,86.0,4.465908118654584,-0.06975647374412564,0.9975640502598242,0.0,0.0,0.0,0.0,21.50000000000003,12,,,,,,,
2020-12-04,,,,,,,,,0,17.0,15.2,4,28.9,91,50.0,33.0,2.0,56.0,,,,,,,142.0,4.962844630259907,106.0,4.672828834461906,0.0697564737441253,0.9975640502598242,0.0,0.0,0.0,0.0,32.40000000000003,12,,,,,,,
2020-12-05,,,,,,,,,0,7.4,19.9,13,28.3,87,3.0,23.0,16.0,,,,,,,,73.0,4.30406509320417,95.0,4.564348191467836,0.224951054343865,0.9743700647852352,0.0,0.0,0.0,0.0,37.300000000000026,12,58.0,48.0,58.0,48.0,36.0,48.0,0.0
2020-12-06,58.0,57.3,48.0,58.0,48.0,36.0,48.0,18.0,10,0.5,20.2,10,30.3,81,10.0,27.0,9.0,,,,,,,,63.0,4.1588830833596715,83.0,4.430816798843313,0.17364817766693033,0.984807753012208,0.0,0.0,0.0,0.0,24.900000000000027,12,57.0,53.0,57.0,53.0,52.0,51.0,0.0
2020-12-07,57.0,56.18181818181818,53.0,57.0,53.0,52.0,51.0,18.0,22,5.9,21.3,2,30.2,83,13.0,25.0,2.0,58.0,-1.0,5.0,-1.0,5.0,16.0,3.0,26.0,3.295836866004329,75.0,4.330733340286331,0.03489949670250097,0.9993908270190958,0.0,0.0,0.0,0.0,13.80000000000003,12,56.0,53.0,56.0,52.0,51.0,52.0,0.0
2020-12-08,56.0,55.708333333333336,53.0,56.0,52.0,51.0,52.0,17.0,24,4.2,18.0,349,29.9,87,83.0,29.0,3.0,57.0,-1.0,0.0,-1.0,-1.0,-1.0,1.0,106.0,4.672828834461906,81.0,4.406719247264253,-0.19080899537654467,0.981627183447664,0.0,0.0,0.0,0.0,10.60000000000003,12,54.0,44.0,54.0,48.0,36.0,43.0,0.0
2020-12-09,54.0,49.04166666666666,44.0,54.0,48.0,36.0,43.0,15.0,24,6.4,14.7,349,29.6,89,9.0,13.0,11.0,56.0,-2.0,-9.0,-2.0,-4.0,-15.0,-9.0,105.0,4.663439094112067,67.0,4.219507705176107,-0.19080899537654467,0.981627183447664,0.0,0.0,0.0,0.0,16.50000000000003,12,59.0,51.0,55.0,57.0,59.0,51.0,0.0
2020-12-10,59.0,53.875,51.0,55.0,57.0,59.0,51.0,19.0,24,7.3,16.3,333,29.9,88,4.0,52.0,11.0,54.0,5.0,7.0,1.0,9.0,23.0,8.0,96.0,4.574710978503383,94.0,4.553876891600541,-0.45399049973954697,0.8910065241883678,0.0,0.0,0.0,0.0,17.900000000000027,12,58.0,48.0,54.0,58.0,52.0,47.0,0.0
2020-12-11,58.0,55.208333333333336,48.0,54.0,58.0,52.0,47.0,18.0,24,5.4,14.9,336,30.0,87,6.0,12.0,4.0,59.0,-1.0,-3.0,-1.0,1.0,-7.0,-4.0,19.0,2.995732273553991,77.0,4.356708826689592,-0.40673664307580015,0.913545457642601,0.0,0.0,0.0,0.0,19.10000000000003,12,58.0,53.0,55.0,58.0,41.0,49.0,0.0
2020-12-12,58.0,56.25,53.0,55.0,58.0,41.0,49.0,18.0,24,20.2,14.8,338,29.5,89,4.0,15.0,0.0,58.0,0.0,5.0,1.0,0.0,-11.0,2.0,14.0,2.70805020110221,79.0,4.382026634673881,-0.37460659341591235,0.9271838545667873,0.0,0.0,0.0,0.0,32.90000000000003,12,55.0,49.0,53.0,55.0,34.0,44.0,0.0
2020-12-13,55.0,49.625,49.0,53.0,55.0,34.0,44.0,16.0,24,13.2,15.0,323,30.0,87,8.0,18.0,4.0,58.0,-3.0,-4.0,-2.0,-3.0,-7.0,-5.0,18.0,2.9444389791664403,45.0,3.828641396489095,-0.6018150231520483,0.7986355100472928,0.0,0.0,0.0,0.0,38.800000000000026,12,54.0,40.0,53.0,54.0,37.0,48.0,0.0
2020-12-14,54.0,52.958333333333336,40.0,53.0,54.0,37.0,48.0,15.0,24,26.5,10.8,1,28.9,90,5.0,17.0,4.0,55.0,-1.0,-9.0,0.0,-1.0,3.0,4.0,17.0,2.8903717578961645,50.0,3.9318256327243257,0.01745240643728351,0.9998476951563913,0.0,0.0,0.0,0.0,59.90000000000002,12,54.0,35.0,44.0,54.0,31.0,39.0,0.0
2020-12-15,54.0,52.25,35.0,44.0,54.0,31.0,39.0,14.0,24,24.7,11.4,353,28.5,90,0.0,11.0,12.0,54.0,0.0,-5.0,-9.0,0.0,-6.0,-9.0,13.0,2.6390573296152584,46.0,3.8501476017100584,-0.12186934340514723,0.9925461516413221,0.0,0.0,0.0,0.0,64.40000000000003,12,55.0,48.0,53.0,55.0,26.0,37.0,0.0
2020-12-16,55.0,54.0,48.0,53.0,55.0,26.0,37.0,16.0,24,20.0,12.6,348,27.7,91,2.0,11.0,3.0,54.0,1.0,13.0,9.0,1.0,-5.0,-2.0,7.0,2.0794415416798357,39.0,3.6888794541139363,-0.20791169081775987,0.9781476007338056,0.0,0.0,0.0,0.0,71.20000000000002,12,54.0,44.0,54.0,54.0,28.0,43.0,0.0
2020-12-17,54.0,53.1578947368421,44.0,54.0,54.0,28.0,43.0,15.0,19,6.4,15.3,332,27.8,91,2.0,9.0,0.0,55.0,-1.0,-4.0,1.0,-1.0,2.0,6.0,4.0,1.6094379124341003,31.0,3.4657359027997265,-0.4694715627858908,0.882947592858927,0.0,0.0,0.0,0.0,51.10000000000002,12,53.0,35.0,48.0,53.0,27.0,39.0,0.0
2020-12-18,53.0,51.0,35.0,48.0,53.0,27.0,39.0,13.0,2,14.3,11.0,328,25.8,93,0.0,0.0,0.0,54.0,-1.0,-9.0,-6.0,-1.0,-1.0,-4.0,4.0,1.6094379124341003,20.0,3.044522437723423,-0.529919264233205,0.8480480961564258,0.0,0.0,0.0,0.0,40.70000000000003,12,46.0,33.0,46.0,43.0,25.0,30.0,0.0
2020-12-19,46.0,43.55555555555556,33.0,46.0,43.0,25.0,30.0,11.0,9,3.0,13.5,330,27.1,91,0.0,2.0,0.0,53.0,-7.0,-2.0,-2.0,-10.0,-2.0,-9.0,2.0,1.0986122886681098,11.0,2.4849066497880004,-0.5000000000000004,0.8660254037844384,0.0,0.0,0.0,0.0,23.70000000000003,12,52.0,41.0,52.0,52.0,30.0,37.0,0.0
2020-12-20,52.0,50.65217391304348,41.0,52.0,52.0,30.0,37.0,13.0,23,15.6,14.8,356,28.7,89,8.0,5.0,1.0,46.0,6.0,8.0,6.0,9.0,5.0,7.0,8.0,2.1972245773362196,7.0,2.0794415416798357,-0.06975647374412564,0.9975640502598242,0.0,0.0,0.0,0.0,32.900000000000034,12,55.0,43.0,53.0,55.0,32.0,39.0,0.0
2020-12-21,55.0,53.875,43.0,53.0,55.0,32.0,39.0,16.0,24,12.8,15.3,353,28.9,89,12.0,6.0,16.0,52.0,3.0,2.0,1.0,3.0,2.0,2.0,20.0,3.044522437723423,13.0,2.6390573296152584,-0.12186934340514723,0.9925461516413221,0.0,0.0,0.0,0.0,31.400000000000027,12,58.0,50.0,58.0,55.0,38.0,47.0,0.0
2020-12-22,58.0,56.26086956521739,50.0,58.0,55.0,38.0,47.0,18.0,23,3.1,16.3,3,30.0,84,20.0,5.0,3.0,55.0,3.0,7.0,5.0,0.0,6.0,8.0,40.0,3.713572066704308,16.0,2.833213344056216,0.052335956242943835,0.9986295347545738,0.0,0.0,0.0,0.0,31.50000000000003,12,59.0,53.0,59.0,59.0,53.0,52.0,0.0
2020-12-23,59.0,57.44444444444444,53.0,59.0,59.0,53.0,52.0,19.0,18,5.8,10.9,335,29.4,88,19.0,4.0,15.0,58.0,1.0,3.0,1.0,4.0,15.0,5.0,51.0,3.9512437185814275,15.0,2.772588722239781,-0.4226182617406992,0.90630778703665,0.0,0.0,0.0,0.0,21.70000000000003,12,59.0,53.0,57.0,59.0,51.0,52.0,0.0
2020-12-24,59.0,57.6,53.0,57.0,59.0,51.0,52.0,20.0,5,35.7,12.0,314,26.6,93,5.0,12.0,3.0,59.0,0.0,0.0,-2.0,0.0,-2.0,0.0,44.0,3.8066624897703196,21.0,3.091042453358316,-0.7193398003386511,0.6946583704589973,0.0,0.0,0.0,0.0,44.60000000000004,12,60.0,60.0,58.0,59.0,53.0,58.0,0.0
2020-12-25,60.0,58.333333333333336,60.0,58.0,59.0,53.0,58.0,19.0,6,1.9,11.7,64,29.8,87,4.0,7.0,10.0,59.0,1.0,7.0,1.0,0.0,2.0,6.0,28.0,3.367295829986474,23.0,3.1780538303479458,0.898794046299167,0.43837114678907746,0.0,0.0,0.0,0.0,43.400000000000034,12,,,,,,,
2020-12-26,,,,,,,,,0,25.8,12.3,41,29.7,88,4.0,8.0,5.0,60.0,,,,,,,13.0,2.6390573296152584,27.0,3.332204510175204,0.6560590289905073,0.754709580222772,0.0,0.0,0.0,0.0,63.400000000000034,12,,,,,,,
2020-12-27,,,,,,,,,0,17.2,10.3,14,29.8,87,9.0,10.0,15.0,,,,,,,,17.0,2.8903717578961645,25.0,3.258096538021482,0.24192189559966773,0.9702957262759965,0.0,0.0,0.0,0.0,44.900000000000034,12,55.0,34.0,55.0,48.0,25.0,35.0,0.0
2020-12-28,55.0,55.0,34.0,55.0,48.0,25.0,35.0,16.0,4,8.0,16.9,16,29.1,88,3.0,20.0,6.0,,,,,,,,16.0,2.833213344056216,38.0,3.6635616461296463,0.27563735581699916,0.9612616959383189,0.0,0.0,0.0,0.0,51.000000000000036,12,56.0,47.0,56.0,53.0,32.0,38.0,0.0
2020-12-29,56.0,54.91666666666666,47.0,56.0,53.0,32.0,38.0,17.0,24,3.3,12.7,343,29.2,87,2.0,4.0,15.0,55.0,1.0,13.0,1.0,5.0,7.0,3.0,14.0,2.70805020110221,34.0,3.5553480614894135,-0.29237170472273716,0.9563047559630353,0.0,0.0,0.0,0.0,28.500000000000036,12,55.0,48.0,54.0,55.0,45.0,38.0,0.0
2020-12-30,55.0,53.875,48.0,54.0,55.0,45.0,38.0,16.0,24,5.6,13.0,13,29.5,86,6.0,0.0,22.0,56.0,-1.0,1.0,-2.0,2.0,13.0,0.0,11.0,2.4849066497880004,24.0,3.2188758248682006,0.224951054343865,0.9743700647852352,0.0,0.0,0.0,0.0,16.900000000000034,12,56.0,52.0,55.0,56.0,40.0,49.0,0.0
2020-12-31,56.0,54.16666666666666,52.0,55.0,56.0,40.0,49.0,16.0,24,10.9,12.0,6,28.9,86,2.0,8.0,3.0,55.0,1.0,4.0,1.0,1.0,-5.0,11.0,10.0,2.3978952727983707,12.0,2.5649493574615367,0.10452846326765347,0.9945218953682733,0.0,0.0,0.0,0.0,19.800000000000036,12,55.0,52.0,55.0,55.0,37.0,50.0,0.0
2021-01-01,55.0,53.75,52.0,55.0,55.0,37.0,50.0,16.0,8,35.9,16.3,4,25.9,93,1.0,6.0,0.0,56.0,-1.0,0.0,0.0,-1.0,-3.0,1.0,9.0,2.302585092994046,14.0,2.70805020110221,0.0697564737441253,0.9975640502598242,0.0,0.0,0.0,0.0,52.400000000000034,1,,,,,,,
2021-01-02,,,,,,,,,0,78.6,21.8,338,24.2,94,1.0,5.0,0.0,55.0,,,,,,,4.0,1.6094379124341003,19.0,2.995732273553991,-0.37460659341591235,0.9271838545667873,0.0,0.0,0.0,0.0,125.40000000000003,1,,,,,,,
2021-01-03,,,,,,,,,0,8.4,13.1,334,27.2,92,1.0,6.0,0.0,,,,,,,,3.0,1.3862943611198906,17.0,2.8903717578961645,-0.4383711467890778,0.8987940462991668,0.0,0.0,0.0,0.0,122.90000000000003,1,,,,,,,
2021-01-04,,,,,,,,,0,3.5,17.3,351,27.4,89,1.0,2.0,2.0,,,,,,,,3.0,1.3862943611198906,13.0,2.6390573296152584,-0.1564344650402311,0.9876883405951377,0.0,0.0,0.0,0.0,90.50000000000004,1,37.0,28.0,37.0,35.0,18.0,30.0,0.0
2021-01-05,37.0,37.0,28.0,37.0,35.0,18.0,30.0,9.0,4,5.1,17.9,360,30.0,89,11.0,6.0,4.0,,,,,,,,13.0,2.6390573296152584,14.0,2.70805020110221,-2.4492935982947064e-16,1.0,0.0,0.0,0.0,0.0,17.000000000000043,1,46.0,29.0,46.0,35.0,26.0,29.0,0.0
2021-01-06,46.0,43.54166666666666,29.0,46.0,35.0,26.0,29.0,11.0,24,9.2,16.6,347,27.8,91,5.0,12.0,3.0,37.0,9.0,1.0,9.0,0.0,8.0,-1.0,17.0,2.8903717578961645,20.0,3.044522437723423,-0.22495105434386534,0.9743700647852351,0.0,0.0,0.0,0.0,17.80000000000004,1,38.0,28.0,38.0,29.0,21.0,28.0,0.0
2021-01-07,38.0,33.833333333333336,28.0,38.0,29.0,21.0,28.0,9.0,24,7.4,14.2,357,26.3,93,3.0,5.0,1.0,46.0,-8.0,-1.0,-8.0,-6.0,-5.0,-1.0,19.0,2.995732273553991,23.0,3.1780538303479458,-0.05233595624294437,0.9986295347545738,0.0,0.0,0.0,0.0,21.700000000000042,1,53.0,36.0,53.0,40.0,31.0,34.0,0.0
2021-01-08,53.0,46.5,36.0,53.0,40.0,31.0,34.0,14.0,24,10.6,17.1,24,27.0,93,4.0,9.0,0.0,38.0,15.0,8.0,15.0,11.0,10.0,6.0,12.0,2.5649493574615367,26.0,3.295836866004329,0.4067366430758002,0.9135454576426009,0.0,0.0,0.0,0.0,27.200000000000045,1,57.0,39.0,57.0,39.0,33.0,36.0,0.0
2021-01-09,57.0,55.375,39.0,57.0,39.0,33.0,36.0,17.0,24,32.6,18.7,14,27.5,91,0.0,19.0,0.0,53.0,4.0,3.0,4.0,-1.0,2.0,2.0,7.0,2.0794415416798357,33.0,3.5263605246161616,0.24192189559966773,0.9702957262759965,0.0,0.0,0.0,0.0,50.600000000000044,1,53.0,34.0,53.0,34.0,21.0,29.0,0.0
2021-01-10,53.0,36.75,34.0,53.0,34.0,21.0,29.0,14.0,24,94.9,20.5,0,24.6,95,0.0,4.0,0.0,57.0,-4.0,-5.0,-4.0,-5.0,-12.0,-7.0,4.0,1.6094379124341003,32.0,3.4965075614664802,0.0,1.0,0.0,0.0,0.0,0.0,138.10000000000005,1,53.0,34.0,53.0,28.0,19.0,30.0,0.0
2021-01-11,53.0,36.833333333333336,34.0,53.0,28.0,19.0,30.0,14.0,24,23.6,18.4,4,26.2,92,0.0,11.0,0.0,53.0,0.0,0.0,0.0,-6.0,-2.0,1.0,0.0,0.0,34.0,3.5553480614894135,0.0697564737441253,0.9975640502598242,0.0,0.0,0.0,0.0,151.10000000000005,1,54.0,41.0,54.0,41.0,24.0,33.0,0.0
2021-01-12,54.0,53.04166666666666,41.0,54.0,41.0,24.0,33.0,15.0,24,9.5,21.6,19,26.9,90,0.0,4.0,2.0,53.0,1.0,7.0,1.0,13.0,5.0,3.0,0.0,0.0,19.0,2.995732273553991,0.3255681544571567,0.9455185755993168,0.0,0.0,0.0,0.0,128.00000000000006,1,56.0,44.0,56.0,51.0,23.0,33.0,0.0
2021-01-13,56.0,53.41666666666666,44.0,56.0,51.0,23.0,33.0,17.0,24,3.6,19.4,14,26.4,88,1.0,0.0,6.0,54.0,2.0,3.0,2.0,10.0,-1.0,0.0,1.0,0.6931471805599453,15.0,2.772588722239781,0.24192189559966773,0.9702957262759965,0.0,0.0,0.0,0.0,36.700000000000045,1,57.0,48.0,57.0,53.0,37.0,44.0,0.0
2021-01-14,57.0,56.625,48.0,57.0,53.0,37.0,44.0,18.0,24,0.4,21.1,23,27.5,87,2.0,2.0,3.0,56.0,1.0,4.0,1.0,2.0,14.0,11.0,3.0,1.3862943611198906,6.0,1.9459101490553132,0.39073112848927377,0.9205048534524404,0.0,0.0,0.0,0.0,13.500000000000043,1,66.0,55.0,66.0,59.0,56.0,56.0,0.0
2021-01-15,66.0,63.5,55.0,66.0,59.0,56.0,56.0,25.0,24,1.1,17.1,30,27.9,85,5.0,4.0,2.0,57.0,9.0,7.0,9.0,6.0,19.0,12.0,8.0,2.1972245773362196,6.0,1.9459101490553132,0.49999999999999994,0.8660254037844387,0.0,0.0,0.0,0.0,5.100000000000042,1,62.0,55.0,62.0,58.0,56.0,56.0,0.0
2021-01-16,62.0,58.41666666666666,55.0,62.0,58.0,56.0,56.0,22.0,24,1.7,14.7,30,28.9,85,6.0,0.0,1.0,66.0,-4.0,0.0,-4.0,-1.0,0.0,0.0,13.0,2.6390573296152584,6.0,1.9459101490553132,0.49999999999999994,0.8660254037844387,0.0,0.0,0.0,0.0,3.200000000000043,1,59.0,48.0,59.0,48.0,57.0,52.0,0.0
2021-01-17,59.0,57.458333333333336,48.0,59.0,48.0,57.0,52.0,19.0,24,1.8,22.1,22,28.9,82,1.0,5.0,8.0,62.0,-3.0,-7.0,-3.0,-10.0,1.0,-4.0,12.0,2.5649493574615367,9.0,2.302585092994046,0.374606593415912,0.9271838545667874,0.0,0.0,0.0,0.0,4.600000000000042,1,58.0,53.0,58.0,55.0,57.0,51.0,0.0
2021-01-18,58.0,56.958333333333336,53.0,58.0,55.0,57.0,51.0,18.0,24,0.0,28.7,24,27.4,75,2.0,0.0,6.0,59.0,-1.0,5.0,-1.0,7.0,0.0,-1.0,9.0,2.302585092994046,5.0,1.791759469228055,0.4067366430758002,0.9135454576426009,0.0,0.0,0.0,0.0,3.5000000000000426,1,60.0,56.0,56.0,60.0,55.0,54.0,0.0
2021-01-19,60.0,57.79166666666666,56.0,56.0,60.0,55.0,54.0,20.0,24,0.0,18.8,16,28.6,76,3.0,2.0,4.0,58.0,2.0,3.0,-2.0,5.0,-2.0,3.0,6.0,1.9459101490553132,7.0,2.0794415416798357,0.27563735581699916,0.9612616959383189,0.0,0.0,0.0,0.0,1.8000000000000427,1,59.0,57.0,57.0,59.0,53.0,55.0,0.0
2021-01-20,59.0,57.41666666666666,57.0,57.0,59.0,53.0,55.0,19.0,24,1.9,17.3,12,28.6,81,14.0,33.0,9.0,60.0,-1.0,1.0,1.0,-1.0,-2.0,1.0,19.0,2.995732273553991,35.0,3.58351893845611,0.20791169081775934,0.9781476007338057,0.0,0.0,0.0,0.0,1.9000000000000425,1,62.0,59.0,58.0,62.0,56.0,57.0,0.0
2021-01-21,62.0,59.583333333333336,59.0,58.0,62.0,56.0,57.0,22.0,24,3.3,14.1,17,29.4,84,19.0,10.0,20.0,59.0,3.0,2.0,1.0,3.0,3.0,2.0,36.0,3.6109179126442243,45.0,3.828641396489095,0.29237170472273677,0.9563047559630354,0.0,0.0,0.0,0.0,5.200000000000042,1,61.0,59.0,58.0,61.0,56.0,57.0,0.0
2021-01-22,61.0,54.625,59.0,58.0,61.0,56.0,57.0,21.0,24,3.5,14.0,22,29.4,86,23.0,9.0,6.0,62.0,-1.0,0.0,0.0,-1.0,0.0,0.0,56.0,4.04305126783455,52.0,3.970291913552122,0.374606593415912,0.9271838545667874,0.0,0.0,0.0,0.0,8.700000000000042,1,55.0,54.0,53.0,55.0,54.0,55.0,0.0
2021-01-23,55.0,53.79166666666666,54.0,53.0,55.0,54.0,55.0,16.0,24,2.8,18.2,22,28.6,85,62.0,5.0,7.0,61.0,-6.0,-5.0,-5.0,-6.0,-2.0,-2.0,104.0,4.653960350157523,24.0,3.2188758248682006,0.374606593415912,0.9271838545667874,0.0,0.0,0.0,0.0,9.600000000000042,1,54.0,52.0,49.0,54.0,52.0,52.0,0.0
2021-01-24,54.0,39.458333333333336,52.0,49.0,54.0,52.0,52.0,14.0,24,3.8,18.9,26,29.3,84,35.0,13.0,10.0,55.0,-1.0,-2.0,-4.0,-1.0,-2.0,-3.0,120.0,4.795790545596741,27.0,3.332204510175204,0.4383711467890774,0.898794046299167,0.0,0.0,0.0,0.0,10.100000000000042,1,42.0,39.0,33.0,42.0,25.0,34.0,0.0
2021-01-25,42.0,39.375,39.0,33.0,42.0,25.0,34.0,10.0,24,1.5,16.3,24,29.8,83,2.0,14.0,24.0,54.0,-12.0,-13.0,-16.0,-12.0,-27.0,-18.0,99.0,4.605170185988092,32.0,3.4965075614664802,0.4067366430758002,0.9135454576426009,0.0,0.0,0.0,0.0,8.100000000000042,1,45.0,45.0,39.0,39.0,34.0,36.0,0.0
2021-01-26,45.0,43.375,45.0,39.0,39.0,34.0,36.0,11.0,24,1.2,15.0,16,29.6,83,2.0,16.0,9.0,42.0,3.0,6.0,6.0,-3.0,9.0,2.0,39.0,3.6888794541139363,43.0,3.784189633918261,0.27563735581699916,0.9612616959383189,0.0,0.0,0.0,0.0,6.500000000000042,1,44.0,44.0,38.0,44.0,38.0,37.0,0.0
2021-01-27,44.0,42.79166666666666,44.0,38.0,44.0,38.0,37.0,11.0,24,1.0,14.7,12,30.0,84,5.0,11.0,8.0,45.0,-1.0,-1.0,-1.0,5.0,4.0,1.0,9.0,2.302585092994046,41.0,3.7376696182833684,0.20791169081775934,0.9781476007338057,0.0,0.0,0.0,0.0,3.700000000000043,1,45.0,45.0,44.0,45.0,36.0,37.0,0.0
2021-01-28,45.0,40.66666666666666,45.0,44.0,45.0,36.0,37.0,11.0,24,10.4,18.2,13,28.6,90,2.0,12.0,6.0,44.0,1.0,1.0,6.0,1.0,-2.0,0.0,9.0,2.302585092994046,39.0,3.6888794541139363,0.224951054343865,0.9743700647852352,0.0,0.0,0.0,0.0,12.600000000000044,1,52.0,50.0,49.0,52.0,43.0,40.0,0.0
2021-01-29,52.0,49.29166666666666,50.0,49.0,52.0,43.0,40.0,13.0,24,0.6,16.8,10,29.0,82,2.0,14.0,1.0,45.0,7.0,5.0,5.0,7.0,7.0,3.0,9.0,2.302585092994046,37.0,3.6375861597263857,0.17364817766693033,0.984807753012208,0.0,0.0,0.0,0.0,12.000000000000043,1,55.0,53.0,53.0,55.0,41.0,52.0,0.0
2021-01-30,55.0,53.25,53.0,53.0,55.0,41.0,52.0,16.0,24,1.0,22.0,16,29.2,82,2.0,10.0,12.0,52.0,3.0,3.0,4.0,3.0,-2.0,12.0,6.0,1.9459101490553132,36.0,3.6109179126442243,0.27563735581699916,0.9612616959383189,0.0,0.0,0.0,0.0,12.000000000000043,1,57.0,54.0,55.0,57.0,51.0,53.0,0.0
2021-01-31,57.0,55.708333333333336,54.0,55.0,57.0,51.0,53.0,18.0,24,1.5,16.6,15,28.8,82,4.0,8.0,3.0,55.0,2.0,1.0,2.0,2.0,10.0,1.0,8.0,2.1972245773362196,32.0,3.4965075614664802,0.25881904510252074,0.9659258262890683,0.0,0.0,0.0,0.0,3.1000000000000427,1,53.0,52.0,53.0,53.0,50.0,47.0,0.0
2021-02-01,53.0,52.458333333333336,52.0,53.0,53.0,50.0,47.0,14.0,24,0.7,23.3,21,29.5,84,1.0,0.0,2.0,57.0,-4.0,-2.0,-2.0,-4.0,-1.0,-6.0,7.0,2.0794415416798357,18.0,2.9444389791664403,0.35836794954530027,0.9335804264972017,0.0,0.0,0.0,0.0,3.200000000000043,2,53.0,50.0,53.0,53.0,48.0,46.0,0.0
2021-02-02,53.0,52.833333333333336,50.0,53.0,53.0,48.0,46.0,14.0,24,0.7,20.6,14,29.9,81,6.0,5.0,16.0,53.0,0.0,-2.0,0.0,0.0,-2.0,-1.0,11.0,2.4849066497880004,13.0,2.6390573296152584,0.24192189559966773,0.9702957262759965,0.0,0.0,0.0,0.0,2.9000000000000425,2,52.0,51.0,52.0,52.0,45.0,43.0,0.0
2021-02-03,52.0,50.91666666666666,51.0,52.0,52.0,45.0,43.0,13.0,24,1.6,19.3,19,29.4,80,9.0,5.0,6.0,53.0,-1.0,1.0,-1.0,-1.0,-3.0,-3.0,16.0,2.833213344056216,10.0,2.3978952727983707,0.3255681544571567,0.9455185755993168,0.0,0.0,0.0,0.0,3.0000000000000426,2,54.0,53.0,54.0,54.0,51.0,52.0,0.0
2021-02-04,54.0,52.875,53.0,54.0,54.0,51.0,52.0,14.0,24,0.0,22.4,15,30.1,76,16.0,7.0,22.0,52.0,2.0,2.0,2.0,2.0,6.0,9.0,31.0,3.4657359027997265,17.0,2.8903717578961645,0.25881904510252074,0.9659258262890683,0.0,0.0,0.0,0.0,2.3000000000000425,2,52.0,49.0,51.0,52.0,39.0,43.0,0.0
2021-02-05,52.0,49.54166666666666,49.0,51.0,52.0,39.0,43.0,13.0,24,2.1,21.1,15,30.0,82,20.0,17.0,24.0,54.0,-2.0,-4.0,-3.0,-2.0,-12.0,-9.0,45.0,3.828641396489095,29.0,3.4011973816621555,0.25881904510252074,0.9659258262890683,0.0,0.0,0.0,0.0,3.700000000000043,2,53.0,44.0,52.0,53.0,38.0,52.0,0.0
2021-02-06,53.0,51.958333333333336,44.0,52.0,53.0,38.0,52.0,14.0,24,0.4,21.1,24,30.5,79,57.0,13.0,43.0,52.0,1.0,-5.0,1.0,1.0,-1.0,9.0,93.0,4.543294782270004,37.0,3.6375861597263857,0.4067366430758002,0.9135454576426009,0.0,0.0,0.0,0.0,2.5000000000000426,2,54.0,48.0,52.0,54.0,39.0,45.0,0.0
2021-02-07,54.0,53.25,48.0,52.0,54.0,39.0,45.0,15.0,24,0.6,21.5,10,31.0,78,17.0,12.0,33.0,53.0,1.0,4.0,0.0,1.0,1.0,-7.0,94.0,4.553876891600541,42.0,3.7612001156935624,0.17364817766693033,0.984807753012208,0.0,0.0,0.0,0.0,3.1000000000000427,2,52.0,47.0,49.0,52.0,33.0,38.0,0.0
2021-02-08,52.0,48.29166666666666,47.0,49.0,52.0,33.0,38.0,13.0,24,1.1,19.1,15,30.8,82,21.0,13.0,27.0,54.0,-2.0,-1.0,-3.0,-2.0,-6.0,-7.0,95.0,4.564348191467836,38.0,3.6635616461296463,0.25881904510252074,0.9659258262890683,0.0,0.0,0.0,0.0,2.1000000000000427,2,54.0,47.0,54.0,54.0,42.0,39.0,0.0
2021-02-09,54.0,52.29166666666666,47.0,54.0,54.0,42.0,39.0,15.0,24,1.5,16.5,13,31.8,79,32.0,23.0,17.0,52.0,2.0,0.0,5.0,2.0,9.0,1.0,70.0,4.2626798770413155,48.0,3.8918202981106265,0.224951054343865,0.9743700647852352,0.0,0.0,0.0,0.0,3.200000000000043,2,54.0,47.0,54.0,53.0,42.0,45.0,0.0
2021-02-10,54.0,52.625,47.0,54.0,53.0,42.0,45.0,14.0,24,1.4,14.3,19,31.0,83,41.0,41.0,40.0,54.0,0.0,0.0,0.0,-1.0,0.0,6.0,94.0,4.553876891600541,77.0,4.356708826689592,0.3255681544571567,0.9455185755993168,0.0,0.0,0.0,0.0,4.000000000000043,2,51.0,42.0,49.0,51.0,37.0,45.0,0.0
2021-02-11,51.0,48.0,42.0,49.0,51.0,37.0,45.0,12.0,24,6.1,17.4,10,31.4,82,49.0,29.0,28.0,54.0,-3.0,-5.0,-5.0,-2.0,-5.0,0.0,122.0,4.812184355372417,93.0,4.543294782270004,0.17364817766693033,0.984807753012208,0.0,0.0,0.0,0.0,9.000000000000043,2,48.0,47.0,48.0,46.0,37.0,38.0,0.0
2021-02-12,48.0,46.125,47.0,48.0,46.0,37.0,38.0,11.0,24,4.7,18.8,17,30.6,83,67.0,23.0,30.0,51.0,-3.0,5.0,-1.0,-5.0,0.0,-7.0,157.0,5.062595033026967,93.0,4.543294782270004,0.29237170472273677,0.9563047559630354,0.0,0.0,0.0,0.0,12.200000000000042,2,53.0,51.0,53.0,52.0,38.0,50.0,0.0
2021-02-13,53.0,51.79166666666666,51.0,53.0,52.0,38.0,50.0,14.0,24,2.6,20.0,24,30.2,81,82.0,12.0,28.0,48.0,5.0,4.0,5.0,6.0,1.0,12.0,198.0,5.293304824724492,64.0,4.174387269895637,0.4067366430758002,0.9135454576426009,0.0,0.0,0.0,0.0,13.400000000000043,2,57.0,54.0,55.0,57.0,52.0,56.0,0.0
2021-02-14,57.0,55.04166666666666,54.0,55.0,57.0,52.0,56.0,17.0,24,1.2,18.1,27,29.8,80,98.0,58.0,40.0,53.0,4.0,3.0,2.0,5.0,14.0,6.0,247.0,5.5134287461649825,93.0,4.543294782270004,0.45399049973954675,0.8910065241883679,0.0,0.0,0.0,0.0,8.500000000000043,2,61.0,57.0,58.0,61.0,52.0,58.0,0.0
2021-02-15,61.0,59.333333333333336,57.0,58.0,61.0,52.0,58.0,21.0,24,0.6,20.7,27,29.7,74,42.0,158.0,70.0,57.0,4.0,3.0,3.0,4.0,0.0,2.0,222.0,5.407171771460119,228.0,5.43372200355424,0.45399049973954675,0.8910065241883679,0.0,0.0,0.0,0.0,4.400000000000043,2,67.0,62.0,60.0,67.0,59.0,67.0,0.0
2021-02-16,67.0,64.58333333333333,62.0,60.0,67.0,59.0,67.0,27.0,24,0.1,18.7,24,30.8,72,61.0,149.0,48.0,61.0,6.0,5.0,2.0,6.0,7.0,9.0,201.0,5.308267697401205,365.0,5.902633333401366,0.4067366430758002,0.9135454576426009,0.0,0.0,0.0,0.0,1.9000000000000425,2,67.0,62.0,60.0,67.0,59.0,67.0,0.0
2021-02-17,67.0,64.375,62.0,60.0,67.0,59.0,67.0,26.0,24,0.0,19.0,19,30.9,72,94.0,24.0,62.0,67.0,0.0,0.0,0.0,0.0,0.0,0.0,197.0,5.288267030694535,331.0,5.805134968916488,0.3255681544571567,0.9455185755993168,0.0,0.0,0.0,0.0,0.7000000000000426,2,64.0,57.0,56.0,64.0,56.0,57.0,0.0
2021-02-18,64.0,59.16666666666666,57.0,56.0,64.0,56.0,57.0,24.0,24,0.0,21.3,21,31.2,70,38.0,82.0,70.0,67.0,-3.0,-5.0,-4.0,-3.0,-3.0,-10.0,193.0,5.267858159063328,255.0,5.545177444479562,0.35836794954530027,0.9335804264972017,0.0,0.0,0.0,0.0,0.10000000000004264,2,56.0,54.0,52.0,56.0,43.0,48.0,0.0
2021-02-19,56.0,53.5,54.0,52.0,56.0,43.0,48.0,16.0,24,0.0,24.9,25,30.8,69,115.0,72.0,46.0,64.0,-8.0,-3.0,-4.0,-8.0,-13.0,-9.0,247.0,5.5134287461649825,178.0,5.187385805840755,0.42261826174069944,0.9063077870366499,0.0,0.0,0.0,0.0,0.0,2,58.0,56.0,54.0,58.0,50.0,53.0,0.0
2021-02-20,58.0,57.29166666666666,56.0,54.0,58.0,50.0,53.0,19.0,24,1.3,23.7,23,29.6,75,160.0,29.0,46.0,56.0,2.0,2.0,2.0,2.0,7.0,5.0,313.0,5.749392985908253,183.0,5.214935757608986,0.39073112848927377,0.9205048534524404,0.0,0.0,0.0,0.0,1.3000000000000427,2,57.0,54.0,57.0,57.0,52.0,53.0,0.0
2021-02-21,57.0,56.083333333333336,54.0,57.0,57.0,52.0,53.0,17.0,24,1.1,20.3,27,30.6,77,183.0,46.0,26.0,58.0,-1.0,-2.0,3.0,-1.0,2.0,0.0,458.0,6.129050210060545,147.0,4.997212273764115,0.45399049973954675,0.8910065241883679,0.0,0.0,0.0,0.0,2.400000000000043,2,58.0,55.0,55.0,58.0,51.0,54.0,0.0
2021-02-22,58.0,56.833333333333336,55.0,55.0,58.0,51.0,54.0,18.0,24,0.5,20.5,21,31.6,71,200.0,10.0,53.0,57.0,1.0,1.0,-2.0,1.0,-1.0,1.0,543.0,6.298949246855942,85.0,4.454347296253507,0.35836794954530027,0.9335804264972017,0.0,0.0,0.0,0.0,2.900000000000043,2,58.0,53.0,54.0,58.0,55.0,54.0,0.0
2021-02-23,58.0,57.0,53.0,54.0,58.0,55.0,54.0,19.0,24,2.6,18.5,20,32.5,72,130.0,63.0,83.0,58.0,0.0,-2.0,-1.0,0.0,4.0,0.0,513.0,6.2422232654551655,119.0,4.787491742782046,0.3420201433256687,0.9396926207859084,0.0,0.0,0.0,0.0,4.200000000000043,2,60.0,57.0,58.0,60.0,57.0,58.0,0.0
2021-02-24,60.0,57.333333333333336,57.0,58.0,60.0,57.0,58.0,20.0,24,1.2,17.0,360,31.4,77,47.0,121.0,66.0,58.0,2.0,4.0,4.0,2.0,2.0,4.0,377.0,5.934894195619588,194.0,5.272999558563747,-2.4492935982947064e-16,1.0,0.0,0.0,0.0,0.0,4.3000000000000425,2,71.0,62.0,62.0,71.0,62.0,64.0,0.0
2021-02-25,71.0,64.04347826086956,62.0,62.0,71.0,62.0,64.0,30.0,23,3.9,17.1,354,32.6,77,41.0,301.0,94.0,60.0,11.0,5.0,4.0,11.0,5.0,6.0,218.0,5.389071729816501,485.0,6.186208623900494,-0.10452846326765342,0.9945218953682733,0.0,0.0,0.0,0.0,7.700000000000043,2,76.0,70.0,62.0,76.0,63.0,75.0,0.0
2021-02-26,76.0,73.5,70.0,62.0,76.0,63.0,75.0,34.0,24,0.1,11.5,13,32.3,79,133.0,412.0,157.0,71.0,5.0,8.0,0.0,5.0,1.0,11.0,221.0,5.402677381872279,834.0,6.727431724850855,0.224951054343865,0.9743700647852352,0.0,0.0,0.0,0.0,5.200000000000042,2,108.0,108.0,63.0,72.0,61.0,68.0,1.0
2021-02-27,108.0,75.66666666666667,108.0,63.0,72.0,61.0,68.0,31.0,24,1.0,13.0,56,32.4,79,201.0,657.0,165.0,76.0,32.0,38.0,1.0,-4.0,-2.0,-7.0,375.0,5.929589143389895,1370.0,7.223295679562314,0.8290375725550417,0.5591929034707468,0.0,0.0,0.0,0.0,5.000000000000043,2,72.0,71.0,62.0,72.0,65.0,69.0,0.0
2021-02-28,72.0,70.08333333333333,71.0,62.0,72.0,65.0,69.0,31.0,24,0.9,13.6,59,31.7,78,162.0,65.0,117.0,108.0,-36.0,-37.0,-1.0,0.0,4.0,1.0,496.0,6.208590026096629,1134.0,7.034387929915503,0.8571673007021123,0.5150380749100542,0.0,0.0,0.0,0.0,2.0000000000000426,2,70.0,63.0,60.0,69.0,64.0,70.0,0.0
2021-03-01,70.0,68.08333333333333,63.0,60.0,69.0,64.0,70.0,29.0,24,1.9,13.8,55,32.3,77,86.0,86.0,94.0,72.0,-2.0,-8.0,-2.0,-3.0,-1.0,1.0,449.0,6.1092475827643655,808.0,6.695798917058491,0.8191520442889918,0.573576436351046,0.0,0.0,0.0,0.0,3.8000000000000425,3,74.0,63.0,64.0,74.0,63.0,70.0,0.0
2021-03-02,74.0,70.95833333333333,63.0,64.0,74.0,63.0,70.0,33.0,24,0.0,20.7,35,32.6,76,124.0,110.0,104.0,70.0,4.0,0.0,4.0,5.0,-1.0,0.0,372.0,5.921578419643816,261.0,5.568344503761097,0.573576436351046,0.8191520442889918,0.0,0.0,0.0,0.0,2.8000000000000425,3,69.0,56.0,59.0,69.0,58.0,61.0,0.0
2021-03-03,69.0,59.095238095238095,56.0,59.0,69.0,58.0,61.0,28.0,21,0.0,19.9,37,33.6,71,66.0,24.0,85.0,74.0,-5.0,-7.0,-5.0,-5.0,-5.0,-9.0,276.0,5.6240175061873385,220.0,5.3981627015177525,0.6018150231520483,0.7986355100472928,0.0,0.0,0.0,0.0,1.9000000000000425,3,58.0,52.0,51.0,58.0,46.0,54.0,0.0
2021-03-04,58.0,56.208333333333336,52.0,51.0,58.0,46.0,54.0,18.0,24,2.4,18.1,38,32.5,77,93.0,23.0,27.0,69.0,-11.0,-4.0,-8.0,-11.0,-12.0,-7.0,283.0,5.648974238161206,157.0,5.062595033026967,0.6156614753256583,0.7880107536067219,0.0,0.0,0.0,0.0,2.4000000000000425,3,57.0,52.0,49.0,57.0,45.0,52.0,0.0
2021-03-05,57.0,52.75,52.0,49.0,57.0,45.0,52.0,17.0,24,2.5,17.1,43,32.1,76,249.0,28.0,72.0,58.0,-1.0,0.0,-2.0,-1.0,-1.0,-2.0,408.0,6.013715156042802,75.0,4.330733340286331,0.6819983600624985,0.7313537016191705,0.0,0.0,0.0,0.0,4.900000000000043,3,52.0,51.0,49.0,52.0,42.0,52.0,0.0
2021-03-06,52.0,49.125,51.0,49.0,52.0,42.0,52.0,13.0,24,5.2,20.5,24,32.0,78,30.0,66.0,92.0,57.0,-5.0,-1.0,0.0,-5.0,-3.0,0.0,372.0,5.921578419643816,117.0,4.770684624465665,0.4067366430758002,0.9135454576426009,0.0,0.0,0.0,0.0,10.100000000000042,3,55.0,51.0,52.0,55.0,33.0,53.0,0.0
2021-03-07,55.0,53.79166666666666,51.0,52.0,55.0,33.0,53.0,16.0,24,47.2,13.4,319,30.1,86,4.0,34.0,30.0,52.0,3.0,0.0,3.0,3.0,-9.0,1.0,283.0,5.648974238161206,128.0,4.859812404361672,-0.6560590289905074,0.7547095802227719,0.0,0.0,0.0,0.0,54.90000000000005,3,57.0,39.0,45.0,57.0,30.0,42.0,0.0
2021-03-08,57.0,54.083333333333336,39.0,45.0,57.0,30.0,42.0,18.0,24,3.5,15.7,1,31.2,81,37.0,30.0,55.0,55.0,2.0,-12.0,-7.0,2.0,-3.0,-11.0,71.0,4.276666119016055,130.0,4.875197323201151,0.01745240643728351,0.9998476951563913,0.0,0.0,0.0,0.0,55.90000000000005,3,64.0,52.0,53.0,64.0,40.0,51.0,0.0
2021-03-09,64.0,60.458333333333336,52.0,53.0,64.0,40.0,51.0,24.0,24,0.4,18.9,24,30.5,80,39.0,15.0,143.0,57.0,7.0,13.0,8.0,7.0,10.0,9.0,80.0,4.394449154672439,79.0,4.382026634673881,0.4067366430758002,0.9135454576426009,0.0,0.0,0.0,0.0,51.100000000000044,3,65.0,54.0,55.0,65.0,51.0,54.0,0.0
2021-03-10,65.0,63.875,54.0,55.0,65.0,51.0,54.0,25.0,24,0.2,20.0,21,32.0,77,129.0,22.0,78.0,64.0,1.0,2.0,2.0,1.0,11.0,3.0,205.0,5.327876168789581,67.0,4.219507705176107,0.35836794954530027,0.9335804264972017,0.0,0.0,0.0,0.0,4.100000000000042,3,65.0,53.0,55.0,65.0,52.0,54.0,0.0
2021-03-11,65.0,60.66666666666666,53.0,55.0,65.0,52.0,54.0,24.0,24,1.8,18.6,23,30.5,81,99.0,8.0,41.0,65.0,0.0,-1.0,0.0,0.0,1.0,0.0,267.0,5.5909869805108565,45.0,3.828641396489095,0.39073112848927377,0.9205048534524404,0.0,0.0,0.0,0.0,2.400000000000043,3,55.0,44.0,51.0,55.0,35.0,43.0,0.0
2021-03-12,55.0,53.958333333333336,44.0,51.0,55.0,35.0,43.0,16.0,24,27.3,13.4,23,29.7,87,45.0,25.0,14.0,65.0,-10.0,-9.0,-4.0,-10.0,-17.0,-11.0,273.0,5.6131281063880705,55.0,4.02535169073515,0.39073112848927377,0.9205048534524404,0.0,0.0,0.0,0.0,29.300000000000043,3,54.0,43.0,49.0,54.0,29.0,41.0,0.0
2021-03-13,54.0,52.208333333333336,43.0,49.0,54.0,29.0,41.0,15.0,24,11.7,13.0,11,30.1,88,91.0,18.0,32.0,55.0,-1.0,-1.0,-2.0,-1.0,-6.0,-2.0,235.0,5.4638318050256105,51.0,3.9512437185814275,0.1908089953765448,0.981627183447664,0.0,0.0,0.0,0.0,40.80000000000004,3,56.0,52.0,53.0,56.0,40.0,45.0,0.0
2021-03-14,56.0,54.833333333333336,52.0,53.0,56.0,40.0,45.0,16.0,24,5.3,14.6,21,29.8,85,173.0,25.0,50.0,54.0,2.0,9.0,4.0,2.0,11.0,4.0,309.0,5.736572297479192,68.0,4.23410650459726,0.35836794954530027,0.9335804264972017,0.0,0.0,0.0,0.0,44.30000000000004,3,55.0,55.0,50.0,55.0,45.0,54.0,0.0
2021-03-15,55.0,54.333333333333336,55.0,50.0,55.0,45.0,54.0,16.0,24,5.7,17.1,38,30.1,84,36.0,31.0,37.0,56.0,-1.0,3.0,-3.0,-1.0,5.0,9.0,300.0,5.707110264748875,74.0,4.31748811353631,0.6156614753256583,0.7880107536067219,0.0,0.0,0.0,0.0,22.700000000000042,3,54.0,54.0,52.0,53.0,53.0,53.0,0.0
2021-03-16,54.0,52.73913043478261,54.0,52.0,53.0,53.0,53.0,15.0,23,9.9,14.0,55,29.0,87,16.0,15.0,49.0,55.0,-1.0,-1.0,2.0,-2.0,8.0,-1.0,225.0,5.420534999272286,71.0,4.276666119016055,0.8191520442889918,0.573576436351046,0.0,0.0,0.0,0.0,20.90000000000004,3,55.0,54.0,54.0,55.0,53.0,54.0,0.0
2021-03-17,55.0,54.458333333333336,54.0,54.0,55.0,53.0,54.0,16.0,24,12.7,10.3,26,29.5,88,29.0,46.0,43.0,54.0,1.0,0.0,2.0,2.0,0.0,1.0,81.0,4.406719247264253,92.0,4.532599493153256,0.4383711467890774,0.898794046299167,0.0,0.0,0.0,0.0,28.30000000000004,3,55.0,53.0,55.0,55.0,54.0,55.0,0.0
2021-03-18,55.0,54.333333333333336,53.0,55.0,55.0,54.0,55.0,16.0,24,13.1,14.6,44,29.4,87,17.0,17.0,49.0,55.0,0.0,-1.0,1.0,0.0,1.0,1.0,62.0,4.143134726391533,78.0,4.3694478524670215,0.6946583704589973,0.7193398003386512,0.0,0.0,0.0,0.0,35.700000000000045,3,62.0,56.0,54.0,62.0,55.0,56.0,0.0
2021-03-19,62.0,58.083333333333336,56.0,54.0,62.0,55.0,56.0,22.0,24,3.1,9.7,46,30.2,85,19.0,34.0,61.0,55.0,7.0,3.0,-1.0,7.0,1.0,1.0,65.0,4.189654742026425,97.0,4.584967478670572,0.7193398003386512,0.6946583704589973,0.0,0.0,0.0,0.0,28.900000000000045,3,61.0,58.0,53.0,61.0,55.0,55.0,0.0
2021-03-20,61.0,57.54166666666666,58.0,53.0,61.0,55.0,55.0,21.0,24,10.1,10.1,45,30.0,87,6.0,29.0,37.0,62.0,-1.0,2.0,-1.0,-1.0,0.0,-1.0,42.0,3.7612001156935624,80.0,4.394449154672439,0.7071067811865476,0.7071067811865476,0.0,0.0,0.0,0.0,26.300000000000043,3,58.0,56.0,56.0,51.0,53.0,58.0,0.0
2021-03-21,58.0,55.625,56.0,56.0,51.0,53.0,58.0,18.0,24,5.0,7.3,18,30.8,87,26.0,26.0,87.0,61.0,-3.0,-2.0,3.0,-10.0,-2.0,3.0,51.0,3.9512437185814275,89.0,4.499809670330265,0.3090169943749474,0.9510565162951535,0.0,0.0,0.0,0.0,18.200000000000042,3,54.0,53.0,53.0,50.0,53.0,54.0,0.0
2021-03-22,54.0,50.333333333333336,53.0,53.0,50.0,53.0,54.0,15.0,24,2.7,16.5,31,30.8,85,22.0,17.0,10.0,58.0,-4.0,-3.0,-3.0,-1.0,0.0,-4.0,54.0,4.007333185232471,72.0,4.290459441148391,0.5150380749100542,0.8571673007021123,0.0,0.0,0.0,0.0,17.800000000000043,3,51.0,48.0,51.0,43.0,42.0,50.0,0.0
2021-03-23,51.0,47.875,48.0,51.0,43.0,42.0,50.0,12.0,24,22.1,15.5,30,28.9,90,16.0,12.0,1.0,54.0,-3.0,-5.0,-2.0,-7.0,-11.0,-4.0,64.0,4.174387269895637,55.0,4.02535169073515,0.49999999999999994,0.8660254037844387,0.0,0.0,0.0,0.0,29.800000000000047,3,50.0,38.0,42.0,50.0,24.0,43.0,0.0
2021-03-24,50.0,44.875,38.0,42.0,50.0,24.0,43.0,12.0,24,26.5,15.4,23,28.9,90,4.0,18.0,0.0,51.0,-1.0,-10.0,-9.0,7.0,-18.0,-7.0,42.0,3.7612001156935624,47.0,3.871201010907891,0.39073112848927377,0.9205048534524404,0.0,0.0,0.0,0.0,51.30000000000005,3,51.0,40.0,38.0,51.0,32.0,40.0,0.0
2021-03-25,51.0,44.458333333333336,40.0,38.0,51.0,32.0,40.0,12.0,24,21.5,15.0,45,26.2,94,3.0,14.0,0.0,50.0,1.0,2.0,-4.0,1.0,8.0,-3.0,23.0,3.1780538303479458,44.0,3.8066624897703196,0.7071067811865476,0.7071067811865476,0.0,0.0,0.0,0.0,70.10000000000005,3,39.0,37.0,39.0,37.0,31.0,39.0,0.0
2021-03-26,39.0,36.91666666666666,37.0,39.0,37.0,31.0,39.0,9.0,24,9.7,16.7,65,29.9,86,10.0,6.0,11.0,51.0,-12.0,-3.0,1.0,-14.0,-1.0,-1.0,17.0,2.8903717578961645,38.0,3.6635616461296463,0.9063077870366499,0.42261826174069944,0.0,0.0,0.0,0.0,57.700000000000045,3,46.0,38.0,41.0,31.0,27.0,46.0,0.0
2021-03-27,46.0,37.21739130434783,38.0,41.0,31.0,27.0,46.0,11.0,23,33.3,11.0,47,29.1,90,6.0,15.0,9.0,39.0,7.0,1.0,2.0,-6.0,-4.0,7.0,19.0,2.995732273553991,35.0,3.58351893845611,0.7313537016191705,0.6819983600624985,0.0,0.0,0.0,0.0,64.50000000000004,3,124.0,124.0,56.0,51.0,56.0,75.0,1.0
2021-03-28,124.0,66.04166666666667,124.0,56.0,51.0,56.0,75.0,19.0,24,6.5,10.0,66,30.4,85,2.0,21.0,5.0,46.0,78.0,86.0,15.0,20.0,29.0,29.0,18.0,2.9444389791664403,42.0,3.7612001156935624,0.9135454576426009,0.4067366430758002,0.0,0.0,0.0,0.0,49.50000000000004,3,57.0,55.0,54.0,51.0,56.0,57.0,0.0
2021-03-29,57.0,52.083333333333336,55.0,54.0,51.0,56.0,57.0,18.0,24,37.5,12.3,334,27.8,91,4.0,15.0,19.0,124.0,-67.0,-69.0,-2.0,0.0,0.0,-18.0,12.0,2.5649493574615367,51.0,3.9512437185814275,-0.4383711467890778,0.8987940462991668,0.0,0.0,0.0,0.0,77.30000000000004,3,56.0,55.0,53.0,56.0,48.0,56.0,0.0
2021-03-30,56.0,52.79166666666666,55.0,53.0,56.0,48.0,56.0,17.0,24,6.9,11.2,322,30.5,88,2.0,21.0,12.0,57.0,-1.0,0.0,-1.0,5.0,-8.0,-1.0,8.0,2.1972245773362196,57.0,4.060443010546419,-0.6156614753256582,0.788010753606722,0.0,0.0,0.0,0.0,50.90000000000004,3,57.0,54.0,53.0,55.0,51.0,57.0,0.0
2021-03-31,57.0,53.79166666666666,54.0,53.0,55.0,51.0,57.0,17.0,24,3.4,13.3,271,29.8,85,2.0,44.0,10.0,56.0,1.0,-1.0,0.0,-1.0,3.0,1.0,8.0,2.1972245773362196,80.0,4.394449154672439,-0.9998476951563913,0.01745240643728313,1.0,0.0,2.1972245773362196,0.0,47.80000000000004,3,49.0,46.0,41.0,49.0,28.0,48.0,0.0
2021-04-01,49.0,45.458333333333336,46.0,41.0,49.0,28.0,48.0,12.0,24,0.4,18.0,289,30.3,82,3.0,27.0,28.0,57.0,-8.0,-8.0,-12.0,-6.0,-23.0,-9.0,7.0,2.0794415416798357,92.0,4.532599493153256,-0.945518575599317,0.3255681544571563,1.0,0.0,2.0794415416798357,0.0,10.700000000000044,4,55.0,52.0,55.0,53.0,53.0,53.0,0.0
2021-04-02,55.0,51.083333333333336,52.0,55.0,53.0,53.0,53.0,16.0,24,10.1,14.1,354,30.4,88,9.0,24.0,12.0,49.0,6.0,6.0,14.0,4.0,25.0,5.0,14.0,2.70805020110221,95.0,4.564348191467836,-0.10452846326765342,0.9945218953682733,0.0,0.0,0.0,0.0,13.900000000000043,4,56.0,53.0,56.0,53.0,53.0,55.0,0.0
2021-04-03,56.0,54.5,53.0,56.0,53.0,53.0,55.0,17.0,24,18.6,12.4,359,30.9,89,6.0,49.0,9.0,55.0,1.0,1.0,1.0,0.0,0.0,2.0,18.0,2.9444389791664403,100.0,4.61512051684126,-0.01745240643728356,0.9998476951563913,0.0,0.0,0.0,0.0,29.100000000000044,4,56.0,53.0,55.0,48.0,53.0,56.0,0.0
2021-04-04,56.0,52.66666666666666,53.0,55.0,48.0,53.0,56.0,16.0,24,14.1,9.0,318,29.8,91,13.0,82.0,5.0,56.0,0.0,0.0,-1.0,-5.0,0.0,1.0,28.0,3.367295829986474,155.0,5.049856007249537,-0.6691306063588581,0.7431448254773942,0.0,0.0,0.0,0.0,42.80000000000005,4,57.0,53.0,57.0,54.0,52.0,56.0,0.0
2021-04-05,57.0,53.79166666666666,53.0,57.0,54.0,52.0,56.0,17.0,24,6.3,17.0,4,29.6,89,12.0,47.0,4.0,56.0,1.0,0.0,2.0,6.0,-1.0,0.0,31.0,3.4657359027997265,178.0,5.187385805840755,0.0697564737441253,0.9975640502598242,0.0,0.0,0.0,0.0,39.00000000000004,4,55.0,50.0,53.0,55.0,44.0,53.0,0.0
2021-04-06,55.0,53.458333333333336,50.0,53.0,55.0,44.0,53.0,16.0,24,8.3,9.7,0,30.3,89,11.0,61.0,15.0,57.0,-2.0,-3.0,-4.0,1.0,-8.0,-3.0,36.0,3.6109179126442243,190.0,5.25227342804663,0.0,1.0,0.0,0.0,0.0,0.0,28.700000000000042,4,58.0,47.0,49.0,58.0,45.0,49.0,0.0
2021-04-07,58.0,54.958333333333336,47.0,49.0,58.0,45.0,49.0,18.0,24,7.8,10.4,349,31.0,85,18.0,45.0,14.0,55.0,3.0,-3.0,-4.0,3.0,1.0,-4.0,41.0,3.7376696182833684,153.0,5.0369526024136295,-0.19080899537654467,0.981627183447664,0.0,0.0,0.0,0.0,22.40000000000004,4,58.0,52.0,51.0,58.0,40.0,52.0,0.0
2021-04-08,58.0,56.458333333333336,52.0,51.0,58.0,40.0,52.0,18.0,24,6.7,11.0,349,30.6,86,9.0,58.0,24.0,58.0,0.0,5.0,2.0,0.0,-5.0,3.0,38.0,3.6635616461296463,164.0,5.10594547390058,-0.19080899537654467,0.981627183447664,0.0,0.0,0.0,0.0,22.80000000000004,4,58.0,53.0,55.0,58.0,54.0,55.0,0.0
2021-04-09,58.0,55.5,53.0,55.0,58.0,54.0,55.0,18.0,24,13.3,12.6,339,30.0,88,62.0,71.0,28.0,58.0,0.0,1.0,4.0,0.0,14.0,3.0,89.0,4.499809670330265,174.0,5.1647859739235145,-0.35836794954530077,0.9335804264972015,0.0,0.0,0.0,0.0,27.80000000000004,4,59.0,59.0,58.0,56.0,57.0,58.0,0.0
2021-04-10,59.0,57.04166666666666,59.0,58.0,56.0,57.0,58.0,20.0,24,1.7,11.7,15,30.6,85,13.0,61.0,26.0,58.0,1.0,6.0,3.0,-2.0,3.0,3.0,84.0,4.442651256490317,190.0,5.25227342804663,0.25881904510252074,0.9659258262890683,0.0,0.0,0.0,0.0,21.700000000000042,4,64.0,62.0,61.0,58.0,61.0,64.0,0.0
2021-04-11,64.0,62.0,62.0,61.0,58.0,61.0,64.0,23.0,8,3.4,11.8,50,30.0,87,17.0,14.0,23.0,59.0,5.0,3.0,3.0,2.0,4.0,6.0,92.0,4.532599493153256,146.0,4.990432586778736,0.766044443118978,0.6427876096865394,0.0,0.0,0.0,0.0,18.40000000000004,4,62.0,61.0,59.0,59.0,59.0,62.0,0.0
2021-04-12,62.0,59.625,61.0,59.0,59.0,59.0,62.0,22.0,16,2.0,8.8,89,30.9,83,26.0,33.0,32.0,64.0,-2.0,-1.0,-2.0,1.0,-2.0,-2.0,56.0,4.04305126783455,108.0,4.6913478822291435,0.9998476951563913,0.0174524064372836,0.0,1.0,0.0,4.6913478822291435,7.1000000000000405,4,60.0,59.0,55.0,56.0,60.0,57.0,0.0
2021-04-13,60.0,59.04166666666666,59.0,55.0,56.0,60.0,57.0,20.0,24,9.0,9.8,57,29.8,87,18.0,33.0,17.0,62.0,-2.0,-2.0,-4.0,-3.0,1.0,-5.0,61.0,4.127134385045092,80.0,4.394449154672439,0.838670567945424,0.5446390350150271,0.0,0.0,0.0,0.0,14.400000000000041,4,59.0,59.0,57.0,58.0,59.0,57.0,0.0
2021-04-14,59.0,57.16666666666666,59.0,57.0,58.0,59.0,57.0,20.0,24,10.3,12.5,255,29.4,86,20.0,28.0,16.0,60.0,-1.0,0.0,2.0,2.0,-1.0,0.0,64.0,4.174387269895637,94.0,4.553876891600541,-0.9659258262890683,-0.25881904510252063,1.0,0.0,4.174387269895637,0.0,21.300000000000043,4,58.0,57.0,54.0,54.0,54.0,58.0,0.0
2021-04-15,58.0,55.375,57.0,54.0,54.0,54.0,58.0,18.0,24,13.4,7.9,6,31.0,85,17.0,40.0,19.0,59.0,-1.0,-2.0,-3.0,-4.0,-5.0,1.0,55.0,4.02535169073515,101.0,4.624972813284271,0.10452846326765347,0.9945218953682733,0.0,0.0,0.0,0.0,32.700000000000045,4,62.0,62.0,59.0,59.0,58.0,60.0,0.0
2021-04-16,62.0,59.625,62.0,59.0,59.0,58.0,60.0,22.0,24,6.8,7.6,183,29.1,87,14.0,55.0,11.0,58.0,4.0,5.0,5.0,5.0,4.0,2.0,51.0,3.9512437185814275,123.0,4.820281565605037,-0.052335956242943564,-0.9986295347545738,0.0,0.0,0.0,0.0,30.500000000000043,4,64.0,64.0,59.0,62.0,62.0,60.0,0.0
2021-04-17,64.0,61.708333333333336,64.0,59.0,62.0,62.0,60.0,23.0,24,41.2,14.4,270,28.6,91,10.0,52.0,9.0,62.0,2.0,2.0,0.0,3.0,4.0,0.0,41.0,3.7376696182833684,147.0,4.997212273764115,-1.0,-1.8369701987210297e-16,1.0,0.0,3.7376696182833684,0.0,61.40000000000005,4,66.0,60.0,58.0,66.0,53.0,61.0,0.0
2021-04-18,66.0,58.875,60.0,58.0,66.0,53.0,61.0,25.0,24,5.6,9.1,293,29.7,87,31.0,29.0,10.0,64.0,2.0,-4.0,-1.0,4.0,-9.0,1.0,55.0,4.02535169073515,136.0,4.919980925828125,-0.9205048534524405,0.3907311284892735,0.0,0.0,0.0,0.0,53.60000000000005,4,65.0,60.0,57.0,65.0,58.0,65.0,0.0
2021-04-19,65.0,63.41666666666666,60.0,57.0,65.0,58.0,65.0,25.0,24,11.5,11.8,244,28.2,87,30.0,55.0,10.0,66.0,-1.0,0.0,-1.0,-1.0,5.0,4.0,71.0,4.276666119016055,136.0,4.919980925828125,-0.8987940462991668,-0.43837114678907774,1.0,0.0,4.276666119016055,0.0,58.30000000000005,4,72.0,67.0,65.0,72.0,58.0,64.0,0.0
2021-04-20,72.0,66.20833333333333,67.0,65.0,72.0,58.0,64.0,31.0,24,5.6,10.6,255,30.2,87,21.0,76.0,28.0,65.0,7.0,7.0,8.0,7.0,0.0,-1.0,82.0,4.418840607796598,160.0,5.081404364984463,-0.9659258262890683,-0.25881904510252063,1.0,0.0,4.418840607796598,0.0,22.700000000000042,4,72.0,66.0,64.0,72.0,58.0,63.0,0.0
2021-04-21,72.0,59.91666666666666,66.0,64.0,72.0,58.0,63.0,30.0,24,7.6,10.1,172,29.5,87,36.0,95.0,11.0,72.0,0.0,-1.0,-1.0,0.0,0.0,-1.0,87.0,4.477336814478207,226.0,5.424950017481403,0.13917310096006533,-0.9902680687415704,0.0,0.0,0.0,0.0,24.700000000000045,4,62.0,62.0,56.0,54.0,58.0,61.0,0.0
2021-04-22,62.0,59.583333333333336,62.0,56.0,54.0,58.0,61.0,22.0,24,23.1,13.4,228,27.5,90,16.0,121.0,10.0,72.0,-10.0,-4.0,-8.0,-18.0,0.0,-2.0,73.0,4.30406509320417,292.0,5.680172609017068,-0.7431448254773944,-0.6691306063588581,1.0,0.0,4.30406509320417,0.0,36.30000000000005,4,58.0,58.0,53.0,45.0,53.0,56.0,0.0
2021-04-23,58.0,43.333333333333336,58.0,53.0,45.0,53.0,56.0,18.0,24,4.5,16.6,249,29.4,86,14.0,123.0,2.0,62.0,-4.0,-4.0,-3.0,-9.0,-5.0,-5.0,66.0,4.204692619390966,339.0,5.8289456176102075,-0.9335804264972016,-0.3583679495453007,1.0,0.0,4.204692619390966,0.0,35.200000000000045,4,46.0,44.0,41.0,46.0,27.0,38.0,0.0
2021-04-24,46.0,42.36363636363637,44.0,41.0,46.0,27.0,38.0,11.0,22,24.7,12.4,229,27.9,90,10.0,99.0,4.0,58.0,-12.0,-14.0,-12.0,1.0,-26.0,-18.0,40.0,3.713572066704308,343.0,5.840641657373398,-0.754709580222772,-0.6560590289905073,1.0,0.0,3.713572066704308,0.0,52.30000000000005,4,56.0,56.0,52.0,50.0,52.0,52.0,0.0
2021-04-25,56.0,51.0,56.0,52.0,50.0,52.0,52.0,17.0,24,0.6,12.3,190,30.4,83,32.0,67.0,21.0,46.0,10.0,12.0,11.0,4.0,25.0,14.0,56.0,4.04305126783455,289.0,5.66988092298052,-0.17364817766693047,-0.984807753012208,0.0,0.0,0.0,0.0,29.800000000000047,4,60.0,60.0,52.0,53.0,60.0,57.0,0.0
2021-04-26,60.0,59.29166666666666,60.0,52.0,53.0,60.0,57.0,20.0,24,15.9,10.6,117,30.1,89,49.0,75.0,11.0,56.0,4.0,4.0,0.0,3.0,8.0,5.0,91.0,4.5217885770490405,241.0,5.488937726156687,0.8910065241883679,-0.45399049973954675,0.0,1.0,0.0,5.488937726156687,41.200000000000045,4,62.0,62.0,54.0,58.0,59.0,62.0,0.0
2021-04-27,62.0,59.16666666666666,62.0,54.0,58.0,59.0,62.0,22.0,24,18.7,9.2,278,29.8,89,14.0,32.0,14.0,60.0,2.0,2.0,2.0,5.0,-1.0,5.0,95.0,4.564348191467836,174.0,5.1647859739235145,-0.9902680687415704,0.13917310096006547,1.0,0.0,4.564348191467836,0.0,35.200000000000045,4,64.0,62.0,58.0,64.0,60.0,64.0,0.0
2021-04-28,64.0,63.0,62.0,58.0,64.0,60.0,64.0,24.0,24,7.0,11.5,78,30.2,88,20.0,38.0,27.0,62.0,2.0,0.0,4.0,6.0,1.0,2.0,83.0,4.430816798843313,145.0,4.983606621708336,0.9781476007338056,0.20791169081775945,0.0,1.0,0.0,4.983606621708336,41.600000000000044,4,61.0,58.0,55.0,59.0,59.0,61.0,0.0
2021-04-29,61.0,57.91666666666666,58.0,55.0,59.0,59.0,61.0,21.0,24,8.4,12.6,71,29.7,88,11.0,32.0,15.0,64.0,-3.0,-4.0,-3.0,-5.0,-1.0,-3.0,45.0,3.828641396489095,102.0,4.634728988229636,0.9455185755993167,0.32556815445715676,0.0,1.0,0.0,4.634728988229636,34.100000000000044,4,61.0,61.0,55.0,60.0,55.0,59.0,0.0
2021-04-30,61.0,58.208333333333336,61.0,55.0,60.0,55.0,59.0,21.0,24,19.2,8.9,15,29.1,89,1.0,19.0,1.0,61.0,0.0,3.0,0.0,1.0,-4.0,-2.0,32.0,3.4965075614664802,89.0,4.499809670330265,0.25881904510252074,0.9659258262890683,0.0,0.0,0.0,0.0,34.60000000000005,4,62.0,62.0,58.0,59.0,54.0,59.0,0.0
2021-05-01,62.0,58.375,62.0,58.0,59.0,54.0,59.0,21.0,24,15.9,14.5,46,30.2,89,22.0,26.0,15.0,61.0,1.0,1.0,3.0,-1.0,-1.0,0.0,34.0,3.5553480614894135,77.0,4.356708826689592,0.7193398003386512,0.6946583704589973,0.0,0.0,0.0,0.0,43.50000000000005,5,54.0,54.0,53.0,53.0,44.0,53.0,0.0
2021-05-02,54.0,41.708333333333336,54.0,53.0,53.0,44.0,53.0,15.0,24,1.1,13.8,77,31.1,84,9.0,45.0,11.0,62.0,-8.0,-8.0,-5.0,-6.0,-10.0,-6.0,32.0,3.4965075614664802,90.0,4.51085950651685,0.9743700647852352,0.22495105434386492,0.0,1.0,0.0,4.51085950651685,36.20000000000005,5,50.0,50.0,33.0,31.0,37.0,39.0,0.0
2021-05-03,50.0,43.5,50.0,33.0,31.0,37.0,39.0,12.0,24,8.1,15.0,63,29.4,88,14.0,22.0,14.0,54.0,-4.0,-4.0,-20.0,-22.0,-7.0,-14.0,45.0,3.828641396489095,93.0,4.543294782270004,0.8910065241883678,0.4539904997395468,0.0,0.0,0.0,0.0,25.100000000000044,5,55.0,55.0,46.0,34.0,46.0,53.0,0.0
2021-05-04,55.0,52.54166666666666,55.0,46.0,34.0,46.0,53.0,15.0,24,10.4,12.3,23,30.3,90,9.0,29.0,12.0,50.0,5.0,5.0,13.0,3.0,9.0,14.0,32.0,3.4965075614664802,96.0,4.574710978503383,0.39073112848927377,0.9205048534524404,0.0,0.0,0.0,0.0,19.600000000000044,5,53.0,53.0,46.0,38.0,50.0,52.0,0.0
2021-05-05,53.0,49.95652173913044,53.0,46.0,38.0,50.0,52.0,14.0,23,20.3,10.2,10,29.4,90,2.0,10.0,1.0,55.0,-2.0,-2.0,0.0,4.0,4.0,-1.0,25.0,3.258096538021482,61.0,4.127134385045092,0.17364817766693033,0.984807753012208,0.0,0.0,0.0,0.0,38.80000000000005,5,55.0,55.0,53.0,50.0,51.0,54.0,0.0
2021-05-06,55.0,49.75,55.0,53.0,50.0,51.0,54.0,15.0,24,21.9,11.0,335,27.7,92,7.0,4.0,2.0,53.0,2.0,2.0,7.0,12.0,1.0,2.0,18.0,2.9444389791664403,43.0,3.784189633918261,-0.4226182617406992,0.90630778703665,0.0,0.0,0.0,0.0,52.60000000000005,5,62.0,62.0,61.0,56.0,58.0,62.0,0.0
2021-05-07,62.0,60.208333333333336,62.0,61.0,56.0,58.0,62.0,22.0,24,14.0,13.8,27,29.9,87,12.0,1.0,2.0,55.0,7.0,7.0,8.0,6.0,7.0,8.0,21.0,3.091042453358316,15.0,2.772588722239781,0.45399049973954675,0.8910065241883679,0.0,0.0,0.0,0.0,56.200000000000045,5,57.0,54.0,57.0,53.0,53.0,56.0,0.0
2021-05-08,57.0,51.4,54.0,57.0,53.0,53.0,56.0,18.0,20,14.4,7.1,37,28.0,91,16.0,22.0,5.0,62.0,-5.0,-8.0,-4.0,-3.0,-5.0,-6.0,35.0,3.58351893845611,27.0,3.332204510175204,0.6018150231520483,0.7986355100472928,0.0,0.0,0.0,0.0,50.30000000000005,5,53.0,49.0,53.0,43.0,52.0,53.0,0.0
2021-05-09,53.0,52.04166666666666,49.0,53.0,43.0,52.0,53.0,14.0,24,6.9,10.0,19,30.3,89,20.0,25.0,29.0,57.0,-4.0,-5.0,-4.0,-10.0,-1.0,-3.0,48.0,3.8918202981106265,48.0,3.8918202981106265,0.3255681544571567,0.9455185755993168,0.0,0.0,0.0,0.0,35.30000000000005,5,56.0,56.0,53.0,48.0,52.0,55.0,0.0
2021-05-10,56.0,54.42857142857143,56.0,53.0,48.0,52.0,55.0,16.0,21,1.3,9.1,122,30.9,86,21.0,42.0,15.0,53.0,3.0,7.0,0.0,5.0,0.0,2.0,57.0,4.060443010546419,89.0,4.499809670330265,0.8480480961564261,-0.5299192642332048,0.0,1.0,0.0,4.499809670330265,22.600000000000048,5,47.0,47.0,40.0,27.0,39.0,36.0,0.0
2021-05-11,47.0,44.07142857142857,47.0,40.0,27.0,39.0,36.0,11.0,14,12.9,13.5,123,30.0,89,23.0,29.0,14.0,56.0,-9.0,-9.0,-13.0,-21.0,-13.0,-19.0,64.0,4.174387269895637,96.0,4.574710978503383,0.838670567945424,-0.5446390350150271,0.0,1.0,0.0,4.574710978503383,21.100000000000048,5,55.0,55.0,52.0,52.0,52.0,53.0,0.0
2021-05-12,55.0,51.25,55.0,52.0,52.0,52.0,53.0,16.0,24,24.9,11.6,227,27.8,92,22.0,32.0,10.0,47.0,8.0,8.0,12.0,25.0,13.0,17.0,66.0,4.204692619390966,103.0,4.6443908991413725,-0.7313537016191705,-0.6819983600624986,1.0,0.0,4.204692619390966,0.0,39.100000000000044,5,70.0,66.0,60.0,62.0,59.0,70.0,0.0
2021-05-13,70.0,66.0,66.0,60.0,62.0,59.0,70.0,29.0,24,19.0,11.5,137,30.1,89,41.0,37.0,16.0,55.0,15.0,11.0,8.0,10.0,7.0,17.0,86.0,4.465908118654584,98.0,4.59511985013459,0.6819983600624985,-0.7313537016191705,0.0,1.0,0.0,4.59511985013459,56.80000000000005,5,65.0,62.0,56.0,58.0,55.0,65.0,0.0
2021-05-14,65.0,57.04166666666666,62.0,56.0,58.0,55.0,65.0,24.0,24,12.3,8.7,213,28.6,90,16.0,19.0,15.0,70.0,-5.0,-4.0,-4.0,-4.0,-4.0,-5.0,79.0,4.382026634673881,88.0,4.48863636973214,-0.5446390350150271,-0.838670567945424,1.0,0.0,4.382026634673881,0.0,56.200000000000045,5,57.0,57.0,44.0,38.0,52.0,47.0,0.0
2021-05-15,57.0,52.75,57.0,44.0,38.0,52.0,47.0,17.0,24,18.8,10.7,205,29.0,91,13.0,20.0,20.0,65.0,-8.0,-5.0,-12.0,-20.0,-3.0,-18.0,70.0,4.2626798770413155,76.0,4.343805421853684,-0.4226182617406993,-0.90630778703665,1.0,0.0,4.2626798770413155,0.0,50.100000000000044,5,47.0,47.0,36.0,29.0,40.0,45.0,0.0
2021-05-16,47.0,43.04166666666666,47.0,36.0,29.0,40.0,45.0,11.0,24,11.1,9.8,193,29.3,89,5.0,23.0,12.0,57.0,-10.0,-10.0,-8.0,-9.0,-12.0,-2.0,34.0,3.5553480614894135,62.0,4.143134726391533,-0.22495105434386498,-0.9743700647852352,0.0,0.0,0.0,0.0,42.200000000000045,5,45.0,45.0,38.0,26.0,33.0,44.0,0.0
2021-05-17,45.0,38.083333333333336,45.0,38.0,26.0,33.0,44.0,11.0,24,29.3,8.2,279,27.5,94,7.0,12.0,5.0,47.0,-2.0,-2.0,2.0,-3.0,-7.0,-1.0,25.0,3.258096538021482,55.0,4.02535169073515,-0.9876883405951378,0.15643446504023067,1.0,0.0,3.258096538021482,0.0,59.200000000000045,5,51.0,51.0,39.0,34.0,30.0,51.0,0.0
2021-05-18,51.0,49.0,51.0,39.0,34.0,30.0,51.0,12.0,24,34.3,14.2,265,27.1,93,1.0,7.0,6.0,45.0,6.0,6.0,1.0,8.0,-3.0,7.0,13.0,2.6390573296152584,42.0,3.7612001156935624,-0.9961946980917455,-0.08715574274765825,1.0,0.0,2.6390573296152584,0.0,74.70000000000005,5,52.0,52.0,41.0,45.0,36.0,47.0,0.0
2021-05-19,52.0,45.0,52.0,41.0,45.0,36.0,47.0,13.0,24,13.4,8.4,283,28.9,91,7.0,0.0,1.0,51.0,1.0,1.0,2.0,11.0,6.0,-4.0,15.0,2.772588722239781,19.0,2.995732273553991,-0.9743700647852352,0.22495105434386492,1.0,0.0,2.772588722239781,0.0,77.00000000000004,5,62.0,62.0,52.0,56.0,59.0,61.0,0.0
2021-05-20,62.0,58.5,62.0,52.0,56.0,59.0,61.0,22.0,24,4.7,10.2,153,29.9,88,2.0,11.0,1.0,52.0,10.0,10.0,11.0,11.0,23.0,14.0,10.0,2.3978952727983707,18.0,2.9444389791664403,0.45399049973954686,-0.8910065241883678,0.0,1.0,0.0,2.9444389791664403,52.40000000000004,5,61.0,61.0,51.0,54.0,56.0,58.0,0.0
2021-05-21,61.0,54.0,61.0,51.0,54.0,56.0,58.0,21.0,24,27.1,10.5,170,29.4,90,20.0,11.0,0.0,62.0,-1.0,-1.0,-1.0,-2.0,-3.0,-3.0,29.0,3.4011973816621555,22.0,3.1354942159291497,0.17364817766693028,-0.984807753012208,0.0,0.0,0.0,0.0,45.200000000000045,5,57.0,57.0,53.0,50.0,55.0,55.0,0.0
2021-05-22,57.0,55.333333333333336,57.0,53.0,50.0,55.0,55.0,17.0,21,3.4,14.2,202,28.0,89,5.0,8.0,3.0,61.0,-4.0,-4.0,2.0,-4.0,-1.0,-3.0,27.0,3.332204510175204,30.0,3.4339872044851463,-0.374606593415912,-0.9271838545667874,1.0,0.0,3.332204510175204,0.0,35.200000000000045,5,56.0,56.0,48.0,41.0,54.0,53.0,0.0
2021-05-23,56.0,54.375,56.0,48.0,41.0,54.0,53.0,16.0,24,0.0,13.7,189,30.4,81,27.0,7.0,10.0,57.0,-1.0,-1.0,-5.0,-9.0,-1.0,-2.0,52.0,3.970291913552122,26.0,3.295836866004329,-0.15643446504023073,-0.9876883405951378,0.0,0.0,0.0,0.0,30.500000000000043,5,56.0,56.0,48.0,51.0,49.0,52.0,0.0
2021-05-24,56.0,53.16666666666666,56.0,48.0,51.0,49.0,52.0,16.0,24,2.8,13.0,144,30.9,84,15.0,32.0,17.0,56.0,0.0,0.0,0.0,10.0,-5.0,-1.0,47.0,3.871201010907891,47.0,3.871201010907891,0.5877852522924732,-0.8090169943749473,0.0,1.0,0.0,3.871201010907891,6.200000000000042,5,53.0,53.0,46.0,47.0,46.0,50.0,0.0
2021-05-25,53.0,52.5,53.0,46.0,47.0,46.0,50.0,14.0,24,1.9,16.4,132,30.9,85,26.0,59.0,8.0,56.0,-3.0,-3.0,-2.0,-4.0,-3.0,-2.0,68.0,4.23410650459726,98.0,4.59511985013459,0.7431448254773942,-0.6691306063588582,0.0,1.0,0.0,4.59511985013459,4.700000000000042,5,52.0,52.0,48.0,39.0,41.0,44.0,0.0
2021-05-26,52.0,51.458333333333336,52.0,48.0,39.0,41.0,44.0,13.0,24,7.0,13.1,114,30.4,86,25.0,98.0,10.0,53.0,-1.0,-1.0,2.0,-8.0,-5.0,-6.0,66.0,4.204692619390966,189.0,5.247024072160486,0.9135454576426009,-0.40673664307580026,0.0,1.0,0.0,5.247024072160486,11.700000000000042,5,53.0,53.0,47.0,36.0,46.0,46.0,0.0
2021-05-27,53.0,51.66666666666666,53.0,47.0,36.0,46.0,46.0,13.0,24,14.6,9.0,114,30.1,88,16.0,57.0,1.0,52.0,1.0,1.0,-1.0,-3.0,5.0,2.0,67.0,4.219507705176107,214.0,5.3706380281276624,0.9135454576426009,-0.40673664307580026,0.0,1.0,0.0,5.3706380281276624,23.500000000000043,5,59.0,58.0,57.0,54.0,55.0,59.0,0.0
2021-05-28,59.0,56.458333333333336,58.0,57.0,54.0,55.0,59.0,19.0,24,12.0,8.3,185,30.2,88,25.0,46.0,12.0,53.0,6.0,5.0,10.0,18.0,9.0,13.0,66.0,4.204692619390966,201.0,5.308267697401205,-0.08715574274765794,-0.9961946980917455,0.0,0.0,0.0,0.0,33.600000000000044,5,59.0,59.0,55.0,54.0,56.0,59.0,0.0
2021-05-29,59.0,58.125,59.0,55.0,54.0,56.0,59.0,19.0,24,5.2,10.5,168,28.4,88,9.0,42.0,16.0,59.0,0.0,1.0,-2.0,0.0,1.0,0.0,50.0,3.9318256327243257,145.0,4.983606621708336,0.20791169081775931,-0.9781476007338057,0.0,0.0,0.0,0.0,31.800000000000043,5,56.0,56.0,40.0,37.0,48.0,53.0,0.0
2021-05-30,56.0,52.5,56.0,40.0,37.0,48.0,53.0,17.0,24,3.1,13.1,136,30.9,85,12.0,49.0,28.0,59.0,-3.0,-3.0,-15.0,-17.0,-8.0,-6.0,46.0,3.8501476017100584,137.0,4.927253685157205,0.6946583704589971,-0.7193398003386513,0.0,1.0,0.0,4.927253685157205,20.300000000000043,5,55.0,55.0,45.0,38.0,54.0,49.0,0.0
2021-05-31,55.0,53.91666666666666,55.0,45.0,38.0,54.0,49.0,16.0,24,5.9,11.7,166,30.0,88,15.0,41.0,22.0,56.0,-1.0,-1.0,5.0,1.0,6.0,-4.0,36.0,3.6109179126442243,132.0,4.890349128221754,0.24192189559966773,-0.9702957262759965,0.0,0.0,0.0,0.0,14.200000000000044,5,58.0,58.0,44.0,43.0,54.0,48.0,0.0
2021-06-01,58.0,54.125,58.0,44.0,43.0,54.0,48.0,18.0,24,11.9,12.5,158,29.0,89,26.0,22.0,16.0,55.0,3.0,3.0,-1.0,5.0,0.0,-1.0,53.0,3.9889840465642745,112.0,4.727387818712341,0.37460659341591224,-0.9271838545667873,0.0,1.0,0.0,4.727387818712341,20.90000000000004,6,60.0,60.0,45.0,46.0,52.0,50.0,0.0
2021-06-02,60.0,56.66666666666666,60.0,45.0,46.0,52.0,50.0,20.0,24,19.9,12.1,145,29.0,88,21.0,48.0,25.0,58.0,2.0,2.0,1.0,3.0,-2.0,2.0,62.0,4.143134726391533,111.0,4.718498871295094,0.5735764363510459,-0.8191520442889919,0.0,1.0,0.0,4.718498871295094,37.700000000000045,6,56.0,56.0,46.0,45.0,51.0,56.0,0.0
2021-06-03,56.0,54.66666666666666,56.0,46.0,45.0,51.0,56.0,17.0,24,10.3,12.4,145,29.7,88,41.0,93.0,24.0,60.0,-4.0,-4.0,1.0,-1.0,-1.0,6.0,88.0,4.48863636973214,163.0,5.099866427824199,0.5735764363510459,-0.8191520442889919,0.0,1.0,0.0,5.099866427824199,42.10000000000004,6,53.0,53.0,44.0,51.0,43.0,53.0,0.0
2021-06-04,53.0,48.708333333333336,53.0,44.0,51.0,43.0,53.0,14.0,24,6.1,12.8,149,29.3,90,13.0,99.0,18.0,56.0,-3.0,-3.0,-2.0,6.0,-8.0,-3.0,75.0,4.330733340286331,240.0,5.484796933490655,0.5150380749100544,-0.8571673007021122,0.0,1.0,0.0,5.484796933490655,36.30000000000004,6,59.0,58.0,54.0,59.0,53.0,56.0,0.0
2021-06-05,59.0,55.708333333333336,58.0,54.0,59.0,53.0,56.0,19.0,24,2.9,13.2,201,29.0,87,60.0,82.0,14.0,53.0,6.0,5.0,10.0,8.0,10.0,3.0,114.0,4.74493212836325,274.0,5.616771097666572,-0.35836794954530043,-0.9335804264972017,1.0,0.0,4.74493212836325,0.0,19.300000000000043,6,66.0,66.0,58.0,64.0,57.0,65.0,0.0
2021-06-06,66.0,63.75,66.0,58.0,64.0,57.0,65.0,25.0,24,0.8,15.1,201,29.8,85,41.0,32.0,29.0,59.0,7.0,8.0,4.0,5.0,4.0,9.0,114.0,4.74493212836325,213.0,5.365976015021851,-0.35836794954530043,-0.9335804264972017,1.0,0.0,4.74493212836325,0.0,9.800000000000042,6,64.0,64.0,57.0,56.0,55.0,62.0,0.0
2021-06-07,64.0,60.41666666666666,64.0,57.0,56.0,55.0,62.0,24.0,24,3.3,15.0,170,29.6,85,46.0,25.0,11.0,66.0,-2.0,-2.0,-1.0,-8.0,-2.0,-3.0,147.0,4.997212273764115,139.0,4.941642422609304,0.17364817766693028,-0.984807753012208,0.0,0.0,0.0,0.0,7.000000000000043,6,69.0,69.0,58.0,50.0,61.0,64.0,0.0
2021-06-08,69.0,65.95833333333333,69.0,58.0,50.0,61.0,64.0,28.0,24,1.3,14.0,163,29.9,85,38.0,23.0,25.0,64.0,5.0,5.0,1.0,-6.0,6.0,2.0,125.0,4.836281906951478,80.0,4.394449154672439,0.2923717047227366,-0.9563047559630355,0.0,0.0,0.0,0.0,5.400000000000042,6,67.0,67.0,57.0,45.0,59.0,62.0,0.0
2021-06-09,67.0,62.5,67.0,57.0,45.0,59.0,62.0,26.0,24,9.4,16.0,179,29.0,86,26.0,53.0,19.0,69.0,-2.0,-2.0,-1.0,-5.0,-2.0,-2.0,110.0,4.709530201312334,101.0,4.624972813284271,0.01745240643728344,-0.9998476951563913,0.0,0.0,0.0,0.0,14.000000000000043,6,73.0,73.0,64.0,52.0,64.0,70.0,0.0
2021-06-10,73.0,69.95833333333333,73.0,64.0,52.0,64.0,70.0,31.0,24,7.7,11.5,176,29.4,87,11.0,48.0,2.0,67.0,6.0,6.0,7.0,7.0,5.0,8.0,75.0,4.330733340286331,124.0,4.8283137373023015,0.06975647374412552,-0.9975640502598242,0.0,0.0,0.0,0.0,18.40000000000004,6,70.0,70.0,62.0,52.0,63.0,69.0,0.0
2021-06-11,70.0,64.04166666666667,70.0,62.0,52.0,63.0,69.0,29.0,24,3.7,15.0,156,29.5,86,28.0,39.0,6.0,73.0,-3.0,-3.0,-2.0,0.0,-1.0,-1.0,65.0,4.189654742026425,140.0,4.948759890378168,0.40673664307580043,-0.9135454576426008,0.0,1.0,0.0,4.948759890378168,20.80000000000004,6,63.0,63.0,57.0,43.0,60.0,63.0,0.0
2021-06-12,63.0,61.958333333333336,63.0,57.0,43.0,60.0,63.0,23.0,24,7.6,14.2,170,29.8,86,33.0,23.0,1.0,70.0,-7.0,-7.0,-5.0,-9.0,-3.0,-6.0,72.0,4.290459441148391,110.0,4.709530201312334,0.17364817766693028,-0.984807753012208,0.0,0.0,0.0,0.0,19.000000000000043,6,62.0,62.0,54.0,44.0,58.0,59.0,0.0
2021-06-13,62.0,57.79166666666666,62.0,54.0,44.0,58.0,59.0,22.0,24,8.2,14.9,170,29.2,86,22.0,29.0,7.0,63.0,-1.0,-1.0,-3.0,1.0,-2.0,-4.0,83.0,4.430816798843313,91.0,4.5217885770490405,0.17364817766693028,-0.984807753012208,0.0,0.0,0.0,0.0,19.500000000000043,6,52.0,52.0,36.0,31.0,39.0,48.0,0.0
2021-06-14,52.0,42.875,52.0,36.0,31.0,39.0,48.0,13.0,24,24.5,10.8,137,29.3,88,21.0,19.0,19.0,62.0,-10.0,-10.0,-18.0,-13.0,-19.0,-11.0,76.0,4.343805421853684,71.0,4.276666119016055,0.6819983600624985,-0.7313537016191705,0.0,1.0,0.0,4.276666119016055,40.30000000000004,6,57.0,55.0,35.0,31.0,45.0,57.0,0.0
2021-06-15,57.0,54.75,55.0,35.0,31.0,45.0,57.0,17.0,24,24.4,9.0,143,28.6,90,19.0,29.0,16.0,52.0,5.0,3.0,-1.0,0.0,6.0,9.0,62.0,4.143134726391533,77.0,4.356708826689592,0.6018150231520482,-0.7986355100472929,0.0,1.0,0.0,4.356708826689592,57.10000000000004,6,58.0,57.0,50.0,58.0,47.0,57.0,0.0
2021-06-16,58.0,55.375,57.0,50.0,58.0,47.0,57.0,18.0,24,10.6,11.8,221,28.9,90,32.0,49.0,20.0,57.0,1.0,2.0,15.0,27.0,2.0,0.0,72.0,4.290459441148391,97.0,4.584967478670572,-0.656059028990507,-0.7547095802227721,1.0,0.0,4.290459441148391,0.0,59.50000000000004,6,62.0,62.0,51.0,58.0,52.0,55.0,0.0
2021-06-17,62.0,60.16666666666666,62.0,51.0,58.0,52.0,55.0,22.0,24,10.2,11.4,128,30.3,84,33.0,34.0,7.0,58.0,4.0,5.0,1.0,0.0,5.0,-2.0,84.0,4.442651256490317,112.0,4.727387818712341,0.788010753606722,-0.6156614753256583,0.0,1.0,0.0,4.727387818712341,45.20000000000004,6,57.0,57.0,51.0,32.0,47.0,43.0,0.0
2021-06-18,57.0,52.41666666666666,57.0,51.0,32.0,47.0,43.0,18.0,24,19.6,10.3,195,26.8,90,3.0,28.0,9.0,62.0,-5.0,-5.0,0.0,-26.0,-5.0,-12.0,68.0,4.23410650459726,111.0,4.718498871295094,-0.2588190451025208,-0.9659258262890683,0.0,0.0,0.0,0.0,40.40000000000004,6,57.0,57.0,44.0,31.0,46.0,53.0,0.0
2021-06-19,57.0,55.04166666666666,57.0,44.0,31.0,46.0,53.0,18.0,24,1.2,9.3,149,29.1,85,22.0,40.0,8.0,57.0,0.0,0.0,-7.0,-1.0,-1.0,10.0,58.0,4.07753744390572,102.0,4.634728988229636,0.5150380749100544,-0.8571673007021122,0.0,1.0,0.0,4.634728988229636,31.00000000000004,6,61.0,61.0,54.0,42.0,55.0,60.0,0.0
2021-06-20,61.0,59.333333333333336,61.0,54.0,42.0,55.0,60.0,21.0,24,6.1,12.8,172,30.0,85,21.0,25.0,0.0,57.0,4.0,4.0,10.0,11.0,9.0,7.0,46.0,3.8501476017100584,93.0,4.543294782270004,0.13917310096006533,-0.9902680687415704,0.0,0.0,0.0,0.0,26.90000000000004,6,59.0,59.0,57.0,43.0,54.0,57.0,0.0
2021-06-21,59.0,55.29166666666666,59.0,57.0,43.0,54.0,57.0,19.0,24,1.7,12.0,181,29.8,86,27.0,12.0,7.0,61.0,-2.0,-2.0,3.0,1.0,-1.0,-3.0,70.0,4.2626798770413155,77.0,4.356708826689592,-0.017452406437283637,-0.9998476951563913,0.0,0.0,0.0,0.0,9.000000000000039,6,61.0,61.0,58.0,51.0,57.0,57.0,0.0
2021-06-22,61.0,59.25,61.0,58.0,51.0,57.0,57.0,21.0,24,5.2,11.1,188,29.8,85,48.0,15.0,3.0,59.0,2.0,2.0,1.0,8.0,3.0,0.0,96.0,4.574710978503383,52.0,3.970291913552122,-0.13917310096006552,-0.9902680687415703,0.0,0.0,0.0,0.0,13.000000000000039,6,58.0,58.0,57.0,45.0,53.0,54.0,0.0
2021-06-23,58.0,54.875,58.0,57.0,45.0,53.0,54.0,18.0,24,3.3,11.6,252,29.9,84,28.0,42.0,12.0,61.0,-3.0,-3.0,-1.0,-6.0,-4.0,-3.0,103.0,4.6443908991413725,69.0,4.248495242049359,-0.9510565162951535,-0.30901699437494756,1.0,0.0,4.6443908991413725,0.0,10.200000000000038,6,56.0,56.0,50.0,37.0,48.0,53.0,0.0
2021-06-24,56.0,49.91666666666666,56.0,50.0,37.0,48.0,53.0,17.0,24,6.5,8.3,194,29.5,86,29.0,9.0,12.0,58.0,-2.0,-2.0,-7.0,-8.0,-5.0,-1.0,105.0,4.663439094112067,66.0,4.204692619390966,-0.2419218955996675,-0.9702957262759965,0.0,0.0,0.0,0.0,15.000000000000039,6,61.0,61.0,53.0,36.0,54.0,61.0,0.0
2021-06-25,61.0,58.958333333333336,61.0,53.0,36.0,54.0,61.0,21.0,24,18.2,11.1,221,28.6,91,29.0,29.0,26.0,56.0,5.0,5.0,3.0,-1.0,6.0,8.0,86.0,4.465908118654584,80.0,4.394449154672439,-0.656059028990507,-0.7547095802227721,1.0,0.0,4.465908118654584,0.0,28.000000000000036,6,61.0,61.0,56.0,41.0,55.0,61.0,0.0
2021-06-26,61.0,58.583333333333336,61.0,56.0,41.0,55.0,61.0,21.0,24,18.8,10.8,206,28.6,88,19.0,81.0,30.0,61.0,0.0,0.0,3.0,5.0,1.0,0.0,77.0,4.356708826689592,119.0,4.787491742782046,-0.43837114678907746,-0.8987940462991669,1.0,0.0,4.356708826689592,0.0,43.50000000000004,6,55.0,54.0,55.0,37.0,41.0,54.0,0.0
2021-06-27,55.0,53.04166666666666,54.0,55.0,37.0,41.0,54.0,16.0,24,47.9,8.4,166,28.7,88,14.0,12.0,12.0,61.0,-6.0,-7.0,-1.0,-4.0,-14.0,-7.0,62.0,4.143134726391533,122.0,4.812184355372417,0.24192189559966773,-0.9702957262759965,0.0,0.0,0.0,0.0,84.90000000000003,6,59.0,59.0,45.0,30.0,47.0,54.0,0.0
2021-06-28,59.0,57.25,59.0,45.0,30.0,47.0,54.0,19.0,24,3.4,9.0,168,29.4,89,32.0,18.0,8.0,55.0,4.0,5.0,-10.0,-7.0,6.0,0.0,65.0,4.189654742026425,111.0,4.718498871295094,0.20791169081775931,-0.9781476007338057,0.0,0.0,0.0,0.0,70.10000000000004,6,56.0,56.0,39.0,42.0,37.0,51.0,0.0
2021-06-29,56.0,46.083333333333336,56.0,39.0,42.0,37.0,51.0,16.0,24,66.9,9.7,228,26.4,92,15.0,30.0,7.0,59.0,-3.0,-3.0,-6.0,12.0,-10.0,-3.0,61.0,4.127134385045092,60.0,4.110873864173311,-0.7431448254773944,-0.6691306063588581,1.0,0.0,4.127134385045092,0.0,118.20000000000005,6,48.0,48.0,42.0,47.0,25.0,40.0,0.0
2021-06-30,48.0,44.25,48.0,42.0,47.0,25.0,40.0,12.0,24,20.4,12.3,192,28.6,85,13.0,20.0,23.0,56.0,-8.0,-8.0,3.0,5.0,-12.0,-11.0,60.0,4.110873864173311,68.0,4.23410650459726,-0.2079116908177595,-0.9781476007338056,0.0,0.0,0.0,0.0,90.70000000000005,6,39.0,39.0,35.0,37.0,26.0,33.0,0.0
2021-07-01,39.0,37.833333333333336,39.0,35.0,37.0,26.0,33.0,9.0,24,8.7,16.2,160,27.9,88,14.0,10.0,23.0,48.0,-9.0,-9.0,-7.0,-10.0,1.0,-7.0,42.0,3.7612001156935624,60.0,4.110873864173311,0.3420201433256689,-0.9396926207859083,0.0,1.0,0.0,4.110873864173311,96.00000000000004,7,40.0,40.0,32.0,26.0,31.0,34.0,0.0
2021-07-02,40.0,34.208333333333336,40.0,32.0,26.0,31.0,34.0,10.0,24,8.2,12.5,162,28.9,88,34.0,19.0,17.0,39.0,1.0,1.0,-3.0,-11.0,5.0,1.0,61.0,4.127134385045092,49.0,3.912023005428146,0.3090169943749475,-0.9510565162951535,0.0,0.0,0.0,0.0,37.30000000000004,7,52.0,52.0,27.0,38.0,43.0,45.0,0.0
2021-07-03,52.0,50.083333333333336,52.0,27.0,38.0,43.0,45.0,13.0,24,6.4,9.8,158,29.3,89,39.0,33.0,8.0,40.0,12.0,12.0,-5.0,12.0,12.0,11.0,87.0,4.477336814478207,62.0,4.143134726391533,0.37460659341591224,-0.9271838545667873,0.0,1.0,0.0,4.143134726391533,23.30000000000004,7,65.0,52.0,30.0,65.0,32.0,45.0,0.0
2021-07-04,65.0,52.0,52.0,30.0,65.0,32.0,45.0,13.0,24,6.1,11.7,203,28.6,88,45.0,37.0,11.0,52.0,13.0,0.0,3.0,27.0,-11.0,0.0,118.0,4.77912349311153,89.0,4.499809670330265,-0.39073112848927355,-0.9205048534524404,1.0,0.0,4.77912349311153,0.0,20.700000000000042,7,50.0,50.0,34.0,49.0,39.0,43.0,0.0
2021-07-05,50.0,46.875,50.0,34.0,49.0,39.0,43.0,12.0,24,5.4,15.2,192,28.6,87,31.0,36.0,3.0,65.0,-15.0,-2.0,4.0,-16.0,7.0,-2.0,115.0,4.7535901911063645,106.0,4.672828834461906,-0.2079116908177595,-0.9781476007338056,0.0,0.0,0.0,0.0,17.90000000000004,7,61.0,60.0,53.0,61.0,54.0,60.0,0.0
2021-07-06,61.0,50.625,60.0,53.0,61.0,54.0,60.0,21.0,24,7.2,12.6,197,29.2,85,21.0,58.0,0.0,50.0,11.0,10.0,19.0,12.0,15.0,17.0,97.0,4.584967478670572,131.0,4.882801922586371,-0.29237170472273677,-0.9563047559630354,0.0,0.0,0.0,0.0,18.700000000000042,7,71.0,71.0,57.0,71.0,66.0,70.0,0.0
2021-07-07,71.0,69.75,71.0,57.0,71.0,66.0,70.0,30.0,24,2.7,10.9,129,29.0,87,19.0,36.0,3.0,61.0,10.0,11.0,4.0,10.0,12.0,10.0,71.0,4.276666119016055,130.0,4.875197323201151,0.777145961456971,-0.6293203910498373,0.0,1.0,0.0,4.875197323201151,15.300000000000043,7,71.0,70.0,57.0,59.0,66.0,71.0,0.0
2021-07-08,71.0,69.41666666666667,70.0,57.0,59.0,66.0,71.0,30.0,24,6.3,9.6,137,29.8,87,21.0,12.0,1.0,71.0,0.0,-1.0,0.0,-12.0,0.0,1.0,61.0,4.127134385045092,106.0,4.672828834461906,0.6819983600624985,-0.7313537016191705,0.0,1.0,0.0,4.672828834461906,16.200000000000042,7,63.0,63.0,52.0,42.0,58.0,63.0,0.0
2021-07-09,63.0,55.583333333333336,63.0,52.0,42.0,58.0,63.0,23.0,24,13.6,12.7,116,29.3,88,26.0,31.0,4.0,71.0,-8.0,-7.0,-5.0,-17.0,-8.0,-8.0,66.0,4.204692619390966,79.0,4.382026634673881,0.8987940462991669,-0.4383711467890775,0.0,1.0,0.0,4.382026634673881,22.600000000000044,7,51.0,51.0,41.0,38.0,42.0,51.0,0.0
2021-07-10,51.0,48.625,51.0,41.0,38.0,42.0,51.0,12.0,24,98.6,9.7,14,27.6,93,5.0,37.0,0.0,63.0,-12.0,-12.0,-11.0,-4.0,-16.0,-12.0,52.0,3.970291913552122,80.0,4.394449154672439,0.24192189559966773,0.9702957262759965,0.0,0.0,0.0,0.0,118.50000000000003,7,51.0,51.0,39.0,46.0,42.0,44.0,0.0
2021-07-11,51.0,46.458333333333336,51.0,39.0,46.0,42.0,44.0,12.0,24,19.8,10.7,22,27.0,92,6.0,17.0,1.0,51.0,0.0,0.0,-2.0,8.0,0.0,-7.0,37.0,3.6375861597263857,85.0,4.454347296253507,0.374606593415912,0.9271838545667874,0.0,0.0,0.0,0.0,132.00000000000003,7,47.0,39.0,33.0,47.0,28.0,38.0,0.0
2021-07-12,47.0,40.208333333333336,39.0,33.0,47.0,28.0,38.0,11.0,24,34.3,7.6,314,29.2,91,8.0,15.0,1.0,51.0,-4.0,-12.0,-6.0,1.0,-14.0,-6.0,19.0,2.995732273553991,69.0,4.248495242049359,-0.7193398003386511,0.6946583704589973,0.0,0.0,0.0,0.0,152.70000000000005,7,35.0,32.0,31.0,35.0,19.0,31.0,0.0
2021-07-13,35.0,30.666666666666668,32.0,31.0,35.0,19.0,31.0,8.0,24,44.2,17.8,230,25.3,89,0.0,25.0,0.0,47.0,-12.0,-7.0,-2.0,-12.0,-9.0,-7.0,14.0,2.70805020110221,57.0,4.060443010546419,-0.7660444431189779,-0.6427876096865395,1.0,0.0,2.70805020110221,0.0,98.30000000000004,7,52.0,52.0,41.0,31.0,39.0,52.0,0.0
2021-07-14,52.0,44.04166666666666,52.0,41.0,31.0,39.0,52.0,13.0,24,3.3,15.3,142,26.9,85,6.0,3.0,0.0,35.0,17.0,20.0,10.0,-4.0,20.0,21.0,14.0,2.70805020110221,43.0,3.784189633918261,0.6156614753256584,-0.7880107536067219,0.0,1.0,0.0,3.784189633918261,81.80000000000004,7,58.0,58.0,51.0,37.0,53.0,57.0,0.0
2021-07-15,58.0,55.75,58.0,51.0,37.0,53.0,57.0,18.0,24,0.0,14.8,177,29.8,87,28.0,1.0,16.0,52.0,6.0,6.0,10.0,6.0,14.0,5.0,34.0,3.5553480614894135,29.0,3.4011973816621555,0.05233595624294381,-0.9986295347545738,0.0,0.0,0.0,0.0,47.50000000000004,7,57.0,57.0,50.0,36.0,53.0,57.0,0.0
2021-07-16,57.0,55.333333333333336,57.0,50.0,36.0,53.0,57.0,18.0,24,1.2,14.4,140,30.0,84,68.0,1.0,15.0,58.0,-1.0,-1.0,-1.0,-1.0,0.0,0.0,102.0,4.634728988229636,5.0,1.791759469228055,0.6427876096865395,-0.7660444431189779,0.0,1.0,0.0,1.791759469228055,4.500000000000043,7,58.0,57.0,51.0,37.0,54.0,58.0,0.0
2021-07-17,58.0,57.208333333333336,57.0,51.0,37.0,54.0,58.0,18.0,24,0.3,14.6,157,30.0,83,57.0,29.0,25.0,57.0,1.0,0.0,1.0,1.0,1.0,1.0,153.0,5.0369526024136295,31.0,3.4657359027997265,0.39073112848927377,-0.9205048534524404,0.0,1.0,0.0,3.4657359027997265,1.5000000000000426,7,61.0,60.0,52.0,40.0,57.0,61.0,0.0
2021-07-18,61.0,59.79166666666666,60.0,52.0,40.0,57.0,61.0,21.0,24,0.9,12.6,169,29.1,85,145.0,81.0,4.0,58.0,3.0,3.0,1.0,3.0,3.0,3.0,270.0,5.602118820879701,111.0,4.718498871295094,0.19080899537654497,-0.981627183447664,0.0,0.0,0.0,0.0,2.4000000000000425,7,60.0,59.0,52.0,43.0,55.0,60.0,0.0
2021-07-19,60.0,57.75,59.0,52.0,43.0,55.0,60.0,20.0,24,9.2,9.0,182,28.8,90,111.0,154.0,14.0,61.0,-1.0,-1.0,0.0,3.0,-2.0,-1.0,313.0,5.749392985908253,264.0,5.579729825986222,-0.0348994967025009,-0.9993908270190958,0.0,0.0,0.0,0.0,10.400000000000041,7,58.0,58.0,47.0,55.0,52.0,56.0,0.0
2021-07-20,58.0,57.125,58.0,47.0,55.0,52.0,56.0,18.0,24,2.0,12.7,164,29.7,87,70.0,134.0,11.0,60.0,-2.0,-1.0,-5.0,12.0,-3.0,-4.0,326.0,5.7899601708972535,369.0,5.91350300563827,0.2756373558169992,-0.9612616959383189,0.0,0.0,0.0,0.0,12.10000000000004,7,59.0,57.0,49.0,59.0,50.0,56.0,0.0
2021-07-21,59.0,57.333333333333336,57.0,49.0,59.0,50.0,56.0,19.0,24,0.9,19.5,169,30.3,83,120.0,147.0,15.0,58.0,1.0,-1.0,2.0,4.0,-2.0,0.0,301.0,5.71042701737487,435.0,6.077642243349034,0.19080899537654497,-0.981627183447664,0.0,0.0,0.0,0.0,12.100000000000042,7,56.0,56.0,48.0,54.0,52.0,56.0,0.0
2021-07-22,56.0,55.208333333333336,56.0,48.0,54.0,52.0,56.0,17.0,24,2.6,17.4,155,30.3,83,103.0,142.0,20.0,59.0,-3.0,-1.0,-1.0,-5.0,2.0,0.0,293.0,5.683579767338681,423.0,6.049733455231958,0.4226182617406995,-0.9063077870366499,0.0,1.0,0.0,6.049733455231958,5.500000000000043,7,59.0,59.0,51.0,36.0,54.0,58.0,0.0
2021-07-23,59.0,57.66666666666666,59.0,51.0,36.0,54.0,58.0,19.0,24,11.5,14.5,172,29.7,88,55.0,204.0,2.0,56.0,3.0,3.0,3.0,-18.0,2.0,2.0,278.0,5.631211781821365,493.0,6.202535517187923,0.13917310096006533,-0.9902680687415704,0.0,0.0,0.0,0.0,15.000000000000043,7,56.0,56.0,49.0,37.0,49.0,55.0,0.0
2021-07-24,56.0,53.583333333333336,56.0,49.0,37.0,49.0,55.0,17.0,24,2.4,19.5,175,29.8,84,103.0,300.0,4.0,59.0,-3.0,-3.0,-2.0,1.0,-5.0,-3.0,261.0,5.568344503761097,646.0,6.472346294500901,0.0871557427476582,-0.9961946980917455,0.0,0.0,0.0,0.0,16.500000000000043,7,54.0,53.0,41.0,34.0,51.0,54.0,0.0
2021-07-25,54.0,53.125,53.0,41.0,34.0,51.0,54.0,14.0,24,0.7,17.5,161,30.5,81,196.0,227.0,42.0,56.0,-2.0,-3.0,-8.0,-3.0,2.0,-1.0,354.0,5.872117789475416,731.0,6.595780513961311,0.3255681544571566,-0.9455185755993168,0.0,0.0,0.0,0.0,14.600000000000042,7,54.0,54.0,46.0,34.0,50.0,53.0,0.0
2021-07-26,54.0,53.29166666666666,54.0,46.0,34.0,50.0,53.0,15.0,24,3.1,17.6,166,29.6,83,183.0,249.0,24.0,54.0,0.0,1.0,5.0,0.0,-1.0,-1.0,482.0,6.180016653652572,776.0,6.655440350367647,0.24192189559966773,-0.9702957262759965,0.0,0.0,0.0,0.0,6.200000000000043,7,54.0,54.0,50.0,36.0,49.0,54.0,0.0
2021-07-27,54.0,53.208333333333336,54.0,50.0,36.0,49.0,54.0,15.0,24,4.3,15.6,176,29.7,82,223.0,315.0,41.0,54.0,0.0,0.0,4.0,2.0,-1.0,1.0,602.0,6.401917196727186,791.0,6.674561391814426,0.06975647374412552,-0.9975640502598242,0.0,0.0,0.0,0.0,8.100000000000042,7,55.0,55.0,51.0,36.0,50.0,55.0,0.0
2021-07-28,55.0,54.208333333333336,55.0,51.0,36.0,50.0,55.0,16.0,24,0.4,19.2,167,30.5,79,133.0,334.0,25.0,54.0,1.0,1.0,1.0,0.0,1.0,1.0,539.0,6.29156913955832,898.0,6.80128303447162,0.2249510543438652,-0.9743700647852351,0.0,0.0,0.0,0.0,7.800000000000043,7,60.0,60.0,53.0,43.0,55.0,60.0,0.0
2021-07-29,60.0,56.16666666666666,60.0,53.0,43.0,55.0,60.0,20.0,24,0.1,18.8,168,30.6,77,147.0,264.0,0.0,55.0,5.0,5.0,2.0,7.0,5.0,5.0,503.0,6.222576268071369,913.0,6.81783057145415,0.20791169081775931,-0.9781476007338057,0.0,0.0,0.0,0.0,4.800000000000043,7,63.0,61.0,54.0,46.0,57.0,63.0,0.0
2021-07-30,63.0,61.91666666666666,61.0,54.0,46.0,57.0,63.0,23.0,24,3.0,15.3,151,30.1,82,144.0,83.0,0.0,60.0,3.0,1.0,1.0,3.0,2.0,3.0,424.0,6.052089168924417,681.0,6.525029657843462,0.48480962024633717,-0.8746197071393957,0.0,1.0,0.0,6.525029657843462,3.5000000000000435,7,65.0,65.0,54.0,47.0,58.0,62.0,0.0
2021-07-31,65.0,62.375,65.0,54.0,47.0,58.0,62.0,24.0,24,9.6,17.3,182,28.8,86,161.0,137.0,17.0,63.0,2.0,4.0,0.0,1.0,1.0,-1.0,452.0,6.115892125483034,484.0,6.184148890937483,-0.0348994967025009,-0.9993908270190958,0.0,0.0,0.0,0.0,12.700000000000044,7,59.0,59.0,51.0,39.0,52.0,56.0,0.0
2021-08-01,59.0,55.04166666666666,59.0,51.0,39.0,52.0,56.0,19.0,24,8.8,12.4,213,28.4,85,80.0,129.0,7.0,65.0,-6.0,-6.0,-3.0,-8.0,-6.0,-6.0,385.0,5.955837369464831,349.0,5.857933154483459,-0.5446390350150271,-0.838670567945424,1.0,0.0,5.955837369464831,0.0,21.400000000000045,8,55.0,55.0,38.0,32.0,39.0,55.0,0.0
2021-08-02,55.0,46.708333333333336,55.0,38.0,32.0,39.0,55.0,15.0,24,12.8,13.6,180,28.8,86,48.0,85.0,15.0,59.0,-4.0,-4.0,-13.0,-7.0,-13.0,-1.0,289.0,5.66988092298052,351.0,5.863631175598097,1.2246467991473532e-16,-1.0,0.0,0.0,0.0,0.0,31.200000000000045,8,57.0,56.0,48.0,32.0,52.0,57.0,0.0
2021-08-03,57.0,55.208333333333336,56.0,48.0,32.0,52.0,57.0,17.0,24,4.6,16.7,157,29.9,85,53.0,180.0,12.0,55.0,2.0,1.0,10.0,0.0,13.0,2.0,181.0,5.204006687076795,394.0,5.978885764901122,0.39073112848927377,-0.9205048534524404,0.0,1.0,0.0,5.978885764901122,26.200000000000045,8,53.0,52.0,46.0,34.0,49.0,53.0,0.0
2021-08-04,53.0,49.958333333333336,52.0,46.0,34.0,49.0,53.0,14.0,24,16.7,15.6,216,28.1,88,4.0,24.0,2.0,57.0,-4.0,-4.0,-2.0,2.0,-3.0,-4.0,105.0,4.663439094112067,289.0,5.66988092298052,-0.587785252292473,-0.8090169943749475,1.0,0.0,4.663439094112067,0.0,34.100000000000044,8,52.0,52.0,40.0,43.0,44.0,52.0,0.0
2021-08-05,52.0,45.958333333333336,52.0,40.0,43.0,44.0,52.0,13.0,24,1.8,19.0,177,29.6,84,52.0,120.0,11.0,53.0,-1.0,0.0,-6.0,9.0,-5.0,-1.0,109.0,4.700480365792417,324.0,5.783825182329737,0.05233595624294381,-0.9986295347545738,0.0,0.0,0.0,0.0,23.10000000000004,8,55.0,53.0,44.0,38.0,48.0,55.0,0.0
2021-08-06,55.0,52.75,53.0,44.0,38.0,48.0,55.0,15.0,24,4.0,17.4,154,29.5,86,54.0,151.0,27.0,52.0,3.0,1.0,4.0,-5.0,4.0,3.0,110.0,4.709530201312334,295.0,5.69035945432406,0.4383711467890773,-0.898794046299167,0.0,1.0,0.0,5.69035945432406,22.500000000000043,8,57.0,54.0,43.0,30.0,51.0,57.0,0.0
2021-08-07,57.0,54.625,54.0,43.0,30.0,51.0,57.0,17.0,24,3.0,14.1,140,30.3,88,59.0,490.0,22.0,55.0,2.0,1.0,-1.0,-8.0,3.0,2.0,165.0,5.111987788356544,761.0,6.635946555686647,0.6427876096865395,-0.7660444431189779,0.0,1.0,0.0,6.635946555686647,8.800000000000043,8,60.0,51.0,48.0,30.0,57.0,60.0,0.0
2021-08-08,60.0,57.25,51.0,48.0,30.0,57.0,60.0,20.0,24,21.2,11.7,158,29.5,90,67.0,45.0,9.0,57.0,3.0,-3.0,5.0,0.0,6.0,3.0,180.0,5.198497031265826,686.0,6.532334292222349,0.37460659341591224,-0.9271838545667873,0.0,1.0,0.0,6.532334292222349,28.200000000000042,8,56.0,39.0,45.0,27.0,53.0,56.0,0.0
2021-08-09,56.0,53.25,39.0,45.0,27.0,53.0,56.0,16.0,24,0.5,11.6,214,30.1,86,85.0,111.0,15.0,60.0,-4.0,-12.0,-3.0,-3.0,-4.0,-4.0,211.0,5.356586274672012,646.0,6.472346294500901,-0.5591929034707467,-0.8290375725550417,1.0,0.0,5.356586274672012,0.0,24.700000000000042,8,54.0,35.0,40.0,25.0,37.0,54.0,0.0
2021-08-10,54.0,50.208333333333336,35.0,40.0,25.0,37.0,54.0,14.0,24,13.2,16.2,185,29.0,87,36.0,113.0,33.0,56.0,-2.0,-4.0,-5.0,-2.0,-16.0,-2.0,188.0,5.241747015059643,269.0,5.598421958998375,-0.08715574274765794,-0.9961946980917455,0.0,0.0,0.0,0.0,34.90000000000004,8,46.0,45.0,37.0,27.0,46.0,45.0,0.0
2021-08-11,46.0,42.125,45.0,37.0,27.0,46.0,45.0,11.0,24,11.7,15.0,170,28.4,89,65.0,359.0,9.0,54.0,-8.0,10.0,-3.0,2.0,9.0,-9.0,186.0,5.231108616854587,583.0,6.369900982828227,0.17364817766693028,-0.984807753012208,0.0,0.0,0.0,0.0,25.40000000000004,8,52.0,52.0,42.0,39.0,49.0,52.0,0.0
2021-08-12,52.0,50.29166666666666,52.0,42.0,39.0,49.0,52.0,13.0,24,5.5,18.1,156,29.4,86,46.0,48.0,11.0,46.0,6.0,7.0,5.0,12.0,3.0,7.0,147.0,4.997212273764115,520.0,6.255750041753367,0.40673664307580043,-0.9135454576426008,0.0,1.0,0.0,6.255750041753367,30.40000000000004,8,55.0,55.0,45.0,40.0,50.0,53.0,0.0
2021-08-13,55.0,53.833333333333336,55.0,45.0,40.0,50.0,53.0,15.0,24,10.4,16.4,130,28.9,87,19.0,21.0,21.0,52.0,3.0,3.0,3.0,1.0,1.0,1.0,130.0,4.875197323201151,428.0,6.061456918928017,0.766044443118978,-0.6427876096865394,0.0,1.0,0.0,6.061456918928017,27.600000000000044,8,54.0,54.0,39.0,29.0,46.0,51.0,0.0
2021-08-14,54.0,50.083333333333336,54.0,39.0,29.0,46.0,51.0,14.0,24,18.8,11.4,122,29.3,88,9.0,135.0,11.0,55.0,-1.0,-1.0,-6.0,-11.0,-4.0,-2.0,74.0,4.31748811353631,204.0,5.3230099791384085,0.8480480961564261,-0.5299192642332048,0.0,1.0,0.0,5.3230099791384085,34.700000000000045,8,51.0,49.0,36.0,51.0,50.0,44.0,0.0
2021-08-15,51.0,48.875,49.0,36.0,51.0,50.0,44.0,12.0,24,16.6,9.1,155,28.6,89,11.0,60.0,2.0,54.0,-3.0,-5.0,-3.0,22.0,4.0,-7.0,39.0,3.6888794541139363,216.0,5.37989735354046,0.4226182617406995,-0.9063077870366499,0.0,1.0,0.0,5.37989735354046,45.80000000000004,8,51.0,47.0,27.0,51.0,41.0,40.0,0.0
2021-08-16,51.0,42.0,47.0,27.0,51.0,41.0,40.0,12.0,24,6.5,10.7,81,29.1,88,24.0,47.0,5.0,51.0,0.0,-2.0,-9.0,0.0,-9.0,-4.0,44.0,3.8066624897703196,242.0,5.493061443340548,0.9876883405951378,0.15643446504023092,0.0,1.0,0.0,5.493061443340548,41.90000000000005,8,52.0,51.0,37.0,32.0,42.0,52.0,0.0
2021-08-17,52.0,44.708333333333336,51.0,37.0,32.0,42.0,52.0,13.0,24,50.4,10.5,307,26.7,91,15.0,50.0,12.0,51.0,1.0,4.0,10.0,-19.0,1.0,12.0,50.0,3.9318256327243257,157.0,5.062595033026967,-0.798635510047293,0.6018150231520479,0.0,0.0,0.0,0.0,73.50000000000003,8,52.0,52.0,37.0,26.0,40.0,52.0,0.0
2021-08-18,52.0,44.083333333333336,52.0,37.0,26.0,40.0,52.0,13.0,24,16.9,12.7,265,26.3,92,2.0,67.0,1.0,52.0,0.0,1.0,0.0,-6.0,-2.0,0.0,41.0,3.7376696182833684,164.0,5.10594547390058,-0.9961946980917455,-0.08715574274765825,1.0,0.0,3.7376696182833684,0.0,73.80000000000004,8,42.0,42.0,33.0,21.0,21.0,40.0,0.0
2021-08-19,42.0,36.875,42.0,33.0,21.0,21.0,40.0,10.0,24,9.5,19.5,267,27.6,87,18.0,22.0,0.0,52.0,-10.0,-10.0,-4.0,-5.0,-19.0,-12.0,35.0,3.58351893845611,139.0,4.941642422609304,-0.9986295347545738,-0.052335956242944306,1.0,0.0,3.58351893845611,0.0,76.80000000000004,8,49.0,49.0,38.0,27.0,37.0,45.0,0.0
2021-08-20,49.0,38.958333333333336,49.0,38.0,27.0,37.0,45.0,12.0,24,23.3,12.0,187,25.6,91,3.0,28.0,0.0,42.0,7.0,7.0,5.0,6.0,16.0,5.0,23.0,3.1780538303479458,117.0,4.770684624465665,-0.12186934340514731,-0.9925461516413221,0.0,0.0,0.0,0.0,49.70000000000003,8,55.0,55.0,41.0,33.0,44.0,52.0,0.0
2021-08-21,55.0,53.25,55.0,41.0,33.0,44.0,52.0,15.0,24,3.7,11.4,182,27.7,87,3.0,14.0,8.0,49.0,6.0,6.0,3.0,6.0,7.0,7.0,24.0,3.2188758248682006,64.0,4.174387269895637,-0.0348994967025009,-0.9993908270190958,0.0,0.0,0.0,0.0,36.500000000000036,8,53.0,53.0,32.0,27.0,38.0,51.0,0.0
2021-08-22,53.0,46.45,53.0,32.0,27.0,38.0,51.0,14.0,20,11.7,11.3,179,27.1,90,11.0,5.0,0.0,55.0,-2.0,-2.0,-9.0,-6.0,-6.0,-1.0,17.0,2.8903717578961645,47.0,3.871201010907891,0.01745240643728344,-0.9998476951563913,0.0,0.0,0.0,0.0,38.70000000000003,8,53.0,53.0,43.0,25.0,32.0,53.0,0.0
2021-08-23,53.0,50.208333333333336,53.0,43.0,25.0,32.0,53.0,14.0,24,10.7,9.9,222,28.6,91,33.0,18.0,6.0,53.0,0.0,0.0,11.0,-2.0,-6.0,2.0,47.0,3.871201010907891,37.0,3.6375861597263857,-0.6691306063588582,-0.7431448254773942,1.0,0.0,3.871201010907891,0.0,26.100000000000033,8,53.0,53.0,43.0,24.0,32.0,52.0,0.0
2021-08-24,53.0,44.625,53.0,43.0,24.0,32.0,52.0,14.0,24,7.2,13.8,186,27.9,89,21.0,70.0,15.0,53.0,0.0,0.0,0.0,-1.0,0.0,-1.0,65.0,4.189654742026425,93.0,4.543294782270004,-0.1045284632676535,-0.9945218953682733,0.0,0.0,0.0,0.0,29.600000000000033,8,48.0,48.0,35.0,20.0,42.0,47.0,0.0
2021-08-25,48.0,44.625,48.0,35.0,20.0,42.0,47.0,11.0,24,1.5,15.2,172,27.9,87,30.0,32.0,2.0,53.0,-5.0,-5.0,-8.0,-4.0,10.0,-5.0,84.0,4.442651256490317,120.0,4.795790545596741,0.13917310096006533,-0.9902680687415704,0.0,0.0,0.0,0.0,19.400000000000034,8,55.0,55.0,44.0,33.0,52.0,55.0,0.0
2021-08-26,55.0,51.54166666666666,55.0,44.0,33.0,52.0,55.0,16.0,24,8.3,14.3,135,28.8,89,114.0,59.0,8.0,48.0,7.0,7.0,9.0,13.0,10.0,8.0,165.0,5.111987788356544,161.0,5.087596335232384,0.7071067811865476,-0.7071067811865475,0.0,1.0,0.0,5.087596335232384,17.000000000000036,8,60.0,60.0,46.0,34.0,55.0,60.0,0.0
2021-08-27,60.0,58.25,60.0,46.0,34.0,55.0,60.0,20.0,24,6.3,14.9,144,28.0,87,65.0,175.0,9.0,55.0,5.0,5.0,2.0,1.0,3.0,5.0,209.0,5.3471075307174685,266.0,5.58724865840025,0.5877852522924732,-0.8090169943749473,0.0,1.0,0.0,5.58724865840025,16.100000000000037,8,57.0,57.0,43.0,37.0,54.0,57.0,0.0
2021-08-28,57.0,53.16666666666666,57.0,43.0,37.0,54.0,57.0,18.0,24,1.4,11.9,153,29.3,84,51.0,69.0,6.0,60.0,-3.0,-3.0,-3.0,3.0,-1.0,-3.0,230.0,5.442417710521793,303.0,5.717027701406222,0.45399049973954686,-0.8910065241883678,0.0,1.0,0.0,5.717027701406222,16.000000000000036,8,52.0,52.0,47.0,40.0,47.0,49.0,0.0
2021-08-29,52.0,49.16666666666666,52.0,47.0,40.0,47.0,49.0,13.0,24,9.4,13.6,166,28.7,89,24.0,103.0,4.0,57.0,-5.0,-5.0,4.0,3.0,-7.0,-8.0,140.0,4.948759890378168,347.0,5.8522024797744745,0.24192189559966773,-0.9702957262759965,0.0,0.0,0.0,0.0,17.100000000000037,8,52.0,52.0,41.0,36.0,36.0,44.0,0.0
2021-08-30,52.0,49.5,52.0,41.0,36.0,36.0,44.0,13.0,24,10.7,14.1,179,27.7,89,9.0,44.0,4.0,52.0,0.0,0.0,-6.0,-4.0,-11.0,-5.0,84.0,4.442651256490317,216.0,5.37989735354046,0.01745240643728344,-0.9998476951563913,0.0,0.0,0.0,0.0,21.500000000000036,8,46.0,46.0,32.0,28.0,32.0,43.0,0.0
2021-08-31,46.0,37.833333333333336,46.0,32.0,28.0,32.0,43.0,11.0,24,4.1,9.6,190,28.4,88,18.0,15.0,0.0,52.0,-6.0,-6.0,-9.0,-8.0,-4.0,-1.0,51.0,3.9512437185814275,162.0,5.093750200806762,-0.17364817766693047,-0.984807753012208,0.0,0.0,0.0,0.0,24.200000000000035,8,51.0,51.0,41.0,24.0,37.0,47.0,0.0
2021-09-01,51.0,47.125,51.0,41.0,24.0,37.0,47.0,12.0,24,2.4,15.5,240,28.1,87,6.0,39.0,3.0,46.0,5.0,5.0,9.0,-4.0,5.0,4.0,33.0,3.5263605246161616,98.0,4.59511985013459,-0.8660254037844385,-0.5000000000000004,1.0,0.0,3.5263605246161616,0.0,17.200000000000035,9,49.0,49.0,36.0,25.0,34.0,45.0,0.0
2021-09-02,49.0,41.25,49.0,36.0,25.0,34.0,45.0,12.0,24,13.0,12.5,206,25.8,91,5.0,16.0,0.0,51.0,-2.0,-2.0,-5.0,1.0,-3.0,-2.0,29.0,3.4011973816621555,70.0,4.2626798770413155,-0.43837114678907746,-0.8987940462991669,1.0,0.0,3.4011973816621555,0.0,19.500000000000036,9,46.0,46.0,33.0,20.0,35.0,40.0,0.0
2021-09-03,46.0,38.208333333333336,46.0,33.0,20.0,35.0,40.0,11.0,24,6.6,10.1,149,29.0,86,26.0,10.0,1.0,49.0,-3.0,-3.0,-3.0,-5.0,1.0,-5.0,37.0,3.6375861597263857,65.0,4.189654742026425,0.5150380749100544,-0.8571673007021122,0.0,1.0,0.0,4.189654742026425,22.000000000000036,9,52.0,52.0,37.0,34.0,47.0,52.0,0.0
2021-09-04,52.0,51.375,52.0,37.0,34.0,47.0,52.0,13.0,24,5.8,12.5,124,28.9,87,19.0,37.0,14.0,46.0,6.0,6.0,4.0,14.0,12.0,12.0,50.0,3.9318256327243257,63.0,4.1588830833596715,0.8290375725550417,-0.5591929034707467,0.0,1.0,0.0,4.1588830833596715,25.400000000000038,9,51.0,51.0,34.0,34.0,49.0,51.0,0.0
2021-09-05,51.0,46.66666666666666,51.0,34.0,34.0,49.0,51.0,12.0,24,3.4,10.2,119,29.9,85,64.0,233.0,12.0,52.0,-1.0,-1.0,-3.0,0.0,2.0,-1.0,109.0,4.700480365792417,280.0,5.638354669333745,0.8746197071393959,-0.484809620246337,0.0,1.0,0.0,5.638354669333745,15.800000000000034,9,56.0,56.0,34.0,31.0,45.0,53.0,0.0
2021-09-06,56.0,51.458333333333336,56.0,34.0,31.0,45.0,53.0,16.0,24,9.6,10.0,128,29.6,87,55.0,290.0,7.0,51.0,5.0,5.0,0.0,-3.0,-4.0,2.0,138.0,4.9344739331306915,560.0,6.329720905522696,0.788010753606722,-0.6156614753256583,0.0,1.0,0.0,6.329720905522696,18.800000000000033,9,58.0,58.0,41.0,35.0,46.0,57.0,0.0
2021-09-07,58.0,56.91666666666666,58.0,41.0,35.0,46.0,57.0,18.0,24,8.9,14.3,209,28.7,87,24.0,288.0,7.0,56.0,2.0,2.0,7.0,4.0,1.0,4.0,143.0,4.969813299576001,811.0,6.699500340161678,-0.48480962024633695,-0.8746197071393959,1.0,0.0,4.969813299576001,0.0,21.900000000000034,9,56.0,56.0,42.0,32.0,43.0,56.0,0.0
2021-09-08,56.0,53.54166666666666,56.0,42.0,32.0,43.0,56.0,17.0,24,0.0,22.9,207,27.8,80,20.0,47.0,5.0,58.0,-2.0,-2.0,1.0,-3.0,-3.0,-1.0,99.0,4.605170185988092,625.0,6.439350371100098,-0.45399049973954664,-0.8910065241883679,1.0,0.0,4.605170185988092,0.0,18.500000000000036,9,54.0,53.0,33.0,33.0,46.0,54.0,0.0
2021-09-09,54.0,49.5,53.0,33.0,33.0,46.0,54.0,15.0,24,0.6,16.2,186,29.2,83,49.0,160.0,21.0,56.0,-2.0,-3.0,-9.0,1.0,3.0,-2.0,93.0,4.543294782270004,495.0,6.206575926724928,-0.1045284632676535,-0.9945218953682733,0.0,0.0,0.0,0.0,9.500000000000036,9,58.0,56.0,40.0,38.0,54.0,58.0,0.0
2021-09-10,58.0,55.16666666666666,56.0,40.0,38.0,54.0,58.0,18.0,24,3.7,12.7,193,29.1,86,142.0,220.0,6.0,54.0,4.0,3.0,7.0,5.0,8.0,4.0,211.0,5.356586274672012,427.0,6.059123195581797,-0.22495105434386498,-0.9743700647852352,0.0,0.0,0.0,0.0,4.300000000000036,9,58.0,57.0,44.0,41.0,56.0,58.0,0.0
2021-09-11,58.0,51.79166666666666,57.0,44.0,41.0,56.0,58.0,19.0,24,0.2,16.3,152,30.2,83,72.0,29.0,25.0,58.0,0.0,1.0,4.0,3.0,2.0,0.0,263.0,5.575949103146316,409.0,6.016157159698354,0.4694715627858907,-0.882947592858927,0.0,1.0,0.0,6.016157159698354,4.5000000000000355,9,59.0,58.0,45.0,42.0,57.0,59.0,0.0
2021-09-12,59.0,56.708333333333336,58.0,45.0,42.0,57.0,59.0,19.0,24,8.2,12.1,170,29.5,87,38.0,98.0,2.0,58.0,1.0,1.0,1.0,1.0,1.0,1.0,252.0,5.53338948872752,347.0,5.8522024797744745,0.17364817766693028,-0.984807753012208,0.0,0.0,0.0,0.0,12.100000000000035,9,53.0,53.0,33.0,34.0,42.0,53.0,0.0
2021-09-13,53.0,52.0,53.0,33.0,34.0,42.0,53.0,14.0,24,12.7,14.5,266,27.1,92,0.0,44.0,0.0,59.0,-6.0,-5.0,-12.0,-8.0,-15.0,-6.0,110.0,4.709530201312334,171.0,5.147494476813453,-0.9975640502598242,-0.06975647374412558,1.0,0.0,4.709530201312334,0.0,21.100000000000033,9,59.0,57.0,41.0,36.0,58.0,59.0,0.0
2021-09-14,59.0,56.29166666666666,57.0,41.0,36.0,58.0,59.0,19.0,24,0.0,11.2,182,29.2,85,17.0,125.0,1.0,53.0,6.0,4.0,8.0,2.0,16.0,6.0,55.0,4.02535169073515,267.0,5.5909869805108565,-0.0348994967025009,-0.9993908270190958,0.0,0.0,0.0,0.0,20.900000000000034,9,59.0,57.0,44.0,32.0,59.0,58.0,0.0
2021-09-15,59.0,56.125,57.0,44.0,32.0,59.0,58.0,19.0,24,1.4,13.4,115,30.3,83,46.0,1.0,6.0,59.0,0.0,0.0,3.0,-4.0,1.0,-1.0,63.0,4.1588830833596715,170.0,5.14166355650266,0.90630778703665,-0.42261826174069933,0.0,1.0,0.0,5.14166355650266,14.100000000000035,9,51.0,49.0,31.0,25.0,47.0,51.0,0.0
2021-09-16,51.0,41.833333333333336,49.0,31.0,25.0,47.0,51.0,12.0,24,1.6,14.8,100,30.3,84,130.0,89.0,18.0,59.0,-8.0,-8.0,-13.0,-7.0,-12.0,-7.0,193.0,5.267858159063328,215.0,5.375278407684165,0.984807753012208,-0.1736481776669303,0.0,1.0,0.0,5.375278407684165,3.0000000000000355,9,39.0,39.0,25.0,26.0,38.0,36.0,0.0
2021-09-17,39.0,36.208333333333336,39.0,25.0,26.0,38.0,36.0,9.0,24,0.5,13.9,93,30.8,83,149.0,1148.0,25.0,51.0,-12.0,-10.0,-6.0,1.0,-9.0,-15.0,325.0,5.786897381366708,1238.0,7.122059881629142,0.9986295347545738,-0.05233595624294384,0.0,1.0,0.0,7.122059881629142,3.5000000000000355,9,40.0,40.0,24.0,25.0,34.0,40.0,0.0
2021-09-18,40.0,37.0,40.0,24.0,25.0,34.0,40.0,10.0,24,6.0,11.4,109,29.5,88,46.0,273.0,11.0,39.0,1.0,1.0,-1.0,-1.0,-4.0,4.0,325.0,5.786897381366708,1510.0,7.32052696227274,0.9455185755993168,-0.32556815445715664,0.0,1.0,0.0,7.32052696227274,8.100000000000035,9,49.0,49.0,26.0,29.0,41.0,49.0,0.0
2021-09-19,49.0,46.375,49.0,26.0,29.0,41.0,49.0,12.0,24,24.1,18.2,201,27.0,90,42.0,260.0,3.0,40.0,9.0,9.0,2.0,4.0,7.0,9.0,237.0,5.472270673671475,1681.0,7.427738840532894,-0.35836794954530043,-0.9335804264972017,1.0,0.0,5.472270673671475,0.0,30.600000000000037,9,55.0,55.0,36.0,35.0,42.0,54.0,0.0
2021-09-20,55.0,51.79166666666666,55.0,36.0,35.0,42.0,54.0,15.0,24,0.7,13.8,198,29.6,84,62.0,237.0,14.0,49.0,6.0,6.0,10.0,6.0,1.0,5.0,150.0,5.017279836814924,770.0,6.647688373563329,-0.3090169943749473,-0.9510565162951536,0.0,0.0,0.0,0.0,30.800000000000036,9,58.0,58.0,42.0,40.0,54.0,57.0,0.0
2021-09-21,58.0,54.79166666666666,58.0,42.0,40.0,54.0,57.0,18.0,24,2.9,11.2,188,28.8,87,228.0,110.0,9.0,55.0,3.0,3.0,6.0,5.0,12.0,3.0,332.0,5.808142489980444,607.0,6.410174881966167,-0.13917310096006552,-0.9902680687415703,0.0,0.0,0.0,0.0,27.70000000000004,9,60.0,60.0,44.0,40.0,54.0,58.0,0.0
2021-09-22,60.0,58.5,60.0,44.0,40.0,54.0,58.0,20.0,24,4.9,16.2,170,29.9,83,204.0,755.0,16.0,58.0,2.0,2.0,2.0,0.0,0.0,1.0,494.0,6.20455776256869,1102.0,7.005789019253503,0.17364817766693028,-0.984807753012208,0.0,0.0,0.0,0.0,8.500000000000036,9,56.0,56.0,35.0,35.0,53.0,55.0,0.0
2021-09-23,56.0,54.125,56.0,35.0,35.0,53.0,55.0,17.0,24,2.4,15.7,174,29.5,85,59.0,877.0,17.0,60.0,-4.0,-4.0,-9.0,-5.0,-1.0,-3.0,491.0,6.198478716492308,1742.0,7.463363045520021,0.10452846326765373,-0.9945218953682733,0.0,0.0,0.0,0.0,10.200000000000035,9,54.0,51.0,30.0,45.0,44.0,54.0,0.0
2021-09-24,54.0,46.75,51.0,30.0,45.0,44.0,54.0,15.0,24,9.5,9.9,153,30.0,85,45.0,54.0,8.0,56.0,-2.0,-5.0,-5.0,10.0,-9.0,-1.0,308.0,5.733341276897746,1686.0,7.430707082545968,0.45399049973954686,-0.8910065241883678,0.0,1.0,0.0,7.430707082545968,16.800000000000036,9,61.0,59.0,36.0,52.0,58.0,61.0,0.0
2021-09-25,61.0,58.625,59.0,36.0,52.0,58.0,61.0,21.0,24,11.1,11.4,129,30.1,87,31.0,149.0,15.0,54.0,7.0,8.0,6.0,7.0,14.0,7.0,135.0,4.912654885736052,1080.0,6.985641817639208,0.777145961456971,-0.6293203910498373,0.0,1.0,0.0,6.985641817639208,23.000000000000036,9,64.0,59.0,42.0,58.0,57.0,64.0,0.0
2021-09-26,64.0,62.04166666666666,59.0,42.0,58.0,57.0,64.0,24.0,24,12.7,15.9,47,30.7,86,11.0,127.0,5.0,61.0,3.0,0.0,6.0,6.0,-1.0,3.0,87.0,4.477336814478207,330.0,5.802118375377063,0.7313537016191705,0.6819983600624985,0.0,0.0,0.0,0.0,33.30000000000004,9,59.0,53.0,35.0,54.0,51.0,59.0,0.0
2021-09-27,59.0,50.16666666666666,53.0,35.0,54.0,51.0,59.0,19.0,24,22.9,10.2,305,29.8,89,21.0,161.0,6.0,64.0,-5.0,-6.0,-7.0,-4.0,-6.0,-5.0,63.0,4.1588830833596715,437.0,6.082218910376446,-0.8191520442889918,0.573576436351046,0.0,0.0,0.0,0.0,46.70000000000003,9,54.0,54.0,35.0,45.0,36.0,53.0,0.0
2021-09-28,54.0,52.54166666666666,54.0,35.0,45.0,36.0,53.0,15.0,24,21.2,7.4,334,30.4,88,21.0,188.0,6.0,59.0,-5.0,1.0,0.0,-9.0,-15.0,-6.0,53.0,3.9889840465642745,476.0,6.1675164908883415,-0.4383711467890778,0.8987940462991668,0.0,0.0,0.0,0.0,56.80000000000003,9,59.0,59.0,40.0,56.0,52.0,59.0,0.0
2021-09-29,59.0,56.875,59.0,40.0,56.0,52.0,59.0,20.0,24,50.8,13.4,242,29.2,90,6.0,45.0,16.0,54.0,5.0,5.0,5.0,11.0,16.0,6.0,48.0,3.8918202981106265,394.0,5.978885764901122,-0.882947592858927,-0.46947156278589075,1.0,0.0,3.8918202981106265,0.0,94.90000000000003,9,60.0,60.0,39.0,56.0,49.0,60.0,0.0
2021-09-30,60.0,57.0,60.0,39.0,56.0,49.0,60.0,20.0,19,26.2,17.2,216,27.1,89,3.0,108.0,6.0,59.0,1.0,1.0,-1.0,0.0,-3.0,1.0,30.0,3.4339872044851463,341.0,5.834810737062605,-0.587785252292473,-0.8090169943749475,1.0,0.0,3.4339872044851463,0.0,98.20000000000003,9,,,,,,,
2021-10-01,,,,,,,,,0,16.3,19.2,186,28.0,88,2.0,15.0,0.0,60.0,,,,,,,11.0,2.4849066497880004,168.0,5.1298987149230735,-0.1045284632676535,-0.9945218953682733,0.0,0.0,0.0,0.0,93.30000000000003,10,,,,,,,
2021-10-02,,,,,,,,,0,1.8,9.2,17,28.6,89,45.0,21.0,0.0,,,,,,,,50.0,3.9318256327243257,144.0,4.976733742420574,0.29237170472273677,0.9563047559630354,0.0,0.0,0.0,0.0,44.30000000000003,10,,,,,,,
2021-10-03,,,,,,,,,0,1.4,10.2,86,30.7,85,68.0,12.0,12.0,,,,,,,,115.0,4.7535901911063645,48.0,3.8918202981106265,0.9975640502598242,0.06975647374412523,0.0,1.0,0.0,3.8918202981106265,19.500000000000036,10,,,,,,,
2021-10-04,,,,,,,,,0,4.6,12.2,183,29.7,88,45.0,143.0,6.0,,,,,,,,158.0,5.0689042022202315,176.0,5.176149732573829,-0.052335956242943564,-0.9986295347545738,0.0,0.0,0.0,0.0,7.800000000000035,10,59.0,59.0,42.0,56.0,57.0,59.0,0.0
2021-10-05,59.0,58.875,59.0,42.0,56.0,57.0,59.0,19.0,8,4.5,14.0,260,29.3,89,24.0,261.0,1.0,,,,,,,,137.0,4.927253685157205,416.0,6.0330862217988015,-0.984807753012208,-0.17364817766693033,1.0,0.0,4.927253685157205,0.0,10.500000000000036,10,58.0,57.0,42.0,55.0,55.0,58.0,0.0
2021-10-06,58.0,55.333333333333336,57.0,42.0,55.0,55.0,58.0,19.0,24,0.9,18.1,277,30.4,83,57.0,137.0,3.0,59.0,-1.0,-2.0,0.0,-1.0,-2.0,-1.0,126.0,4.844187086458591,541.0,6.295266001439646,-0.992546151641322,0.12186934340514768,1.0,0.0,4.844187086458591,0.0,10.000000000000036,10,54.0,54.0,36.0,52.0,42.0,52.0,0.0
2021-10-07,54.0,51.75,54.0,36.0,52.0,42.0,52.0,15.0,24,5.9,19.2,263,30.0,84,49.0,127.0,5.0,58.0,-4.0,-3.0,-6.0,-3.0,-13.0,-6.0,130.0,4.875197323201151,525.0,6.26530121273771,-0.9925461516413221,-0.12186934340514717,1.0,0.0,4.875197323201151,0.0,11.300000000000036,10,55.0,55.0,34.0,52.0,45.0,55.0,0.0
2021-10-08,55.0,52.375,55.0,34.0,52.0,45.0,55.0,16.0,24,1.9,15.9,187,30.4,83,123.0,130.0,17.0,54.0,1.0,1.0,-2.0,0.0,3.0,3.0,229.0,5.438079308923196,394.0,5.978885764901122,-0.12186934340514731,-0.9925461516413221,0.0,0.0,0.0,0.0,8.700000000000037,10,56.0,56.0,36.0,54.0,52.0,56.0,0.0
2021-10-09,56.0,54.25,56.0,36.0,54.0,52.0,56.0,16.0,24,0.6,15.1,152,30.6,83,78.0,448.0,16.0,55.0,1.0,1.0,2.0,2.0,7.0,1.0,250.0,5.5254529391317835,705.0,6.559615237493242,0.4694715627858907,-0.882947592858927,0.0,1.0,0.0,6.559615237493242,8.400000000000036,10,62.0,59.0,52.0,59.0,57.0,62.0,0.0
2021-10-10,62.0,58.083333333333336,59.0,52.0,59.0,57.0,62.0,21.0,24,14.7,14.4,186,29.4,88,47.0,184.0,18.0,56.0,6.0,3.0,16.0,5.0,5.0,6.0,248.0,5.517452896464707,762.0,6.637258031284457,-0.1045284632676535,-0.9945218953682733,0.0,0.0,0.0,0.0,17.200000000000035,10,60.0,58.0,48.0,57.0,55.0,60.0,0.0
2021-10-11,60.0,53.208333333333336,58.0,48.0,57.0,55.0,60.0,20.0,24,1.3,18.5,201,30.2,83,104.0,112.0,22.0,62.0,-2.0,-1.0,-4.0,-2.0,-2.0,-2.0,229.0,5.438079308923196,744.0,6.61338421837956,-0.35836794954530043,-0.9335804264972017,1.0,0.0,5.438079308923196,0.0,16.600000000000033,10,58.0,58.0,44.0,58.0,52.0,58.0,0.0
2021-10-12,58.0,51.75,58.0,44.0,58.0,52.0,58.0,19.0,24,5.7,15.4,173,29.7,88,65.0,85.0,8.0,60.0,-2.0,0.0,-4.0,1.0,-3.0,-2.0,216.0,5.37989735354046,381.0,5.945420608606575,0.12186934340514755,-0.992546151641322,0.0,0.0,0.0,0.0,21.70000000000004,10,63.0,63.0,51.0,62.0,56.0,63.0,0.0
2021-10-13,63.0,61.833333333333336,63.0,51.0,62.0,56.0,63.0,23.0,24,3.4,12.7,175,30.6,85,121.0,168.0,39.0,58.0,5.0,5.0,7.0,4.0,4.0,5.0,290.0,5.673323267171493,365.0,5.902633333401366,0.0871557427476582,-0.9961946980917455,0.0,0.0,0.0,0.0,10.400000000000036,10,61.0,59.0,46.0,59.0,54.0,61.0,0.0
2021-10-14,61.0,59.333333333333336,59.0,46.0,59.0,54.0,61.0,21.0,24,5.9,17.0,176,29.7,85,59.0,378.0,9.0,63.0,-2.0,-4.0,-5.0,-3.0,-2.0,-2.0,245.0,5.5053315359323625,631.0,6.448889394146858,0.06975647374412552,-0.9975640502598242,0.0,0.0,0.0,0.0,15.000000000000036,10,62.0,60.0,52.0,60.0,58.0,62.0,0.0
2021-10-15,62.0,59.91666666666666,60.0,52.0,60.0,58.0,62.0,22.0,24,7.8,12.0,169,30.2,84,97.0,171.0,36.0,61.0,1.0,1.0,6.0,1.0,4.0,1.0,277.0,5.627621113690637,717.0,6.576469569048224,0.19080899537654497,-0.981627183447664,0.0,0.0,0.0,0.0,17.100000000000037,10,64.0,62.0,52.0,60.0,59.0,64.0,0.0
2021-10-16,64.0,62.958333333333336,62.0,52.0,60.0,59.0,64.0,24.0,24,2.2,12.6,143,30.3,83,58.0,345.0,9.0,62.0,2.0,2.0,0.0,0.0,1.0,2.0,214.0,5.3706380281276624,894.0,6.796823718274855,0.6018150231520482,-0.7986355100472929,0.0,1.0,0.0,6.796823718274855,15.900000000000036,10,65.0,61.0,51.0,58.0,65.0,65.0,0.0
2021-10-17,65.0,63.833333333333336,61.0,51.0,58.0,65.0,65.0,25.0,24,11.3,15.0,42,29.8,88,9.0,21.0,0.0,64.0,1.0,-1.0,-1.0,-2.0,6.0,1.0,164.0,5.10594547390058,537.0,6.2878585601617845,0.6691306063588582,0.7431448254773942,0.0,0.0,0.0,0.0,21.300000000000036,10,60.0,59.0,48.0,57.0,59.0,60.0,0.0
2021-10-18,60.0,59.0,59.0,48.0,57.0,59.0,60.0,20.0,24,23.9,11.4,356,28.3,91,6.0,20.0,2.0,65.0,-5.0,-2.0,-3.0,-1.0,-6.0,-5.0,73.0,4.30406509320417,386.0,5.958424693029782,-0.06975647374412564,0.9975640502598242,0.0,0.0,0.0,0.0,37.400000000000034,10,60.0,58.0,45.0,55.0,55.0,60.0,0.0
2021-10-19,60.0,58.083333333333336,58.0,45.0,55.0,55.0,60.0,20.0,24,1.0,11.5,123,30.0,87,9.0,29.0,13.0,60.0,0.0,-1.0,-3.0,-2.0,-4.0,0.0,24.0,3.2188758248682006,70.0,4.2626798770413155,0.838670567945424,-0.5446390350150271,0.0,1.0,0.0,4.2626798770413155,36.20000000000003,10,57.0,57.0,39.0,52.0,53.0,56.0,0.0
2021-10-20,57.0,54.41666666666666,57.0,39.0,52.0,53.0,56.0,17.0,24,28.5,13.7,118,28.5,89,8.0,14.0,0.0,60.0,-3.0,-1.0,-6.0,-3.0,-2.0,-4.0,23.0,3.1780538303479458,63.0,4.1588830833596715,0.8829475928589269,-0.4694715627858909,0.0,1.0,0.0,4.1588830833596715,53.400000000000034,10,49.0,49.0,26.0,40.0,36.0,47.0,0.0
2021-10-21,49.0,42.5,49.0,26.0,40.0,36.0,47.0,12.0,24,11.3,13.7,318,29.3,90,32.0,17.0,10.0,57.0,-8.0,-8.0,-13.0,-12.0,-17.0,-9.0,49.0,3.912023005428146,60.0,4.110873864173311,-0.6691306063588581,0.7431448254773942,0.0,0.0,0.0,0.0,40.80000000000004,10,56.0,56.0,38.0,56.0,53.0,56.0,0.0
2021-10-22,56.0,53.333333333333336,56.0,38.0,56.0,53.0,56.0,17.0,24,18.6,10.0,346,28.9,90,9.0,15.0,10.0,49.0,7.0,7.0,12.0,16.0,17.0,9.0,49.0,3.912023005428146,46.0,3.8501476017100584,-0.24192189559966787,0.9702957262759965,0.0,0.0,0.0,0.0,58.400000000000034,10,62.0,58.0,49.0,62.0,53.0,62.0,0.0
2021-10-23,62.0,60.79166666666666,58.0,49.0,62.0,53.0,62.0,22.0,24,6.1,12.0,301,29.1,90,40.0,51.0,8.0,56.0,6.0,2.0,11.0,6.0,0.0,6.0,81.0,4.406719247264253,83.0,4.430816798843313,-0.8571673007021123,0.5150380749100542,0.0,0.0,0.0,0.0,36.000000000000036,10,62.0,59.0,53.0,60.0,55.0,62.0,0.0
2021-10-24,62.0,61.5,59.0,53.0,60.0,55.0,62.0,22.0,6,21.8,14.7,356,29.8,90,42.0,153.0,13.0,62.0,0.0,1.0,4.0,-2.0,2.0,0.0,91.0,4.5217885770490405,219.0,5.393627546352362,-0.06975647374412564,0.9975640502598242,0.0,0.0,0.0,0.0,46.50000000000004,10,,,,,,,
2021-10-25,,,,,,,,,0,11.0,11.3,291,29.2,89,13.0,63.0,13.0,62.0,,,,,,,95.0,4.564348191467836,267.0,5.5909869805108565,-0.9335804264972017,0.3583679495453004,0.0,0.0,0.0,0.0,38.900000000000034,10,62.0,61.0,50.0,57.0,56.0,62.0,0.0
2021-10-26,62.0,60.888888888888886,61.0,50.0,57.0,56.0,62.0,21.0,9,10.7,11.9,316,30.5,89,10.0,38.0,8.0,,,,,,,,65.0,4.189654742026425,254.0,5.541263545158426,-0.6946583704589976,0.7193398003386509,0.0,0.0,0.0,0.0,43.500000000000036,10,61.0,57.0,47.0,56.0,56.0,61.0,0.0
2021-10-27,61.0,58.375,57.0,47.0,56.0,56.0,61.0,21.0,24,9.5,11.9,266,30.4,84,15.0,99.0,7.0,62.0,-1.0,-4.0,-3.0,-1.0,0.0,-1.0,38.0,3.6635616461296463,200.0,5.303304908059076,-0.9975640502598242,-0.06975647374412558,1.0,0.0,3.6635616461296463,0.0,31.20000000000004,10,53.0,53.0,30.0,48.0,37.0,53.0,0.0
2021-10-28,53.0,50.833333333333336,53.0,30.0,48.0,37.0,53.0,14.0,24,5.5,12.8,138,29.1,86,3.0,38.0,1.0,61.0,-8.0,-4.0,-17.0,-8.0,-19.0,-8.0,28.0,3.367295829986474,175.0,5.170483995038151,0.6691306063588583,-0.7431448254773941,0.0,1.0,0.0,5.170483995038151,25.70000000000004,10,52.0,52.0,25.0,39.0,35.0,47.0,0.0
2021-10-29,52.0,46.75,52.0,25.0,39.0,35.0,47.0,13.0,24,1.4,13.7,113,29.4,85,53.0,11.0,2.0,53.0,-1.0,-1.0,-5.0,-9.0,-2.0,-6.0,71.0,4.276666119016055,148.0,5.003946305945459,0.9205048534524403,-0.3907311284892738,0.0,1.0,0.0,5.003946305945459,16.400000000000038,10,47.0,45.0,26.0,40.0,34.0,47.0,0.0
2021-10-30,47.0,44.25,45.0,26.0,40.0,34.0,47.0,11.0,24,15.6,9.8,52,30.5,88,22.0,26.0,9.0,52.0,-5.0,-7.0,1.0,1.0,-1.0,0.0,78.0,4.3694478524670215,75.0,4.330733340286331,0.788010753606722,0.6156614753256583,0.0,0.0,0.0,0.0,22.50000000000004,10,54.0,52.0,33.0,50.0,41.0,54.0,0.0
2021-10-31,54.0,51.083333333333336,52.0,33.0,50.0,41.0,54.0,15.0,24,18.0,10.8,304,29.1,90,16.0,27.0,17.0,47.0,7.0,7.0,7.0,10.0,7.0,7.0,91.0,4.5217885770490405,64.0,4.174387269895637,-0.8290375725550416,0.559192903470747,0.0,0.0,0.0,0.0,35.00000000000004,10,54.0,51.0,36.0,52.0,35.0,54.0,0.0
2021-11-01,54.0,53.0,51.0,36.0,52.0,35.0,54.0,15.0,24,30.3,15.9,348,27.5,92,14.0,49.0,14.0,54.0,0.0,-1.0,3.0,2.0,-6.0,0.0,52.0,3.970291913552122,102.0,4.634728988229636,-0.20791169081775987,0.9781476007338056,0.0,0.0,0.0,0.0,63.90000000000004,11,52.0,52.0,33.0,52.0,31.0,52.0,0.0
2021-11-02,52.0,51.833333333333336,52.0,33.0,52.0,31.0,52.0,13.0,24,31.4,12.0,340,28.5,92,5.0,18.0,1.0,54.0,-2.0,1.0,-3.0,0.0,-4.0,-2.0,35.0,3.58351893845611,94.0,4.553876891600541,-0.3420201433256686,0.9396926207859084,0.0,0.0,0.0,0.0,79.70000000000005,11,51.0,51.0,26.0,41.0,25.0,47.0,0.0
2021-11-03,51.0,41.29166666666666,51.0,26.0,41.0,25.0,47.0,12.0,24,15.5,11.9,309,28.5,91,17.0,25.0,0.0,52.0,-1.0,-1.0,-7.0,-11.0,-6.0,-5.0,36.0,3.6109179126442243,92.0,4.532599493153256,-0.7771459614569708,0.6293203910498375,0.0,0.0,0.0,0.0,77.20000000000005,11,58.0,56.0,34.0,58.0,38.0,58.0,0.0
2021-11-04,58.0,53.833333333333336,56.0,34.0,58.0,38.0,58.0,18.0,24,15.8,10.5,337,29.8,89,7.0,10.0,13.0,51.0,7.0,5.0,8.0,17.0,13.0,11.0,29.0,3.4011973816621555,53.0,3.9889840465642745,-0.3907311284892739,0.9205048534524403,0.0,0.0,0.0,0.0,62.700000000000045,11,56.0,53.0,32.0,56.0,35.0,56.0,0.0
2021-11-05,56.0,54.0,53.0,32.0,56.0,35.0,56.0,16.0,24,24.1,11.3,327,28.4,91,2.0,24.0,3.0,58.0,-2.0,-3.0,-2.0,-2.0,-3.0,-2.0,26.0,3.295836866004329,59.0,4.0943445622221,-0.544639035015027,0.838670567945424,0.0,0.0,0.0,0.0,55.40000000000004,11,59.0,59.0,39.0,55.0,43.0,57.0,0.0
2021-11-06,59.0,55.79166666666666,59.0,39.0,55.0,43.0,57.0,20.0,24,0.7,7.9,317,29.8,88,23.0,68.0,23.0,56.0,3.0,6.0,7.0,-1.0,8.0,1.0,32.0,3.4965075614664802,102.0,4.634728988229636,-0.6819983600624983,0.7313537016191707,0.0,0.0,0.0,0.0,40.600000000000044,11,65.0,63.0,51.0,60.0,55.0,65.0,0.0
2021-11-07,65.0,63.04166666666666,63.0,51.0,60.0,55.0,65.0,25.0,24,16.7,12.9,352,30.6,89,4.0,17.0,6.0,59.0,6.0,4.0,12.0,5.0,12.0,8.0,29.0,3.4011973816621555,109.0,4.700480365792417,-0.13917310096006588,0.9902680687415703,0.0,0.0,0.0,0.0,41.50000000000004,11,62.0,55.0,48.0,56.0,52.0,62.0,0.0
2021-11-08,62.0,57.083333333333336,55.0,48.0,56.0,52.0,62.0,22.0,24,14.4,11.3,53,28.4,89,24.0,13.0,5.0,65.0,-3.0,-8.0,-3.0,-4.0,-3.0,-3.0,51.0,3.9512437185814275,98.0,4.59511985013459,0.7986355100472928,0.6018150231520484,0.0,0.0,0.0,0.0,31.80000000000004,11,57.0,52.0,43.0,54.0,50.0,57.0,0.0
2021-11-09,57.0,55.54166666666666,52.0,43.0,54.0,50.0,57.0,17.0,24,8.4,14.4,3,30.3,89,38.0,12.0,8.0,62.0,-5.0,-3.0,-5.0,-2.0,-2.0,-5.0,66.0,4.204692619390966,42.0,3.7612001156935624,0.052335956242943835,0.9986295347545738,0.0,0.0,0.0,0.0,39.50000000000004,11,54.0,44.0,43.0,51.0,41.0,54.0,0.0
2021-11-10,54.0,47.0,44.0,43.0,51.0,41.0,54.0,14.0,24,24.2,15.9,298,28.3,92,0.0,9.0,0.0,57.0,-3.0,-8.0,0.0,-3.0,-9.0,-3.0,62.0,4.143134726391533,34.0,3.5553480614894135,-0.8829475928589271,0.4694715627858904,0.0,0.0,0.0,0.0,47.00000000000004,11,40.0,35.0,30.0,32.0,22.0,40.0,0.0
2021-11-11,40.0,31.45833333333333,35.0,30.0,32.0,22.0,40.0,10.0,24,8.3,20.9,278,29.6,86,1.0,7.0,4.0,54.0,-14.0,-9.0,-13.0,-19.0,-19.0,-14.0,39.0,3.6888794541139363,28.0,3.367295829986474,-0.9902680687415704,0.13917310096006547,1.0,0.0,3.6888794541139363,0.0,40.90000000000004,11,40.0,34.0,30.0,39.0,27.0,40.0,0.0
2021-11-12,40.0,36.208333333333336,34.0,30.0,39.0,27.0,40.0,10.0,24,2.5,17.2,261,29.2,87,8.0,10.0,0.0,40.0,0.0,-1.0,0.0,7.0,5.0,0.0,9.0,2.302585092994046,26.0,3.295836866004329,-0.9876883405951377,-0.15643446504023104,1.0,0.0,2.302585092994046,0.0,35.00000000000004,11,52.0,52.0,30.0,35.0,30.0,40.0,0.0
2021-11-13,52.0,45.8,52.0,30.0,35.0,30.0,40.0,13.0,20,7.8,13.0,226,27.6,89,4.0,0.0,0.0,40.0,12.0,18.0,0.0,-4.0,3.0,0.0,13.0,2.6390573296152584,17.0,2.8903717578961645,-0.7193398003386512,-0.6946583704589973,1.0,0.0,2.6390573296152584,0.0,18.60000000000004,11,52.0,52.0,31.0,50.0,33.0,51.0,0.0
2021-11-14,52.0,49.41666666666666,52.0,31.0,50.0,33.0,51.0,13.0,24,15.3,11.0,305,30.0,88,18.0,8.0,1.0,52.0,0.0,0.0,1.0,15.0,3.0,11.0,30.0,3.4339872044851463,18.0,2.9444389791664403,-0.8191520442889918,0.573576436351046,0.0,0.0,0.0,0.0,25.60000000000004,11,58.0,54.0,41.0,56.0,53.0,58.0,0.0
2021-11-15,58.0,55.625,54.0,41.0,56.0,53.0,58.0,19.0,24,3.8,10.1,67,29.5,89,27.0,8.0,7.0,52.0,6.0,2.0,10.0,6.0,20.0,7.0,49.0,3.912023005428146,16.0,2.833213344056216,0.9205048534524404,0.3907311284892737,0.0,0.0,0.0,0.0,26.90000000000004,11,59.0,59.0,40.0,55.0,57.0,58.0,0.0
2021-11-16,59.0,57.54166666666666,59.0,40.0,55.0,57.0,58.0,19.0,24,0.8,8.9,86,30.5,85,90.0,7.0,3.0,58.0,1.0,5.0,-1.0,-1.0,4.0,0.0,135.0,4.912654885736052,23.0,3.1780538303479458,0.9975640502598242,0.06975647374412523,0.0,1.0,0.0,3.1780538303479458,19.90000000000004,11,60.0,60.0,37.0,56.0,59.0,59.0,0.0
2021-11-17,60.0,58.958333333333336,60.0,37.0,56.0,59.0,59.0,20.0,24,11.4,13.7,328,29.2,90,16.0,29.0,2.0,59.0,1.0,1.0,-3.0,1.0,2.0,1.0,133.0,4.897839799950911,44.0,3.8066624897703196,-0.529919264233205,0.8480480961564258,0.0,0.0,0.0,0.0,16.00000000000004,11,61.0,58.0,43.0,58.0,54.0,61.0,0.0
2021-11-18,61.0,58.79166666666666,58.0,43.0,58.0,54.0,61.0,21.0,24,15.2,9.2,250,28.8,89,2.0,24.0,1.0,60.0,1.0,-2.0,6.0,2.0,-5.0,2.0,108.0,4.6913478822291435,60.0,4.110873864173311,-0.9396926207859084,-0.34202014332566855,1.0,0.0,4.6913478822291435,0.0,27.400000000000038,11,56.0,55.0,36.0,54.0,44.0,56.0,0.0
2021-11-19,56.0,54.333333333333336,55.0,36.0,54.0,44.0,56.0,16.0,24,14.2,10.4,336,30.1,89,16.0,32.0,0.0,61.0,-5.0,-3.0,-7.0,-4.0,-10.0,-5.0,34.0,3.5553480614894135,85.0,4.454347296253507,-0.40673664307580015,0.913545457642601,0.0,0.0,0.0,0.0,40.80000000000004,11,55.0,53.0,37.0,55.0,46.0,54.0,0.0
2021-11-20,55.0,53.333333333333336,53.0,37.0,55.0,46.0,54.0,15.0,24,12.3,15.1,312,29.6,87,35.0,16.0,10.0,56.0,-1.0,-2.0,1.0,1.0,2.0,-2.0,53.0,3.9889840465642745,72.0,4.290459441148391,-0.7431448254773946,0.6691306063588578,0.0,0.0,0.0,0.0,41.70000000000004,11,61.0,57.0,44.0,56.0,51.0,61.0,0.0
2021-11-21,61.0,57.583333333333336,57.0,44.0,56.0,51.0,61.0,21.0,24,15.0,14.9,357,30.0,89,4.0,33.0,13.0,55.0,6.0,4.0,7.0,1.0,5.0,7.0,55.0,4.02535169073515,81.0,4.406719247264253,-0.05233595624294437,0.9986295347545738,0.0,0.0,0.0,0.0,41.50000000000004,11,59.0,54.0,44.0,56.0,45.0,59.0,0.0
2021-11-22,59.0,55.25,54.0,44.0,56.0,45.0,59.0,20.0,24,9.2,8.4,310,30.1,88,13.0,67.0,9.0,61.0,-2.0,-3.0,0.0,0.0,-6.0,-2.0,52.0,3.970291913552122,116.0,4.762173934797756,-0.7660444431189781,0.6427876096865393,0.0,0.0,0.0,0.0,36.50000000000004,11,59.0,54.0,47.0,59.0,55.0,56.0,0.0
2021-11-23,59.0,57.083333333333336,54.0,47.0,59.0,55.0,56.0,19.0,24,13.8,11.4,34,28.4,91,32.0,33.0,3.0,59.0,0.0,0.0,3.0,3.0,10.0,-3.0,49.0,3.912023005428146,133.0,4.897839799950911,0.5591929034707469,0.8290375725550417,0.0,0.0,0.0,0.0,38.00000000000004,11,60.0,60.0,43.0,55.0,58.0,57.0,0.0
2021-11-24,60.0,57.208333333333336,60.0,43.0,55.0,58.0,57.0,20.0,24,8.1,10.2,23,26.9,93,6.0,9.0,0.0,59.0,1.0,6.0,-4.0,-4.0,3.0,1.0,51.0,3.9512437185814275,109.0,4.700480365792417,0.39073112848927377,0.9205048534524404,0.0,0.0,0.0,0.0,31.100000000000037,11,59.0,59.0,37.0,55.0,56.0,55.0,0.0
2021-11-25,59.0,54.583333333333336,59.0,37.0,55.0,56.0,55.0,19.0,24,4.1,19.4,4,30.5,87,56.0,11.0,1.0,60.0,-1.0,-1.0,-6.0,0.0,-2.0,-2.0,94.0,4.553876891600541,53.0,3.9889840465642745,0.0697564737441253,0.9975640502598242,0.0,0.0,0.0,0.0,26.00000000000004,11,52.0,51.0,38.0,52.0,45.0,45.0,0.0
2021-11-26,52.0,45.91666666666666,51.0,38.0,52.0,45.0,45.0,13.0,24,0.3,16.0,320,29.8,87,26.0,21.0,0.0,59.0,-7.0,-8.0,1.0,-3.0,-11.0,-10.0,88.0,4.48863636973214,41.0,3.7376696182833684,-0.6427876096865396,0.7660444431189778,0.0,0.0,0.0,0.0,12.500000000000039,11,48.0,48.0,32.0,44.0,33.0,47.0,0.0
2021-11-27,48.0,45.41666666666666,48.0,32.0,44.0,33.0,47.0,12.0,24,14.0,15.3,327,29.5,89,3.0,24.0,8.0,52.0,-4.0,-3.0,-6.0,-8.0,-12.0,2.0,85.0,4.454347296253507,56.0,4.04305126783455,-0.544639035015027,0.838670567945424,0.0,0.0,0.0,0.0,18.40000000000004,11,49.0,46.0,29.0,43.0,32.0,49.0,0.0
2021-11-28,49.0,44.18181818181818,46.0,29.0,43.0,32.0,49.0,12.0,22,10.5,11.9,300,29.3,90,3.0,0.0,0.0,48.0,1.0,-2.0,-3.0,-1.0,-1.0,2.0,32.0,3.4965075614664802,45.0,3.828641396489095,-0.8660254037844386,0.5000000000000001,0.0,0.0,0.0,0.0,24.80000000000004,11,51.0,50.0,31.0,44.0,33.0,51.0,0.0
2021-11-29,51.0,47.66666666666666,50.0,31.0,44.0,33.0,51.0,12.0,24,0.2,17.6,280,30.2,81,116.0,0.0,2.0,49.0,2.0,4.0,2.0,1.0,1.0,2.0,122.0,4.812184355372417,24.0,3.2188758248682006,-0.9848077530122081,0.17364817766692997,1.0,0.0,4.812184355372417,0.0,24.70000000000004,11,53.0,52.0,32.0,52.0,37.0,53.0,0.0
2021-11-30,53.0,49.29166666666666,52.0,32.0,52.0,37.0,53.0,13.0,24,0.1,13.8,272,30.7,81,66.0,11.0,2.0,51.0,2.0,2.0,1.0,8.0,4.0,2.0,185.0,5.225746673713202,11.0,2.4849066497880004,-0.9993908270190958,0.03489949670250128,1.0,0.0,5.225746673713202,0.0,10.80000000000004,11,53.0,53.0,33.0,52.0,43.0,53.0,0.0
2021-12-01,53.0,52.54166666666666,53.0,33.0,52.0,43.0,53.0,14.0,24,1.6,9.5,90,30.3,85,194.0,34.0,13.0,53.0,0.0,1.0,1.0,0.0,6.0,0.0,376.0,5.932245187448011,45.0,3.828641396489095,1.0,6.123233995736766e-17,0.0,1.0,0.0,3.828641396489095,1.9000000000000392,12,52.0,52.0,31.0,47.0,42.0,52.0,0.0
2021-12-02,52.0,50.583333333333336,52.0,31.0,47.0,42.0,52.0,13.0,24,49.2,14.0,16,26.5,92,28.0,62.0,0.0,53.0,-1.0,-1.0,-2.0,-5.0,-1.0,-1.0,288.0,5.666426688112432,107.0,4.68213122712422,0.27563735581699916,0.9612616959383189,0.0,0.0,0.0,0.0,50.90000000000004,12,53.0,44.0,31.0,50.0,31.0,53.0,0.0
2021-12-03,53.0,50.41666666666666,44.0,31.0,50.0,31.0,53.0,14.0,24,7.9,16.3,357,29.2,88,16.0,12.0,2.0,52.0,1.0,-8.0,0.0,3.0,-11.0,1.0,238.0,5.476463551931511,108.0,4.6913478822291435,-0.05233595624294437,0.9986295347545738,0.0,0.0,0.0,0.0,58.70000000000004,12,53.0,51.0,39.0,51.0,43.0,53.0,0.0
2021-12-04,53.0,46.79166666666666,51.0,39.0,51.0,43.0,53.0,14.0,24,1.4,19.6,356,28.6,85,6.0,4.0,12.0,53.0,0.0,7.0,8.0,1.0,12.0,0.0,50.0,3.9318256327243257,78.0,4.3694478524670215,-0.06975647374412564,0.9975640502598242,0.0,0.0,0.0,0.0,58.500000000000036,12,55.0,54.0,40.0,55.0,46.0,53.0,0.0
2021-12-05,55.0,54.333333333333336,54.0,40.0,55.0,46.0,53.0,16.0,24,9.6,15.2,357,28.2,88,1.0,14.0,1.0,53.0,2.0,3.0,1.0,4.0,3.0,0.0,23.0,3.1780538303479458,30.0,3.4339872044851463,-0.05233595624294437,0.9986295347545738,0.0,0.0,0.0,0.0,18.900000000000034,12,55.0,53.0,36.0,55.0,43.0,54.0,0.0
2021-12-06,55.0,53.25,53.0,36.0,55.0,43.0,54.0,15.0,24,3.5,16.3,358,29.8,84,9.0,1.0,4.0,55.0,0.0,-1.0,-4.0,0.0,-3.0,1.0,16.0,2.833213344056216,19.0,2.995732273553991,-0.034899496702500823,0.9993908270190958,0.0,0.0,0.0,0.0,14.500000000000036,12,54.0,51.0,34.0,52.0,43.0,54.0,0.0
2021-12-07,54.0,52.41666666666666,51.0,34.0,52.0,43.0,54.0,15.0,24,1.5,18.4,4,30.0,81,14.0,13.0,6.0,55.0,-1.0,-2.0,-2.0,-3.0,0.0,0.0,24.0,3.2188758248682006,28.0,3.367295829986474,0.0697564737441253,0.9975640502598242,0.0,0.0,0.0,0.0,14.600000000000035,12,53.0,51.0,41.0,53.0,44.0,51.0,0.0
2021-12-08,53.0,51.54166666666666,51.0,41.0,53.0,44.0,51.0,14.0,24,1.7,20.3,18,29.0,83,34.0,24.0,18.0,54.0,-1.0,0.0,7.0,1.0,1.0,-3.0,57.0,4.060443010546419,38.0,3.6635616461296463,0.3090169943749474,0.9510565162951535,0.0,0.0,0.0,0.0,6.700000000000036,12,57.0,53.0,44.0,57.0,52.0,54.0,0.0
2021-12-09,57.0,55.875,53.0,44.0,57.0,52.0,54.0,17.0,24,0.7,18.0,13,30.3,81,24.0,19.0,16.0,53.0,4.0,2.0,3.0,4.0,8.0,3.0,72.0,4.290459441148391,56.0,4.04305126783455,0.224951054343865,0.9743700647852352,0.0,0.0,0.0,0.0,3.9000000000000354,12,55.0,53.0,39.0,55.0,51.0,53.0,0.0
2021-12-10,55.0,50.25,53.0,39.0,55.0,51.0,53.0,16.0,24,10.6,18.5,359,29.5,85,2.0,0.0,0.0,57.0,-2.0,0.0,-5.0,-2.0,-1.0,-1.0,60.0,4.110873864173311,43.0,3.784189633918261,-0.01745240643728356,0.9998476951563913,0.0,0.0,0.0,0.0,13.000000000000036,12,49.0,43.0,34.0,49.0,40.0,47.0,0.0
2021-12-11,49.0,45.583333333333336,43.0,34.0,49.0,40.0,47.0,12.0,24,10.5,17.8,9,29.1,90,3.0,7.0,3.0,55.0,-6.0,-10.0,-5.0,-6.0,-11.0,-6.0,29.0,3.4011973816621555,26.0,3.295836866004329,0.15643446504023087,0.9876883405951378,0.0,0.0,0.0,0.0,21.800000000000036,12,52.0,46.0,38.0,52.0,29.0,48.0,0.0
2021-12-12,52.0,49.083333333333336,46.0,38.0,52.0,29.0,48.0,13.0,24,14.2,17.6,12,27.5,89,0.0,11.0,8.0,49.0,3.0,3.0,4.0,3.0,-11.0,1.0,5.0,1.791759469228055,18.0,2.9444389791664403,0.20791169081775934,0.9781476007338057,0.0,0.0,0.0,0.0,35.30000000000004,12,50.0,48.0,37.0,50.0,41.0,45.0,0.0
2021-12-13,50.0,42.125,48.0,37.0,50.0,41.0,45.0,12.0,24,10.6,18.0,360,29.1,85,5.0,7.0,14.0,52.0,-2.0,2.0,-1.0,-2.0,12.0,-3.0,8.0,2.1972245773362196,25.0,3.258096538021482,-2.4492935982947064e-16,1.0,0.0,0.0,0.0,0.0,35.30000000000003,12,54.0,52.0,42.0,54.0,43.0,52.0,0.0
2021-12-14,54.0,52.25,52.0,42.0,54.0,43.0,52.0,14.0,24,1.2,23.8,360,29.8,82,12.0,4.0,6.0,50.0,4.0,4.0,5.0,4.0,2.0,7.0,17.0,2.8903717578961645,22.0,3.1354942159291497,-2.4492935982947064e-16,1.0,0.0,0.0,0.0,0.0,26.000000000000036,12,52.0,52.0,43.0,52.0,41.0,51.0,0.0
2021-12-15,52.0,48.91666666666666,52.0,43.0,52.0,41.0,51.0,13.0,24,10.3,16.0,338,29.0,88,9.0,10.0,2.0,54.0,-2.0,0.0,1.0,-2.0,-2.0,-1.0,26.0,3.295836866004329,21.0,3.091042453358316,-0.37460659341591235,0.9271838545667873,0.0,0.0,0.0,0.0,22.100000000000037,12,55.0,52.0,46.0,54.0,47.0,55.0,0.0
2021-12-16,55.0,53.333333333333336,52.0,46.0,54.0,47.0,55.0,16.0,24,2.5,16.5,288,29.8,85,2.0,13.0,3.0,52.0,3.0,0.0,3.0,2.0,6.0,4.0,23.0,3.1780538303479458,27.0,3.332204510175204,-0.9510565162951536,0.30901699437494723,1.0,0.0,3.1780538303479458,0.0,14.000000000000036,12,52.0,51.0,35.0,52.0,43.0,52.0,0.0
2021-12-17,52.0,44.875,51.0,35.0,52.0,43.0,52.0,13.0,24,22.2,18.4,257,27.8,90,1.0,9.0,0.0,55.0,-3.0,-1.0,-11.0,-2.0,-4.0,-3.0,12.0,2.5649493574615367,32.0,3.4965075614664802,-0.9743700647852351,-0.22495105434386525,1.0,0.0,2.5649493574615367,0.0,35.000000000000036,12,48.0,48.0,30.0,46.0,30.0,47.0,0.0
2021-12-18,48.0,41.958333333333336,48.0,30.0,46.0,30.0,47.0,11.0,24,26.2,9.8,292,29.2,90,4.0,8.0,0.0,52.0,-4.0,-3.0,-5.0,-6.0,-13.0,-5.0,7.0,2.0794415416798357,30.0,3.4339872044851463,-0.9271838545667874,0.37460659341591196,0.0,0.0,0.0,0.0,50.900000000000034,12,49.0,49.0,30.0,45.0,31.0,47.0,0.0
2021-12-19,49.0,39.625,49.0,30.0,45.0,31.0,47.0,12.0,24,10.7,15.8,312,28.1,91,4.0,5.0,1.0,48.0,1.0,1.0,0.0,-1.0,1.0,0.0,9.0,2.302585092994046,22.0,3.1354942159291497,-0.7431448254773946,0.6691306063588578,0.0,0.0,0.0,0.0,59.10000000000004,12,52.0,44.0,29.0,52.0,28.0,48.0,0.0
2021-12-20,52.0,40.333333333333336,44.0,29.0,52.0,28.0,48.0,13.0,24,0.1,14.8,348,30.3,84,0.0,6.0,2.0,49.0,3.0,-5.0,-1.0,7.0,-3.0,1.0,8.0,2.1972245773362196,19.0,2.995732273553991,-0.20791169081775987,0.9781476007338056,0.0,0.0,0.0,0.0,37.00000000000003,12,56.0,52.0,38.0,56.0,50.0,55.0,0.0
2021-12-21,56.0,54.958333333333336,52.0,38.0,56.0,50.0,55.0,17.0,24,1.3,12.6,29,30.7,84,6.0,11.0,2.0,52.0,4.0,8.0,9.0,4.0,22.0,7.0,10.0,2.3978952727983707,22.0,3.1354942159291497,0.48480962024633706,0.8746197071393957,0.0,0.0,0.0,0.0,12.100000000000035,12,56.0,52.0,45.0,55.0,48.0,56.0,0.0
2021-12-22,56.0,55.16666666666666,52.0,45.0,55.0,48.0,56.0,17.0,24,4.7,14.4,329,29.3,88,17.0,15.0,9.0,56.0,0.0,0.0,7.0,-1.0,-2.0,1.0,23.0,3.1780538303479458,32.0,3.4965075614664802,-0.5150380749100545,0.8571673007021121,0.0,0.0,0.0,0.0,6.100000000000036,12,56.0,53.0,54.0,55.0,46.0,56.0,0.0
2021-12-23,56.0,54.958333333333336,53.0,54.0,55.0,46.0,56.0,16.0,24,8.5,10.9,325,28.7,89,3.0,28.0,8.0,56.0,0.0,1.0,9.0,0.0,-2.0,0.0,26.0,3.295836866004329,54.0,4.007333185232471,-0.5735764363510465,0.8191520442889916,0.0,0.0,0.0,0.0,14.500000000000036,12,57.0,52.0,56.0,57.0,51.0,54.0,0.0
2021-12-24,57.0,55.91666666666666,52.0,56.0,57.0,51.0,54.0,17.0,24,19.2,13.9,2,28.7,90,9.0,13.0,13.0,56.0,1.0,-1.0,2.0,2.0,5.0,-2.0,29.0,3.4011973816621555,56.0,4.04305126783455,0.03489949670250097,0.9993908270190958,0.0,0.0,0.0,0.0,32.400000000000034,12,55.0,45.0,51.0,55.0,41.0,52.0,0.0
2021-12-25,55.0,52.125,45.0,51.0,55.0,41.0,52.0,15.0,24,9.7,16.2,7,29.5,90,17.0,13.0,10.0,57.0,-2.0,-7.0,-5.0,-2.0,-10.0,-2.0,29.0,3.4011973816621555,54.0,4.007333185232471,0.12186934340514748,0.992546151641322,0.0,0.0,0.0,0.0,37.400000000000034,12,54.0,52.0,50.0,54.0,42.0,53.0,0.0
2021-12-26,54.0,51.5,52.0,50.0,54.0,42.0,53.0,14.0,22,1.5,16.2,12,29.8,86,41.0,12.0,10.0,55.0,-1.0,7.0,-1.0,-1.0,1.0,1.0,67.0,4.219507705176107,38.0,3.6635616461296463,0.20791169081775934,0.9781476007338057,0.0,0.0,0.0,0.0,30.400000000000034,12,56.0,55.0,53.0,56.0,52.0,56.0,0.0
2021-12-27,56.0,55.25,55.0,53.0,56.0,52.0,56.0,17.0,24,1.8,14.1,2,30.4,86,26.0,10.0,23.0,54.0,2.0,3.0,3.0,2.0,10.0,3.0,84.0,4.442651256490317,35.0,3.58351893845611,0.03489949670250097,0.9993908270190958,0.0,0.0,0.0,0.0,13.000000000000036,12,54.0,54.0,52.0,54.0,50.0,54.0,0.0
2021-12-28,54.0,51.25,54.0,52.0,54.0,50.0,54.0,15.0,24,0.4,18.2,13,30.5,82,16.0,21.0,21.0,56.0,-2.0,-1.0,-1.0,-2.0,-2.0,-2.0,83.0,4.430816798843313,43.0,3.784189633918261,0.224951054343865,0.9743700647852352,0.0,0.0,0.0,0.0,3.7000000000000357,12,48.0,48.0,36.0,43.0,42.0,45.0,0.0
2021-12-29,48.0,43.79166666666666,48.0,36.0,43.0,42.0,45.0,11.0,24,2.0,16.1,3,30.0,86,13.0,6.0,2.0,54.0,-6.0,-6.0,-16.0,-11.0,-8.0,-9.0,55.0,4.02535169073515,37.0,3.6375861597263857,0.052335956242943835,0.9986295347545738,0.0,0.0,0.0,0.0,4.200000000000036,12,48.0,39.0,39.0,42.0,34.0,48.0,0.0
2021-12-30,48.0,45.125,39.0,39.0,42.0,34.0,48.0,12.0,24,1.9,14.2,20,29.3,88,26.0,5.0,0.0,48.0,0.0,-9.0,3.0,-1.0,-8.0,3.0,55.0,4.02535169073515,32.0,3.4965075614664802,0.3420201433256687,0.9396926207859084,0.0,0.0,0.0,0.0,4.300000000000036,12,43.0,35.0,36.0,37.0,28.0,43.0,0.0
2021-12-31,43.0,34.166666666666664,35.0,36.0,37.0,28.0,43.0,10.0,24,27.6,14.3,23,27.1,92,1.0,5.0,0.0,48.0,-5.0,-4.0,-3.0,-5.0,-6.0,-5.0,40.0,3.713572066704308,16.0,2.833213344056216,0.39073112848927377,0.9205048534524404,0.0,0.0,0.0,0.0,31.500000000000036,12,32.0,31.0,27.0,32.0,30.0,32.0,0.0
2022-01-01,32.0,30.916666666666668,31.0,27.0,32.0,30.0,32.0,8.0,24,31.9,11.8,7,26.1,94,3.0,9.0,3.0,43.0,-11.0,-4.0,-9.0,-5.0,2.0,-11.0,30.0,3.4339872044851463,19.0,2.995732273553991,0.12186934340514748,0.992546151641322,0.0,0.0,0.0,0.0,61.400000000000034,1,35.0,29.0,29.0,25.0,35.0,32.0,0.0
2022-01-02,35.0,28.875,29.0,29.0,25.0,35.0,32.0,8.0,24,38.9,12.2,305,26.5,92,2.0,3.0,1.0,32.0,3.0,-2.0,2.0,-7.0,5.0,0.0,6.0,1.9459101490553132,17.0,2.8903717578961645,-0.8191520442889918,0.573576436351046,0.0,0.0,0.0,0.0,98.40000000000003,1,32.0,31.0,32.0,23.0,17.0,29.0,0.0
2022-01-03,32.0,27.625,31.0,32.0,23.0,17.0,29.0,8.0,24,4.9,11.5,279,28.3,89,5.0,2.0,4.0,35.0,-3.0,2.0,3.0,-2.0,-18.0,-3.0,10.0,2.3978952727983707,14.0,2.70805020110221,-0.9876883405951378,0.15643446504023067,1.0,0.0,2.3978952727983707,0.0,75.70000000000005,1,32.0,31.0,32.0,26.0,19.0,30.0,0.0
2022-01-04,32.0,29.291666666666668,31.0,32.0,26.0,19.0,30.0,8.0,24,9.2,18.6,345,28.3,90,17.0,6.0,7.0,32.0,0.0,0.0,0.0,3.0,2.0,1.0,24.0,3.2188758248682006,11.0,2.4849066497880004,-0.2588190451025207,0.9659258262890683,0.0,0.0,0.0,0.0,53.000000000000036,1,44.0,36.0,32.0,44.0,25.0,38.0,0.0
2022-01-05,44.0,38.583333333333336,36.0,32.0,44.0,25.0,38.0,11.0,24,5.0,15.6,328,29.7,88,32.0,17.0,8.0,32.0,12.0,5.0,0.0,18.0,6.0,8.0,54.0,4.007333185232471,25.0,3.258096538021482,-0.529919264233205,0.8480480961564258,0.0,0.0,0.0,0.0,19.100000000000037,1,45.0,36.0,33.0,45.0,27.0,39.0,0.0
2022-01-06,45.0,40.875,36.0,33.0,45.0,27.0,39.0,11.0,24,3.2,12.6,354,30.2,87,38.0,22.0,13.0,44.0,1.0,0.0,1.0,1.0,2.0,1.0,87.0,4.477336814478207,45.0,3.828641396489095,-0.10452846326765342,0.9945218953682733,0.0,0.0,0.0,0.0,17.400000000000034,1,46.0,43.0,38.0,46.0,28.0,46.0,0.0
2022-01-07,46.0,43.833333333333336,43.0,38.0,46.0,28.0,46.0,11.0,24,2.9,17.0,10,29.4,87,10.0,8.0,15.0,45.0,1.0,7.0,5.0,1.0,1.0,7.0,80.0,4.394449154672439,47.0,3.871201010907891,0.17364817766693033,0.984807753012208,0.0,0.0,0.0,0.0,11.100000000000035,1,44.0,41.0,37.0,39.0,28.0,44.0,0.0
2022-01-08,44.0,38.5,41.0,37.0,39.0,28.0,44.0,10.0,24,2.7,18.3,21,28.4,88,15.0,5.0,12.0,46.0,-2.0,-2.0,-1.0,-7.0,0.0,-2.0,63.0,4.1588830833596715,35.0,3.58351893845611,0.35836794954530027,0.9335804264972017,0.0,0.0,0.0,0.0,8.800000000000036,1,53.0,50.0,45.0,53.0,36.0,52.0,0.0
2022-01-09,53.0,49.583333333333336,50.0,45.0,53.0,36.0,52.0,14.0,24,0.7,20.6,22,29.2,87,8.0,17.0,19.0,44.0,9.0,9.0,8.0,14.0,8.0,8.0,33.0,3.5263605246161616,30.0,3.4339872044851463,0.374606593415912,0.9271838545667874,0.0,0.0,0.0,0.0,6.300000000000035,1,52.0,48.0,42.0,52.0,35.0,48.0,0.0
2022-01-10,52.0,49.333333333333336,48.0,42.0,52.0,35.0,48.0,13.0,24,5.5,15.5,11,29.2,85,1.0,30.0,13.0,53.0,-1.0,-2.0,-3.0,-1.0,-1.0,-4.0,24.0,3.2188758248682006,52.0,3.970291913552122,0.1908089953765448,0.981627183447664,0.0,0.0,0.0,0.0,8.900000000000036,1,53.0,49.0,41.0,53.0,34.0,51.0,0.0
2022-01-11,53.0,50.54166666666666,49.0,41.0,53.0,34.0,51.0,14.0,24,0.5,16.5,11,30.2,83,6.0,15.0,10.0,52.0,1.0,1.0,-1.0,1.0,-1.0,3.0,15.0,2.772588722239781,62.0,4.143134726391533,0.1908089953765448,0.981627183447664,0.0,0.0,0.0,0.0,6.700000000000036,1,53.0,52.0,40.0,53.0,37.0,52.0,0.0
2022-01-12,53.0,52.333333333333336,52.0,40.0,53.0,37.0,52.0,14.0,24,0.0,20.3,22,29.7,82,16.0,5.0,29.0,53.0,0.0,3.0,-1.0,0.0,3.0,1.0,23.0,3.1780538303479458,50.0,3.9318256327243257,0.374606593415912,0.9271838545667874,0.0,0.0,0.0,0.0,6.0000000000000355,1,52.0,49.0,40.0,52.0,36.0,51.0,0.0
2022-01-13,52.0,51.75,49.0,40.0,52.0,36.0,51.0,13.0,24,0.1,18.1,13,29.2,79,26.0,4.0,30.0,53.0,-1.0,-3.0,0.0,-1.0,-1.0,-1.0,48.0,3.8918202981106265,24.0,3.2188758248682006,0.224951054343865,0.9743700647852352,0.0,0.0,0.0,0.0,0.6000000000000355,1,52.0,51.0,42.0,52.0,38.0,52.0,0.0
2022-01-14,52.0,51.708333333333336,51.0,42.0,52.0,38.0,52.0,13.0,24,0.3,19.8,12,29.2,78,37.0,13.0,34.0,52.0,0.0,2.0,2.0,0.0,2.0,1.0,79.0,4.382026634673881,22.0,3.1354942159291497,0.20791169081775934,0.9781476007338057,0.0,0.0,0.0,0.0,0.40000000000003555,1,53.0,52.0,42.0,53.0,38.0,52.0,0.0
2022-01-15,53.0,52.04166666666666,52.0,42.0,53.0,38.0,52.0,13.0,24,0.8,17.7,18,29.4,81,46.0,8.0,39.0,52.0,1.0,1.0,0.0,1.0,0.0,0.0,109.0,4.700480365792417,25.0,3.258096538021482,0.3090169943749474,0.9510565162951535,0.0,0.0,0.0,0.0,1.2000000000000357,1,53.0,53.0,45.0,53.0,44.0,53.0,0.0
2022-01-16,53.0,53.0,53.0,45.0,53.0,44.0,53.0,14.0,24,0.8,19.9,18,29.9,83,41.0,14.0,22.0,53.0,0.0,1.0,3.0,0.0,6.0,1.0,124.0,4.8283137373023015,35.0,3.58351893845611,0.3090169943749474,0.9510565162951535,0.0,0.0,0.0,0.0,1.9000000000000354,1,58.0,54.0,53.0,58.0,46.0,55.0,0.0
2022-01-17,58.0,55.47619047619048,54.0,53.0,58.0,46.0,55.0,19.0,21,2.8,17.7,16,29.5,85,21.0,12.0,19.0,53.0,5.0,1.0,8.0,5.0,2.0,2.0,108.0,4.6913478822291435,34.0,3.5553480614894135,0.27563735581699916,0.9612616959383189,0.0,0.0,0.0,0.0,4.400000000000036,1,59.0,55.0,53.0,59.0,53.0,57.0,0.0
2022-01-18,59.0,56.583333333333336,55.0,53.0,59.0,53.0,57.0,19.0,24,0.4,19.5,11,30.6,78,2.0,13.0,21.0,58.0,1.0,1.0,0.0,1.0,7.0,2.0,64.0,4.174387269895637,39.0,3.6888794541139363,0.1908089953765448,0.981627183447664,0.0,0.0,0.0,0.0,4.0000000000000355,1,55.0,53.0,48.0,55.0,45.0,55.0,0.0
2022-01-19,55.0,54.66666666666666,53.0,48.0,55.0,45.0,55.0,16.0,24,2.8,19.6,8,29.3,83,0.0,6.0,23.0,59.0,-4.0,-2.0,-5.0,-4.0,-8.0,-2.0,23.0,3.1780538303479458,31.0,3.4657359027997265,0.13917310096006544,0.9902680687415704,0.0,0.0,0.0,0.0,6.0000000000000355,1,53.0,53.0,43.0,53.0,39.0,53.0,0.0
2022-01-20,53.0,52.083333333333336,53.0,43.0,53.0,39.0,53.0,14.0,24,0.7,13.4,10,29.9,83,23.0,2.0,32.0,55.0,-2.0,0.0,-5.0,-2.0,-6.0,-2.0,25.0,3.258096538021482,21.0,3.091042453358316,0.17364817766693033,0.984807753012208,0.0,0.0,0.0,0.0,3.900000000000035,1,54.0,52.0,41.0,54.0,34.0,52.0,0.0
2022-01-21,54.0,51.79166666666666,52.0,41.0,54.0,34.0,52.0,14.0,24,0.7,16.2,23,29.9,83,19.0,6.0,5.0,53.0,1.0,-1.0,-2.0,1.0,-5.0,-1.0,42.0,3.7612001156935624,14.0,2.70805020110221,0.39073112848927377,0.9205048534524404,0.0,0.0,0.0,0.0,4.200000000000035,1,48.0,48.0,37.0,44.0,34.0,41.0,0.0
2022-01-22,48.0,44.75,48.0,37.0,44.0,34.0,41.0,12.0,24,0.4,15.3,25,30.4,82,21.0,27.0,24.0,54.0,-6.0,-4.0,-4.0,-10.0,0.0,-11.0,63.0,4.1588830833596715,35.0,3.58351893845611,0.42261826174069944,0.9063077870366499,0.0,0.0,0.0,0.0,1.8000000000000353,1,54.0,48.0,48.0,52.0,42.0,54.0,0.0
2022-01-23,54.0,51.333333333333336,48.0,48.0,52.0,42.0,54.0,15.0,24,0.2,13.3,29,31.0,80,55.0,21.0,42.0,48.0,6.0,0.0,11.0,8.0,8.0,13.0,95.0,4.564348191467836,54.0,4.007333185232471,0.48480962024633706,0.8746197071393957,0.0,0.0,0.0,0.0,1.3000000000000356,1,56.0,52.0,41.0,51.0,42.0,56.0,0.0
2022-01-24,56.0,53.375,52.0,41.0,51.0,42.0,56.0,16.0,24,2.0,10.7,1,30.7,82,8.0,30.0,12.0,54.0,2.0,4.0,-7.0,-1.0,0.0,2.0,84.0,4.442651256490317,78.0,4.3694478524670215,0.01745240643728351,0.9998476951563913,0.0,0.0,0.0,0.0,2.6000000000000356,1,54.0,51.0,43.0,52.0,44.0,54.0,0.0
2022-01-25,54.0,50.958333333333336,51.0,43.0,52.0,44.0,54.0,14.0,24,0.5,18.2,21,31.6,78,12.0,14.0,40.0,56.0,-2.0,-1.0,2.0,1.0,2.0,-2.0,75.0,4.330733340286331,65.0,4.189654742026425,0.35836794954530027,0.9335804264972017,0.0,0.0,0.0,0.0,2.7000000000000357,1,52.0,48.0,40.0,52.0,36.0,52.0,0.0
2022-01-26,52.0,48.125,48.0,40.0,52.0,36.0,52.0,13.0,24,0.4,17.5,15,31.9,78,24.0,33.0,13.0,54.0,-2.0,-3.0,-3.0,0.0,-8.0,-2.0,44.0,3.8066624897703196,77.0,4.356708826689592,0.25881904510252074,0.9659258262890683,0.0,0.0,0.0,0.0,2.9000000000000354,1,57.0,55.0,52.0,57.0,52.0,57.0,0.0
2022-01-27,57.0,55.54166666666666,55.0,52.0,57.0,52.0,57.0,17.0,24,0.1,17.3,29,31.3,79,57.0,10.0,38.0,52.0,5.0,7.0,12.0,5.0,16.0,5.0,93.0,4.543294782270004,57.0,4.060443010546419,0.48480962024633706,0.8746197071393957,0.0,0.0,0.0,0.0,1.0000000000000355,1,57.0,55.0,53.0,57.0,52.0,57.0,0.0
2022-01-28,57.0,56.45454545454545,55.0,53.0,57.0,52.0,57.0,18.0,22,0.7,16.2,24,32.0,78,95.0,9.0,62.0,57.0,0.0,0.0,1.0,0.0,0.0,0.0,176.0,5.176149732573829,52.0,3.970291913552122,0.4067366430758002,0.9135454576426009,0.0,0.0,0.0,0.0,1.2000000000000355,1,56.0,54.0,52.0,56.0,52.0,56.0,0.0
2022-01-29,56.0,55.25,54.0,52.0,56.0,52.0,56.0,17.0,24,1.6,13.7,25,32.2,80,52.0,32.0,71.0,57.0,-1.0,-1.0,-1.0,-1.0,0.0,-1.0,204.0,5.3230099791384085,51.0,3.9512437185814275,0.42261826174069944,0.9063077870366499,0.0,0.0,0.0,0.0,2.4000000000000354,1,55.0,52.0,51.0,54.0,48.0,55.0,0.0
2022-01-30,55.0,52.69565217391305,52.0,51.0,54.0,48.0,55.0,16.0,23,1.5,14.2,23,31.1,81,33.0,29.0,27.0,56.0,-1.0,-2.0,-1.0,-2.0,-4.0,-1.0,180.0,5.198497031265826,70.0,4.2626798770413155,0.39073112848927377,0.9205048534524404,0.0,0.0,0.0,0.0,3.8000000000000353,1,59.0,54.0,53.0,54.0,51.0,59.0,0.0
2022-01-31,59.0,57.125,54.0,53.0,54.0,51.0,59.0,19.0,24,1.3,14.8,24,30.5,81,22.0,70.0,43.0,55.0,4.0,2.0,2.0,0.0,3.0,4.0,107.0,4.68213122712422,131.0,4.882801922586371,0.4067366430758002,0.9135454576426009,0.0,0.0,0.0,0.0,4.400000000000036,1,53.0,51.0,37.0,38.0,37.0,53.0,0.0
2022-02-01,53.0,49.29166666666666,51.0,37.0,38.0,37.0,53.0,14.0,24,1.0,20.9,29,31.4,78,19.0,37.0,38.0,59.0,-6.0,-3.0,-16.0,-16.0,-14.0,-6.0,74.0,4.31748811353631,136.0,4.919980925828125,0.48480962024633706,0.8746197071393957,0.0,0.0,0.0,0.0,3.8000000000000353,2,47.0,41.0,31.0,32.0,30.0,47.0,0.0
2022-02-02,47.0,43.25,41.0,31.0,32.0,30.0,47.0,11.0,24,2.2,14.3,29,31.3,79,24.0,7.0,46.0,53.0,-6.0,-10.0,-6.0,-6.0,-7.0,-6.0,65.0,4.189654742026425,114.0,4.74493212836325,0.48480962024633706,0.8746197071393957,0.0,0.0,0.0,0.0,4.5000000000000355,2,40.0,38.0,30.0,32.0,29.0,40.0,0.0
2022-02-03,40.0,34.708333333333336,38.0,30.0,32.0,29.0,40.0,10.0,24,2.0,18.4,30,31.1,81,34.0,41.0,24.0,47.0,-7.0,-3.0,-1.0,0.0,-1.0,-7.0,77.0,4.356708826689592,85.0,4.454347296253507,0.49999999999999994,0.8660254037844387,0.0,0.0,0.0,0.0,5.200000000000036,2,54.0,52.0,40.0,50.0,38.0,54.0,0.0
2022-02-04,54.0,50.083333333333336,52.0,40.0,50.0,38.0,54.0,15.0,24,1.9,22.2,33,31.7,79,4.0,31.0,10.0,40.0,14.0,14.0,10.0,18.0,9.0,14.0,62.0,4.143134726391533,79.0,4.382026634673881,0.5446390350150271,0.838670567945424,0.0,0.0,0.0,0.0,6.100000000000035,2,55.0,52.0,44.0,52.0,45.0,55.0,0.0
2022-02-05,55.0,53.79166666666666,52.0,44.0,52.0,45.0,55.0,16.0,24,13.5,15.2,30,28.9,85,2.0,18.0,4.0,54.0,1.0,0.0,4.0,2.0,7.0,1.0,40.0,3.713572066704308,90.0,4.51085950651685,0.49999999999999994,0.8660254037844387,0.0,0.0,0.0,0.0,17.400000000000034,2,51.0,44.0,39.0,48.0,34.0,51.0,0.0
2022-02-06,51.0,46.375,44.0,39.0,48.0,34.0,51.0,12.0,24,7.1,16.5,346,30.4,85,3.0,13.0,1.0,55.0,-4.0,-8.0,-5.0,-4.0,-11.0,-4.0,9.0,2.302585092994046,62.0,4.143134726391533,-0.24192189559966787,0.9702957262759965,0.0,0.0,0.0,0.0,22.500000000000036,2,45.0,39.0,33.0,41.0,26.0,45.0,0.0
2022-02-07,45.0,42.333333333333336,39.0,33.0,41.0,26.0,45.0,11.0,24,2.3,20.7,347,29.1,86,13.0,13.0,7.0,51.0,-6.0,-5.0,-6.0,-7.0,-8.0,-6.0,18.0,2.9444389791664403,44.0,3.8066624897703196,-0.22495105434386534,0.9743700647852351,0.0,0.0,0.0,0.0,22.900000000000034,2,41.0,37.0,31.0,35.0,24.0,41.0,0.0
2022-02-08,41.0,32.875,37.0,31.0,35.0,24.0,41.0,10.0,24,12.6,14.0,13,29.5,90,11.0,2.0,2.0,45.0,-4.0,-2.0,-2.0,-6.0,-2.0,-4.0,27.0,3.332204510175204,28.0,3.367295829986474,0.224951054343865,0.9743700647852352,0.0,0.0,0.0,0.0,22.000000000000036,2,48.0,47.0,34.0,35.0,28.0,48.0,0.0
2022-02-09,48.0,43.833333333333336,47.0,34.0,35.0,28.0,48.0,12.0,24,16.0,14.6,6,27.5,91,1.0,5.0,13.0,41.0,7.0,10.0,3.0,0.0,4.0,7.0,25.0,3.258096538021482,20.0,3.044522437723423,0.10452846326765347,0.9945218953682733,0.0,0.0,0.0,0.0,30.900000000000034,2,47.0,46.0,32.0,32.0,27.0,47.0,0.0
2022-02-10,47.0,36.875,46.0,32.0,32.0,27.0,47.0,11.0,24,26.6,13.1,325,25.1,94,1.0,1.0,4.0,48.0,-1.0,-1.0,-2.0,-3.0,-1.0,-1.0,13.0,2.6390573296152584,8.0,2.1972245773362196,-0.5735764363510465,0.8191520442889916,0.0,0.0,0.0,0.0,55.20000000000003,2,45.0,40.0,36.0,42.0,30.0,45.0,0.0
2022-02-11,45.0,41.208333333333336,40.0,36.0,42.0,30.0,45.0,11.0,24,11.8,17.3,347,27.4,89,1.0,0.0,6.0,47.0,-2.0,-6.0,4.0,10.0,3.0,-2.0,3.0,1.3862943611198906,6.0,1.9459101490553132,-0.22495105434386534,0.9743700647852351,0.0,0.0,0.0,0.0,54.40000000000004,2,37.0,34.0,33.0,37.0,29.0,36.0,0.0
2022-02-12,37.0,34.375,34.0,33.0,37.0,29.0,36.0,9.0,24,2.6,13.7,359,29.7,85,36.0,0.0,12.0,45.0,-8.0,-6.0,-3.0,-5.0,-1.0,-9.0,38.0,3.6635616461296463,1.0,0.6931471805599453,-0.01745240643728356,0.9998476951563913,0.0,0.0,0.0,0.0,41.000000000000036,2,40.0,37.0,33.0,40.0,30.0,33.0,0.0
2022-02-13,40.0,36.04166666666666,37.0,33.0,40.0,30.0,33.0,9.0,24,1.3,10.6,11,29.9,86,15.0,5.0,6.0,37.0,3.0,3.0,0.0,3.0,1.0,-3.0,52.0,3.970291913552122,5.0,1.791759469228055,0.1908089953765448,0.981627183447664,0.0,0.0,0.0,0.0,15.700000000000037,2,43.0,43.0,34.0,36.0,34.0,35.0,0.0
2022-02-14,43.0,39.583333333333336,43.0,34.0,36.0,34.0,35.0,10.0,24,0.5,11.4,56,30.0,85,64.0,24.0,5.0,40.0,3.0,6.0,1.0,-4.0,4.0,2.0,115.0,4.7535901911063645,29.0,3.4011973816621555,0.8290375725550417,0.5591929034707468,0.0,0.0,0.0,0.0,4.400000000000036,2,44.0,44.0,36.0,34.0,38.0,38.0,0.0
2022-02-15,44.0,42.208333333333336,44.0,36.0,34.0,38.0,38.0,10.0,24,5.8,14.4,78,30.3,86,62.0,9.0,9.0,43.0,1.0,1.0,2.0,-2.0,4.0,3.0,141.0,4.955827057601261,38.0,3.6635616461296463,0.9781476007338056,0.20791169081775945,0.0,1.0,0.0,3.6635616461296463,7.600000000000035,2,53.0,52.0,41.0,47.0,36.0,53.0,0.0
2022-02-16,53.0,43.91666666666666,52.0,41.0,47.0,36.0,53.0,14.0,24,0.7,11.0,76,28.8,87,12.0,19.0,3.0,44.0,9.0,8.0,5.0,13.0,-2.0,15.0,138.0,4.9344739331306915,52.0,3.970291913552122,0.9702957262759965,0.24192189559966767,0.0,1.0,0.0,3.970291913552122,7.000000000000036,2,56.0,52.0,52.0,55.0,52.0,56.0,0.0
2022-02-17,56.0,55.0,52.0,52.0,55.0,52.0,56.0,17.0,24,1.3,13.9,58,29.4,84,4.0,29.0,0.0,53.0,3.0,0.0,11.0,8.0,16.0,3.0,78.0,4.3694478524670215,57.0,4.060443010546419,0.8480480961564261,0.5299192642332049,0.0,0.0,0.0,0.0,7.800000000000036,2,54.0,40.0,45.0,49.0,51.0,54.0,0.0
2022-02-18,54.0,50.375,40.0,45.0,49.0,51.0,54.0,15.0,24,0.7,14.6,68,30.5,82,16.0,14.0,23.0,56.0,-2.0,-12.0,-7.0,-6.0,-1.0,-2.0,32.0,3.4965075614664802,62.0,4.143134726391533,0.9271838545667874,0.37460659341591196,0.0,0.0,0.0,0.0,2.7000000000000366,2,41.0,33.0,35.0,41.0,35.0,41.0,0.0
2022-02-19,41.0,35.583333333333336,33.0,35.0,41.0,35.0,41.0,10.0,24,3.6,10.4,13,30.9,84,20.0,4.0,12.0,54.0,-13.0,-7.0,-10.0,-8.0,-16.0,-13.0,40.0,3.713572066704308,47.0,3.871201010907891,0.224951054343865,0.9743700647852352,0.0,0.0,0.0,0.0,5.600000000000036,2,56.0,48.0,51.0,52.0,41.0,56.0,0.0
2022-02-20,56.0,52.52173913043478,48.0,51.0,52.0,41.0,56.0,17.0,23,2.2,16.2,25,31.6,86,42.0,0.0,11.0,41.0,15.0,15.0,16.0,11.0,6.0,15.0,78.0,4.3694478524670215,18.0,2.9444389791664403,0.42261826174069944,0.9063077870366499,0.0,0.0,0.0,0.0,6.500000000000036,2,56.0,50.0,50.0,52.0,41.0,56.0,0.0
2022-02-21,56.0,54.04166666666666,50.0,50.0,52.0,41.0,56.0,17.0,24,1.3,14.8,12,31.4,84,99.0,5.0,18.0,56.0,0.0,2.0,-1.0,0.0,0.0,0.0,161.0,5.087596335232384,9.0,2.302585092994046,0.20791169081775934,0.9781476007338057,0.0,0.0,0.0,0.0,7.100000000000036,2,52.0,44.0,39.0,52.0,41.0,52.0,0.0
2022-02-22,52.0,48.958333333333336,44.0,39.0,52.0,41.0,52.0,13.0,24,0.4,15.9,21,31.1,80,82.0,8.0,5.0,56.0,-4.0,-6.0,-11.0,0.0,0.0,-4.0,223.0,5.4116460518550396,13.0,2.6390573296152584,0.35836794954530027,0.9335804264972017,0.0,0.0,0.0,0.0,3.9000000000000368,2,51.0,43.0,36.0,46.0,32.0,51.0,0.0
2022-02-23,51.0,49.0,43.0,36.0,46.0,32.0,51.0,12.0,24,7.7,17.7,358,30.4,86,93.0,30.0,2.0,52.0,-1.0,-1.0,-3.0,-6.0,-9.0,-1.0,274.0,5.616771097666572,43.0,3.784189633918261,-0.034899496702500823,0.9993908270190958,0.0,0.0,0.0,0.0,9.400000000000038,2,38.0,34.0,28.0,37.0,24.0,38.0,0.0
2022-02-24,38.0,30.666666666666668,34.0,28.0,37.0,24.0,38.0,9.0,24,27.7,15.4,318,25.7,92,34.0,14.0,0.0,51.0,-13.0,-9.0,-8.0,-9.0,-8.0,-13.0,209.0,5.3471075307174685,52.0,3.970291913552122,-0.6691306063588581,0.7431448254773942,0.0,0.0,0.0,0.0,35.80000000000004,2,38.0,29.0,27.0,31.0,21.0,38.0,0.0
2022-02-25,38.0,34.333333333333336,29.0,27.0,31.0,21.0,38.0,9.0,24,5.1,15.7,306,30.2,85,28.0,10.0,11.0,38.0,0.0,-5.0,-1.0,-6.0,-3.0,0.0,155.0,5.049856007249537,54.0,4.007333185232471,-0.8090169943749476,0.5877852522924729,0.0,0.0,0.0,0.0,40.500000000000036,2,42.0,42.0,27.0,42.0,24.0,40.0,0.0
2022-02-26,42.0,39.61111111111112,42.0,27.0,42.0,24.0,40.0,10.0,18,3.2,12.0,79,29.0,85,64.0,42.0,2.0,38.0,4.0,13.0,0.0,11.0,3.0,2.0,126.0,4.844187086458591,66.0,4.204692619390966,0.981627183447664,0.19080899537654492,0.0,1.0,0.0,4.204692619390966,36.000000000000036,2,50.0,41.0,27.0,39.0,29.0,50.0,0.0
2022-02-27,50.0,45.458333333333336,41.0,27.0,39.0,29.0,50.0,12.0,24,6.0,17.6,45,28.7,86,108.0,42.0,3.0,42.0,8.0,-1.0,0.0,-3.0,5.0,10.0,200.0,5.303304908059076,94.0,4.553876891600541,0.7071067811865476,0.7071067811865476,0.0,0.0,0.0,0.0,14.30000000000004,2,52.0,48.0,44.0,51.0,30.0,52.0,0.0
2022-02-28,52.0,47.625,48.0,44.0,51.0,30.0,52.0,13.0,24,8.2,13.4,21,29.3,87,144.0,75.0,9.0,50.0,2.0,7.0,17.0,12.0,1.0,2.0,316.0,5.75890177387728,159.0,5.075173815233827,0.35836794954530027,0.9335804264972017,0.0,0.0,0.0,0.0,17.40000000000004,2,54.0,51.0,51.0,53.0,40.0,54.0,0.0
2022-03-01,54.0,53.125,51.0,51.0,53.0,40.0,54.0,14.0,24,5.7,11.2,355,29.8,86,16.0,80.0,3.0,52.0,2.0,3.0,7.0,2.0,10.0,2.0,268.0,5.594711379601839,197.0,5.288267030694535,-0.08715574274765832,0.9961946980917455,0.0,0.0,0.0,0.0,19.90000000000004,3,52.0,48.0,40.0,52.0,41.0,52.0,0.0
2022-03-02,52.0,51.333333333333336,48.0,40.0,52.0,41.0,52.0,13.0,24,4.6,15.4,3,30.9,88,7.0,121.0,12.0,54.0,-2.0,-3.0,-11.0,-1.0,1.0,-2.0,167.0,5.123963979403259,276.0,5.6240175061873385,0.052335956242943835,0.9986295347545738,0.0,0.0,0.0,0.0,18.50000000000004,3,51.0,51.0,35.0,48.0,34.0,45.0,0.0
2022-03-03,51.0,49.25,51.0,35.0,48.0,34.0,45.0,12.0,24,8.9,15.5,333,30.5,87,2.0,30.0,4.0,52.0,-1.0,3.0,-5.0,-4.0,-7.0,-7.0,25.0,3.258096538021482,231.0,5.44673737166631,-0.45399049973954697,0.8910065241883678,0.0,0.0,0.0,0.0,19.200000000000042,3,51.0,46.0,34.0,51.0,29.0,44.0,0.0
2022-03-04,51.0,45.708333333333336,46.0,34.0,51.0,29.0,44.0,12.0,24,6.7,15.2,349,30.3,87,10.0,39.0,6.0,51.0,0.0,-5.0,-1.0,3.0,-5.0,-1.0,19.0,2.995732273553991,190.0,5.25227342804663,-0.19080899537654467,0.981627183447664,0.0,0.0,0.0,0.0,20.200000000000042,3,40.0,32.0,32.0,40.0,27.0,37.0,0.0
2022-03-05,40.0,33.875,32.0,32.0,40.0,27.0,37.0,10.0,24,3.1,15.3,346,30.8,87,7.0,2.0,3.0,51.0,-11.0,-14.0,-2.0,-11.0,-2.0,-7.0,19.0,2.995732273553991,71.0,4.276666119016055,-0.24192189559966787,0.9702957262759965,0.0,0.0,0.0,0.0,18.700000000000042,3,51.0,44.0,33.0,51.0,33.0,51.0,0.0
2022-03-06,51.0,47.625,44.0,33.0,51.0,33.0,51.0,12.0,24,0.7,8.3,321,29.0,88,4.0,11.0,6.0,40.0,11.0,12.0,1.0,11.0,6.0,14.0,21.0,3.091042453358316,52.0,3.970291913552122,-0.6293203910498378,0.7771459614569706,0.0,0.0,0.0,0.0,10.500000000000043,3,51.0,40.0,33.0,42.0,32.0,51.0,0.0
2022-03-07,51.0,46.083333333333336,40.0,33.0,42.0,32.0,51.0,12.0,24,6.6,13.6,21,29.5,88,7.0,16.0,2.0,51.0,0.0,-4.0,0.0,-9.0,-1.0,0.0,18.0,2.9444389791664403,29.0,3.4011973816621555,0.35836794954530027,0.9335804264972017,0.0,0.0,0.0,0.0,10.400000000000041,3,40.0,40.0,29.0,32.0,37.0,34.0,0.0
2022-03-08,40.0,36.625,40.0,29.0,32.0,37.0,34.0,10.0,24,2.9,11.1,21,30.2,85,7.0,10.0,5.0,51.0,-11.0,0.0,-4.0,-10.0,5.0,-17.0,18.0,2.9444389791664403,37.0,3.6375861597263857,0.35836794954530027,0.9335804264972017,0.0,0.0,0.0,0.0,10.200000000000042,3,39.0,39.0,32.0,30.0,34.0,34.0,0.0
2022-03-09,39.0,33.791666666666664,39.0,32.0,30.0,34.0,34.0,9.0,24,4.9,13.2,27,29.2,88,5.0,20.0,8.0,40.0,-1.0,-1.0,3.0,-2.0,-3.0,0.0,19.0,2.995732273553991,46.0,3.8501476017100584,0.45399049973954675,0.8910065241883679,0.0,0.0,0.0,0.0,14.400000000000041,3,49.0,44.0,35.0,45.0,34.0,49.0,0.0
2022-03-10,49.0,41.54166666666666,44.0,35.0,45.0,34.0,49.0,12.0,24,7.3,12.5,19,29.0,88,7.0,34.0,18.0,39.0,10.0,5.0,3.0,15.0,0.0,15.0,19.0,2.995732273553991,64.0,4.174387269895637,0.3255681544571567,0.9455185755993168,0.0,0.0,0.0,0.0,15.100000000000042,3,58.0,53.0,52.0,58.0,44.0,56.0,0.0
2022-03-11,58.0,53.958333333333336,53.0,52.0,58.0,44.0,56.0,19.0,24,4.7,10.6,353,30.5,87,13.0,32.0,18.0,49.0,9.0,9.0,17.0,13.0,10.0,7.0,25.0,3.258096538021482,86.0,4.465908118654584,-0.12186934340514723,0.9925461516413221,0.0,0.0,0.0,0.0,16.90000000000004,3,63.0,60.0,58.0,62.0,58.0,63.0,0.0
2022-03-12,63.0,60.54166666666666,60.0,58.0,62.0,58.0,63.0,23.0,24,1.8,14.5,4,30.1,85,22.0,48.0,15.0,58.0,5.0,7.0,6.0,4.0,14.0,7.0,42.0,3.7612001156935624,114.0,4.74493212836325,0.0697564737441253,0.9975640502598242,0.0,0.0,0.0,0.0,13.800000000000042,3,63.0,60.0,57.0,62.0,58.0,63.0,0.0
2022-03-13,63.0,57.833333333333336,60.0,57.0,62.0,58.0,63.0,22.0,24,1.0,12.7,353,31.7,83,19.0,98.0,19.0,63.0,0.0,0.0,-1.0,0.0,0.0,0.0,54.0,4.007333185232471,178.0,5.187385805840755,-0.12186934340514723,0.9925461516413221,0.0,0.0,0.0,0.0,7.500000000000042,3,52.0,48.0,39.0,52.0,47.0,52.0,0.0
2022-03-14,52.0,50.5,48.0,39.0,52.0,47.0,52.0,13.0,24,4.2,9.3,33,30.8,85,21.0,45.0,20.0,63.0,-11.0,-12.0,-18.0,-10.0,-11.0,-11.0,62.0,4.143134726391533,191.0,5.2574953720277815,0.5446390350150271,0.838670567945424,0.0,0.0,0.0,0.0,7.000000000000042,3,58.0,55.0,43.0,56.0,52.0,58.0,0.0
2022-03-15,58.0,56.208333333333336,55.0,43.0,56.0,52.0,58.0,18.0,24,17.2,10.6,16,29.8,87,12.0,22.0,11.0,52.0,6.0,7.0,4.0,4.0,5.0,6.0,52.0,3.970291913552122,165.0,5.111987788356544,0.27563735581699916,0.9612616959383189,0.0,0.0,0.0,0.0,22.40000000000004,3,58.0,56.0,52.0,54.0,52.0,58.0,0.0
2022-03-16,58.0,55.708333333333336,56.0,52.0,54.0,52.0,58.0,18.0,24,1.4,9.0,66,30.3,85,13.0,23.0,10.0,58.0,0.0,1.0,9.0,-2.0,0.0,0.0,46.0,3.8501476017100584,90.0,4.51085950651685,0.9135454576426009,0.4067366430758002,0.0,0.0,0.0,0.0,22.80000000000004,3,58.0,57.0,51.0,56.0,54.0,58.0,0.0
2022-03-17,58.0,56.16666666666666,57.0,51.0,56.0,54.0,58.0,18.0,24,39.9,10.2,28,30.5,90,7.0,15.0,10.0,58.0,0.0,1.0,-1.0,2.0,2.0,0.0,32.0,3.4965075614664802,60.0,4.110873864173311,0.4694715627858908,0.882947592858927,0.0,0.0,0.0,0.0,58.50000000000004,3,54.0,52.0,44.0,53.0,48.0,54.0,0.0
2022-03-18,54.0,52.708333333333336,52.0,44.0,53.0,48.0,54.0,15.0,24,4.0,10.0,307,30.9,86,0.0,3.0,2.0,58.0,-4.0,-5.0,-7.0,-3.0,-6.0,-4.0,20.0,3.044522437723423,41.0,3.7376696182833684,-0.798635510047293,0.6018150231520479,0.0,0.0,0.0,0.0,45.30000000000003,3,55.0,53.0,40.0,52.0,36.0,55.0,0.0
2022-03-19,55.0,51.29166666666666,53.0,40.0,52.0,36.0,55.0,15.0,24,0.0,11.6,156,31.0,83,5.0,7.0,15.0,54.0,1.0,1.0,-4.0,-1.0,-12.0,1.0,12.0,2.5649493574615367,25.0,3.258096538021482,0.40673664307580043,-0.9135454576426008,0.0,1.0,0.0,3.258096538021482,43.900000000000034,3,58.0,58.0,42.0,53.0,50.0,56.0,0.0
2022-03-20,58.0,55.65217391304348,58.0,42.0,53.0,50.0,56.0,18.0,23,0.4,9.6,122,30.2,84,16.0,4.0,4.0,55.0,3.0,5.0,2.0,1.0,14.0,1.0,21.0,3.091042453358316,14.0,2.70805020110221,0.8480480961564261,-0.5299192642332048,0.0,1.0,0.0,2.70805020110221,4.400000000000036,3,59.0,59.0,43.0,51.0,46.0,55.0,0.0
2022-03-21,59.0,56.208333333333336,59.0,43.0,51.0,46.0,55.0,19.0,24,0.0,10.2,211,30.9,82,32.0,1.0,0.0,58.0,1.0,1.0,1.0,-2.0,-4.0,-1.0,53.0,3.9889840465642745,12.0,2.5649493574615367,-0.5150380749100542,-0.8571673007021123,1.0,0.0,3.9889840465642745,0.0,0.40000000000003555,3,56.0,55.0,45.0,52.0,46.0,56.0,0.0
2022-03-22,56.0,53.958333333333336,55.0,45.0,52.0,46.0,56.0,17.0,24,1.6,13.2,86,30.7,83,126.0,0.0,7.0,59.0,-3.0,-4.0,2.0,1.0,0.0,1.0,174.0,5.1647859739235145,5.0,1.791759469228055,0.9975640502598242,0.06975647374412523,0.0,1.0,0.0,1.791759469228055,2.0000000000000355,3,52.0,52.0,37.0,40.0,45.0,51.0,0.0
2022-03-23,52.0,49.52173913043478,52.0,37.0,40.0,45.0,51.0,13.0,23,3.0,8.2,60,29.8,88,112.0,31.0,3.0,56.0,-4.0,-3.0,-8.0,-12.0,-1.0,-5.0,270.0,5.602118820879701,32.0,3.4965075614664802,0.8660254037844386,0.5000000000000001,0.0,0.0,0.0,0.0,4.600000000000035,3,56.0,47.0,47.0,53.0,50.0,56.0,0.0
2022-03-24,56.0,54.41666666666666,47.0,47.0,53.0,50.0,56.0,16.0,24,1.8,13.8,33,31.4,84,167.0,77.0,18.0,52.0,4.0,-5.0,10.0,13.0,5.0,5.0,405.0,6.0063531596017325,108.0,4.6913478822291435,0.5446390350150271,0.838670567945424,0.0,0.0,0.0,0.0,6.400000000000036,3,59.0,52.0,53.0,54.0,53.0,59.0,0.0
2022-03-25,59.0,57.583333333333336,52.0,53.0,54.0,53.0,59.0,19.0,24,2.0,13.8,36,31.5,83,157.0,14.0,22.0,56.0,3.0,5.0,6.0,1.0,3.0,3.0,436.0,6.07993319509559,122.0,4.812184355372417,0.5877852522924731,0.8090169943749475,0.0,0.0,0.0,0.0,6.800000000000036,3,58.0,50.0,52.0,55.0,52.0,58.0,0.0
2022-03-26,58.0,55.583333333333336,50.0,52.0,55.0,52.0,58.0,18.0,24,7.6,11.4,9,31.4,87,165.0,65.0,22.0,59.0,-1.0,-2.0,-1.0,1.0,-1.0,-1.0,489.0,6.194405391104672,156.0,5.056245805348308,0.15643446504023087,0.9876883405951378,0.0,0.0,0.0,0.0,11.400000000000036,3,64.0,57.0,52.0,64.0,53.0,59.0,0.0
2022-03-27,64.0,61.583333333333336,57.0,52.0,64.0,53.0,59.0,23.0,24,4.7,10.1,347,31.7,85,314.0,74.0,30.0,58.0,6.0,7.0,0.0,9.0,1.0,1.0,636.0,6.456769655572163,153.0,5.0369526024136295,-0.22495105434386534,0.9743700647852351,0.0,0.0,0.0,0.0,14.300000000000036,3,62.0,58.0,53.0,62.0,56.0,55.0,0.0
2022-03-28,62.0,57.958333333333336,58.0,53.0,62.0,56.0,55.0,22.0,24,8.9,9.4,359,31.5,86,286.0,199.0,26.0,64.0,-2.0,1.0,1.0,-2.0,3.0,-4.0,765.0,6.641182169740591,338.0,5.82600010738045,-0.01745240643728356,0.9998476951563913,0.0,0.0,0.0,0.0,21.200000000000035,3,55.0,54.0,49.0,55.0,51.0,50.0,0.0
2022-03-29,55.0,51.75,54.0,49.0,55.0,51.0,50.0,15.0,24,0.8,12.5,359,31.7,86,389.0,279.0,29.0,62.0,-7.0,-4.0,-4.0,-7.0,-5.0,-5.0,989.0,6.897704943128636,552.0,6.315358001522335,-0.01745240643728356,0.9998476951563913,0.0,0.0,0.0,0.0,14.400000000000038,3,52.0,52.0,52.0,52.0,43.0,51.0,0.0
2022-03-30,52.0,50.958333333333336,52.0,52.0,52.0,43.0,51.0,13.0,24,2.8,10.6,3,31.6,83,161.0,32.0,27.0,55.0,-3.0,-2.0,3.0,-3.0,-8.0,1.0,836.0,6.729824070489475,510.0,6.236369590203704,0.052335956242943835,0.9986295347545738,0.0,0.0,0.0,0.0,12.500000000000036,3,55.0,53.0,53.0,55.0,49.0,54.0,0.0
2022-03-31,55.0,52.91666666666666,53.0,53.0,55.0,49.0,54.0,16.0,24,5.5,16.1,305,29.6,87,84.0,318.0,14.0,52.0,3.0,1.0,1.0,3.0,6.0,3.0,634.0,6.453624998892692,629.0,6.4457198193855785,-0.8191520442889918,0.573576436351046,0.0,0.0,0.0,0.0,9.100000000000035,3,57.0,57.0,54.0,56.0,44.0,56.0,0.0
2022-04-01,57.0,55.083333333333336,57.0,54.0,56.0,44.0,56.0,17.0,24,3.5,14.0,304,30.8,86,298.0,17.0,26.0,55.0,2.0,4.0,1.0,1.0,-5.0,2.0,543.0,6.298949246855942,367.0,5.908082938168931,-0.8290375725550416,0.559192903470747,0.0,0.0,0.0,0.0,11.800000000000034,4,65.0,59.0,59.0,65.0,54.0,64.0,0.0
2022-04-02,65.0,62.125,59.0,59.0,65.0,54.0,64.0,25.0,24,4.0,13.4,346,30.5,85,173.0,260.0,4.0,57.0,8.0,2.0,5.0,9.0,10.0,8.0,555.0,6.320768294250582,595.0,6.39024066706535,-0.24192189559966787,0.9702957262759965,0.0,0.0,0.0,0.0,13.000000000000036,4,67.0,60.0,57.0,67.0,55.0,65.0,0.0
2022-04-03,67.0,63.125,60.0,57.0,67.0,55.0,65.0,26.0,24,3.2,13.7,329,29.4,87,171.0,156.0,0.0,65.0,2.0,1.0,-2.0,2.0,1.0,1.0,642.0,6.466144724237619,433.0,6.073044534100405,-0.5150380749100545,0.8571673007021121,0.0,0.0,0.0,0.0,10.700000000000035,4,61.0,56.0,56.0,61.0,55.0,59.0,0.0
2022-04-04,61.0,58.75,56.0,56.0,61.0,55.0,59.0,21.0,24,3.4,10.4,324,30.7,84,202.0,50.0,21.0,67.0,-6.0,-4.0,-1.0,-6.0,0.0,-6.0,546.0,6.304448802421981,466.0,6.1463292576688975,-0.5877852522924734,0.8090169943749473,0.0,0.0,0.0,0.0,10.600000000000035,4,60.0,53.0,51.0,60.0,45.0,58.0,0.0
2022-04-05,60.0,55.91666666666666,53.0,51.0,60.0,45.0,58.0,20.0,24,8.1,13.3,359,30.0,89,99.0,18.0,7.0,61.0,-1.0,-3.0,-5.0,-1.0,-10.0,-1.0,472.0,6.159095388491933,224.0,5.41610040220442,-0.01745240643728356,0.9998476951563913,0.0,0.0,0.0,0.0,14.700000000000035,4,53.0,46.0,36.0,53.0,37.0,52.0,0.0
2022-04-06,53.0,48.375,46.0,36.0,53.0,37.0,52.0,14.0,24,9.0,15.1,305,30.7,86,103.0,4.0,2.0,60.0,-7.0,-7.0,-15.0,-7.0,-8.0,-6.0,404.0,6.003887067106539,72.0,4.290459441148391,-0.8191520442889918,0.573576436351046,0.0,0.0,0.0,0.0,20.500000000000036,4,53.0,52.0,33.0,53.0,37.0,51.0,0.0
2022-04-07,53.0,48.125,52.0,33.0,53.0,37.0,51.0,14.0,24,4.6,17.5,285,28.3,88,0.0,14.0,4.0,53.0,0.0,6.0,-3.0,0.0,0.0,-1.0,202.0,5.313205979041787,36.0,3.6109179126442243,-0.9659258262890684,0.2588190451025203,1.0,0.0,5.313205979041787,0.0,21.70000000000003,4,60.0,58.0,54.0,60.0,45.0,59.0,0.0
2022-04-08,60.0,56.75,58.0,54.0,60.0,45.0,59.0,20.0,24,1.9,11.7,330,30.9,85,44.0,5.0,0.0,53.0,7.0,6.0,21.0,7.0,8.0,8.0,147.0,4.997212273764115,23.0,3.1780538303479458,-0.5000000000000004,0.8660254037844384,0.0,0.0,0.0,0.0,15.500000000000036,4,57.0,55.0,52.0,56.0,44.0,57.0,0.0
2022-04-09,57.0,51.458333333333336,55.0,52.0,56.0,44.0,57.0,18.0,24,0.5,10.7,315,29.9,85,20.0,13.0,14.0,60.0,-3.0,-3.0,-2.0,-4.0,-1.0,-2.0,64.0,4.174387269895637,32.0,3.4965075614664802,-0.7071067811865477,0.7071067811865474,0.0,0.0,0.0,0.0,7.0000000000000355,4,56.0,55.0,49.0,56.0,53.0,55.0,0.0
2022-04-10,56.0,54.16666666666666,55.0,49.0,56.0,53.0,55.0,17.0,24,4.1,8.9,21,30.6,86,81.0,19.0,16.0,57.0,-1.0,0.0,-3.0,0.0,9.0,-2.0,145.0,4.983606621708336,37.0,3.6375861597263857,0.35836794954530027,0.9335804264972017,0.0,0.0,0.0,0.0,6.5000000000000355,4,57.0,57.0,46.0,53.0,52.0,56.0,0.0
2022-04-11,57.0,55.625,57.0,46.0,53.0,52.0,56.0,18.0,24,3.2,11.5,280,29.9,89,122.0,31.0,11.0,56.0,1.0,2.0,-3.0,-3.0,-1.0,1.0,223.0,5.4116460518550396,63.0,4.1588830833596715,-0.9848077530122081,0.17364817766692997,1.0,0.0,5.4116460518550396,0.0,7.800000000000035,4,69.0,67.0,56.0,54.0,59.0,69.0,0.0
2022-04-12,69.0,64.66666666666667,67.0,56.0,54.0,59.0,69.0,28.0,9,5.8,8.0,312,30.6,86,151.0,39.0,11.0,57.0,12.0,10.0,10.0,1.0,7.0,13.0,354.0,5.872117789475416,89.0,4.499809670330265,-0.7431448254773946,0.6691306063588578,0.0,0.0,0.0,0.0,13.100000000000037,4,75.0,71.0,56.0,58.0,66.0,75.0,0.0
2022-04-13,75.0,71.75,71.0,56.0,58.0,66.0,75.0,33.0,24,14.5,10.6,256,30.2,85,53.0,43.0,5.0,69.0,6.0,4.0,0.0,4.0,7.0,6.0,326.0,5.7899601708972535,113.0,4.736198448394496,-0.9702957262759965,-0.24192189559966779,1.0,0.0,5.7899601708972535,0.0,23.500000000000036,4,63.0,60.0,52.0,58.0,55.0,63.0,0.0
2022-04-14,63.0,56.458333333333336,60.0,52.0,58.0,55.0,63.0,23.0,24,0.3,11.1,216,30.2,84,64.0,72.0,19.0,75.0,-12.0,-11.0,-4.0,0.0,-11.0,-12.0,268.0,5.594711379601839,154.0,5.043425116919247,-0.587785252292473,-0.8090169943749475,1.0,0.0,5.594711379601839,0.0,20.600000000000037,4,56.0,56.0,50.0,53.0,45.0,55.0,0.0
2022-04-15,56.0,54.208333333333336,56.0,50.0,53.0,45.0,55.0,17.0,24,8.8,13.4,257,29.6,87,9.0,105.0,15.0,63.0,-7.0,-4.0,-2.0,-5.0,-10.0,-8.0,126.0,4.844187086458591,220.0,5.3981627015177525,-0.9743700647852351,-0.22495105434386525,1.0,0.0,4.844187086458591,0.0,23.600000000000037,4,54.0,54.0,50.0,52.0,35.0,50.0,0.0
2022-04-16,54.0,53.0,54.0,50.0,52.0,35.0,50.0,15.0,24,3.7,10.1,219,30.4,83,68.0,38.0,19.0,56.0,-2.0,-2.0,0.0,-1.0,-10.0,-5.0,141.0,4.955827057601261,215.0,5.375278407684165,-0.6293203910498376,-0.7771459614569708,1.0,0.0,4.955827057601261,0.0,12.80000000000004,4,57.0,57.0,51.0,54.0,51.0,52.0,0.0
2022-04-17,57.0,54.5,57.0,51.0,54.0,51.0,52.0,17.0,24,5.3,10.4,117,29.9,86,114.0,99.0,7.0,54.0,3.0,3.0,1.0,2.0,16.0,2.0,191.0,5.2574953720277815,242.0,5.493061443340548,0.8910065241883679,-0.45399049973954675,0.0,1.0,0.0,5.493061443340548,17.80000000000004,4,57.0,57.0,50.0,53.0,52.0,52.0,0.0
2022-04-18,57.0,53.875,57.0,50.0,53.0,52.0,52.0,17.0,24,18.1,10.4,317,30.7,88,18.0,85.0,13.0,57.0,0.0,0.0,-1.0,-1.0,1.0,0.0,200.0,5.303304908059076,222.0,5.407171771460119,-0.6819983600624983,0.7313537016191707,0.0,0.0,0.0,0.0,27.10000000000004,4,61.0,57.0,56.0,61.0,47.0,59.0,0.0
2022-04-19,61.0,57.5,57.0,56.0,61.0,47.0,59.0,21.0,24,7.0,10.3,359,30.7,86,27.0,19.0,8.0,57.0,4.0,0.0,6.0,8.0,-5.0,7.0,159.0,5.075173815233827,203.0,5.318119993844216,-0.01745240643728356,0.9998476951563913,0.0,0.0,0.0,0.0,30.40000000000004,4,61.0,59.0,54.0,61.0,52.0,60.0,0.0
2022-04-20,61.0,60.16666666666666,59.0,54.0,61.0,52.0,60.0,21.0,24,7.5,11.4,328,30.5,90,29.0,28.0,5.0,61.0,0.0,2.0,-2.0,0.0,5.0,1.0,74.0,4.31748811353631,132.0,4.890349128221754,-0.529919264233205,0.8480480961564258,0.0,0.0,0.0,0.0,32.60000000000004,4,62.0,59.0,53.0,62.0,52.0,59.0,0.0
2022-04-21,62.0,59.66666666666666,59.0,53.0,62.0,52.0,59.0,21.0,21,2.2,10.1,351,30.3,87,2.0,23.0,6.0,61.0,1.0,0.0,-1.0,1.0,0.0,-1.0,58.0,4.07753744390572,70.0,4.2626798770413155,-0.1564344650402311,0.9876883405951377,0.0,0.0,0.0,0.0,16.70000000000004,4,60.0,60.0,49.0,53.0,48.0,56.0,0.0
2022-04-22,60.0,58.5,60.0,49.0,53.0,48.0,56.0,20.0,6,1.7,15.4,35,30.9,85,13.0,12.0,8.0,62.0,-2.0,1.0,-4.0,-9.0,-4.0,-3.0,44.0,3.8066624897703196,63.0,4.1588830833596715,0.573576436351046,0.8191520442889918,0.0,0.0,0.0,0.0,11.40000000000004,4,57.0,57.0,42.0,51.0,44.0,54.0,0.0
2022-04-23,57.0,52.41666666666666,57.0,42.0,51.0,44.0,54.0,17.0,24,14.8,7.1,329,30.0,88,13.0,50.0,12.0,60.0,-3.0,-3.0,-7.0,-2.0,-4.0,-2.0,28.0,3.367295829986474,85.0,4.454347296253507,-0.5150380749100545,0.8571673007021121,0.0,0.0,0.0,0.0,18.70000000000004,4,58.0,58.0,49.0,51.0,52.0,55.0,0.0
2022-04-24,58.0,56.888888888888886,58.0,49.0,51.0,52.0,55.0,18.0,18,3.6,11.8,63,30.7,85,11.0,34.0,12.0,57.0,1.0,1.0,7.0,0.0,8.0,1.0,37.0,3.6375861597263857,96.0,4.574710978503383,0.8910065241883678,0.4539904997395468,0.0,0.0,0.0,0.0,20.10000000000004,4,56.0,56.0,39.0,47.0,51.0,54.0,0.0
2022-04-25,56.0,52.75,56.0,39.0,47.0,51.0,54.0,17.0,24,19.8,10.9,135,30.3,87,20.0,3.0,13.0,58.0,-2.0,-2.0,-10.0,-4.0,-1.0,-1.0,44.0,3.8066624897703196,87.0,4.477336814478207,0.7071067811865476,-0.7071067811865475,0.0,1.0,0.0,4.477336814478207,38.200000000000045,4,63.0,57.0,52.0,54.0,53.0,63.0,0.0
2022-04-26,63.0,59.91666666666666,57.0,52.0,54.0,53.0,63.0,23.0,24,3.9,6.7,333,30.0,84,9.0,21.0,20.0,56.0,7.0,1.0,13.0,7.0,2.0,9.0,40.0,3.713572066704308,58.0,4.07753744390572,-0.45399049973954697,0.8910065241883678,0.0,0.0,0.0,0.0,27.300000000000036,4,61.0,59.0,54.0,57.0,59.0,61.0,0.0
2022-04-27,61.0,59.66666666666666,59.0,54.0,57.0,59.0,61.0,21.0,24,8.8,13.1,20,30.7,85,13.0,10.0,6.0,63.0,-2.0,2.0,2.0,3.0,6.0,-2.0,42.0,3.7612001156935624,34.0,3.5553480614894135,0.3420201433256687,0.9396926207859084,0.0,0.0,0.0,0.0,32.50000000000004,4,59.0,56.0,51.0,55.0,58.0,59.0,0.0
2022-04-28,59.0,55.75,56.0,51.0,55.0,58.0,59.0,19.0,24,8.3,10.9,274,30.9,88,14.0,29.0,23.0,61.0,-2.0,-3.0,-3.0,-2.0,-1.0,-2.0,36.0,3.6109179126442243,60.0,4.110873864173311,-0.9975640502598243,0.06975647374412522,1.0,0.0,3.6109179126442243,0.0,21.000000000000043,4,62.0,61.0,52.0,53.0,54.0,62.0,0.0
2022-04-29,62.0,59.0,61.0,52.0,53.0,54.0,62.0,22.0,24,5.7,9.3,289,31.0,85,34.0,41.0,13.0,59.0,3.0,5.0,1.0,-2.0,-4.0,3.0,61.0,4.127134385045092,80.0,4.394449154672439,-0.945518575599317,0.3255681544571563,1.0,0.0,4.127134385045092,0.0,22.800000000000043,4,65.0,65.0,56.0,53.0,54.0,65.0,0.0
2022-04-30,65.0,61.95,65.0,56.0,53.0,54.0,65.0,25.0,20,7.7,9.0,301,30.2,88,26.0,28.0,17.0,62.0,3.0,4.0,4.0,0.0,0.0,3.0,74.0,4.31748811353631,98.0,4.59511985013459,-0.8571673007021123,0.5150380749100542,0.0,0.0,0.0,0.0,21.70000000000004,4,64.0,64.0,56.0,57.0,53.0,62.0,0.0
2022-05-01,64.0,62.583333333333336,64.0,56.0,57.0,53.0,62.0,24.0,24,7.3,11.4,227,29.5,86,13.0,44.0,11.0,65.0,-1.0,-1.0,0.0,4.0,-1.0,-3.0,73.0,4.30406509320417,113.0,4.736198448394496,-0.7313537016191705,-0.6819983600624986,1.0,0.0,4.30406509320417,0.0,20.70000000000004,5,63.0,63.0,53.0,53.0,53.0,61.0,0.0
2022-05-02,63.0,54.16666666666666,63.0,53.0,53.0,53.0,61.0,22.0,24,19.8,15.5,190,30.0,85,1.0,27.0,2.0,64.0,-1.0,-1.0,-3.0,-4.0,0.0,-1.0,40.0,3.713572066704308,99.0,4.605170185988092,-0.17364817766693047,-0.984807753012208,0.0,0.0,0.0,0.0,34.80000000000004,5,40.0,39.0,28.0,21.0,27.0,40.0,0.0
2022-05-03,40.0,36.04166666666666,39.0,28.0,21.0,27.0,40.0,10.0,24,13.7,13.4,197,29.6,84,15.0,79.0,3.0,63.0,-23.0,-24.0,-25.0,-32.0,-26.0,-21.0,29.0,3.4011973816621555,150.0,5.017279836814924,-0.29237170472273677,-0.9563047559630354,0.0,0.0,0.0,0.0,40.80000000000004,5,44.0,44.0,32.0,19.0,29.0,40.0,0.0
2022-05-04,44.0,40.583333333333336,44.0,32.0,19.0,29.0,40.0,11.0,24,12.2,15.5,203,29.7,85,3.0,31.0,1.0,40.0,4.0,5.0,4.0,-2.0,2.0,0.0,19.0,2.995732273553991,137.0,4.927253685157205,-0.39073112848927355,-0.9205048534524404,1.0,0.0,2.995732273553991,0.0,45.70000000000004,5,47.0,47.0,32.0,28.0,27.0,41.0,0.0
2022-05-05,47.0,44.16666666666666,47.0,32.0,28.0,27.0,41.0,11.0,24,0.4,13.0,180,29.9,83,8.0,49.0,12.0,44.0,3.0,3.0,0.0,9.0,-2.0,1.0,26.0,3.295836866004329,159.0,5.075173815233827,1.2246467991473532e-16,-1.0,0.0,0.0,0.0,0.0,26.300000000000036,5,42.0,42.0,29.0,30.0,31.0,42.0,0.0
2022-05-06,42.0,40.625,42.0,29.0,30.0,31.0,42.0,10.0,24,1.6,12.7,174,30.2,84,10.0,38.0,5.0,47.0,-5.0,-5.0,-3.0,2.0,4.0,1.0,21.0,3.091042453358316,118.0,4.77912349311153,0.10452846326765373,-0.9945218953682733,0.0,0.0,0.0,0.0,14.200000000000038,5,40.0,40.0,36.0,27.0,26.0,39.0,0.0
2022-05-07,40.0,37.04166666666666,40.0,36.0,27.0,26.0,39.0,10.0,24,12.2,13.2,154,30.0,86,7.0,25.0,4.0,42.0,-2.0,-2.0,7.0,-3.0,-5.0,-3.0,25.0,3.258096538021482,112.0,4.727387818712341,0.4383711467890773,-0.898794046299167,0.0,1.0,0.0,4.727387818712341,14.200000000000038,5,42.0,42.0,36.0,32.0,32.0,40.0,0.0
2022-05-08,42.0,39.875,42.0,36.0,32.0,32.0,40.0,10.0,24,0.5,16.1,146,30.2,84,15.0,5.0,0.0,40.0,2.0,2.0,0.0,5.0,6.0,1.0,32.0,3.4965075614664802,68.0,4.23410650459726,0.5591929034707469,-0.8290375725550416,0.0,1.0,0.0,4.23410650459726,14.300000000000038,5,36.0,36.0,25.0,26.0,25.0,33.0,0.0
2022-05-09,36.0,33.375,36.0,25.0,26.0,25.0,33.0,9.0,24,10.5,15.3,108,30.7,82,39.0,3.0,2.0,42.0,-6.0,-6.0,-11.0,-6.0,-7.0,-7.0,61.0,4.127134385045092,33.0,3.5263605246161616,0.9510565162951536,-0.30901699437494734,0.0,1.0,0.0,3.5263605246161616,23.20000000000004,5,37.0,34.0,25.0,24.0,24.0,37.0,0.0
2022-05-10,37.0,32.916666666666664,34.0,25.0,24.0,24.0,37.0,9.0,24,1.9,11.8,105,31.1,83,42.0,9.0,21.0,36.0,1.0,-2.0,0.0,-2.0,-1.0,4.0,96.0,4.574710978503383,17.0,2.8903717578961645,0.9659258262890683,-0.25881904510252085,0.0,1.0,0.0,2.8903717578961645,12.90000000000004,5,53.0,52.0,41.0,35.0,26.0,53.0,0.0
2022-05-11,53.0,38.333333333333336,52.0,41.0,35.0,26.0,53.0,14.0,24,2.3,11.5,210,29.9,86,20.0,38.0,5.0,37.0,16.0,18.0,16.0,11.0,2.0,16.0,101.0,4.624972813284271,50.0,3.9318256327243257,-0.5000000000000001,-0.8660254037844386,1.0,0.0,4.624972813284271,0.0,14.700000000000038,5,60.0,58.0,48.0,53.0,36.0,60.0,0.0
2022-05-12,60.0,56.625,58.0,48.0,53.0,36.0,60.0,20.0,24,2.3,17.2,279,30.7,82,24.0,12.0,8.0,53.0,7.0,6.0,7.0,18.0,10.0,7.0,86.0,4.465908118654584,59.0,4.0943445622221,-0.9876883405951378,0.15643446504023067,1.0,0.0,4.465908118654584,0.0,6.500000000000039,5,64.0,56.0,53.0,64.0,54.0,61.0,0.0
2022-05-13,64.0,57.91666666666666,56.0,53.0,64.0,54.0,61.0,24.0,24,6.0,11.8,31,30.6,86,66.0,12.0,11.0,60.0,4.0,-2.0,5.0,11.0,18.0,1.0,110.0,4.709530201312334,62.0,4.143134726391533,0.5150380749100542,0.8571673007021123,0.0,0.0,0.0,0.0,10.600000000000039,5,63.0,55.0,52.0,63.0,56.0,60.0,0.0
2022-05-14,63.0,58.125,55.0,52.0,63.0,56.0,60.0,22.0,24,7.5,12.2,80,30.8,87,134.0,15.0,10.0,64.0,-1.0,-1.0,-1.0,-1.0,2.0,-1.0,224.0,5.41610040220442,39.0,3.6888794541139363,0.984807753012208,0.17364817766693041,0.0,1.0,0.0,3.6888794541139363,15.80000000000004,5,56.0,55.0,34.0,54.0,54.0,56.0,0.0
2022-05-15,56.0,55.5,55.0,34.0,54.0,54.0,56.0,17.0,24,13.0,10.4,76,31.2,86,114.0,49.0,6.0,63.0,-7.0,0.0,-18.0,-9.0,-2.0,-4.0,314.0,5.752572638825633,76.0,4.343805421853684,0.9702957262759965,0.24192189559966767,0.0,1.0,0.0,4.343805421853684,26.50000000000004,5,57.0,54.0,49.0,54.0,53.0,57.0,0.0
2022-05-16,57.0,56.0,54.0,49.0,54.0,53.0,57.0,18.0,16,6.2,16.2,260,29.8,89,38.0,66.0,3.0,56.0,1.0,-1.0,15.0,0.0,-1.0,1.0,286.0,5.659482215759621,130.0,4.875197323201151,-0.984807753012208,-0.17364817766693033,1.0,0.0,5.659482215759621,0.0,26.70000000000004,5,52.0,49.0,32.0,34.0,36.0,52.0,0.0
2022-05-17,52.0,51.4,49.0,32.0,34.0,36.0,52.0,13.0,10,0.7,11.1,188,30.5,87,40.0,6.0,11.0,57.0,-5.0,-5.0,-17.0,-20.0,-17.0,-5.0,192.0,5.262690188904886,121.0,4.804021044733257,-0.13917310096006552,-0.9902680687415703,0.0,0.0,0.0,0.0,19.900000000000038,5,59.0,54.0,46.0,56.0,53.0,59.0,0.0
2022-05-18,59.0,56.04166666666666,54.0,46.0,56.0,53.0,59.0,19.0,24,0.2,14.9,148,30.7,84,78.0,36.0,10.0,52.0,7.0,5.0,14.0,22.0,17.0,7.0,156.0,5.056245805348308,108.0,4.6913478822291435,0.5299192642332049,-0.848048096156426,0.0,1.0,0.0,4.6913478822291435,7.10000000000004,5,59.0,55.0,48.0,56.0,53.0,59.0,0.0
2022-05-19,59.0,57.833333333333336,55.0,48.0,56.0,53.0,59.0,19.0,24,17.7,15.7,254,29.2,89,94.0,37.0,2.0,59.0,0.0,1.0,2.0,0.0,0.0,0.0,212.0,5.3612921657094255,79.0,4.382026634673881,-0.961261695938319,-0.2756373558169989,1.0,0.0,5.3612921657094255,0.0,18.600000000000037,5,70.0,66.0,59.0,54.0,61.0,70.0,0.0
2022-05-20,70.0,64.91666666666667,66.0,59.0,54.0,61.0,70.0,29.0,24,1.9,12.3,330,30.8,87,55.0,12.0,36.0,59.0,11.0,11.0,11.0,-2.0,8.0,11.0,227.0,5.429345628954441,85.0,4.454347296253507,-0.5000000000000004,0.8660254037844384,0.0,0.0,0.0,0.0,19.80000000000004,5,70.0,66.0,62.0,53.0,61.0,70.0,0.0
2022-05-21,70.0,68.5,66.0,62.0,53.0,61.0,70.0,29.0,24,5.0,12.0,176,30.1,86,24.0,7.0,25.0,70.0,0.0,0.0,3.0,-1.0,0.0,0.0,173.0,5.159055299214529,56.0,4.04305126783455,0.06975647374412552,-0.9975640502598242,0.0,0.0,0.0,0.0,24.600000000000044,5,66.0,61.0,58.0,46.0,60.0,66.0,0.0
2022-05-22,66.0,61.65217391304348,61.0,58.0,46.0,60.0,66.0,26.0,23,6.3,14.0,183,30.8,86,60.0,19.0,14.0,70.0,-4.0,-5.0,-4.0,-7.0,-1.0,-4.0,139.0,4.941642422609304,38.0,3.6635616461296463,-0.052335956242943564,-0.9986295347545738,0.0,0.0,0.0,0.0,13.200000000000042,5,64.0,58.0,53.0,52.0,56.0,64.0,0.0
2022-05-23,64.0,61.875,58.0,53.0,52.0,56.0,64.0,23.0,24,6.3,10.5,109,31.0,87,66.0,48.0,18.0,66.0,-2.0,-3.0,-5.0,6.0,-4.0,-2.0,150.0,5.017279836814924,74.0,4.31748811353631,0.9455185755993168,-0.32556815445715664,0.0,1.0,0.0,4.31748811353631,17.600000000000044,5,62.0,57.0,52.0,53.0,56.0,62.0,0.0
2022-05-24,62.0,57.333333333333336,57.0,52.0,53.0,56.0,62.0,21.0,24,5.8,9.7,114,30.9,87,23.0,46.0,12.0,64.0,-2.0,-1.0,-1.0,1.0,0.0,-2.0,149.0,5.0106352940962555,113.0,4.736198448394496,0.9135454576426009,-0.40673664307580026,0.0,1.0,0.0,4.736198448394496,18.40000000000004,5,56.0,54.0,37.0,54.0,51.0,56.0,0.0
2022-05-25,56.0,55.208333333333336,54.0,37.0,54.0,51.0,56.0,17.0,24,11.7,15.6,295,29.7,88,0.0,53.0,4.0,62.0,-6.0,-3.0,-15.0,1.0,-5.0,-6.0,89.0,4.499809670330265,147.0,4.997212273764115,-0.9063077870366498,0.4226182617406996,0.0,0.0,0.0,0.0,23.80000000000004,5,56.0,47.0,34.0,56.0,34.0,53.0,0.0
2022-05-26,56.0,52.333333333333336,47.0,34.0,56.0,34.0,53.0,16.0,24,0.1,9.5,274,30.6,86,24.0,5.0,12.0,56.0,0.0,-7.0,-3.0,2.0,-17.0,-3.0,47.0,3.871201010907891,104.0,4.653960350157523,-0.9975640502598243,0.06975647374412522,1.0,0.0,3.871201010907891,0.0,17.600000000000044,5,58.0,53.0,44.0,58.0,36.0,54.0,0.0
2022-05-27,58.0,56.41666666666666,53.0,44.0,58.0,36.0,54.0,18.0,24,0.0,15.0,276,31.3,82,38.0,4.0,10.0,56.0,2.0,6.0,10.0,2.0,2.0,1.0,62.0,4.143134726391533,62.0,4.143134726391533,-0.9945218953682734,0.10452846326765299,1.0,0.0,4.143134726391533,0.0,11.800000000000042,5,61.0,52.0,51.0,61.0,49.0,60.0,0.0
2022-05-28,61.0,58.91666666666666,52.0,51.0,61.0,49.0,60.0,21.0,24,10.7,15.8,252,29.9,84,12.0,49.0,11.0,58.0,3.0,-1.0,7.0,3.0,13.0,6.0,74.0,4.31748811353631,58.0,4.07753744390572,-0.9510565162951535,-0.30901699437494756,1.0,0.0,4.31748811353631,0.0,10.800000000000042,5,59.0,47.0,49.0,59.0,45.0,57.0,0.0
2022-05-29,59.0,53.375,47.0,49.0,59.0,45.0,57.0,19.0,24,0.0,12.8,275,30.6,80,59.0,27.0,13.0,61.0,-2.0,-5.0,-2.0,-2.0,-4.0,-3.0,109.0,4.700480365792417,80.0,4.394449154672439,-0.9961946980917455,0.08715574274765789,1.0,0.0,4.700480365792417,0.0,10.700000000000042,5,69.0,59.0,52.0,69.0,55.0,61.0,0.0
2022-05-30,69.0,58.458333333333336,59.0,52.0,69.0,55.0,61.0,28.0,24,0.4,13.7,321,31.6,85,132.0,103.0,11.0,59.0,10.0,12.0,3.0,10.0,10.0,4.0,203.0,5.318119993844216,179.0,5.19295685089021,-0.6293203910498378,0.7771459614569706,0.0,0.0,0.0,0.0,11.100000000000042,5,70.0,63.0,55.0,70.0,57.0,66.0,0.0
2022-05-31,70.0,67.0,63.0,55.0,70.0,57.0,66.0,29.0,24,5.1,14.4,39,30.8,88,115.0,140.0,32.0,69.0,1.0,4.0,3.0,1.0,2.0,5.0,306.0,5.726847747587197,270.0,5.602118820879701,0.6293203910498374,0.7771459614569709,0.0,0.0,0.0,0.0,5.500000000000043,5,66.0,63.0,55.0,65.0,57.0,66.0,0.0
2022-06-01,66.0,63.375,63.0,55.0,65.0,57.0,66.0,25.0,24,10.5,13.1,44,31.1,86,104.0,95.0,13.0,70.0,-4.0,0.0,0.0,-5.0,0.0,0.0,351.0,5.863631175598097,338.0,5.82600010738045,0.6946583704589973,0.7193398003386512,0.0,0.0,0.0,0.0,16.000000000000043,6,62.0,59.0,54.0,62.0,56.0,61.0,0.0
2022-06-02,62.0,59.79166666666666,59.0,54.0,62.0,56.0,61.0,22.0,24,18.7,8.7,206,30.8,85,30.0,58.0,6.0,66.0,-4.0,-4.0,-1.0,-3.0,-1.0,-5.0,249.0,5.521460917862246,293.0,5.683579767338681,-0.43837114678907746,-0.8987940462991669,1.0,0.0,5.521460917862246,0.0,34.30000000000004,6,56.0,53.0,48.0,55.0,53.0,56.0,0.0
2022-06-03,56.0,53.79166666666666,53.0,48.0,55.0,53.0,56.0,17.0,24,8.9,9.7,171,29.6,86,30.0,43.0,10.0,62.0,-6.0,-6.0,-6.0,-7.0,-3.0,-5.0,164.0,5.10594547390058,196.0,5.2832037287379885,0.15643446504023098,-0.9876883405951377,0.0,0.0,0.0,0.0,38.100000000000044,6,57.0,54.0,44.0,56.0,54.0,57.0,0.0
2022-06-04,57.0,55.208333333333336,54.0,44.0,56.0,54.0,57.0,18.0,24,14.8,7.2,129,29.5,87,56.0,33.0,4.0,56.0,1.0,1.0,-4.0,1.0,1.0,1.0,116.0,4.762173934797756,134.0,4.90527477843843,0.777145961456971,-0.6293203910498373,0.0,1.0,0.0,4.90527477843843,42.40000000000004,6,53.0,45.0,33.0,49.0,53.0,49.0,0.0
2022-06-05,53.0,50.833333333333336,45.0,33.0,49.0,53.0,49.0,14.0,24,10.7,15.4,153,29.9,87,46.0,55.0,10.0,57.0,-4.0,-9.0,-11.0,-7.0,-1.0,-8.0,132.0,4.890349128221754,131.0,4.882801922586371,0.45399049973954686,-0.8910065241883678,0.0,1.0,0.0,4.882801922586371,34.40000000000005,6,50.0,38.0,32.0,48.0,50.0,34.0,0.0
2022-06-06,50.0,45.41666666666666,38.0,32.0,48.0,50.0,34.0,12.0,24,14.9,12.6,138,29.5,88,28.0,51.0,20.0,53.0,-3.0,-7.0,-1.0,-1.0,-3.0,-15.0,130.0,4.875197323201151,139.0,4.941642422609304,0.6691306063588583,-0.7431448254773941,0.0,1.0,0.0,4.941642422609304,40.40000000000005,6,54.0,42.0,39.0,52.0,54.0,42.0,0.0
2022-06-07,54.0,50.583333333333336,42.0,39.0,52.0,54.0,42.0,15.0,24,12.1,12.0,187,28.5,87,39.0,20.0,14.0,50.0,4.0,4.0,7.0,4.0,4.0,8.0,113.0,4.736198448394496,126.0,4.844187086458591,-0.12186934340514731,-0.9925461516413221,0.0,0.0,0.0,0.0,37.700000000000045,6,59.0,50.0,52.0,59.0,59.0,54.0,0.0
2022-06-08,59.0,57.0,50.0,52.0,59.0,59.0,54.0,19.0,24,35.0,12.0,330,30.0,90,27.0,57.0,14.0,54.0,5.0,8.0,13.0,7.0,5.0,12.0,94.0,4.553876891600541,128.0,4.859812404361672,-0.5000000000000004,0.8660254037844384,0.0,0.0,0.0,0.0,62.00000000000005,6,59.0,51.0,52.0,59.0,57.0,54.0,0.0
2022-06-09,59.0,56.958333333333336,51.0,52.0,59.0,57.0,54.0,19.0,24,22.1,8.0,64,27.9,90,10.0,29.0,6.0,59.0,0.0,1.0,0.0,0.0,-2.0,0.0,76.0,4.343805421853684,106.0,4.672828834461906,0.898794046299167,0.43837114678907746,0.0,0.0,0.0,0.0,69.20000000000005,6,60.0,59.0,53.0,60.0,60.0,54.0,0.0
2022-06-10,60.0,57.208333333333336,59.0,53.0,60.0,60.0,54.0,20.0,24,2.5,8.4,237,30.3,85,34.0,12.0,23.0,59.0,1.0,8.0,1.0,1.0,3.0,0.0,71.0,4.276666119016055,98.0,4.59511985013459,-0.8386705679454242,-0.544639035015027,1.0,0.0,4.276666119016055,0.0,59.60000000000005,6,63.0,58.0,54.0,61.0,63.0,55.0,0.0
2022-06-11,63.0,57.41666666666666,58.0,54.0,61.0,63.0,55.0,22.0,24,35.8,14.1,270,27.7,91,7.0,19.0,5.0,60.0,3.0,-1.0,1.0,1.0,3.0,1.0,51.0,3.9512437185814275,60.0,4.110873864173311,-1.0,-1.8369701987210297e-16,1.0,0.0,3.9512437185814275,0.0,60.40000000000005,6,46.0,43.0,30.0,44.0,46.0,30.0,0.0
2022-06-12,46.0,39.625,43.0,30.0,44.0,46.0,30.0,11.0,24,13.4,11.6,292,27.5,91,1.0,18.0,15.0,63.0,-17.0,-15.0,-24.0,-17.0,-17.0,-25.0,42.0,3.7612001156935624,49.0,3.912023005428146,-0.9271838545667874,0.37460659341591196,0.0,0.0,0.0,0.0,51.700000000000045,6,54.0,54.0,53.0,53.0,54.0,52.0,0.0
2022-06-13,54.0,48.708333333333336,54.0,53.0,53.0,54.0,52.0,15.0,24,4.8,8.3,21,30.1,88,14.0,28.0,14.0,46.0,8.0,11.0,23.0,9.0,8.0,22.0,22.0,3.1354942159291497,65.0,4.189654742026425,0.35836794954530027,0.9335804264972017,0.0,0.0,0.0,0.0,54.00000000000005,6,59.0,55.0,53.0,55.0,59.0,53.0,0.0
2022-06-14,59.0,57.708333333333336,55.0,53.0,55.0,59.0,53.0,19.0,24,8.0,11.1,184,29.3,86,26.0,42.0,11.0,54.0,5.0,1.0,0.0,2.0,5.0,1.0,41.0,3.7376696182833684,88.0,4.48863636973214,-0.06975647374412527,-0.9975640502598242,0.0,0.0,0.0,0.0,26.20000000000005,6,55.0,47.0,38.0,53.0,55.0,38.0,0.0
2022-06-15,55.0,51.0,47.0,38.0,53.0,55.0,38.0,16.0,24,10.0,15.2,170,28.4,87,20.0,49.0,16.0,59.0,-4.0,-8.0,-15.0,-2.0,-4.0,-15.0,60.0,4.110873864173311,119.0,4.787491742782046,0.17364817766693028,-0.984807753012208,0.0,0.0,0.0,0.0,22.800000000000047,6,57.0,53.0,51.0,57.0,57.0,52.0,0.0
2022-06-16,57.0,55.75,53.0,51.0,57.0,57.0,52.0,18.0,24,10.4,8.2,31,27.8,92,8.0,40.0,11.0,55.0,2.0,6.0,13.0,4.0,2.0,14.0,54.0,4.007333185232471,131.0,4.882801922586371,0.5150380749100542,0.8571673007021123,0.0,0.0,0.0,0.0,28.40000000000005,6,55.0,46.0,51.0,55.0,55.0,51.0,0.0
2022-06-17,55.0,44.958333333333336,46.0,51.0,55.0,55.0,51.0,16.0,24,8.4,9.9,149,28.5,86,16.0,16.0,13.0,57.0,-2.0,-7.0,0.0,-2.0,-2.0,-1.0,44.0,3.8066624897703196,105.0,4.663439094112067,0.5150380749100544,-0.8571673007021122,0.0,1.0,0.0,4.663439094112067,28.800000000000047,6,53.0,45.0,36.0,53.0,52.0,52.0,0.0
2022-06-18,53.0,47.0,45.0,36.0,53.0,52.0,52.0,14.0,24,11.1,9.5,224,28.5,88,28.0,22.0,12.0,55.0,-2.0,-1.0,-15.0,-2.0,-3.0,1.0,52.0,3.970291913552122,78.0,4.3694478524670215,-0.6946583704589973,-0.7193398003386511,1.0,0.0,3.970291913552122,0.0,29.90000000000005,6,65.0,55.0,52.0,65.0,54.0,57.0,0.0
2022-06-19,65.0,59.958333333333336,55.0,52.0,65.0,54.0,57.0,24.0,24,3.0,13.9,260,29.3,88,19.0,49.0,18.0,53.0,12.0,10.0,16.0,12.0,2.0,5.0,63.0,4.1588830833596715,87.0,4.477336814478207,-0.984807753012208,-0.17364817766693033,1.0,0.0,4.1588830833596715,0.0,22.50000000000005,6,65.0,54.0,52.0,65.0,54.0,58.0,0.0
2022-06-20,65.0,57.625,54.0,52.0,65.0,54.0,58.0,24.0,24,60.1,15.1,245,26.5,92,18.0,30.0,18.0,65.0,0.0,-1.0,0.0,0.0,0.0,1.0,65.0,4.189654742026425,101.0,4.624972813284271,-0.9063077870366502,-0.42261826174069916,1.0,0.0,4.189654742026425,0.0,74.20000000000005,6,46.0,42.0,33.0,43.0,46.0,41.0,0.0
2022-06-21,46.0,42.04166666666666,42.0,33.0,43.0,46.0,41.0,11.0,24,18.6,13.4,183,28.2,88,13.0,20.0,19.0,65.0,-19.0,-12.0,-19.0,-22.0,-8.0,-17.0,50.0,3.9318256327243257,99.0,4.605170185988092,-0.052335956242943564,-0.9986295347545738,0.0,0.0,0.0,0.0,81.70000000000005,6,43.0,37.0,25.0,32.0,43.0,37.0,0.0
2022-06-22,43.0,34.041666666666664,37.0,25.0,32.0,43.0,37.0,10.0,24,5.4,13.3,185,28.7,87,16.0,17.0,25.0,46.0,-3.0,-5.0,-8.0,-11.0,-3.0,-4.0,47.0,3.871201010907891,67.0,4.219507705176107,-0.08715574274765794,-0.9961946980917455,0.0,0.0,0.0,0.0,84.10000000000005,6,30.0,28.0,22.0,28.0,30.0,30.0,0.0
2022-06-23,30.0,28.541666666666668,28.0,22.0,28.0,30.0,30.0,7.0,24,17.7,11.2,184,27.6,88,6.0,6.0,14.0,43.0,-13.0,-9.0,-3.0,-4.0,-13.0,-7.0,35.0,3.58351893845611,43.0,3.784189633918261,-0.06975647374412527,-0.9975640502598242,0.0,0.0,0.0,0.0,41.70000000000005,6,38.0,38.0,27.0,25.0,28.0,28.0,0.0
2022-06-24,38.0,30.625,38.0,27.0,25.0,28.0,28.0,9.0,24,24.9,9.9,211,28.7,88,13.0,24.0,9.0,30.0,8.0,10.0,5.0,-3.0,-2.0,-2.0,35.0,3.58351893845611,47.0,3.871201010907891,-0.5150380749100542,-0.8571673007021123,1.0,0.0,3.58351893845611,0.0,48.00000000000005,6,40.0,40.0,32.0,35.0,33.0,32.0,0.0
2022-06-25,40.0,36.91666666666666,40.0,32.0,35.0,33.0,32.0,10.0,24,14.8,11.7,216,27.8,89,17.0,35.0,4.0,38.0,2.0,2.0,5.0,10.0,5.0,4.0,36.0,3.6109179126442243,65.0,4.189654742026425,-0.587785252292473,-0.8090169943749475,1.0,0.0,3.6109179126442243,0.0,57.40000000000005,6,41.0,29.0,26.0,41.0,36.0,35.0,0.0
2022-06-26,41.0,36.79166666666666,29.0,26.0,41.0,36.0,35.0,10.0,24,4.9,11.6,151,29.7,86,18.0,24.0,17.0,40.0,1.0,-11.0,-6.0,6.0,3.0,3.0,48.0,3.8918202981106265,83.0,4.430816798843313,0.48480962024633717,-0.8746197071393957,0.0,1.0,0.0,4.430816798843313,44.60000000000005,6,28.0,26.0,23.0,28.0,25.0,26.0,0.0
2022-06-27,28.0,25.416666666666668,26.0,23.0,28.0,25.0,26.0,7.0,24,8.3,11.2,147,29.6,85,62.0,14.0,24.0,41.0,-13.0,-3.0,-3.0,-13.0,-11.0,-9.0,97.0,4.584967478670572,73.0,4.30406509320417,0.5446390350150273,-0.8386705679454239,0.0,1.0,0.0,4.30406509320417,28.00000000000005,6,54.0,54.0,26.0,34.0,45.0,26.0,0.0
2022-06-28,54.0,44.208333333333336,54.0,26.0,34.0,45.0,26.0,14.0,24,16.8,13.7,170,29.3,88,1.0,0.0,13.0,28.0,26.0,28.0,3.0,6.0,20.0,0.0,81.0,4.406719247264253,38.0,3.6635616461296463,0.17364817766693028,-0.984807753012208,0.0,0.0,0.0,0.0,30.000000000000053,6,54.0,54.0,48.0,53.0,52.0,49.0,0.0
2022-06-29,54.0,49.91666666666666,54.0,48.0,53.0,52.0,49.0,14.0,24,0.9,15.8,221,30.0,83,14.0,35.0,12.0,54.0,0.0,0.0,22.0,19.0,7.0,23.0,77.0,4.356708826689592,49.0,3.912023005428146,-0.656059028990507,-0.7547095802227721,1.0,0.0,4.356708826689592,0.0,26.00000000000005,6,54.0,41.0,47.0,54.0,51.0,49.0,0.0
2022-06-30,54.0,49.75,41.0,47.0,54.0,51.0,49.0,14.0,24,6.3,16.6,197,27.8,85,28.0,12.0,1.0,54.0,0.0,-13.0,-1.0,1.0,-1.0,0.0,43.0,3.784189633918261,47.0,3.871201010907891,-0.29237170472273677,-0.9563047559630354,0.0,0.0,0.0,0.0,24.000000000000053,6,51.0,34.0,47.0,51.0,40.0,34.0,0.0
2022-07-01,51.0,39.16666666666666,34.0,47.0,51.0,40.0,34.0,12.0,24,0.1,19.5,167,30.0,79,84.0,12.0,25.0,54.0,-3.0,-7.0,0.0,-3.0,-11.0,-15.0,126.0,4.844187086458591,59.0,4.0943445622221,0.2249510543438652,-0.9743700647852351,0.0,0.0,0.0,0.0,7.30000000000005,7,64.0,56.0,60.0,64.0,57.0,57.0,0.0
2022-07-02,64.0,59.25,56.0,60.0,64.0,57.0,57.0,24.0,24,0.4,17.7,173,29.6,80,122.0,66.0,24.0,51.0,13.0,22.0,13.0,13.0,17.0,23.0,234.0,5.459585514144159,90.0,4.51085950651685,0.12186934340514755,-0.992546151641322,0.0,0.0,0.0,0.0,6.80000000000005,7,63.0,57.0,59.0,63.0,57.0,58.0,0.0
2022-07-03,63.0,61.583333333333336,57.0,59.0,63.0,57.0,58.0,23.0,24,0.6,15.7,166,30.0,83,81.0,67.0,35.0,64.0,-1.0,1.0,-1.0,-1.0,0.0,1.0,287.0,5.662960480135946,145.0,4.983606621708336,0.24192189559966773,-0.9702957262759965,0.0,0.0,0.0,0.0,1.1000000000000498,7,61.0,58.0,59.0,61.0,56.0,57.0,0.0
2022-07-04,61.0,58.958333333333336,58.0,59.0,61.0,56.0,57.0,21.0,24,0.4,10.4,148,30.6,84,80.0,33.0,23.0,63.0,-2.0,1.0,0.0,-2.0,-1.0,-1.0,283.0,5.648974238161206,166.0,5.117993812416755,0.5299192642332049,-0.848048096156426,0.0,1.0,0.0,5.117993812416755,1.4000000000000496,7,59.0,59.0,55.0,54.0,52.0,54.0,0.0
2022-07-05,59.0,56.875,59.0,55.0,54.0,52.0,54.0,19.0,24,12.7,15.7,146,28.3,89,17.0,33.0,2.0,61.0,-2.0,1.0,-4.0,-7.0,-4.0,-3.0,178.0,5.187385805840755,133.0,4.897839799950911,0.5591929034707469,-0.8290375725550416,0.0,1.0,0.0,4.897839799950911,13.700000000000049,7,52.0,52.0,31.0,45.0,44.0,38.0,0.0
2022-07-06,52.0,41.25,52.0,31.0,45.0,44.0,38.0,13.0,24,2.0,9.9,138,29.7,85,38.0,13.0,5.0,59.0,-7.0,-7.0,-24.0,-9.0,-8.0,-16.0,135.0,4.912654885736052,79.0,4.382026634673881,0.6691306063588583,-0.7431448254773941,0.0,1.0,0.0,4.382026634673881,15.10000000000005,7,52.0,52.0,31.0,46.0,45.0,39.0,0.0
2022-07-07,52.0,49.375,52.0,31.0,46.0,45.0,39.0,13.0,24,5.8,12.9,175,29.7,84,159.0,48.0,29.0,52.0,0.0,0.0,0.0,1.0,1.0,1.0,214.0,5.3706380281276624,94.0,4.553876891600541,0.0871557427476582,-0.9961946980917455,0.0,0.0,0.0,0.0,20.50000000000005,7,51.0,51.0,39.0,40.0,37.0,37.0,0.0
2022-07-08,51.0,42.708333333333336,51.0,39.0,40.0,37.0,37.0,12.0,24,0.2,13.0,187,29.0,85,79.0,38.0,7.0,52.0,-1.0,-1.0,8.0,-6.0,-8.0,-2.0,276.0,5.6240175061873385,99.0,4.605170185988092,-0.12186934340514731,-0.9925461516413221,0.0,0.0,0.0,0.0,8.00000000000005,7,55.0,51.0,52.0,55.0,51.0,51.0,0.0
2022-07-09,55.0,47.5,51.0,52.0,55.0,51.0,51.0,15.0,18,0.6,14.1,180,30.1,86,144.0,11.0,25.0,51.0,4.0,0.0,13.0,15.0,14.0,14.0,382.0,5.948034989180646,97.0,4.584967478670572,1.2246467991473532e-16,-1.0,0.0,0.0,0.0,0.0,6.600000000000049,7,57.0,52.0,54.0,57.0,54.0,54.0,0.0
2022-07-10,57.0,55.375,52.0,54.0,57.0,54.0,54.0,18.0,24,3.5,14.8,173,29.1,85,55.0,29.0,3.0,55.0,2.0,1.0,2.0,2.0,3.0,3.0,278.0,5.631211781821365,78.0,4.3694478524670215,0.12186934340514755,-0.992546151641322,0.0,0.0,0.0,0.0,4.30000000000005,7,51.0,48.0,48.0,51.0,45.0,46.0,0.0
2022-07-11,51.0,42.875,48.0,48.0,51.0,45.0,46.0,12.0,24,0.6,14.7,161,29.8,83,76.0,18.0,7.0,57.0,-6.0,-4.0,-6.0,-6.0,-9.0,-8.0,275.0,5.62040086571715,58.0,4.07753744390572,0.3255681544571566,-0.9455185755993168,0.0,0.0,0.0,0.0,4.700000000000049,7,55.0,51.0,51.0,55.0,52.0,51.0,0.0
2022-07-12,55.0,53.375,51.0,51.0,55.0,52.0,51.0,15.0,24,2.2,13.3,213,29.5,84,28.0,26.0,3.0,51.0,4.0,3.0,3.0,4.0,7.0,5.0,159.0,5.075173815233827,73.0,4.30406509320417,-0.5446390350150271,-0.838670567945424,1.0,0.0,5.075173815233827,0.0,6.3000000000000504,7,53.0,51.0,51.0,53.0,48.0,48.0,0.0
2022-07-13,53.0,49.875,51.0,51.0,53.0,48.0,48.0,13.0,24,0.0,8.9,238,29.9,84,6.0,3.0,3.0,55.0,-2.0,0.0,0.0,-2.0,-4.0,-3.0,110.0,4.709530201312334,47.0,3.871201010907891,-0.848048096156426,-0.529919264233205,1.0,0.0,4.709530201312334,0.0,2.80000000000005,7,54.0,50.0,52.0,54.0,44.0,49.0,0.0
2022-07-14,54.0,52.29166666666666,50.0,52.0,54.0,44.0,49.0,14.0,24,4.5,15.1,145,29.3,87,28.0,21.0,3.0,53.0,1.0,-1.0,1.0,1.0,-4.0,1.0,62.0,4.143134726391533,50.0,3.9318256327243257,0.5735764363510459,-0.8191520442889919,0.0,1.0,0.0,3.9318256327243257,6.70000000000005,7,52.0,48.0,40.0,52.0,40.0,42.0,0.0
2022-07-15,52.0,47.25,48.0,40.0,52.0,40.0,42.0,13.0,24,8.6,13.8,162,29.6,86,48.0,73.0,14.0,54.0,-2.0,-2.0,-12.0,-2.0,-4.0,-7.0,82.0,4.418840607796598,97.0,4.584967478670572,0.3090169943749475,-0.9510565162951535,0.0,0.0,0.0,0.0,13.10000000000005,7,42.0,40.0,32.0,42.0,37.0,31.0,0.0
2022-07-16,42.0,39.125,40.0,32.0,42.0,37.0,31.0,10.0,24,0.2,18.5,167,30.1,83,99.0,121.0,5.0,52.0,-10.0,-8.0,-8.0,-10.0,-3.0,-11.0,175.0,5.170483995038151,215.0,5.375278407684165,0.2249510543438652,-0.9743700647852351,0.0,0.0,0.0,0.0,13.300000000000049,7,40.0,35.0,36.0,40.0,37.0,36.0,0.0
2022-07-17,40.0,36.875,35.0,36.0,40.0,37.0,36.0,10.0,24,0.2,13.5,129,31.5,83,221.0,4.0,13.0,42.0,-2.0,-5.0,4.0,-2.0,0.0,5.0,368.0,5.910796644040527,198.0,5.293304824724492,0.777145961456971,-0.6293203910498373,0.0,1.0,0.0,5.293304824724492,9.00000000000005,7,52.0,42.0,49.0,52.0,45.0,42.0,0.0
2022-07-18,52.0,45.5,42.0,49.0,52.0,45.0,42.0,13.0,24,1.3,11.9,121,30.8,84,233.0,49.0,17.0,40.0,12.0,7.0,13.0,12.0,8.0,6.0,553.0,6.317164686747284,174.0,5.1647859739235145,0.8571673007021123,-0.5150380749100543,0.0,1.0,0.0,5.1647859739235145,1.70000000000005,7,52.0,43.0,48.0,52.0,44.0,42.0,0.0
2022-07-19,52.0,50.91666666666666,43.0,48.0,52.0,44.0,42.0,13.0,24,2.3,14.8,159,30.8,84,122.0,294.0,14.0,52.0,0.0,1.0,-1.0,0.0,-1.0,0.0,576.0,6.3578422665081,347.0,5.8522024797744745,0.3583679495453002,-0.9335804264972017,0.0,1.0,0.0,5.8522024797744745,3.8000000000000496,7,47.0,41.0,40.0,47.0,37.0,38.0,0.0
2022-07-20,47.0,44.833333333333336,41.0,40.0,47.0,37.0,38.0,11.0,24,11.3,14.6,235,28.8,88,102.0,352.0,31.0,52.0,-5.0,-2.0,-8.0,-5.0,-7.0,-4.0,457.0,6.126869184114185,695.0,6.54534966033442,-0.8191520442889916,-0.5735764363510464,1.0,0.0,6.126869184114185,0.0,14.90000000000005,7,53.0,53.0,49.0,53.0,48.0,52.0,0.0
2022-07-21,53.0,51.08695652173913,53.0,49.0,53.0,48.0,52.0,14.0,23,11.8,12.8,163,29.8,86,88.0,420.0,29.0,47.0,6.0,12.0,9.0,6.0,11.0,14.0,312.0,5.746203190540153,1066.0,6.9726062513017535,0.2923717047227366,-0.9563047559630355,0.0,0.0,0.0,0.0,25.400000000000052,7,53.0,52.0,43.0,52.0,52.0,53.0,0.0
2022-07-22,53.0,52.16666666666666,52.0,43.0,52.0,52.0,53.0,14.0,24,14.2,9.1,74,28.6,89,18.0,52.0,15.0,53.0,0.0,-1.0,-6.0,-1.0,4.0,1.0,208.0,5.342334251964811,824.0,6.715383386334681,0.9612616959383189,0.27563735581699916,0.0,1.0,0.0,6.715383386334681,37.300000000000054,7,56.0,56.0,53.0,56.0,56.0,54.0,0.0
2022-07-23,56.0,54.375,56.0,53.0,56.0,56.0,54.0,17.0,24,11.1,6.5,322,30.4,90,39.0,75.0,45.0,53.0,3.0,4.0,10.0,4.0,4.0,1.0,145.0,4.983606621708336,547.0,6.306275286948016,-0.6156614753256582,0.788010753606722,0.0,0.0,0.0,0.0,37.10000000000005,7,56.0,55.0,53.0,56.0,56.0,55.0,0.0
2022-07-24,56.0,54.65217391304348,55.0,53.0,56.0,56.0,55.0,17.0,23,3.8,7.6,330,29.7,88,6.0,83.0,23.0,56.0,0.0,-1.0,0.0,0.0,0.0,1.0,63.0,4.1588830833596715,210.0,5.351858133476067,-0.5000000000000004,0.8660254037844384,0.0,0.0,0.0,0.0,29.100000000000048,7,52.0,51.0,39.0,52.0,51.0,51.0,0.0
2022-07-25,52.0,46.458333333333336,51.0,39.0,52.0,51.0,51.0,13.0,24,3.3,10.3,236,29.5,83,0.0,57.0,14.0,56.0,-4.0,-4.0,-14.0,-4.0,-5.0,-4.0,45.0,3.828641396489095,215.0,5.375278407684165,-0.8290375725550418,-0.5591929034707466,1.0,0.0,3.828641396489095,0.0,18.20000000000005,7,52.0,52.0,43.0,52.0,51.0,49.0,0.0
2022-07-26,52.0,47.25,52.0,43.0,52.0,51.0,49.0,13.0,24,0.6,10.9,178,29.0,85,1.0,52.0,0.0,52.0,0.0,1.0,4.0,0.0,0.0,-2.0,7.0,2.0794415416798357,192.0,5.262690188904886,0.03489949670250114,-0.9993908270190958,0.0,0.0,0.0,0.0,7.700000000000049,7,36.0,35.0,29.0,36.0,33.0,31.0,0.0
2022-07-27,36.0,32.666666666666664,35.0,29.0,36.0,33.0,31.0,9.0,24,8.9,20.7,152,30.2,83,0.0,0.0,0.0,52.0,-16.0,-17.0,-14.0,-16.0,-18.0,-18.0,1.0,0.6931471805599453,109.0,4.700480365792417,0.4694715627858907,-0.882947592858927,0.0,1.0,0.0,4.700480365792417,12.80000000000005,7,60.0,55.0,58.0,60.0,55.0,55.0,0.0
2022-07-28,60.0,52.66666666666666,55.0,58.0,60.0,55.0,55.0,20.0,24,13.7,11.9,154,28.8,88,0.0,0.0,0.0,36.0,24.0,20.0,29.0,24.0,22.0,24.0,1.0,0.6931471805599453,52.0,3.970291913552122,0.4383711467890773,-0.898794046299167,0.0,1.0,0.0,3.970291913552122,23.200000000000045,7,60.0,60.0,58.0,60.0,55.0,55.0,0.0
2022-07-29,60.0,58.708333333333336,60.0,58.0,60.0,55.0,55.0,20.0,24,7.7,15.9,183,28.2,86,0.0,0.0,0.0,60.0,0.0,5.0,0.0,0.0,0.0,0.0,0.0,0.0,0.0,0.0,-0.052335956242943564,-0.9986295347545738,0.0,0.0,0.0,0.0,30.30000000000005,7,54.0,54.0,39.0,43.0,37.0,39.0,0.0
2022-07-30,54.0,39.16666666666666,54.0,39.0,43.0,37.0,39.0,15.0,24,3.5,18.6,186,29.1,85,0.0,0.0,0.0,60.0,-6.0,-6.0,-19.0,-17.0,-18.0,-16.0,0.0,0.0,0.0,0.0,-0.1045284632676535,-0.9945218953682733,0.0,0.0,0.0,0.0,24.90000000000005,7,33.0,30.0,26.0,33.0,30.0,27.0,0.0
2022-07-31,33.0,29.916666666666668,30.0,26.0,33.0,30.0,27.0,8.0,24,10.3,13.7,139,29.5,89,0.0,0.0,0.0,54.0,-21.0,-24.0,-13.0,-10.0,-7.0,-12.0,0.0,0.0,0.0,0.0,0.6560590289905073,-0.754709580222772,0.0,1.0,0.0,0.0,21.50000000000005,7,43.0,41.0,36.0,43.0,39.0,41.0,0.0
2022-08-01,43.0,38.125,41.0,36.0,43.0,39.0,41.0,10.0,24,12.3,11.0,149,28.8,88,0.0,0.0,0.0,33.0,10.0,11.0,10.0,10.0,9.0,14.0,0.0,0.0,0.0,0.0,0.5150380749100544,-0.8571673007021122,0.0,1.0,0.0,0.0,26.10000000000005,8,42.0,39.0,38.0,42.0,39.0,40.0,0.0
2022-08-02,42.0,33.416666666666664,39.0,38.0,42.0,39.0,40.0,10.0,24,18.5,15.7,186,27.3,90,0.0,0.0,0.0,43.0,-1.0,-2.0,2.0,-1.0,0.0,-1.0,0.0,0.0,0.0,0.0,-0.1045284632676535,-0.9945218953682733,0.0,0.0,0.0,0.0,41.10000000000005,8,41.0,41.0,28.0,37.0,41.0,39.0,0.0
2022-08-03,41.0,36.958333333333336,41.0,28.0,37.0,41.0,39.0,10.0,24,12.6,14.0,192,27.8,88,0.0,0.0,0.0,42.0,-1.0,2.0,-10.0,-5.0,2.0,-1.0,0.0,0.0,0.0,0.0,-0.2079116908177595,-0.9781476007338056,0.0,0.0,0.0,0.0,43.40000000000005,8,44.0,40.0,37.0,44.0,42.0,38.0,0.0
2022-08-04,44.0,39.708333333333336,40.0,37.0,44.0,42.0,38.0,11.0,24,22.6,13.5,282,27.7,90,0.0,0.0,0.0,41.0,3.0,-1.0,9.0,7.0,1.0,-1.0,0.0,0.0,0.0,0.0,-0.9781476007338056,0.20791169081775943,1.0,0.0,0.0,0.0,53.700000000000045,8,54.0,53.0,50.0,54.0,54.0,52.0,0.0
2022-08-05,54.0,52.79166666666666,53.0,50.0,54.0,54.0,52.0,15.0,24,1.1,13.0,175,28.2,85,0.0,0.0,0.0,44.0,10.0,13.0,13.0,10.0,12.0,14.0,0.0,0.0,0.0,0.0,0.0871557427476582,-0.9961946980917455,0.0,0.0,0.0,0.0,36.30000000000005,8,58.0,56.0,53.0,58.0,54.0,54.0,0.0
2022-08-06,58.0,55.833333333333336,56.0,53.0,58.0,54.0,54.0,18.0,24,0.5,14.4,155,29.9,84,0.0,0.0,0.0,54.0,4.0,3.0,3.0,4.0,0.0,2.0,0.0,0.0,0.0,0.0,0.4226182617406995,-0.9063077870366499,0.0,1.0,0.0,0.0,24.20000000000005,8,57.0,53.0,51.0,57.0,52.0,52.0,0.0
2022-08-07,57.0,41.708333333333336,53.0,51.0,57.0,52.0,52.0,17.0,24,1.3,18.1,165,29.3,85,0.0,0.0,0.0,58.0,-1.0,-3.0,-2.0,-1.0,-2.0,-2.0,0.0,0.0,0.0,0.0,0.258819045102521,-0.9659258262890682,0.0,0.0,0.0,0.0,2.9000000000000465,8,71.0,63.0,65.0,71.0,62.0,67.0,0.0
2022-08-08,71.0,57.208333333333336,63.0,65.0,71.0,62.0,67.0,30.0,24,8.2,18.1,160,30.4,81,0.0,0.0,0.0,57.0,14.0,10.0,14.0,14.0,10.0,15.0,0.0,0.0,0.0,0.0,0.3420201433256689,-0.9396926207859083,0.0,1.0,0.0,0.0,10.000000000000046,8,73.0,64.0,66.0,73.0,64.0,67.0,0.0
2022-08-09,73.0,68.5,64.0,66.0,73.0,64.0,67.0,32.0,24,0.9,15.8,152,30.2,82,0.0,0.0,0.0,71.0,2.0,1.0,1.0,2.0,2.0,0.0,0.0,0.0,0.0,0.0,0.4694715627858907,-0.882947592858927,0.0,1.0,0.0,0.0,10.400000000000047,8,61.0,55.0,56.0,61.0,55.0,56.0,0.0
2022-08-10,61.0,57.66666666666666,55.0,56.0,61.0,55.0,56.0,21.0,24,4.0,15.3,156,29.7,82,0.0,0.0,0.0,73.0,-12.0,-9.0,-10.0,-12.0,-9.0,-11.0,0.0,0.0,0.0,0.0,0.40673664307580043,-0.9135454576426008,0.0,1.0,0.0,0.0,13.100000000000046,8,55.0,45.0,52.0,55.0,40.0,49.0,0.0
2022-08-11,55.0,50.0,45.0,52.0,55.0,40.0,49.0,16.0,24,0.2,18.1,159,30.7,80,189.0,1052.0,14.0,61.0,-6.0,-10.0,-4.0,-6.0,-15.0,-7.0,189.0,5.247024072160486,1052.0,6.959398512133975,0.3583679495453002,-0.9335804264972017,0.0,1.0,0.0,6.959398512133975,5.100000000000046,8,52.0,49.0,46.0,52.0,41.0,42.0,0.0
2022-08-12,52.0,49.5,49.0,46.0,52.0,41.0,42.0,13.0,24,2.5,12.6,140,30.2,85,230.0,346.0,14.0,55.0,-3.0,4.0,-6.0,-3.0,1.0,-7.0,419.0,6.040254711277414,1398.0,7.243512974665482,0.6427876096865395,-0.7660444431189779,0.0,1.0,0.0,7.243512974665482,6.7000000000000455,8,53.0,53.0,40.0,46.0,53.0,52.0,0.0
2022-08-13,53.0,51.875,53.0,40.0,46.0,53.0,52.0,14.0,24,13.4,18.7,175,28.8,87,48.0,177.0,27.0,52.0,1.0,4.0,-6.0,-6.0,12.0,10.0,467.0,6.148468295917647,1575.0,7.362645270417825,0.0871557427476582,-0.9961946980917455,0.0,0.0,0.0,0.0,16.100000000000048,8,61.0,59.0,56.0,51.0,61.0,59.0,0.0
2022-08-14,61.0,58.583333333333336,59.0,56.0,51.0,61.0,59.0,21.0,24,10.4,10.4,132,29.3,87,47.0,22.0,25.0,53.0,8.0,6.0,16.0,5.0,8.0,7.0,325.0,5.786897381366708,545.0,6.302618975744905,0.7431448254773942,-0.6691306063588582,0.0,1.0,0.0,6.302618975744905,26.300000000000047,8,58.0,58.0,55.0,39.0,58.0,56.0,0.0
2022-08-15,58.0,56.41666666666666,58.0,55.0,39.0,58.0,56.0,19.0,24,9.7,12.4,226,28.9,87,46.0,326.0,18.0,61.0,-3.0,-1.0,-1.0,-12.0,-3.0,-3.0,141.0,4.955827057601261,525.0,6.26530121273771,-0.7193398003386512,-0.6946583704589973,1.0,0.0,4.955827057601261,0.0,33.50000000000004,8,59.0,55.0,53.0,53.0,59.0,56.0,0.0
2022-08-16,59.0,57.29166666666666,55.0,53.0,53.0,59.0,56.0,19.0,24,11.1,14.4,183,29.6,86,26.0,222.0,14.0,58.0,1.0,-3.0,-2.0,14.0,1.0,0.0,119.0,4.787491742782046,570.0,6.3473892096560105,-0.052335956242943564,-0.9986295347545738,0.0,0.0,0.0,0.0,31.200000000000045,8,59.0,53.0,52.0,53.0,59.0,55.0,0.0
2022-08-17,59.0,51.29166666666666,53.0,52.0,53.0,59.0,55.0,19.0,24,11.8,14.6,163,30.1,84,78.0,124.0,25.0,59.0,0.0,-2.0,-1.0,0.0,0.0,-1.0,150.0,5.017279836814924,672.0,6.511745329644728,0.2923717047227366,-0.9563047559630355,0.0,0.0,0.0,0.0,32.600000000000044,8,53.0,42.0,52.0,53.0,49.0,50.0,0.0
2022-08-18,53.0,44.458333333333336,42.0,52.0,53.0,49.0,50.0,14.0,24,9.6,15.1,163,28.9,87,162.0,626.0,15.0,59.0,-6.0,-11.0,0.0,0.0,-10.0,-5.0,266.0,5.58724865840025,972.0,6.880384082186005,0.2923717047227366,-0.9563047559630355,0.0,0.0,0.0,0.0,32.50000000000004,8,56.0,48.0,53.0,54.0,56.0,51.0,0.0
2022-08-19,56.0,54.41666666666666,48.0,53.0,54.0,56.0,51.0,16.0,24,2.2,15.1,163,29.5,82,76.0,802.0,18.0,53.0,3.0,6.0,1.0,1.0,7.0,1.0,316.0,5.75890177387728,1552.0,7.347943823148687,0.2923717047227366,-0.9563047559630355,0.0,0.0,0.0,0.0,23.600000000000044,8,55.0,40.0,40.0,48.0,55.0,50.0,0.0
2022-08-20,55.0,52.625,40.0,40.0,48.0,55.0,50.0,16.0,24,34.2,15.3,158,28.8,88,24.0,467.0,9.0,56.0,-1.0,-8.0,-13.0,-6.0,-1.0,-1.0,262.0,5.572154032177765,1895.0,7.547501682814967,0.37460659341591224,-0.9271838545667873,0.0,1.0,0.0,7.547501682814967,46.00000000000004,8,51.0,34.0,37.0,49.0,51.0,45.0,0.0
2022-08-21,51.0,44.82608695652174,34.0,37.0,49.0,51.0,45.0,12.0,23,18.0,15.9,220,28.1,88,4.0,185.0,7.0,55.0,-4.0,-6.0,-3.0,1.0,-4.0,-5.0,104.0,4.653960350157523,1454.0,7.282761179605593,-0.6427876096865393,-0.766044443118978,1.0,0.0,4.653960350157523,0.0,54.40000000000004,8,38.0,27.0,34.0,37.0,38.0,33.0,0.0
2022-08-22,38.0,35.916666666666664,27.0,34.0,37.0,38.0,33.0,9.0,24,1.9,13.2,169,29.8,82,29.0,116.0,12.0,51.0,-13.0,-7.0,-3.0,-12.0,-13.0,-12.0,57.0,4.060443010546419,768.0,6.645090969505644,0.19080899537654497,-0.981627183447664,0.0,0.0,0.0,0.0,54.100000000000044,8,52.0,42.0,41.0,30.0,52.0,36.0,0.0
2022-08-23,52.0,39.083333333333336,42.0,41.0,30.0,52.0,36.0,13.0,24,19.2,11.2,184,27.7,87,25.0,103.0,12.0,38.0,14.0,15.0,7.0,-7.0,14.0,3.0,58.0,4.07753744390572,404.0,6.003887067106539,-0.06975647374412527,-0.9975640502598242,0.0,0.0,0.0,0.0,39.10000000000004,8,56.0,44.0,53.0,52.0,56.0,48.0,0.0
2022-08-24,56.0,54.79166666666666,44.0,53.0,52.0,56.0,48.0,17.0,24,7.7,14.6,209,28.3,87,47.0,90.0,17.0,52.0,4.0,2.0,12.0,22.0,4.0,12.0,101.0,4.624972813284271,309.0,5.736572297479192,-0.48480962024633695,-0.8746197071393959,1.0,0.0,4.624972813284271,0.0,28.80000000000004,8,52.0,37.0,46.0,52.0,52.0,44.0,0.0
2022-08-25,52.0,47.16666666666666,37.0,46.0,52.0,52.0,44.0,13.0,24,20.1,20.2,163,28.3,86,17.0,10.0,0.0,56.0,-4.0,-7.0,-7.0,0.0,-4.0,-4.0,89.0,4.499809670330265,203.0,5.318119993844216,0.2923717047227366,-0.9563047559630355,0.0,0.0,0.0,0.0,47.00000000000004,8,61.0,52.0,58.0,61.0,58.0,57.0,0.0
2022-08-26,61.0,56.458333333333336,52.0,58.0,61.0,58.0,57.0,21.0,24,27.1,14.4,205,27.9,89,15.0,66.0,6.0,52.0,9.0,15.0,12.0,9.0,6.0,13.0,79.0,4.382026634673881,166.0,5.117993812416755,-0.4226182617406993,-0.90630778703665,1.0,0.0,4.382026634673881,0.0,54.90000000000005,8,68.0,54.0,59.0,68.0,65.0,59.0,0.0
2022-08-27,68.0,65.91666666666667,54.0,59.0,68.0,65.0,59.0,27.0,24,12.9,11.9,98,29.9,89,2.0,54.0,1.0,61.0,7.0,2.0,1.0,7.0,7.0,2.0,34.0,3.5553480614894135,130.0,4.875197323201151,0.9902680687415704,-0.13917310096006535,0.0,1.0,0.0,4.875197323201151,60.100000000000044,8,65.0,52.0,58.0,63.0,65.0,58.0,0.0
2022-08-28,65.0,58.208333333333336,52.0,58.0,63.0,65.0,58.0,24.0,24,1.3,10.8,264,28.5,89,29.0,39.0,3.0,68.0,-3.0,-2.0,-1.0,-5.0,0.0,-1.0,46.0,3.8501476017100584,159.0,5.075173815233827,-0.9945218953682734,-0.10452846326765336,1.0,0.0,3.8501476017100584,0.0,41.30000000000004,8,59.0,48.0,54.0,59.0,54.0,55.0,0.0
2022-08-29,59.0,57.208333333333336,48.0,54.0,59.0,54.0,55.0,19.0,24,32.5,7.9,269,27.8,89,35.0,39.0,4.0,65.0,-6.0,-4.0,-4.0,-4.0,-11.0,-3.0,66.0,4.204692619390966,132.0,4.890349128221754,-0.9998476951563913,-0.017452406437283498,1.0,0.0,4.204692619390966,0.0,46.700000000000045,8,55.0,42.0,49.0,55.0,53.0,53.0,0.0
2022-08-30,55.0,48.5,42.0,49.0,55.0,53.0,53.0,16.0,24,18.5,12.0,189,28.9,85,7.0,14.0,1.0,59.0,-4.0,-6.0,-5.0,-4.0,-1.0,-2.0,71.0,4.276666119016055,92.0,4.532599493153256,-0.15643446504023073,-0.9876883405951378,0.0,0.0,0.0,0.0,52.30000000000005,8,45.0,33.0,35.0,31.0,45.0,32.0,0.0
2022-08-31,45.0,36.333333333333336,33.0,35.0,31.0,45.0,32.0,11.0,24,1.2,11.4,151,29.9,84,14.0,29.0,15.0,55.0,-10.0,-9.0,-14.0,-24.0,-8.0,-21.0,56.0,4.04305126783455,82.0,4.418840607796598,0.48480962024633717,-0.8746197071393957,0.0,1.0,0.0,4.418840607796598,52.200000000000045,8,53.0,43.0,24.0,28.0,53.0,30.0,0.0
2022-09-01,53.0,51.583333333333336,43.0,24.0,28.0,53.0,30.0,14.0,24,8.4,10.3,187,29.3,86,18.0,196.0,13.0,45.0,8.0,10.0,-11.0,-3.0,8.0,-2.0,39.0,3.6888794541139363,239.0,5.480638923341991,-0.12186934340514731,-0.9925461516413221,0.0,0.0,0.0,0.0,28.100000000000044,9,56.0,53.0,38.0,39.0,56.0,54.0,0.0
2022-09-02,56.0,54.25,53.0,38.0,39.0,56.0,54.0,16.0,24,9.3,12.1,229,28.5,85,9.0,36.0,6.0,53.0,3.0,10.0,14.0,11.0,3.0,24.0,41.0,3.7376696182833684,261.0,5.568344503761097,-0.754709580222772,-0.6560590289905073,1.0,0.0,3.7376696182833684,0.0,18.90000000000004,9,53.0,52.0,35.0,35.0,51.0,53.0,0.0
2022-09-03,53.0,36.5,52.0,35.0,35.0,51.0,53.0,13.0,24,9.5,15.6,212,28.8,85,7.0,31.0,3.0,56.0,-3.0,-1.0,-3.0,-4.0,-5.0,-1.0,34.0,3.5553480614894135,263.0,5.575949103146316,-0.5299192642332048,-0.8480480961564261,1.0,0.0,3.5553480614894135,0.0,27.200000000000045,9,40.0,33.0,36.0,39.0,40.0,37.0,0.0
2022-09-04,40.0,32.625,33.0,36.0,39.0,40.0,37.0,10.0,24,2.2,10.2,159,29.4,85,43.0,0.0,4.0,53.0,-13.0,-19.0,1.0,4.0,-11.0,-16.0,59.0,4.0943445622221,67.0,4.219507705176107,0.3583679495453002,-0.9335804264972017,0.0,1.0,0.0,4.219507705176107,21.000000000000046,9,53.0,48.0,52.0,53.0,51.0,53.0,0.0
2022-09-05,53.0,49.458333333333336,48.0,52.0,53.0,51.0,53.0,14.0,24,11.6,13.8,127,29.9,87,10.0,0.0,2.0,40.0,13.0,15.0,16.0,14.0,11.0,16.0,60.0,4.110873864173311,31.0,3.4657359027997265,0.7986355100472927,-0.6018150231520484,0.0,1.0,0.0,3.4657359027997265,23.30000000000004,9,57.0,53.0,50.0,53.0,57.0,53.0,0.0
2022-09-06,57.0,54.875,53.0,50.0,53.0,57.0,53.0,17.0,24,3.5,13.1,135,30.4,84,20.0,14.0,3.0,53.0,4.0,5.0,-2.0,0.0,6.0,0.0,73.0,4.30406509320417,14.0,2.70805020110221,0.7071067811865476,-0.7071067811865475,0.0,1.0,0.0,2.70805020110221,17.30000000000004,9,57.0,55.0,52.0,57.0,57.0,57.0,0.0
2022-09-07,57.0,55.54166666666666,55.0,52.0,57.0,57.0,57.0,18.0,24,25.6,11.3,246,26.9,90,11.0,131.0,2.0,57.0,0.0,2.0,2.0,4.0,0.0,4.0,41.0,3.7376696182833684,145.0,4.983606621708336,-0.913545457642601,-0.4067366430758001,1.0,0.0,3.7376696182833684,0.0,40.700000000000045,9,55.0,53.0,53.0,55.0,55.0,53.0,0.0
2022-09-08,55.0,53.75,53.0,53.0,55.0,55.0,53.0,16.0,24,0.0,9.1,181,29.5,83,3.0,29.0,0.0,57.0,-2.0,-2.0,1.0,-2.0,-2.0,-4.0,34.0,3.5553480614894135,174.0,5.1647859739235145,-0.017452406437283637,-0.9998476951563913,0.0,0.0,0.0,0.0,29.10000000000004,9,64.0,55.0,53.0,56.0,64.0,56.0,0.0
2022-09-09,64.0,62.083333333333336,55.0,53.0,56.0,64.0,56.0,24.0,24,14.2,10.2,126,27.4,89,57.0,5.0,1.0,55.0,9.0,2.0,0.0,1.0,9.0,3.0,71.0,4.276666119016055,165.0,5.111987788356544,0.8090169943749475,-0.587785252292473,0.0,1.0,0.0,5.111987788356544,39.80000000000004,9,62.0,52.0,34.0,40.0,62.0,53.0,0.0
2022-09-10,62.0,50.16666666666666,52.0,34.0,40.0,62.0,53.0,21.0,24,7.9,11.7,171,28.8,87,36.0,11.0,0.0,64.0,-2.0,-3.0,-19.0,-16.0,-2.0,-3.0,96.0,4.574710978503383,45.0,3.828641396489095,0.15643446504023098,-0.9876883405951377,0.0,0.0,0.0,0.0,22.100000000000037,9,54.0,47.0,46.0,53.0,54.0,50.0,0.0
2022-09-11,54.0,50.833333333333336,47.0,46.0,53.0,54.0,50.0,14.0,24,16.0,12.1,173,29.1,88,14.0,88.0,3.0,62.0,-8.0,-5.0,12.0,13.0,-8.0,-3.0,107.0,4.68213122712422,104.0,4.653960350157523,0.12186934340514755,-0.992546151641322,0.0,0.0,0.0,0.0,38.10000000000004,9,58.0,53.0,56.0,58.0,54.0,54.0,0.0
2022-09-12,58.0,54.54166666666666,53.0,56.0,58.0,54.0,54.0,19.0,24,1.4,11.8,236,29.1,86,42.0,328.0,17.0,54.0,4.0,6.0,10.0,5.0,0.0,4.0,92.0,4.532599493153256,427.0,6.059123195581797,-0.8290375725550418,-0.5591929034707466,1.0,0.0,4.532599493153256,0.0,25.300000000000036,9,66.0,64.0,66.0,60.0,63.0,63.0,0.0
2022-09-13,66.0,63.958333333333336,64.0,66.0,60.0,63.0,63.0,25.0,24,10.6,15.8,212,28.5,85,32.0,33.0,7.0,58.0,8.0,11.0,10.0,2.0,9.0,9.0,88.0,4.48863636973214,449.0,6.1092475827643655,-0.5299192642332048,-0.8480480961564261,1.0,0.0,4.48863636973214,0.0,28.000000000000036,9,61.0,60.0,61.0,57.0,57.0,59.0,0.0
2022-09-14,61.0,52.333333333333336,60.0,61.0,57.0,57.0,59.0,21.0,24,0.7,18.7,175,28.6,82,30.0,43.0,6.0,66.0,-5.0,-4.0,-5.0,-3.0,-6.0,-4.0,104.0,4.653960350157523,404.0,6.003887067106539,0.0871557427476582,-0.9961946980917455,0.0,0.0,0.0,0.0,12.700000000000037,9,45.0,42.0,44.0,45.0,27.0,42.0,0.0
2022-09-15,45.0,38.79166666666666,42.0,44.0,45.0,27.0,42.0,11.0,24,1.2,11.9,195,29.4,83,59.0,96.0,0.0,61.0,-16.0,-18.0,-17.0,-12.0,-30.0,-17.0,121.0,4.804021044733257,172.0,5.153291594497779,-0.2588190451025208,-0.9659258262890683,0.0,0.0,0.0,0.0,12.500000000000037,9,59.0,59.0,55.0,58.0,48.0,58.0,0.0
2022-09-16,59.0,55.375,59.0,55.0,58.0,48.0,58.0,19.0,24,1.4,13.0,183,29.9,86,33.0,296.0,16.0,45.0,14.0,17.0,11.0,13.0,21.0,16.0,122.0,4.812184355372417,435.0,6.077642243349034,-0.052335956242943564,-0.9986295347545738,0.0,0.0,0.0,0.0,3.300000000000037,9,60.0,60.0,54.0,59.0,49.0,58.0,0.0
2022-09-17,60.0,57.66666666666666,60.0,54.0,59.0,49.0,58.0,20.0,24,10.2,18.9,179,28.2,86,28.0,270.0,13.0,59.0,1.0,1.0,-1.0,1.0,1.0,0.0,120.0,4.795790545596741,662.0,6.4967749901858625,0.01745240643728344,-0.9998476951563913,0.0,0.0,0.0,0.0,12.800000000000036,9,56.0,56.0,46.0,53.0,39.0,44.0,0.0
2022-09-18,56.0,48.333333333333336,56.0,46.0,53.0,39.0,44.0,17.0,24,39.0,12.4,252,27.2,91,11.0,144.0,0.0,60.0,-4.0,-4.0,-8.0,-6.0,-10.0,-14.0,72.0,4.290459441148391,710.0,6.566672429803241,-0.9510565162951535,-0.30901699437494756,1.0,0.0,4.290459441148391,0.0,50.60000000000004,9,47.0,46.0,43.0,46.0,47.0,47.0,0.0
2022-09-19,47.0,45.5,46.0,43.0,46.0,47.0,47.0,11.0,24,1.2,12.8,205,29.0,85,1.0,117.0,9.0,56.0,-9.0,-10.0,-3.0,-7.0,8.0,3.0,40.0,3.713572066704308,531.0,6.2766434893416445,-0.4226182617406993,-0.90630778703665,1.0,0.0,3.713572066704308,0.0,50.40000000000004,9,52.0,50.0,46.0,52.0,49.0,50.0,0.0
2022-09-20,52.0,45.16666666666666,50.0,46.0,52.0,49.0,50.0,13.0,24,0.6,9.4,174,28.7,84,19.0,74.0,6.0,47.0,5.0,4.0,3.0,6.0,2.0,3.0,31.0,3.4657359027997265,335.0,5.817111159963204,0.10452846326765373,-0.9945218953682733,0.0,0.0,0.0,0.0,40.80000000000003,9,61.0,61.0,54.0,56.0,50.0,56.0,0.0
2022-09-21,61.0,57.61904761904762,61.0,54.0,56.0,50.0,56.0,21.0,21,5.7,14.1,177,29.3,86,25.0,55.0,10.0,52.0,9.0,11.0,8.0,4.0,1.0,6.0,45.0,3.828641396489095,246.0,5.5093883366279774,0.05233595624294381,-0.9986295347545738,0.0,0.0,0.0,0.0,7.5000000000000355,9,56.0,56.0,45.0,50.0,52.0,53.0,0.0
2022-09-22,56.0,47.625,56.0,45.0,50.0,52.0,53.0,17.0,24,10.9,26.1,241,26.5,87,9.0,315.0,15.0,61.0,-5.0,-5.0,-9.0,-6.0,2.0,-3.0,53.0,3.9889840465642745,444.0,6.09807428216624,-0.8746197071393959,-0.48480962024633684,1.0,0.0,3.9889840465642745,0.0,17.200000000000035,9,38.0,30.0,33.0,38.0,36.0,34.0,0.0
2022-09-23,38.0,34.541666666666664,30.0,33.0,38.0,36.0,34.0,9.0,24,11.8,11.2,181,29.5,85,1.0,102.0,18.0,56.0,-18.0,-26.0,-12.0,-12.0,-16.0,-19.0,35.0,3.58351893845611,472.0,6.159095388491933,-0.017452406437283637,-0.9998476951563913,0.0,0.0,0.0,0.0,28.400000000000034,9,56.0,54.0,53.0,56.0,47.0,51.0,0.0
2022-09-24,56.0,48.458333333333336,54.0,53.0,56.0,47.0,51.0,17.0,24,13.6,11.8,204,29.0,86,23.0,17.0,35.0,38.0,18.0,24.0,20.0,18.0,11.0,17.0,33.0,3.5263605246161616,434.0,6.075346031088684,-0.4067366430758002,-0.9135454576426009,1.0,0.0,3.5263605246161616,0.0,36.30000000000004,9,58.0,56.0,54.0,58.0,54.0,54.0,0.0
2022-09-25,58.0,55.130434782608695,56.0,54.0,58.0,54.0,54.0,18.0,23,15.6,18.1,220,28.0,86,27.0,63.0,56.0,56.0,2.0,2.0,1.0,2.0,7.0,3.0,51.0,3.9512437185814275,182.0,5.209486152841421,-0.6427876096865393,-0.766044443118978,1.0,0.0,3.9512437185814275,0.0,41.000000000000036,9,57.0,57.0,51.0,54.0,55.0,53.0,0.0
2022-09-26,57.0,54.17391304347826,57.0,51.0,54.0,55.0,53.0,17.0,23,5.7,15.6,162,29.3,86,52.0,28.0,11.0,58.0,-1.0,1.0,-3.0,-4.0,1.0,-1.0,102.0,4.634728988229636,108.0,4.6913478822291435,0.3090169943749475,-0.9510565162951535,0.0,0.0,0.0,0.0,34.900000000000034,9,64.0,59.0,59.0,64.0,61.0,59.0,0.0
2022-09-27,64.0,59.25,59.0,59.0,64.0,61.0,59.0,23.0,24,5.3,12.4,190,29.1,85,42.0,216.0,6.0,57.0,7.0,2.0,8.0,10.0,6.0,6.0,121.0,4.804021044733257,307.0,5.730099782973574,-0.17364817766693047,-0.984807753012208,0.0,0.0,0.0,0.0,26.600000000000037,9,69.0,65.0,63.0,69.0,61.0,64.0,0.0
2022-09-28,69.0,66.45833333333333,65.0,63.0,69.0,61.0,64.0,28.0,24,1.0,13.3,249,29.6,84,36.0,394.0,11.0,64.0,5.0,6.0,4.0,5.0,0.0,5.0,130.0,4.875197323201151,638.0,6.459904454377535,-0.9335804264972016,-0.3583679495453007,1.0,0.0,4.875197323201151,0.0,12.000000000000037,9,65.0,65.0,62.0,65.0,48.0,63.0,0.0
2022-09-29,65.0,58.833333333333336,65.0,62.0,65.0,48.0,63.0,25.0,24,15.0,10.2,189,29.1,87,45.0,25.0,4.0,69.0,-4.0,0.0,-1.0,-4.0,-13.0,-1.0,123.0,4.820281565605037,635.0,6.455198563340122,-0.15643446504023073,-0.9876883405951378,0.0,0.0,0.0,0.0,21.300000000000036,9,61.0,60.0,59.0,60.0,37.0,61.0,0.0
2022-09-30,61.0,58.66666666666666,60.0,59.0,60.0,37.0,61.0,21.0,24,8.6,12.8,128,29.8,88,72.0,59.0,6.0,65.0,-4.0,-5.0,-3.0,-5.0,-11.0,-2.0,153.0,5.0369526024136295,478.0,6.171700597410915,0.788010753606722,-0.6156614753256583,0.0,1.0,0.0,6.171700597410915,24.600000000000037,9,57.0,57.0,56.0,55.0,34.0,56.0,0.0
2022-10-01,57.0,54.25,57.0,56.0,55.0,34.0,56.0,17.0,24,26.0,7.8,328,29.2,90,19.0,75.0,1.0,61.0,-4.0,-3.0,-3.0,-5.0,-3.0,-5.0,136.0,4.919980925828125,159.0,5.075173815233827,-0.529919264233205,0.8480480961564258,0.0,0.0,0.0,0.0,49.60000000000004,10,53.0,51.0,51.0,53.0,30.0,50.0,0.0
2022-10-02,53.0,41.54166666666666,51.0,51.0,53.0,30.0,50.0,14.0,24,12.8,7.8,18,29.4,88,2.0,129.0,4.0,57.0,-4.0,-6.0,-5.0,-2.0,-4.0,-6.0,93.0,4.543294782270004,263.0,5.575949103146316,0.3090169943749474,0.9510565162951535,0.0,0.0,0.0,0.0,47.400000000000034,10,47.0,45.0,45.0,47.0,31.0,39.0,0.0
2022-10-03,47.0,38.5,45.0,45.0,47.0,31.0,39.0,11.0,24,14.3,9.1,6,29.7,90,18.0,3.0,0.0,53.0,-6.0,-6.0,-6.0,-6.0,1.0,-11.0,39.0,3.6888794541139363,207.0,5.337538079701318,0.10452846326765347,0.9945218953682733,0.0,0.0,0.0,0.0,53.10000000000004,10,55.0,53.0,54.0,54.0,32.0,55.0,0.0
2022-10-04,55.0,52.5,53.0,54.0,54.0,32.0,55.0,16.0,24,5.9,10.2,95,28.9,89,9.0,17.0,3.0,47.0,8.0,8.0,9.0,7.0,1.0,16.0,29.0,3.4011973816621555,149.0,5.0106352940962555,0.9961946980917455,-0.08715574274765824,0.0,1.0,0.0,5.0106352940962555,33.000000000000036,10,63.0,54.0,57.0,57.0,38.0,63.0,0.0
2022-10-05,63.0,59.5,54.0,57.0,57.0,38.0,63.0,23.0,24,24.7,10.6,224,26.1,90,9.0,4.0,0.0,55.0,8.0,1.0,3.0,3.0,6.0,8.0,36.0,3.6109179126442243,24.0,3.2188758248682006,-0.6946583704589973,-0.7193398003386511,1.0,0.0,3.6109179126442243,0.0,44.900000000000034,10,56.0,46.0,52.0,53.0,32.0,56.0,0.0
2022-10-06,56.0,53.79166666666666,46.0,52.0,53.0,32.0,56.0,17.0,24,17.1,11.5,59,29.6,89,3.0,13.0,2.0,63.0,-7.0,-8.0,-5.0,-4.0,-6.0,-7.0,21.0,3.091042453358316,34.0,3.5553480614894135,0.8571673007021123,0.5150380749100542,0.0,0.0,0.0,0.0,47.70000000000004,10,53.0,47.0,50.0,52.0,34.0,53.0,0.0
2022-10-07,53.0,50.083333333333336,47.0,50.0,52.0,34.0,53.0,14.0,24,39.5,12.1,167,27.9,91,0.0,27.0,1.0,56.0,-3.0,1.0,-2.0,-1.0,2.0,-3.0,12.0,2.5649493574615367,44.0,3.8066624897703196,0.2249510543438652,-0.9743700647852351,0.0,0.0,0.0,0.0,81.30000000000004,10,40.0,35.0,31.0,40.0,32.0,40.0,0.0
2022-10-08,40.0,38.333333333333336,35.0,31.0,40.0,32.0,40.0,10.0,24,1.3,15.9,184,28.4,87,0.0,15.0,1.0,53.0,-13.0,-12.0,-19.0,-12.0,-2.0,-13.0,3.0,1.3862943611198906,55.0,4.02535169073515,-0.06975647374412527,-0.9975640502598242,0.0,0.0,0.0,0.0,57.900000000000034,10,47.0,36.0,34.0,47.0,28.0,36.0,0.0
2022-10-09,47.0,37.958333333333336,36.0,34.0,47.0,28.0,36.0,11.0,24,9.0,9.7,314,28.8,87,7.0,6.0,3.0,40.0,7.0,1.0,3.0,7.0,-4.0,-4.0,7.0,2.0794415416798357,48.0,3.8918202981106265,-0.7193398003386511,0.6946583704589973,0.0,0.0,0.0,0.0,49.80000000000004,10,53.0,43.0,43.0,53.0,25.0,46.0,0.0
2022-10-10,53.0,48.5,43.0,43.0,53.0,25.0,46.0,14.0,24,5.4,16.1,207,27.5,84,10.0,14.0,3.0,47.0,6.0,7.0,9.0,6.0,-3.0,10.0,17.0,2.8903717578961645,35.0,3.58351893845611,-0.45399049973954664,-0.8910065241883679,1.0,0.0,2.8903717578961645,0.0,15.700000000000037,10,55.0,54.0,43.0,55.0,26.0,52.0,0.0
2022-10-11,55.0,52.04166666666666,54.0,43.0,55.0,26.0,52.0,15.0,24,2.8,11.8,126,30.4,84,7.0,8.0,10.0,53.0,2.0,11.0,0.0,2.0,1.0,6.0,24.0,3.2188758248682006,28.0,3.367295829986474,0.8090169943749475,-0.587785252292473,0.0,1.0,0.0,3.367295829986474,17.200000000000035,10,54.0,53.0,47.0,54.0,27.0,51.0,0.0
2022-10-12,54.0,44.958333333333336,53.0,47.0,54.0,27.0,51.0,15.0,24,5.4,17.6,280,28.2,86,10.0,19.0,2.0,55.0,-1.0,-1.0,4.0,-1.0,1.0,-1.0,27.0,3.332204510175204,41.0,3.7376696182833684,-0.9848077530122081,0.17364817766692997,1.0,0.0,3.332204510175204,0.0,13.600000000000037,10,43.0,40.0,43.0,31.0,26.0,35.0,0.0
2022-10-13,43.0,36.375,40.0,43.0,31.0,26.0,35.0,10.0,24,0.9,13.6,276,29.7,85,4.0,8.0,5.0,54.0,-11.0,-13.0,-4.0,-23.0,-1.0,-16.0,21.0,3.091042453358316,35.0,3.58351893845611,-0.9945218953682734,0.10452846326765299,1.0,0.0,3.091042453358316,0.0,9.100000000000035,10,52.0,48.0,49.0,52.0,30.0,41.0,0.0
2022-10-14,52.0,49.04166666666666,48.0,49.0,52.0,30.0,41.0,13.0,24,11.7,15.2,277,29.0,87,18.0,52.0,12.0,43.0,9.0,8.0,6.0,21.0,4.0,6.0,32.0,3.4965075614664802,79.0,4.382026634673881,-0.992546151641322,0.12186934340514768,1.0,0.0,3.4965075614664802,0.0,18.000000000000036,10,51.0,41.0,38.0,51.0,25.0,32.0,0.0
2022-10-15,51.0,35.0,41.0,38.0,51.0,25.0,32.0,12.0,24,8.0,17.3,274,29.4,84,13.0,25.0,4.0,52.0,-1.0,-7.0,-11.0,-1.0,-5.0,-9.0,35.0,3.58351893845611,85.0,4.454347296253507,-0.9975640502598243,0.06975647374412522,1.0,0.0,3.58351893845611,0.0,20.600000000000037,10,35.0,28.0,35.0,28.0,21.0,21.0,0.0
2022-10-16,35.0,29.166666666666668,28.0,35.0,28.0,21.0,21.0,9.0,24,15.5,15.1,259,29.2,86,17.0,43.0,4.0,51.0,-16.0,-13.0,-3.0,-23.0,-4.0,-11.0,48.0,3.8918202981106265,120.0,4.795790545596741,-0.981627183447664,-0.1908089953765446,1.0,0.0,3.8918202981106265,0.0,35.20000000000004,10,43.0,26.0,43.0,38.0,21.0,41.0,0.0
2022-10-17,43.0,39.16666666666666,26.0,43.0,38.0,21.0,41.0,10.0,24,1.8,10.2,231,29.5,88,5.0,26.0,1.0,35.0,8.0,-2.0,8.0,10.0,0.0,20.0,35.0,3.58351893845611,94.0,4.553876891600541,-0.7771459614569706,-0.6293203910498378,1.0,0.0,3.58351893845611,0.0,25.300000000000033,10,52.0,32.0,50.0,52.0,26.0,51.0,0.0
2022-10-18,52.0,47.54166666666666,32.0,50.0,52.0,26.0,51.0,13.0,24,4.3,11.7,226,29.5,86,10.0,4.0,3.0,43.0,9.0,6.0,7.0,14.0,5.0,10.0,32.0,3.4965075614664802,73.0,4.30406509320417,-0.7193398003386512,-0.6946583704589973,1.0,0.0,3.4965075614664802,0.0,21.600000000000033,10,56.0,45.0,52.0,54.0,32.0,56.0,0.0
2022-10-19,56.0,53.66666666666666,45.0,52.0,54.0,32.0,56.0,16.0,24,16.7,12.5,161,29.5,87,10.0,10.0,2.0,52.0,4.0,13.0,2.0,2.0,6.0,5.0,25.0,3.258096538021482,40.0,3.713572066704308,0.3255681544571566,-0.9455185755993168,0.0,0.0,0.0,0.0,22.800000000000033,10,55.0,52.0,55.0,53.0,38.0,55.0,0.0
2022-10-20,55.0,54.5,52.0,55.0,53.0,38.0,55.0,16.0,24,5.9,9.8,120,30.2,84,8.0,23.0,0.0,56.0,-1.0,7.0,3.0,-1.0,6.0,-1.0,28.0,3.367295829986474,37.0,3.6375861597263857,0.8660254037844387,-0.4999999999999998,0.0,1.0,0.0,3.6375861597263857,26.900000000000034,10,54.0,43.0,54.0,53.0,37.0,54.0,0.0
2022-10-21,54.0,53.625,43.0,54.0,53.0,37.0,54.0,15.0,24,19.0,7.9,88,29.4,88,4.0,20.0,1.0,55.0,-1.0,-9.0,-1.0,0.0,-1.0,-1.0,22.0,3.1354942159291497,53.0,3.9889840465642745,0.9993908270190958,0.03489949670250108,0.0,1.0,0.0,3.9889840465642745,41.60000000000004,10,57.0,29.0,56.0,53.0,36.0,57.0,0.0
2022-10-22,57.0,55.333333333333336,29.0,56.0,53.0,36.0,57.0,17.0,24,12.7,13.3,341,28.9,91,10.0,15.0,2.0,54.0,3.0,-14.0,2.0,0.0,-1.0,3.0,22.0,3.1354942159291497,58.0,4.07753744390572,-0.3255681544571567,0.9455185755993168,0.0,0.0,0.0,0.0,37.60000000000004,10,55.0,25.0,53.0,53.0,27.0,55.0,0.0
2022-10-23,55.0,42.54166666666666,25.0,53.0,53.0,27.0,55.0,15.0,24,6.7,15.3,341,29.5,87,3.0,107.0,2.0,57.0,-2.0,-4.0,-3.0,0.0,-9.0,-2.0,17.0,2.8903717578961645,142.0,4.962844630259907,-0.3255681544571567,0.9455185755993168,0.0,0.0,0.0,0.0,38.400000000000034,10,39.0,29.0,28.0,39.0,23.0,27.0,0.0
2022-10-24,39.0,33.916666666666664,29.0,28.0,39.0,23.0,27.0,9.0,24,9.0,11.5,331,28.3,90,2.0,18.0,0.0,55.0,-16.0,4.0,-25.0,-14.0,-4.0,-28.0,15.0,2.772588722239781,140.0,4.948759890378168,-0.4848096202463369,0.8746197071393959,0.0,0.0,0.0,0.0,28.400000000000034,10,41.0,28.0,29.0,41.0,26.0,29.0,0.0
2022-10-25,41.0,36.625,28.0,29.0,41.0,26.0,29.0,10.0,24,34.3,10.8,307,28.5,91,0.0,28.0,2.0,39.0,2.0,-1.0,1.0,2.0,3.0,2.0,5.0,1.791759469228055,153.0,5.0369526024136295,-0.798635510047293,0.6018150231520479,0.0,0.0,0.0,0.0,50.00000000000003,10,33.0,23.0,27.0,33.0,22.0,27.0,0.0
2022-10-26,33.0,29.83333333333333,23.0,27.0,33.0,22.0,27.0,8.0,24,16.2,13.6,303,27.1,92,1.0,5.0,0.0,41.0,-8.0,-5.0,-2.0,-8.0,-4.0,-2.0,3.0,1.3862943611198906,51.0,3.9512437185814275,-0.8386705679454243,0.5446390350150266,0.0,0.0,0.0,0.0,59.50000000000003,10,32.0,23.0,23.0,32.0,25.0,24.0,0.0
2022-10-27,32.0,28.166666666666668,23.0,23.0,32.0,25.0,24.0,8.0,24,0.1,20.2,295,29.8,85,7.0,0.0,0.0,33.0,-1.0,0.0,-4.0,-1.0,3.0,-3.0,8.0,2.1972245773362196,33.0,3.5263605246161616,-0.9063077870366498,0.4226182617406996,0.0,0.0,0.0,0.0,50.60000000000002,10,40.0,26.0,35.0,40.0,22.0,35.0,0.0
2022-10-28,40.0,34.625,26.0,35.0,40.0,22.0,35.0,10.0,24,5.5,13.8,309,30.2,87,8.0,3.0,0.0,32.0,8.0,3.0,12.0,8.0,-3.0,11.0,16.0,2.833213344056216,8.0,2.1972245773362196,-0.7771459614569708,0.6293203910498375,0.0,0.0,0.0,0.0,21.800000000000026,10,42.0,26.0,42.0,37.0,25.0,33.0,0.0
2022-10-29,42.0,36.333333333333336,26.0,42.0,37.0,25.0,33.0,10.0,24,1.4,13.0,318,29.9,88,9.0,26.0,5.0,40.0,2.0,0.0,7.0,-3.0,3.0,-2.0,24.0,3.2188758248682006,29.0,3.4011973816621555,-0.6691306063588581,0.7431448254773942,0.0,0.0,0.0,0.0,7.000000000000028,10,43.0,27.0,43.0,41.0,26.0,36.0,0.0
2022-10-30,43.0,39.875,27.0,43.0,41.0,26.0,36.0,10.0,24,15.0,8.7,306,30.0,89,5.0,98.0,1.0,42.0,1.0,1.0,1.0,4.0,1.0,3.0,22.0,3.1354942159291497,127.0,4.852030263919617,-0.8090169943749476,0.5877852522924729,0.0,0.0,0.0,0.0,21.900000000000027,10,38.0,23.0,35.0,38.0,21.0,29.0,0.0
2022-10-31,38.0,31.33333333333333,23.0,35.0,38.0,21.0,29.0,9.0,21,7.1,16.0,297,28.1,88,3.0,68.0,0.0,43.0,-5.0,-4.0,-8.0,-3.0,-5.0,-7.0,17.0,2.8903717578961645,192.0,5.262690188904886,-0.891006524188368,0.45399049973954664,0.0,0.0,0.0,0.0,23.50000000000003,10,49.0,26.0,40.0,49.0,31.0,27.0,0.0
2022-11-01,49.0,38.79166666666666,26.0,40.0,49.0,31.0,27.0,12.0,24,8.9,9.2,343,29.4,91,22.0,7.0,0.0,38.0,11.0,3.0,5.0,11.0,10.0,-2.0,30.0,3.4339872044851463,173.0,5.159055299214529,-0.29237170472273716,0.9563047559630353,0.0,0.0,0.0,0.0,31.00000000000003,11,54.0,29.0,54.0,52.0,33.0,53.0,0.0
2022-11-02,54.0,50.0,29.0,54.0,52.0,33.0,53.0,14.0,24,17.7,10.6,300,29.5,89,19.0,32.0,2.0,49.0,5.0,3.0,14.0,3.0,2.0,26.0,44.0,3.8066624897703196,107.0,4.68213122712422,-0.8660254037844386,0.5000000000000001,0.0,0.0,0.0,0.0,33.70000000000003,11,56.0,27.0,56.0,56.0,31.0,56.0,0.0
2022-11-03,56.0,54.5,27.0,56.0,56.0,31.0,56.0,16.0,24,3.6,10.4,154,28.0,88,6.0,35.0,4.0,54.0,2.0,-2.0,2.0,4.0,-2.0,3.0,47.0,3.871201010907891,74.0,4.31748811353631,0.4383711467890773,-0.898794046299167,0.0,1.0,0.0,4.31748811353631,30.20000000000003,11,52.0,23.0,47.0,52.0,25.0,49.0,0.0
2022-11-04,52.0,35.666666666666664,23.0,47.0,52.0,25.0,49.0,13.0,24,4.2,14.0,166,30.1,85,1.0,7.0,1.0,56.0,-4.0,-4.0,-9.0,-4.0,-6.0,-7.0,26.0,3.295836866004329,74.0,4.31748811353631,0.24192189559966773,-0.9702957262759965,0.0,0.0,0.0,0.0,25.500000000000032,11,32.0,22.0,29.0,32.0,30.0,26.0,0.0
2022-11-05,32.0,30.83333333333333,22.0,29.0,32.0,30.0,26.0,8.0,24,9.2,12.4,213,27.7,90,1.0,26.0,0.0,52.0,-20.0,-1.0,-18.0,-20.0,5.0,-23.0,8.0,2.1972245773362196,68.0,4.23410650459726,-0.5446390350150271,-0.838670567945424,1.0,0.0,2.1972245773362196,0.0,17.00000000000003,11,52.0,24.0,44.0,51.0,42.0,52.0,0.0
2022-11-06,52.0,46.083333333333336,24.0,44.0,51.0,42.0,52.0,13.0,24,22.8,8.0,60,29.0,88,4.0,18.0,0.0,32.0,20.0,2.0,15.0,19.0,12.0,26.0,6.0,1.9459101490553132,51.0,3.9512437185814275,0.8660254037844386,0.5000000000000001,0.0,0.0,0.0,0.0,36.20000000000003,11,52.0,30.0,39.0,52.0,30.0,47.0,0.0
2022-11-07,52.0,48.833333333333336,30.0,39.0,52.0,30.0,47.0,13.0,24,9.8,8.1,332,29.0,91,6.0,18.0,11.0,52.0,0.0,6.0,-5.0,1.0,-12.0,-5.0,11.0,2.4849066497880004,62.0,4.143134726391533,-0.4694715627858908,0.882947592858927,0.0,0.0,0.0,0.0,41.800000000000026,11,52.0,24.0,39.0,52.0,36.0,32.0,0.0
2022-11-08,52.0,46.458333333333336,24.0,39.0,52.0,36.0,32.0,13.0,24,11.7,14.7,3,28.5,92,1.0,11.0,7.0,52.0,0.0,-6.0,0.0,0.0,6.0,-15.0,11.0,2.4849066497880004,47.0,3.871201010907891,0.052335956242943835,0.9986295347545738,0.0,0.0,0.0,0.0,44.300000000000026,11,52.0,22.0,42.0,52.0,35.0,43.0,0.0
2022-11-09,52.0,46.375,22.0,42.0,52.0,35.0,43.0,13.0,24,14.8,15.6,1,28.0,92,5.0,17.0,3.0,52.0,0.0,-2.0,3.0,0.0,-1.0,11.0,12.0,2.5649493574615367,46.0,3.8501476017100584,0.01745240643728351,0.9998476951563913,0.0,0.0,0.0,0.0,36.300000000000026,11,51.0,22.0,39.0,51.0,36.0,38.0,0.0
2022-11-10,51.0,40.375,22.0,39.0,51.0,36.0,38.0,12.0,24,22.4,10.6,10,28.1,91,3.0,17.0,4.0,52.0,-1.0,0.0,-3.0,-1.0,1.0,-5.0,9.0,2.302585092994046,45.0,3.828641396489095,0.17364817766693033,0.984807753012208,0.0,0.0,0.0,0.0,48.90000000000002,11,43.0,31.0,34.0,43.0,29.0,30.0,0.0
2022-11-11,43.0,37.16666666666666,31.0,34.0,43.0,29.0,30.0,10.0,24,57.4,10.3,340,28.8,92,1.0,16.0,2.0,51.0,-8.0,9.0,-5.0,-8.0,-7.0,-8.0,9.0,2.302585092994046,50.0,3.9318256327243257,-0.3420201433256686,0.9396926207859084,0.0,0.0,0.0,0.0,94.60000000000002,11,51.0,28.0,33.0,51.0,26.0,30.0,0.0
2022-11-12,51.0,48.0,28.0,33.0,51.0,26.0,30.0,12.0,10,20.0,11.2,45,28.8,91,5.0,17.0,8.0,43.0,8.0,-3.0,-1.0,8.0,-3.0,0.0,9.0,2.302585092994046,50.0,3.9318256327243257,0.7071067811865476,0.7071067811865476,0.0,0.0,0.0,0.0,99.80000000000003,11,,,,,,,
2022-11-13,,,,,,,,,0,3.3,9.3,46,28.7,90,1.0,26.0,2.0,51.0,,,,,,,7.0,2.0794415416798357,59.0,4.0943445622221,0.7193398003386512,0.6946583704589973,0.0,0.0,0.0,0.0,80.70000000000003,11,44.0,26.0,33.0,44.0,34.0,34.0,0.0
2022-11-14,44.0,42.25,26.0,33.0,44.0,34.0,34.0,11.0,8,7.8,12.1,289,29.2,88,0.0,19.0,4.0,,,,,,,,6.0,1.9459101490553132,62.0,4.143134726391533,-0.945518575599317,0.3255681544571563,1.0,0.0,1.9459101490553132,0.0,31.10000000000003,11,44.0,32.0,36.0,44.0,31.0,39.0,0.0
2022-11-15,44.0,36.5,32.0,36.0,44.0,31.0,39.0,11.0,24,0.3,14.8,307,29.6,87,3.0,5.0,4.0,44.0,0.0,6.0,3.0,0.0,-3.0,5.0,4.0,1.6094379124341003,50.0,3.9318256327243257,-0.798635510047293,0.6018150231520479,0.0,0.0,0.0,0.0,11.400000000000029,11,53.0,27.0,50.0,53.0,42.0,34.0,0.0
2022-11-16,53.0,44.66666666666666,27.0,50.0,53.0,42.0,34.0,14.0,24,12.2,11.1,344,30.2,89,2.0,9.0,4.0,44.0,9.0,-5.0,14.0,9.0,11.0,-5.0,5.0,1.791759469228055,33.0,3.5263605246161616,-0.27563735581699894,0.9612616959383189,0.0,0.0,0.0,0.0,20.30000000000003,11,52.0,26.0,51.0,52.0,43.0,33.0,0.0
2022-11-17,52.0,46.79166666666666,26.0,51.0,52.0,43.0,33.0,13.0,24,2.6,17.6,321,29.7,86,3.0,7.0,3.0,53.0,-1.0,-1.0,1.0,-1.0,1.0,-1.0,8.0,2.1972245773362196,21.0,3.091042453358316,-0.6293203910498378,0.7771459614569706,0.0,0.0,0.0,0.0,15.100000000000028,11,55.0,29.0,36.0,55.0,53.0,35.0,0.0
2022-11-18,55.0,52.79166666666666,29.0,36.0,55.0,53.0,35.0,15.0,24,5.8,18.2,312,30.2,85,12.0,2.0,0.0,52.0,3.0,3.0,-15.0,3.0,10.0,2.0,17.0,2.8903717578961645,18.0,2.9444389791664403,-0.7431448254773946,0.6691306063588578,0.0,0.0,0.0,0.0,20.60000000000003,11,55.0,21.0,36.0,55.0,53.0,36.0,0.0
2022-11-19,55.0,51.25,21.0,36.0,55.0,53.0,36.0,15.0,24,12.2,15.1,310,28.0,89,2.0,8.0,1.0,55.0,0.0,-8.0,0.0,0.0,0.0,1.0,17.0,2.8903717578961645,17.0,2.8903717578961645,-0.7660444431189781,0.6427876096865393,0.0,0.0,0.0,0.0,20.60000000000003,11,40.0,27.0,30.0,36.0,40.0,32.0,0.0
2022-11-20,40.0,36.25,27.0,30.0,36.0,40.0,32.0,10.0,24,1.7,21.0,287,29.2,85,18.0,13.0,11.0,55.0,-15.0,6.0,-6.0,-19.0,-13.0,-4.0,32.0,3.4965075614664802,23.0,3.1780538303479458,-0.9563047559630354,0.2923717047227367,1.0,0.0,3.4965075614664802,0.0,19.700000000000028,11,40.0,31.0,31.0,40.0,24.0,28.0,0.0
2022-11-21,40.0,36.333333333333336,31.0,31.0,40.0,24.0,28.0,10.0,24,0.3,19.2,286,30.5,84,28.0,4.0,7.0,40.0,0.0,4.0,1.0,4.0,-16.0,-4.0,48.0,3.8918202981106265,25.0,3.258096538021482,-0.9612616959383188,0.2756373558169994,1.0,0.0,3.8918202981106265,0.0,14.200000000000028,11,45.0,38.0,38.0,45.0,28.0,34.0,0.0
2022-11-22,45.0,43.083333333333336,38.0,38.0,45.0,28.0,34.0,11.0,24,8.2,18.4,275,30.4,84,110.0,19.0,0.0,40.0,5.0,7.0,7.0,5.0,4.0,6.0,156.0,5.056245805348308,36.0,3.6109179126442243,-0.9961946980917455,0.08715574274765789,1.0,0.0,5.056245805348308,0.0,10.200000000000028,11,52.0,28.0,41.0,52.0,30.0,33.0,0.0
2022-11-23,52.0,50.04166666666666,28.0,41.0,52.0,30.0,33.0,13.0,24,2.5,16.6,264,28.4,87,12.0,23.0,2.0,45.0,7.0,-10.0,3.0,7.0,2.0,-1.0,150.0,5.017279836814924,46.0,3.8501476017100584,-0.9945218953682734,-0.10452846326765336,1.0,0.0,5.017279836814924,0.0,11.000000000000028,11,53.0,23.0,53.0,52.0,30.0,48.0,0.0
2022-11-24,53.0,48.958333333333336,23.0,53.0,52.0,30.0,48.0,14.0,24,8.4,19.7,260,30.4,83,14.0,4.0,14.0,52.0,1.0,-5.0,12.0,0.0,0.0,15.0,136.0,4.919980925828125,46.0,3.8501476017100584,-0.984807753012208,-0.17364817766693033,1.0,0.0,4.919980925828125,0.0,19.10000000000003,11,53.0,23.0,53.0,52.0,35.0,49.0,0.0
2022-11-25,53.0,44.29166666666666,23.0,53.0,52.0,35.0,49.0,14.0,24,17.0,13.9,263,28.5,86,1.0,33.0,8.0,53.0,0.0,0.0,0.0,0.0,5.0,1.0,27.0,3.332204510175204,60.0,4.110873864173311,-0.9925461516413221,-0.12186934340514717,1.0,0.0,3.332204510175204,0.0,27.90000000000003,11,60.0,34.0,59.0,58.0,42.0,60.0,0.0
2022-11-26,60.0,52.333333333333336,34.0,59.0,58.0,42.0,60.0,20.0,24,9.8,9.0,22,30.5,87,28.0,22.0,13.0,53.0,7.0,11.0,6.0,6.0,7.0,11.0,43.0,3.784189633918261,59.0,4.0943445622221,0.374606593415912,0.9271838545667874,0.0,0.0,0.0,0.0,35.20000000000003,11,61.0,27.0,58.0,57.0,45.0,61.0,0.0
2022-11-27,61.0,57.583333333333336,27.0,58.0,57.0,45.0,61.0,21.0,24,15.8,10.6,324,29.3,89,30.0,23.0,12.0,60.0,1.0,-7.0,-1.0,-1.0,3.0,1.0,59.0,4.0943445622221,78.0,4.3694478524670215,-0.5877852522924734,0.8090169943749473,0.0,0.0,0.0,0.0,42.60000000000004,11,56.0,25.0,51.0,56.0,34.0,53.0,0.0
2022-11-28,56.0,54.66666666666666,25.0,51.0,56.0,34.0,53.0,17.0,24,7.5,9.3,7,29.7,87,19.0,38.0,26.0,61.0,-5.0,-2.0,-7.0,-1.0,-11.0,-8.0,77.0,4.356708826689592,83.0,4.430816798843313,0.12186934340514748,0.992546151641322,0.0,0.0,0.0,0.0,33.10000000000004,11,53.0,27.0,44.0,53.0,33.0,51.0,0.0
2022-11-29,53.0,52.125,27.0,44.0,53.0,33.0,51.0,14.0,24,6.8,12.6,358,29.8,88,14.0,62.0,15.0,56.0,-3.0,2.0,-7.0,-3.0,-1.0,-2.0,63.0,4.1588830833596715,123.0,4.820281565605037,-0.034899496702500823,0.9993908270190958,0.0,0.0,0.0,0.0,30.100000000000033,11,52.0,30.0,47.0,52.0,31.0,45.0,0.0
2022-11-30,52.0,48.958333333333336,30.0,47.0,52.0,31.0,45.0,13.0,24,13.8,16.5,346,30.3,87,26.0,21.0,14.0,53.0,-1.0,3.0,3.0,-1.0,-2.0,-6.0,59.0,4.0943445622221,121.0,4.804021044733257,-0.24192189559966787,0.9702957262759965,0.0,0.0,0.0,0.0,28.100000000000033,11,50.0,26.0,42.0,50.0,31.0,44.0,0.0
2022-12-01,50.0,39.91666666666666,26.0,42.0,50.0,31.0,44.0,12.0,24,6.2,15.1,344,29.8,89,9.0,18.0,3.0,52.0,-2.0,-4.0,-5.0,-2.0,0.0,-1.0,49.0,3.912023005428146,101.0,4.624972813284271,-0.27563735581699894,0.9612616959383189,0.0,0.0,0.0,0.0,26.800000000000033,12,50.0,23.0,32.0,50.0,31.0,35.0,0.0
2022-12-02,50.0,45.875,23.0,32.0,50.0,31.0,35.0,12.0,24,11.8,12.8,319,28.9,90,0.0,24.0,0.0,50.0,0.0,-3.0,-10.0,0.0,0.0,-9.0,35.0,3.58351893845611,63.0,4.1588830833596715,-0.6560590289905074,0.7547095802227719,0.0,0.0,0.0,0.0,31.800000000000033,12,50.0,24.0,37.0,50.0,28.0,36.0,0.0
2022-12-03,50.0,47.04545454545455,24.0,37.0,50.0,28.0,36.0,12.0,22,10.2,14.0,292,29.3,87,4.0,19.0,1.0,50.0,0.0,1.0,5.0,0.0,-3.0,1.0,13.0,2.6390573296152584,61.0,4.127134385045092,-0.9271838545667874,0.37460659341591196,0.0,0.0,0.0,0.0,28.20000000000003,12,46.0,25.0,36.0,43.0,46.0,33.0,0.0
2022-12-04,46.0,40.375,25.0,36.0,43.0,46.0,33.0,11.0,24,5.2,12.8,256,28.4,89,1.0,28.0,7.0,50.0,-4.0,1.0,-1.0,-7.0,18.0,-3.0,5.0,1.791759469228055,71.0,4.276666119016055,-0.9702957262759965,-0.24192189559966779,1.0,0.0,1.791759469228055,0.0,27.20000000000003,12,57.0,27.0,49.0,53.0,57.0,41.0,0.0
2022-12-05,57.0,54.25,27.0,49.0,53.0,57.0,41.0,18.0,24,4.7,6.6,14,29.8,90,4.0,11.0,10.0,46.0,11.0,2.0,13.0,10.0,11.0,8.0,9.0,2.302585092994046,58.0,4.07753744390572,0.24192189559966773,0.9702957262759965,0.0,0.0,0.0,0.0,20.10000000000003,12,56.0,29.0,53.0,56.0,54.0,53.0,0.0
2022-12-06,56.0,55.29166666666666,29.0,53.0,56.0,54.0,53.0,17.0,24,2.5,11.5,3,29.2,90,2.0,13.0,10.0,57.0,-1.0,2.0,4.0,3.0,-3.0,12.0,7.0,2.0794415416798357,52.0,3.970291913552122,0.052335956242943835,0.9986295347545738,0.0,0.0,0.0,0.0,12.400000000000032,12,56.0,27.0,49.0,56.0,32.0,49.0,0.0
2022-12-07,56.0,55.41666666666666,27.0,49.0,56.0,32.0,49.0,17.0,24,10.3,12.2,341,29.4,89,1.0,9.0,12.0,56.0,0.0,-2.0,-4.0,0.0,-22.0,-4.0,7.0,2.0794415416798357,33.0,3.5263605246161616,-0.3255681544571567,0.9455185755993168,0.0,0.0,0.0,0.0,17.500000000000032,12,55.0,24.0,42.0,55.0,32.0,38.0,0.0
2022-12-08,55.0,47.458333333333336,24.0,42.0,55.0,32.0,38.0,15.0,24,22.7,14.8,343,29.6,91,1.0,17.0,1.0,56.0,-1.0,-3.0,-7.0,-1.0,0.0,-11.0,4.0,1.6094379124341003,39.0,3.6888794541139363,-0.29237170472273716,0.9563047559630353,0.0,0.0,0.0,0.0,35.50000000000003,12,38.0,22.0,35.0,38.0,31.0,30.0,0.0
2022-12-09,38.0,31.45833333333333,22.0,35.0,38.0,31.0,30.0,9.0,24,16.4,15.5,291,28.3,90,0.0,16.0,0.0,55.0,-17.0,-2.0,-7.0,-17.0,-1.0,-8.0,2.0,1.0986122886681098,42.0,3.7612001156935624,-0.9335804264972017,0.3583679495453004,0.0,0.0,0.0,0.0,49.400000000000034,12,45.0,23.0,30.0,45.0,24.0,35.0,0.0
2022-12-10,45.0,34.041666666666664,23.0,30.0,45.0,24.0,35.0,11.0,24,12.4,9.1,314,28.6,90,5.0,15.0,2.0,38.0,7.0,1.0,-5.0,7.0,-7.0,5.0,6.0,1.9459101490553132,48.0,3.8918202981106265,-0.7193398003386511,0.6946583704589973,0.0,0.0,0.0,0.0,51.500000000000036,12,49.0,23.0,35.0,49.0,24.0,36.0,0.0
2022-12-11,49.0,43.833333333333336,23.0,35.0,49.0,24.0,36.0,12.0,24,23.0,12.0,186,26.4,92,7.0,27.0,0.0,45.0,4.0,0.0,5.0,4.0,0.0,1.0,12.0,2.5649493574615367,58.0,4.07753744390572,-0.1045284632676535,-0.9945218953682733,0.0,0.0,0.0,0.0,51.80000000000003,12,55.0,24.0,53.0,55.0,32.0,51.0,0.0
2022-12-12,55.0,47.25,24.0,53.0,55.0,32.0,51.0,16.0,24,17.2,8.9,19,28.2,90,3.0,47.0,1.0,49.0,6.0,1.0,18.0,6.0,8.0,15.0,15.0,2.772588722239781,89.0,4.499809670330265,0.3255681544571567,0.9455185755993168,0.0,0.0,0.0,0.0,52.60000000000004,12,55.0,23.0,53.0,55.0,32.0,52.0,0.0
2022-12-13,55.0,42.91666666666666,23.0,53.0,55.0,32.0,52.0,15.0,24,13.9,17.3,62,29.0,88,5.0,25.0,5.0,55.0,0.0,-1.0,0.0,0.0,0.0,1.0,15.0,2.772588722239781,99.0,4.605170185988092,0.8829475928589269,0.46947156278589086,0.0,0.0,0.0,0.0,54.10000000000004,12,32.0,22.0,25.0,32.0,22.0,27.0,0.0
2022-12-14,32.0,29.08333333333333,22.0,25.0,32.0,22.0,27.0,8.0,24,12.2,12.7,35,27.7,91,8.0,7.0,0.0,55.0,-23.0,-1.0,-28.0,-23.0,-10.0,-25.0,16.0,2.833213344056216,79.0,4.382026634673881,0.573576436351046,0.8191520442889918,0.0,0.0,0.0,0.0,43.30000000000003,12,33.0,26.0,27.0,33.0,21.0,21.0,0.0
2022-12-15,33.0,31.08333333333333,26.0,27.0,33.0,21.0,21.0,8.0,24,9.7,12.4,18,26.2,93,2.0,7.0,4.0,32.0,1.0,4.0,2.0,1.0,-1.0,-6.0,15.0,2.772588722239781,39.0,3.6888794541139363,0.3090169943749474,0.9510565162951535,0.0,0.0,0.0,0.0,35.80000000000003,12,38.0,32.0,29.0,38.0,28.0,27.0,0.0
2022-12-16,38.0,36.66666666666666,32.0,29.0,38.0,28.0,27.0,9.0,24,16.7,11.6,24,29.8,88,14.0,1.0,16.0,33.0,5.0,6.0,2.0,5.0,7.0,6.0,24.0,3.2188758248682006,15.0,2.772588722239781,0.4067366430758002,0.9135454576426009,0.0,0.0,0.0,0.0,38.60000000000004,12,36.0,29.0,33.0,36.0,28.0,24.0,0.0
2022-12-17,36.0,33.111111111111114,29.0,33.0,36.0,28.0,24.0,9.0,9,13.4,12.7,10,29.2,90,25.0,33.0,8.0,38.0,-2.0,-3.0,4.0,-2.0,0.0,-3.0,41.0,3.7376696182833684,41.0,3.7376696182833684,0.17364817766693033,0.984807753012208,0.0,0.0,0.0,0.0,39.80000000000003,12,41.0,27.0,41.0,37.0,24.0,27.0,0.0
2022-12-18,41.0,37.69565217391305,27.0,41.0,37.0,24.0,27.0,10.0,23,17.0,12.1,33,29.1,91,42.0,16.0,1.0,36.0,5.0,-2.0,8.0,1.0,-4.0,3.0,81.0,4.406719247264253,50.0,3.9318256327243257,0.5446390350150271,0.838670567945424,0.0,0.0,0.0,0.0,47.10000000000004,12,44.0,24.0,44.0,41.0,26.0,25.0,0.0
2022-12-19,44.0,40.125,24.0,44.0,41.0,26.0,25.0,11.0,24,7.0,12.2,23,26.7,91,56.0,41.0,0.0,41.0,3.0,-3.0,3.0,4.0,2.0,-2.0,123.0,4.820281565605037,90.0,4.51085950651685,0.39073112848927377,0.9205048534524404,0.0,0.0,0.0,0.0,37.400000000000034,12,42.0,24.0,42.0,38.0,22.0,25.0,0.0
2022-12-20,42.0,31.83333333333333,24.0,42.0,38.0,22.0,25.0,10.0,24,5.1,13.0,1,28.2,90,25.0,30.0,8.0,44.0,-2.0,0.0,-2.0,-3.0,-4.0,0.0,123.0,4.820281565605037,87.0,4.477336814478207,0.01745240643728351,0.9998476951563913,0.0,0.0,0.0,0.0,29.100000000000037,12,52.0,25.0,38.0,52.0,30.0,25.0,0.0
2022-12-21,52.0,44.5,25.0,38.0,52.0,30.0,25.0,13.0,24,11.1,13.3,354,29.6,89,19.0,28.0,6.0,42.0,10.0,1.0,-4.0,14.0,8.0,0.0,100.0,4.61512051684126,99.0,4.605170185988092,-0.10452846326765342,0.9945218953682733,0.0,0.0,0.0,0.0,23.200000000000035,12,52.0,21.0,36.0,52.0,29.0,24.0,0.0
2022-12-22,52.0,43.04166666666666,21.0,36.0,52.0,29.0,24.0,13.0,24,5.5,17.0,341,27.7,89,0.0,26.0,2.0,52.0,0.0,-4.0,-2.0,0.0,-1.0,-1.0,44.0,3.8066624897703196,84.0,4.442651256490317,-0.3255681544571567,0.9455185755993168,0.0,0.0,0.0,0.0,21.700000000000035,12,43.0,24.0,39.0,43.0,30.0,26.0,0.0
2022-12-23,43.0,37.41666666666666,24.0,39.0,43.0,30.0,26.0,10.0,24,13.4,20.6,8,28.4,90,8.0,1.0,0.0,52.0,-9.0,3.0,3.0,-9.0,1.0,2.0,27.0,3.332204510175204,55.0,4.02535169073515,0.13917310096006544,0.9902680687415704,0.0,0.0,0.0,0.0,30.000000000000036,12,56.0,33.0,52.0,56.0,31.0,51.0,0.0
2022-12-24,56.0,52.208333333333336,33.0,52.0,56.0,31.0,51.0,17.0,24,1.8,21.1,18,28.9,83,107.0,0.0,1.0,43.0,13.0,9.0,13.0,13.0,1.0,25.0,115.0,4.7535901911063645,27.0,3.332204510175204,0.3090169943749474,0.9510565162951535,0.0,0.0,0.0,0.0,20.700000000000035,12,58.0,33.0,52.0,58.0,37.0,52.0,0.0
2022-12-25,58.0,55.29166666666666,33.0,52.0,58.0,37.0,52.0,18.0,24,4.4,17.5,13,29.7,80,33.0,1.0,2.0,56.0,2.0,0.0,0.0,2.0,6.0,1.0,148.0,5.003946305945459,2.0,1.0986122886681098,0.224951054343865,0.9743700647852352,0.0,0.0,0.0,0.0,19.600000000000037,12,54.0,33.0,46.0,54.0,36.0,44.0,0.0
2022-12-26,54.0,53.625,33.0,46.0,54.0,36.0,44.0,15.0,24,1.8,20.2,15,29.1,82,5.0,8.0,5.0,58.0,-4.0,0.0,-6.0,-4.0,-1.0,-8.0,145.0,4.983606621708336,9.0,2.302585092994046,0.25881904510252074,0.9659258262890683,0.0,0.0,0.0,0.0,8.000000000000036,12,55.0,31.0,53.0,55.0,41.0,47.0,0.0
2022-12-27,55.0,54.29166666666666,31.0,53.0,55.0,41.0,47.0,16.0,24,2.0,15.0,23,29.5,81,9.0,9.0,6.0,54.0,1.0,-2.0,7.0,1.0,5.0,3.0,47.0,3.871201010907891,18.0,2.9444389791664403,0.39073112848927377,0.9205048534524404,0.0,0.0,0.0,0.0,8.200000000000035,12,54.0,31.0,52.0,54.0,38.0,44.0,0.0
2022-12-28,54.0,52.375,31.0,52.0,54.0,38.0,44.0,14.0,24,2.5,14.9,2,29.1,83,0.0,28.0,1.0,55.0,-1.0,0.0,-1.0,-1.0,-3.0,-3.0,14.0,2.70805020110221,45.0,3.828641396489095,0.03489949670250097,0.9993908270190958,0.0,0.0,0.0,0.0,6.300000000000035,12,56.0,33.0,52.0,56.0,37.0,47.0,0.0
2022-12-29,56.0,55.41666666666666,33.0,52.0,56.0,37.0,47.0,17.0,24,3.6,15.5,7,28.3,85,4.0,28.0,0.0,54.0,2.0,2.0,0.0,2.0,-1.0,3.0,13.0,2.6390573296152584,65.0,4.189654742026425,0.12186934340514748,0.992546151641322,0.0,0.0,0.0,0.0,8.100000000000035,12,56.0,31.0,53.0,56.0,38.0,51.0,0.0
2022-12-30,56.0,55.29166666666666,31.0,53.0,56.0,38.0,51.0,17.0,24,1.5,19.0,353,29.7,81,2.0,10.0,3.0,56.0,0.0,-2.0,1.0,0.0,1.0,4.0,6.0,1.9459101490553132,66.0,4.204692619390966,-0.12186934340514723,0.9925461516413221,0.0,0.0,0.0,0.0,7.600000000000035,12,56.0,30.0,53.0,56.0,37.0,52.0,0.0
2022-12-31,56.0,55.54166666666666,30.0,53.0,56.0,37.0,52.0,17.0,24,0.7,22.0,356,30.0,79,9.0,83.0,3.0,56.0,0.0,-1.0,0.0,0.0,-1.0,1.0,15.0,2.772588722239781,121.0,4.804021044733257,-0.06975647374412564,0.9975640502598242,0.0,0.0,0.0,0.0,5.800000000000035,12,56.0,32.0,47.0,56.0,38.0,48.0,0.0
2023-01-01,56.0,54.0,32.0,47.0,56.0,38.0,48.0,16.0,8,0.1,16.4,7,28.9,82,3.0,63.0,13.0,56.0,0.0,2.0,-6.0,0.0,1.0,-4.0,14.0,2.70805020110221,156.0,5.056245805348308,0.12186934340514748,0.992546151641322,0.0,0.0,0.0,0.0,2.3000000000000353,1,,,,,,,
2023-01-02,,,,,,,,,0,1.1,21.1,6,30.3,81,9.0,59.0,5.0,56.0,,,,,,,21.0,3.091042453358316,205.0,5.327876168789581,0.10452846326765347,0.9945218953682733,0.0,0.0,0.0,0.0,1.9000000000000357,1,,,,,,,
2023-01-03,,,,,,,,,0,8.5,16.9,354,29.9,87,1.0,5.0,4.0,,,,,,,,13.0,2.6390573296152584,127.0,4.852030263919617,-0.10452846326765342,0.9945218953682733,0.0,0.0,0.0,0.0,9.700000000000035,1,,,,,,,
2023-01-04,,,,,,,,,0,1.1,21.0,357,28.9,84,4.0,19.0,2.0,,,,,,,,14.0,2.70805020110221,83.0,4.430816798843313,-0.05233595624294437,0.9986295347545738,0.0,0.0,0.0,0.0,10.700000000000035,1,,,,,,,
2023-01-05,,,,,,,,,0,4.6,15.5,348,30.0,86,4.0,13.0,1.0,,,,,,,,9.0,2.302585092994046,37.0,3.6375861597263857,-0.20791169081775987,0.9781476007338056,0.0,0.0,0.0,0.0,14.200000000000033,1,,,,,,,
2023-01-06,,,,,,,,,0,2.4,15.1,321,29.2,86,9.0,11.0,5.0,,,,,,,,17.0,2.8903717578961645,43.0,3.784189633918261,-0.6293203910498378,0.7771459614569706,0.0,0.0,0.0,0.0,8.100000000000033,1,,,,,,,
2023-01-07,,,,,,,,,0,4.6,16.0,331,29.8,87,10.0,18.0,1.0,,,,,,,,23.0,3.1780538303479458,42.0,3.7612001156935624,-0.4848096202463369,0.8746197071393959,0.0,0.0,0.0,0.0,11.600000000000033,1,,,,,,,
2023-01-08,,,,,,,,,0,0.4,15.9,305,30.2,85,14.0,2.0,9.0,,,,,,,,33.0,3.5263605246161616,31.0,3.4657359027997265,-0.8191520442889918,0.573576436351046,0.0,0.0,0.0,0.0,7.400000000000034,1,,,,,,,
2023-01-09,,,,,,,,,0,1.8,8.3,337,29.7,88,7.0,2.0,5.0,,,,,,,,31.0,3.4657359027997265,22.0,3.1354942159291497,-0.3907311284892739,0.9205048534524403,0.0,0.0,0.0,0.0,6.800000000000034,1,56.0,36.0,49.0,53.0,56.0,55.0,0.0
2023-01-10,56.0,54.38461538461539,36.0,49.0,53.0,56.0,55.0,16.0,13,6.9,8.2,62,29.3,88,61.0,2.0,11.0,,,,,,,,82.0,4.418840607796598,6.0,1.9459101490553132,0.8829475928589269,0.46947156278589086,0.0,0.0,0.0,0.0,9.100000000000033,1,58.0,28.0,56.0,58.0,58.0,58.0,0.0
2023-01-11,58.0,56.833333333333336,28.0,56.0,58.0,58.0,58.0,19.0,24,6.8,10.8,207,28.5,88,8.0,18.0,7.0,56.0,2.0,-8.0,7.0,5.0,2.0,3.0,76.0,4.343805421853684,22.0,3.1354942159291497,-0.45399049973954664,-0.8910065241883679,1.0,0.0,4.343805421853684,0.0,15.500000000000034,1,57.0,43.0,56.0,57.0,56.0,53.0,0.0
2023-01-12,57.0,55.91666666666666,43.0,56.0,57.0,56.0,53.0,18.0,24,2.8,9.3,73,30.3,87,14.0,30.0,6.0,58.0,-1.0,15.0,0.0,-1.0,-2.0,-5.0,83.0,4.430816798843313,50.0,3.9318256327243257,0.9563047559630354,0.29237170472273677,0.0,1.0,0.0,3.9318256327243257,16.500000000000036,1,54.0,33.0,54.0,54.0,47.0,49.0,0.0
2023-01-13,54.0,48.625,33.0,54.0,54.0,47.0,49.0,15.0,24,10.7,10.5,17,30.2,88,30.0,49.0,9.0,57.0,-3.0,-10.0,-2.0,-3.0,-9.0,-4.0,52.0,3.970291913552122,97.0,4.584967478670572,0.29237170472273677,0.9563047559630354,0.0,0.0,0.0,0.0,20.300000000000033,1,79.0,48.0,61.0,61.0,44.0,79.0,0.0
2023-01-14,79.0,58.458333333333336,48.0,61.0,61.0,44.0,79.0,21.0,24,6.6,8.1,360,30.0,87,19.0,36.0,4.0,54.0,25.0,15.0,7.0,7.0,-3.0,30.0,63.0,4.1588830833596715,115.0,4.7535901911063645,-2.4492935982947064e-16,1.0,0.0,0.0,0.0,0.0,20.100000000000033,1,60.0,37.0,60.0,60.0,44.0,56.0,0.0
2023-01-15,60.0,58.333333333333336,37.0,60.0,60.0,44.0,56.0,20.0,24,3.3,13.9,309,28.9,88,15.0,64.0,15.0,79.0,-19.0,-11.0,-1.0,-1.0,0.0,-23.0,64.0,4.174387269895637,149.0,5.0106352940962555,-0.7771459614569708,0.6293203910498375,0.0,0.0,0.0,0.0,20.600000000000033,1,59.0,27.0,53.0,59.0,39.0,48.0,0.0
2023-01-16,59.0,56.875,27.0,53.0,59.0,39.0,48.0,19.0,24,4.4,15.4,10,29.9,87,11.0,84.0,22.0,60.0,-1.0,-10.0,-7.0,-1.0,-5.0,-8.0,45.0,3.828641396489095,184.0,5.220355825078324,0.17364817766693033,0.984807753012208,0.0,0.0,0.0,0.0,14.300000000000033,1,52.0,29.0,41.0,52.0,32.0,37.0,0.0
2023-01-17,52.0,41.208333333333336,29.0,41.0,52.0,32.0,37.0,13.0,24,0.3,17.6,5,30.6,78,0.0,96.0,15.0,59.0,-7.0,2.0,-12.0,-7.0,-7.0,-11.0,26.0,3.295836866004329,244.0,5.501258210544727,0.08715574274765817,0.9961946980917455,0.0,0.0,0.0,0.0,8.000000000000034,1,48.0,24.0,40.0,48.0,31.0,32.0,0.0
2023-01-18,48.0,45.208333333333336,24.0,40.0,48.0,31.0,32.0,12.0,24,5.6,18.5,19,28.6,84,2.0,17.0,14.0,52.0,-4.0,-5.0,-1.0,-4.0,-1.0,-5.0,13.0,2.6390573296152584,197.0,5.288267030694535,0.3255681544571567,0.9455185755993168,0.0,0.0,0.0,0.0,10.300000000000033,1,51.0,26.0,39.0,51.0,31.0,37.0,0.0
2023-01-19,51.0,48.41666666666666,26.0,39.0,51.0,31.0,37.0,12.0,24,4.6,19.1,2,29.2,84,14.0,13.0,2.0,48.0,3.0,2.0,-1.0,3.0,0.0,5.0,16.0,2.833213344056216,126.0,4.844187086458591,0.03489949670250097,0.9993908270190958,0.0,0.0,0.0,0.0,10.500000000000032,1,46.0,23.0,33.0,46.0,28.0,32.0,0.0
2023-01-20,46.0,33.833333333333336,23.0,33.0,46.0,28.0,32.0,11.0,24,7.2,19.0,12,27.6,89,0.0,16.0,2.0,51.0,-5.0,-3.0,-6.0,-5.0,-3.0,-5.0,16.0,2.833213344056216,46.0,3.8501476017100584,0.20791169081775934,0.9781476007338057,0.0,0.0,0.0,0.0,17.400000000000034,1,36.0,18.0,28.0,36.0,29.0,22.0,0.0
2023-01-21,36.0,32.083333333333336,18.0,28.0,36.0,29.0,22.0,9.0,24,5.0,17.3,11,29.6,88,6.0,21.0,4.0,46.0,-10.0,-5.0,-5.0,-10.0,1.0,-10.0,20.0,3.044522437723423,50.0,3.9318256327243257,0.1908089953765448,0.981627183447664,0.0,0.0,0.0,0.0,16.800000000000033,1,31.0,20.0,26.0,31.0,31.0,21.0,0.0
2023-01-22,31.0,28.416666666666668,20.0,26.0,31.0,31.0,21.0,7.0,24,7.9,15.1,15,28.5,89,3.0,11.0,3.0,36.0,-5.0,2.0,-2.0,-5.0,2.0,-1.0,9.0,2.302585092994046,48.0,3.8918202981106265,0.25881904510252074,0.9659258262890683,0.0,0.0,0.0,0.0,20.100000000000033,1,44.0,23.0,36.0,44.0,21.0,26.0,0.0
2023-01-23,44.0,39.375,23.0,36.0,44.0,21.0,26.0,11.0,24,15.0,11.5,360,28.7,90,0.0,9.0,4.0,31.0,13.0,3.0,10.0,13.0,-10.0,5.0,9.0,2.302585092994046,41.0,3.7376696182833684,-2.4492935982947064e-16,1.0,0.0,0.0,0.0,0.0,27.900000000000034,1,44.0,21.0,34.0,44.0,20.0,25.0,0.0
2023-01-24,44.0,37.29166666666666,21.0,34.0,44.0,20.0,25.0,11.0,24,29.6,13.1,330,24.5,94,3.0,4.0,0.0,44.0,0.0,-2.0,-2.0,0.0,-1.0,-1.0,6.0,1.9459101490553132,24.0,3.2188758248682006,-0.5000000000000004,0.8660254037844384,0.0,0.0,0.0,0.0,52.500000000000036,1,37.0,18.0,23.0,37.0,17.0,18.0,0.0
2023-01-25,37.0,24.125,18.0,23.0,37.0,17.0,18.0,9.0,24,93.4,11.0,341,24.5,94,0.0,7.0,0.0,44.0,-7.0,-3.0,-11.0,-7.0,-3.0,-7.0,3.0,1.3862943611198906,20.0,3.044522437723423,-0.3255681544571567,0.9455185755993168,0.0,0.0,0.0,0.0,138.00000000000006,1,49.0,21.0,34.0,49.0,21.0,23.0,0.0
2023-01-26,49.0,44.79166666666666,21.0,34.0,49.0,21.0,23.0,12.0,24,10.4,17.6,0,27.6,89,0.0,3.0,3.0,37.0,12.0,3.0,11.0,12.0,4.0,5.0,3.0,1.3862943611198906,14.0,2.70805020110221,0.0,1.0,0.0,0.0,0.0,0.0,133.40000000000003,1,44.0,21.0,33.0,44.0,24.0,25.0,0.0
2023-01-27,44.0,40.333333333333336,21.0,33.0,44.0,24.0,25.0,10.0,24,1.0,18.5,348,29.0,86,6.0,0.0,1.0,49.0,-5.0,0.0,-1.0,-5.0,3.0,2.0,6.0,1.9459101490553132,10.0,2.3978952727983707,-0.20791169081775987,0.9781476007338056,0.0,0.0,0.0,0.0,104.80000000000005,1,42.0,19.0,26.0,42.0,24.0,24.0,0.0
2023-01-28,42.0,28.5,19.0,26.0,42.0,24.0,24.0,10.0,24,9.6,17.8,345,25.6,91,12.0,1.0,0.0,44.0,-2.0,-2.0,-7.0,-2.0,0.0,-1.0,18.0,2.9444389791664403,4.0,1.6094379124341003,-0.2588190451025207,0.9659258262890683,0.0,0.0,0.0,0.0,21.000000000000043,1,27.0,24.0,20.0,27.0,17.0,24.0,0.0
2023-01-29,27.0,22.65217391304348,24.0,20.0,27.0,17.0,24.0,6.0,23,9.5,22.6,10,25.3,90,4.0,10.0,0.0,42.0,-15.0,5.0,-6.0,-15.0,-7.0,0.0,22.0,3.1354942159291497,11.0,2.4849066497880004,0.17364817766693033,0.984807753012208,0.0,0.0,0.0,0.0,20.100000000000044,1,47.0,26.0,42.0,47.0,23.0,31.0,0.0
2023-01-30,47.0,39.54166666666666,26.0,42.0,47.0,23.0,31.0,11.0,24,6.6,24.0,15,26.9,89,4.0,1.0,0.0,27.0,20.0,2.0,22.0,20.0,6.0,7.0,20.0,3.044522437723423,12.0,2.5649493574615367,0.25881904510252074,0.9659258262890683,0.0,0.0,0.0,0.0,25.700000000000042,1,50.0,24.0,43.0,50.0,23.0,30.0,0.0
2023-01-31,50.0,46.833333333333336,24.0,43.0,50.0,23.0,30.0,12.0,24,11.3,17.2,9,25.7,93,4.0,13.0,0.0,47.0,3.0,-2.0,1.0,3.0,0.0,-1.0,12.0,2.5649493574615367,24.0,3.2188758248682006,0.15643446504023087,0.9876883405951378,0.0,0.0,0.0,0.0,27.400000000000045,1,51.0,23.0,41.0,51.0,27.0,35.0,0.0
2023-02-01,51.0,46.04166666666666,23.0,41.0,51.0,27.0,35.0,12.0,24,2.9,15.7,350,29.1,89,3.0,8.0,2.0,50.0,1.0,-1.0,-2.0,1.0,4.0,5.0,11.0,2.4849066497880004,22.0,3.1354942159291497,-0.1736481776669304,0.984807753012208,0.0,0.0,0.0,0.0,20.80000000000004,2,42.0,23.0,42.0,42.0,29.0,32.0,0.0
2023-02-02,42.0,40.66666666666666,23.0,42.0,42.0,29.0,32.0,10.0,24,11.8,16.9,355,29.8,88,9.0,2.0,2.0,51.0,-9.0,0.0,1.0,-9.0,2.0,-3.0,16.0,2.833213344056216,23.0,3.1780538303479458,-0.08715574274765832,0.9961946980917455,0.0,0.0,0.0,0.0,26.000000000000043,2,52.0,21.0,45.0,52.0,28.0,26.0,0.0
2023-02-03,52.0,49.16666666666666,21.0,45.0,52.0,28.0,26.0,13.0,24,18.8,11.5,358,29.9,88,2.0,3.0,14.0,42.0,10.0,-2.0,3.0,10.0,-1.0,-6.0,14.0,2.70805020110221,13.0,2.6390573296152584,-0.034899496702500823,0.9993908270190958,0.0,0.0,0.0,0.0,33.50000000000004,2,46.0,22.0,39.0,46.0,25.0,25.0,0.0
2023-02-04,46.0,37.77777777777778,22.0,39.0,46.0,25.0,25.0,11.0,18,20.4,12.0,12,27.2,91,9.0,2.0,3.0,52.0,-6.0,1.0,-6.0,-6.0,-3.0,-1.0,20.0,3.044522437723423,7.0,2.0794415416798357,0.20791169081775934,0.9781476007338057,0.0,0.0,0.0,0.0,51.00000000000004,2,46.0,23.0,45.0,46.0,22.0,23.0,0.0
2023-02-05,46.0,42.04166666666666,23.0,45.0,46.0,22.0,23.0,11.0,24,6.5,14.1,5,29.0,89,33.0,8.0,5.0,46.0,0.0,1.0,6.0,0.0,-3.0,-2.0,44.0,3.8066624897703196,13.0,2.6390573296152584,0.08715574274765817,0.9961946980917455,0.0,0.0,0.0,0.0,45.700000000000045,2,45.0,23.0,42.0,45.0,21.0,23.0,0.0
2023-02-06,45.0,38.458333333333336,23.0,42.0,45.0,21.0,23.0,11.0,24,5.9,16.8,324,30.2,85,50.0,2.0,0.0,46.0,-1.0,0.0,-3.0,-1.0,-1.0,0.0,92.0,4.532599493153256,12.0,2.5649493574615367,-0.5877852522924734,0.8090169943749473,0.0,0.0,0.0,0.0,32.80000000000005,2,38.0,21.0,33.0,38.0,26.0,23.0,0.0
2023-02-07,38.0,33.0,21.0,33.0,38.0,26.0,23.0,9.0,24,0.0,16.7,359,30.7,83,4.0,11.0,15.0,45.0,-7.0,-2.0,-9.0,-7.0,5.0,0.0,87.0,4.477336814478207,21.0,3.091042453358316,-0.01745240643728356,0.9998476951563913,0.0,0.0,0.0,0.0,12.400000000000047,2,47.0,24.0,44.0,47.0,32.0,31.0,0.0
2023-02-08,47.0,43.41666666666666,24.0,44.0,47.0,32.0,31.0,11.0,24,3.7,17.0,14,29.3,89,55.0,32.0,14.0,38.0,9.0,3.0,11.0,9.0,6.0,8.0,109.0,4.700480365792417,45.0,3.828641396489095,0.24192189559966773,0.9702957262759965,0.0,0.0,0.0,0.0,9.600000000000048,2,49.0,24.0,44.0,49.0,31.0,31.0,0.0
2023-02-09,49.0,46.16666666666666,24.0,44.0,49.0,31.0,31.0,12.0,24,2.8,12.2,11,29.2,88,16.0,23.0,5.0,47.0,2.0,0.0,0.0,2.0,-1.0,0.0,75.0,4.330733340286331,66.0,4.204692619390966,0.1908089953765448,0.981627183447664,0.0,0.0,0.0,0.0,6.500000000000046,2,51.0,25.0,45.0,51.0,30.0,31.0,0.0
2023-02-10,51.0,48.04166666666666,25.0,45.0,51.0,30.0,31.0,12.0,24,4.0,13.6,3,30.0,89,91.0,35.0,2.0,49.0,2.0,1.0,1.0,2.0,-1.0,0.0,162.0,5.093750200806762,90.0,4.51085950651685,0.052335956242943835,0.9986295347545738,0.0,0.0,0.0,0.0,10.500000000000046,2,49.0,24.0,38.0,49.0,25.0,23.0,0.0
2023-02-11,49.0,41.54166666666666,24.0,38.0,49.0,25.0,23.0,12.0,24,10.6,18.8,4,29.7,89,26.0,39.0,9.0,51.0,-2.0,-1.0,-7.0,-2.0,-5.0,-8.0,133.0,4.897839799950911,97.0,4.584967478670572,0.0697564737441253,0.9975640502598242,0.0,0.0,0.0,0.0,17.400000000000045,2,41.0,21.0,31.0,41.0,22.0,22.0,0.0
2023-02-12,41.0,37.875,21.0,31.0,41.0,22.0,22.0,10.0,24,4.5,10.8,1,28.9,90,5.0,8.0,3.0,49.0,-8.0,-3.0,-7.0,-8.0,-3.0,-1.0,122.0,4.812184355372417,82.0,4.418840607796598,0.01745240643728351,0.9998476951563913,0.0,0.0,0.0,0.0,19.100000000000044,2,52.0,22.0,42.0,52.0,27.0,30.0,0.0
2023-02-13,52.0,46.66666666666666,22.0,42.0,52.0,27.0,30.0,13.0,24,6.6,10.5,23,28.8,90,11.0,1.0,11.0,41.0,11.0,1.0,11.0,11.0,5.0,8.0,42.0,3.7612001156935624,48.0,3.8918202981106265,0.39073112848927377,0.9205048534524404,0.0,0.0,0.0,0.0,21.700000000000045,2,56.0,24.0,44.0,56.0,33.0,35.0,0.0
2023-02-14,56.0,54.083333333333336,24.0,44.0,56.0,33.0,35.0,16.0,24,3.6,13.3,1,28.2,90,15.0,9.0,30.0,52.0,4.0,2.0,2.0,4.0,6.0,5.0,31.0,3.4657359027997265,18.0,2.9444389791664403,0.01745240643728351,0.9998476951563913,0.0,0.0,0.0,0.0,14.700000000000047,2,55.0,23.0,45.0,55.0,34.0,29.0,0.0
2023-02-15,55.0,51.208333333333336,23.0,45.0,55.0,34.0,29.0,16.0,24,0.6,18.5,25,28.9,86,25.0,21.0,10.0,56.0,-1.0,-1.0,1.0,-1.0,1.0,-6.0,51.0,3.9512437185814275,31.0,3.4657359027997265,0.42261826174069944,0.9063077870366499,0.0,0.0,0.0,0.0,10.800000000000047,2,54.0,22.0,38.0,54.0,38.0,29.0,0.0
2023-02-16,54.0,48.16666666666666,22.0,38.0,54.0,38.0,29.0,14.0,24,0.3,19.5,16,29.5,81,26.0,3.0,26.0,55.0,-1.0,-1.0,-7.0,-1.0,4.0,0.0,66.0,4.204692619390966,33.0,3.5263605246161616,0.27563735581699916,0.9612616959383189,0.0,0.0,0.0,0.0,4.500000000000048,2,57.0,29.0,49.0,57.0,42.0,43.0,0.0
2023-02-17,57.0,55.625,29.0,49.0,57.0,42.0,43.0,17.0,24,2.7,16.8,17,29.0,85,62.0,31.0,18.0,54.0,3.0,7.0,11.0,3.0,4.0,14.0,113.0,4.736198448394496,55.0,4.02535169073515,0.29237170472273677,0.9563047559630354,0.0,0.0,0.0,0.0,3.600000000000048,2,55.0,31.0,52.0,55.0,34.0,44.0,0.0
2023-02-18,55.0,53.0625,31.0,52.0,55.0,34.0,44.0,16.0,16,1.0,18.9,18,30.1,84,79.0,31.0,26.0,57.0,-2.0,2.0,3.0,-2.0,-8.0,1.0,167.0,5.123963979403259,65.0,4.189654742026425,0.3090169943749474,0.9510565162951535,0.0,0.0,0.0,0.0,4.000000000000048,2,54.0,28.0,51.0,54.0,31.0,31.0,0.0
2023-02-19,54.0,53.04166666666666,28.0,51.0,54.0,31.0,31.0,15.0,24,1.7,18.5,15,30.2,85,27.0,48.0,21.0,55.0,-1.0,-3.0,-1.0,-1.0,-3.0,-13.0,168.0,5.1298987149230735,110.0,4.709530201312334,0.25881904510252074,0.9659258262890683,0.0,0.0,0.0,0.0,5.400000000000048,2,52.0,22.0,43.0,52.0,28.0,33.0,0.0
2023-02-20,52.0,48.708333333333336,22.0,43.0,52.0,28.0,33.0,13.0,24,0.3,18.7,22,29.4,84,25.0,29.0,10.0,54.0,-2.0,-6.0,-8.0,-2.0,-3.0,2.0,131.0,4.882801922586371,108.0,4.6913478822291435,0.374606593415912,0.9271838545667874,0.0,0.0,0.0,0.0,3.000000000000048,2,51.0,26.0,49.0,51.0,30.0,37.0,0.0
2023-02-21,51.0,48.5,26.0,49.0,51.0,30.0,37.0,12.0,24,3.2,20.1,22,28.7,84,5.0,64.0,19.0,52.0,-1.0,4.0,6.0,-1.0,2.0,4.0,57.0,4.060443010546419,141.0,4.955827057601261,0.374606593415912,0.9271838545667874,0.0,0.0,0.0,0.0,5.200000000000048,2,53.0,28.0,49.0,53.0,34.0,40.0,0.0
2023-02-22,53.0,52.0,28.0,49.0,53.0,34.0,40.0,14.0,24,2.3,19.7,19,29.5,81,4.0,70.0,9.0,51.0,2.0,2.0,0.0,2.0,4.0,3.0,34.0,3.5553480614894135,163.0,5.099866427824199,0.3255681544571567,0.9455185755993168,0.0,0.0,0.0,0.0,5.800000000000048,2,53.0,29.0,51.0,53.0,33.0,38.0,0.0
2023-02-23,53.0,51.833333333333336,29.0,51.0,53.0,33.0,38.0,14.0,24,0.4,20.3,15,29.6,80,3.0,70.0,16.0,53.0,0.0,1.0,2.0,0.0,-1.0,-2.0,12.0,2.5649493574615367,204.0,5.3230099791384085,0.25881904510252074,0.9659258262890683,0.0,0.0,0.0,0.0,5.900000000000048,2,54.0,31.0,52.0,54.0,33.0,40.0,0.0
2023-02-24,54.0,53.0,31.0,52.0,54.0,33.0,40.0,15.0,24,0.0,22.7,19,30.3,77,2.0,6.0,10.0,53.0,1.0,2.0,1.0,1.0,0.0,2.0,9.0,2.302585092994046,146.0,4.990432586778736,0.3255681544571567,0.9455185755993168,0.0,0.0,0.0,0.0,2.7000000000000477,2,54.0,32.0,51.0,54.0,39.0,40.0,0.0
2023-02-25,54.0,52.25,32.0,51.0,54.0,39.0,40.0,15.0,24,0.8,20.9,19,29.7,81,24.0,17.0,4.0,54.0,0.0,1.0,-1.0,0.0,6.0,0.0,29.0,3.4011973816621555,93.0,4.543294782270004,0.3255681544571567,0.9455185755993168,0.0,0.0,0.0,0.0,1.2000000000000481,2,55.0,30.0,44.0,55.0,40.0,42.0,0.0
2023-02-26,55.0,53.56521739130435,30.0,44.0,55.0,40.0,42.0,16.0,23,0.8,27.7,21,29.0,79,39.0,8.0,14.0,54.0,1.0,-2.0,-7.0,1.0,1.0,2.0,65.0,4.189654742026425,31.0,3.4657359027997265,0.35836794954530027,0.9335804264972017,0.0,0.0,0.0,0.0,1.600000000000048,2,53.0,27.0,40.0,53.0,42.0,32.0,0.0
2023-02-27,53.0,52.25,27.0,40.0,53.0,42.0,32.0,14.0,24,5.5,24.2,12,29.0,83,13.0,9.0,3.0,55.0,-2.0,-3.0,-4.0,-2.0,2.0,-10.0,76.0,4.343805421853684,34.0,3.5553480614894135,0.20791169081775934,0.9781476007338057,0.0,0.0,0.0,0.0,7.100000000000048,2,52.0,22.0,36.0,52.0,41.0,28.0,0.0
2023-02-28,52.0,47.54166666666666,22.0,36.0,52.0,41.0,28.0,13.0,24,56.1,14.4,355,26.3,92,7.0,0.0,0.0,53.0,-1.0,-5.0,-4.0,-1.0,-1.0,-4.0,59.0,4.0943445622221,17.0,2.8903717578961645,-0.08715574274765832,0.9961946980917455,0.0,0.0,0.0,0.0,62.40000000000005,2,35.0,18.0,24.0,35.0,23.0,18.0,0.0
2023-03-01,35.0,23.416666666666668,18.0,24.0,35.0,23.0,18.0,8.0,24,69.7,18.0,352,24.3,94,3.0,1.0,2.0,52.0,-17.0,-4.0,-12.0,-17.0,-18.0,-10.0,23.0,3.1780538303479458,10.0,2.3978952727983707,-0.13917310096006588,0.9902680687415703,0.0,0.0,0.0,0.0,131.30000000000007,3,33.0,19.0,19.0,33.0,23.0,16.0,0.0
2023-03-02,33.0,23.5,19.0,19.0,33.0,23.0,16.0,8.0,24,33.8,17.1,6,28.4,92,28.0,21.0,0.0,35.0,-2.0,1.0,-5.0,-2.0,0.0,-2.0,38.0,3.6635616461296463,22.0,3.1354942159291497,0.10452846326765347,0.9945218953682733,0.0,0.0,0.0,0.0,159.60000000000005,3,35.0,20.0,33.0,35.0,27.0,23.0,0.0
2023-03-03,35.0,32.333333333333336,20.0,33.0,35.0,27.0,23.0,8.0,24,33.2,17.4,353,26.4,93,3.0,22.0,0.0,33.0,2.0,1.0,14.0,2.0,4.0,7.0,34.0,3.5553480614894135,44.0,3.8066624897703196,-0.12186934340514723,0.9925461516413221,0.0,0.0,0.0,0.0,136.70000000000005,3,43.0,21.0,35.0,43.0,24.0,25.0,0.0
2023-03-04,43.0,38.625,21.0,35.0,43.0,24.0,25.0,10.0,24,13.7,25.8,354,25.1,92,0.0,8.0,2.0,35.0,8.0,1.0,2.0,8.0,-3.0,2.0,31.0,3.4657359027997265,51.0,3.9512437185814275,-0.10452846326765342,0.9945218953682733,0.0,0.0,0.0,0.0,80.70000000000005,3,54.0,25.0,38.0,54.0,24.0,32.0,0.0
2023-03-05,54.0,44.16666666666666,25.0,38.0,54.0,24.0,32.0,15.0,24,10.4,18.0,349,26.4,92,22.0,7.0,30.0,43.0,11.0,4.0,3.0,11.0,0.0,7.0,25.0,3.258096538021482,37.0,3.6375861597263857,-0.19080899537654467,0.981627183447664,0.0,0.0,0.0,0.0,57.30000000000005,3,57.0,28.0,52.0,57.0,31.0,42.0,0.0
2023-03-06,57.0,55.29166666666666,28.0,52.0,57.0,31.0,42.0,17.0,24,0.6,19.4,10,28.4,86,24.0,23.0,38.0,54.0,3.0,3.0,14.0,3.0,7.0,10.0,46.0,3.8501476017100584,38.0,3.6635616461296463,0.17364817766693033,0.984807753012208,0.0,0.0,0.0,0.0,24.700000000000042,3,54.0,26.0,51.0,54.0,31.0,40.0,0.0
2023-03-07,54.0,50.16666666666666,26.0,51.0,54.0,31.0,40.0,15.0,24,13.5,18.4,21,28.3,87,29.0,6.0,14.0,57.0,-3.0,-2.0,-1.0,-3.0,0.0,-2.0,75.0,4.330733340286331,36.0,3.6109179126442243,0.35836794954530027,0.9335804264972017,0.0,0.0,0.0,0.0,24.500000000000043,3,56.0,31.0,48.0,56.0,31.0,43.0,0.0
2023-03-08,56.0,55.16666666666666,31.0,48.0,56.0,31.0,43.0,17.0,24,10.1,15.2,18,28.6,88,29.0,35.0,27.0,54.0,2.0,5.0,-3.0,2.0,0.0,3.0,82.0,4.418840607796598,64.0,4.174387269895637,0.3090169943749474,0.9510565162951535,0.0,0.0,0.0,0.0,24.200000000000042,3,55.0,36.0,53.0,55.0,49.0,44.0,0.0
2023-03-09,55.0,53.208333333333336,36.0,53.0,55.0,49.0,44.0,16.0,24,4.2,18.5,32,29.1,85,45.0,51.0,30.0,56.0,-1.0,5.0,5.0,-1.0,18.0,1.0,103.0,4.6443908991413725,92.0,4.532599493153256,0.5299192642332049,0.848048096156426,0.0,0.0,0.0,0.0,27.80000000000004,3,55.0,34.0,52.0,55.0,53.0,47.0,0.0
2023-03-10,55.0,53.54166666666666,34.0,52.0,55.0,53.0,47.0,16.0,24,6.6,16.4,33,28.5,87,16.0,36.0,9.0,55.0,0.0,-2.0,-1.0,0.0,4.0,3.0,90.0,4.51085950651685,122.0,4.812184355372417,0.5446390350150271,0.838670567945424,0.0,0.0,0.0,0.0,20.90000000000004,3,55.0,31.0,52.0,55.0,39.0,47.0,0.0
2023-03-11,55.0,53.125,31.0,52.0,55.0,39.0,47.0,16.0,24,6.3,16.5,36,28.5,87,3.0,43.0,37.0,55.0,0.0,-3.0,0.0,0.0,-14.0,0.0,64.0,4.174387269895637,130.0,4.875197323201151,0.5877852522924731,0.8090169943749475,0.0,0.0,0.0,0.0,17.100000000000044,3,54.0,31.0,52.0,54.0,31.0,53.0,0.0
2023-03-12,54.0,52.25,31.0,52.0,54.0,31.0,53.0,14.0,24,1.8,14.1,34,30.1,85,13.0,72.0,24.0,55.0,-1.0,0.0,0.0,-1.0,-8.0,6.0,32.0,3.4965075614664802,151.0,5.0238805208462765,0.5591929034707469,0.8290375725550417,0.0,0.0,0.0,0.0,14.700000000000044,3,54.0,31.0,54.0,54.0,32.0,52.0,0.0
2023-03-13,54.0,50.5,31.0,54.0,54.0,32.0,52.0,15.0,24,0.0,23.4,28,29.0,81,7.0,51.0,13.0,54.0,0.0,0.0,2.0,0.0,1.0,-1.0,23.0,3.1780538303479458,166.0,5.117993812416755,0.4694715627858908,0.882947592858927,0.0,0.0,0.0,0.0,8.100000000000044,3,57.0,34.0,55.0,57.0,35.0,52.0,0.0
2023-03-14,57.0,56.29166666666666,34.0,55.0,57.0,35.0,52.0,18.0,24,1.3,20.2,26,28.8,81,12.0,47.0,40.0,54.0,3.0,3.0,1.0,3.0,3.0,0.0,32.0,3.4965075614664802,170.0,5.14166355650266,0.4383711467890774,0.898794046299167,0.0,0.0,0.0,0.0,3.1000000000000427,3,58.0,34.0,55.0,58.0,36.0,57.0,0.0
2023-03-15,58.0,57.125,34.0,55.0,58.0,36.0,57.0,18.0,24,1.3,17.4,32,28.6,81,33.0,20.0,14.0,57.0,1.0,0.0,0.0,1.0,1.0,5.0,52.0,3.970291913552122,118.0,4.77912349311153,0.5299192642332049,0.848048096156426,0.0,0.0,0.0,0.0,2.6000000000000427,3,58.0,33.0,57.0,58.0,35.0,56.0,0.0
2023-03-16,58.0,56.583333333333336,33.0,57.0,58.0,35.0,56.0,18.0,24,0.5,18.7,30,30.0,81,31.0,17.0,63.0,58.0,0.0,-1.0,2.0,0.0,-1.0,-1.0,76.0,4.343805421853684,84.0,4.442651256490317,0.49999999999999994,0.8660254037844387,0.0,0.0,0.0,0.0,3.1000000000000427,3,55.0,37.0,54.0,55.0,32.0,50.0,0.0
2023-03-17,55.0,54.04166666666666,37.0,54.0,55.0,32.0,50.0,15.0,24,2.7,17.1,33,29.8,82,37.0,23.0,36.0,58.0,-3.0,4.0,-3.0,-3.0,-3.0,-6.0,101.0,4.624972813284271,60.0,4.110873864173311,0.5446390350150271,0.838670567945424,0.0,0.0,0.0,0.0,4.500000000000043,3,53.0,46.0,53.0,53.0,30.0,49.0,0.0
2023-03-18,53.0,53.0,46.0,53.0,53.0,30.0,49.0,14.0,24,1.5,18.2,37,30.1,83,71.0,37.0,20.0,55.0,-2.0,9.0,-1.0,-2.0,-2.0,-1.0,139.0,4.941642422609304,77.0,4.356708826689592,0.6018150231520483,0.7986355100472928,0.0,0.0,0.0,0.0,4.700000000000043,3,54.0,52.0,52.0,54.0,35.0,47.0,0.0
2023-03-19,54.0,53.625,52.0,52.0,54.0,35.0,47.0,15.0,24,1.8,15.8,38,29.6,84,32.0,69.0,50.0,53.0,1.0,6.0,-1.0,1.0,5.0,-2.0,140.0,4.948759890378168,129.0,4.867534450455582,0.6156614753256583,0.7880107536067219,0.0,0.0,0.0,0.0,6.000000000000043,3,53.0,51.0,53.0,53.0,27.0,42.0,0.0
2023-03-20,53.0,52.29166666666666,51.0,53.0,53.0,27.0,42.0,14.0,24,8.2,13.2,36,28.8,88,20.0,14.0,29.0,54.0,-1.0,-1.0,1.0,-1.0,-8.0,-5.0,123.0,4.820281565605037,120.0,4.795790545596741,0.5877852522924731,0.8090169943749475,0.0,0.0,0.0,0.0,11.500000000000043,3,51.0,43.0,46.0,51.0,30.0,48.0,0.0
2023-03-21,51.0,47.708333333333336,43.0,46.0,51.0,30.0,48.0,12.0,24,0.8,8.4,63,30.6,86,21.0,18.0,4.0,53.0,-2.0,-8.0,-7.0,-2.0,3.0,6.0,73.0,4.30406509320417,101.0,4.624972813284271,0.8910065241883678,0.4539904997395468,0.0,0.0,0.0,0.0,10.800000000000043,3,43.0,39.0,41.0,43.0,31.0,41.0,0.0
2023-03-22,43.0,40.5,39.0,41.0,43.0,31.0,41.0,10.0,24,4.9,9.2,33,30.4,87,26.0,49.0,24.0,51.0,-8.0,-4.0,-5.0,-8.0,1.0,-7.0,67.0,4.219507705176107,81.0,4.406719247264253,0.5446390350150271,0.838670567945424,0.0,0.0,0.0,0.0,13.900000000000041,3,46.0,43.0,40.0,46.0,34.0,42.0,0.0
2023-03-23,46.0,43.125,43.0,40.0,46.0,34.0,42.0,11.0,24,2.0,9.7,33,30.8,88,24.0,55.0,30.0,43.0,3.0,4.0,-1.0,3.0,3.0,1.0,71.0,4.276666119016055,122.0,4.812184355372417,0.5446390350150271,0.838670567945424,0.0,0.0,0.0,0.0,7.700000000000043,3,52.0,44.0,45.0,52.0,28.0,35.0,0.0
2023-03-24,52.0,46.333333333333336,44.0,45.0,52.0,28.0,35.0,13.0,24,5.9,10.2,16,30.5,88,26.0,31.0,20.0,46.0,6.0,1.0,5.0,6.0,-6.0,-7.0,76.0,4.343805421853684,135.0,4.912654885736052,0.27563735581699916,0.9612616959383189,0.0,0.0,0.0,0.0,12.800000000000043,3,54.0,52.0,51.0,54.0,32.0,49.0,0.0
2023-03-25,54.0,52.958333333333336,52.0,51.0,54.0,32.0,49.0,15.0,24,15.6,11.3,353,29.7,89,3.0,7.0,33.0,52.0,2.0,8.0,6.0,2.0,4.0,14.0,53.0,3.9889840465642745,93.0,4.543294782270004,-0.12186934340514723,0.9925461516413221,0.0,0.0,0.0,0.0,23.500000000000043,3,55.0,54.0,51.0,55.0,33.0,41.0,0.0
2023-03-26,55.0,54.0625,54.0,51.0,55.0,33.0,41.0,16.0,16,3.2,9.8,283,30.6,86,4.0,11.0,10.0,54.0,1.0,2.0,0.0,1.0,1.0,-8.0,33.0,3.5263605246161616,49.0,3.912023005428146,-0.9743700647852352,0.22495105434386492,1.0,0.0,3.5263605246161616,0.0,24.700000000000042,3,55.0,54.0,46.0,55.0,33.0,41.0,0.0
2023-03-27,55.0,50.91666666666666,54.0,46.0,55.0,33.0,41.0,15.0,24,7.2,14.6,76,28.4,89,3.0,24.0,40.0,55.0,0.0,0.0,-5.0,0.0,0.0,0.0,10.0,2.3978952727983707,42.0,3.7612001156935624,0.9702957262759965,0.24192189559966767,0.0,1.0,0.0,3.7612001156935624,26.000000000000043,3,55.0,51.0,51.0,55.0,34.0,50.0,0.0
2023-03-28,55.0,52.875,51.0,51.0,55.0,34.0,50.0,15.0,24,4.0,11.4,44,31.0,84,27.0,18.0,41.0,55.0,0.0,-3.0,5.0,0.0,1.0,9.0,34.0,3.5553480614894135,53.0,3.9889840465642745,0.6946583704589973,0.7193398003386512,0.0,0.0,0.0,0.0,14.400000000000043,3,50.0,50.0,35.0,47.0,29.0,34.0,0.0
2023-03-29,50.0,45.458333333333336,50.0,35.0,47.0,29.0,34.0,12.0,24,2.2,12.1,19,30.1,86,21.0,17.0,53.0,55.0,-5.0,-1.0,-16.0,-8.0,-5.0,-16.0,51.0,3.9512437185814275,59.0,4.0943445622221,0.3255681544571567,0.9455185755993168,0.0,0.0,0.0,0.0,13.400000000000041,3,43.0,43.0,34.0,39.0,36.0,32.0,0.0
2023-03-30,43.0,37.5,43.0,34.0,39.0,36.0,32.0,10.0,24,5.9,14.0,7,30.3,87,22.0,19.0,41.0,50.0,-7.0,-7.0,-1.0,-8.0,7.0,-2.0,70.0,4.2626798770413155,54.0,4.007333185232471,0.12186934340514748,0.992546151641322,0.0,0.0,0.0,0.0,12.100000000000044,3,52.0,37.0,52.0,52.0,37.0,40.0,0.0
2023-03-31,52.0,42.75,37.0,52.0,52.0,37.0,40.0,13.0,20,7.9,8.7,11,30.8,86,4.0,1.0,18.0,43.0,9.0,-6.0,18.0,13.0,1.0,8.0,47.0,3.871201010907891,37.0,3.6375861597263857,0.1908089953765448,0.981627183447664,0.0,0.0,0.0,0.0,16.000000000000043,3,56.0,31.0,54.0,56.0,31.0,47.0,0.0
2023-04-01,56.0,54.79166666666666,31.0,54.0,56.0,31.0,47.0,17.0,24,14.6,9.7,51,30.7,84,2.0,5.0,40.0,52.0,4.0,-6.0,2.0,4.0,-6.0,7.0,28.0,3.367295829986474,25.0,3.258096538021482,0.7771459614569709,0.6293203910498375,0.0,0.0,0.0,0.0,28.400000000000045,4,56.0,39.0,53.0,56.0,31.0,45.0,0.0
2023-04-02,56.0,53.208333333333336,39.0,53.0,56.0,31.0,45.0,17.0,24,6.5,8.5,306,29.7,86,13.0,8.0,17.0,56.0,0.0,8.0,-1.0,0.0,0.0,-2.0,19.0,2.995732273553991,14.0,2.70805020110221,-0.8090169943749476,0.5877852522924729,0.0,0.0,0.0,0.0,29.000000000000043,4,58.0,38.0,53.0,58.0,32.0,45.0,0.0
2023-04-03,58.0,54.958333333333336,38.0,53.0,58.0,32.0,45.0,18.0,24,13.4,10.2,320,27.2,90,3.0,17.0,3.0,56.0,2.0,-1.0,0.0,2.0,1.0,0.0,18.0,2.9444389791664403,30.0,3.4339872044851463,-0.6427876096865396,0.7660444431189778,0.0,0.0,0.0,0.0,34.50000000000004,4,54.0,45.0,49.0,54.0,31.0,45.0,0.0
2023-04-04,54.0,51.208333333333336,45.0,49.0,54.0,31.0,45.0,15.0,24,4.0,15.4,297,30.9,85,39.0,4.0,27.0,58.0,-4.0,7.0,-4.0,-4.0,-1.0,0.0,55.0,4.02535169073515,29.0,3.4011973816621555,-0.891006524188368,0.45399049973954664,0.0,0.0,0.0,0.0,23.90000000000004,4,61.0,37.0,56.0,61.0,39.0,57.0,0.0
2023-04-05,61.0,57.22727272727273,37.0,56.0,61.0,39.0,57.0,21.0,22,16.8,14.8,305,29.3,89,21.0,35.0,33.0,54.0,7.0,-8.0,7.0,7.0,8.0,12.0,63.0,4.1588830833596715,56.0,4.04305126783455,-0.8191520442889918,0.573576436351046,0.0,0.0,0.0,0.0,34.200000000000045,4,61.0,37.0,57.0,61.0,40.0,57.0,0.0
2023-04-06,61.0,60.333333333333336,37.0,57.0,61.0,40.0,57.0,21.0,12,0.9,13.5,280,29.7,86,9.0,12.0,11.0,61.0,0.0,0.0,1.0,0.0,1.0,0.0,69.0,4.248495242049359,51.0,3.9512437185814275,-0.9848077530122081,0.17364817766692997,1.0,0.0,4.248495242049359,0.0,21.700000000000045,4,,,,,,,
2023-04-07,,,,,,,,,0,12.1,11.6,320,29.6,86,12.0,42.0,24.0,61.0,,,,,,,42.0,3.7612001156935624,89.0,4.499809670330265,-0.6427876096865396,0.7660444431189778,0.0,0.0,0.0,0.0,29.800000000000047,4,,,,,,,
2023-04-08,,,,,,,,,0,1.8,15.3,355,30.1,86,33.0,51.0,26.0,,,,,,,,54.0,4.007333185232471,105.0,4.663439094112067,-0.08715574274765832,0.9961946980917455,0.0,0.0,0.0,0.0,14.800000000000043,4,,,,,,,
2023-04-09,,,,,,,,,0,1.9,12.5,18,30.1,84,38.0,28.0,38.0,,,,,,,,83.0,4.430816798843313,121.0,4.804021044733257,0.3090169943749474,0.9510565162951535,0.0,0.0,0.0,0.0,15.800000000000042,4,,,,,,,
2023-04-10,,,,,,,,,0,1.4,8.2,349,31.1,83,46.0,41.0,60.0,,,,,,,,117.0,4.770684624465665,120.0,4.795790545596741,-0.19080899537654467,0.981627183447664,0.0,0.0,0.0,0.0,5.100000000000042,4,,,,,,,
2023-04-11,,,,,,,,,0,0.3,11.5,14,32.3,80,107.0,114.0,28.0,,,,,,,,191.0,5.2574953720277815,183.0,5.214935757608986,0.24192189559966773,0.9702957262759965,0.0,0.0,0.0,0.0,3.6000000000000427,4,72.0,43.0,63.0,72.0,52.0,59.0,0.0
2023-04-12,72.0,71.66666666666667,43.0,63.0,72.0,52.0,59.0,31.0,3,1.9,10.2,353,31.9,83,49.0,164.0,53.0,,,,,,,,202.0,5.313205979041787,319.0,5.768320995793772,-0.12186934340514723,0.9925461516413221,0.0,0.0,0.0,0.0,3.6000000000000423,4,74.0,49.0,69.0,74.0,55.0,70.0,0.0
2023-04-13,74.0,72.16666666666667,49.0,69.0,74.0,55.0,70.0,32.0,24,7.7,9.7,321,30.7,85,80.0,103.0,45.0,72.0,2.0,6.0,6.0,2.0,3.0,11.0,236.0,5.4680601411351315,381.0,5.945420608606575,-0.6293203910498378,0.7771459614569706,0.0,0.0,0.0,0.0,9.900000000000043,4,71.0,48.0,66.0,71.0,53.0,67.0,0.0
2023-04-14,71.0,69.16666666666667,48.0,66.0,71.0,53.0,67.0,30.0,24,8.0,9.9,344,31.0,86,59.0,29.0,37.0,74.0,-3.0,-1.0,-3.0,-3.0,-2.0,-3.0,188.0,5.241747015059643,296.0,5.6937321388027,-0.27563735581699894,0.9612616959383189,0.0,0.0,0.0,0.0,17.60000000000004,4,96.0,96.0,68.0,72.0,53.0,63.0,0.0
2023-04-15,96.0,76.125,96.0,68.0,72.0,53.0,63.0,30.0,16,4.6,14.0,259,30.4,85,60.0,100.0,44.0,71.0,25.0,48.0,2.0,1.0,0.0,-4.0,199.0,5.298317366548036,232.0,5.4510384535657,-0.981627183447664,-0.1908089953765446,1.0,0.0,5.298317366548036,0.0,20.300000000000043,4,73.0,51.0,72.0,73.0,52.0,65.0,0.0
2023-04-16,73.0,70.58333333333333,51.0,72.0,73.0,52.0,65.0,32.0,24,12.1,13.5,258,31.3,84,26.0,87.0,13.0,96.0,-23.0,-45.0,4.0,1.0,-1.0,2.0,145.0,4.983606621708336,216.0,5.37989735354046,-0.9781476007338056,-0.2079116908177598,1.0,0.0,4.983606621708336,0.0,24.70000000000004,4,65.0,43.0,63.0,65.0,48.0,58.0,0.0
2023-04-17,65.0,59.625,43.0,63.0,65.0,48.0,58.0,24.0,24,8.2,10.5,288,31.2,85,45.0,75.0,22.0,73.0,-8.0,-8.0,-9.0,-8.0,-4.0,-7.0,131.0,4.882801922586371,262.0,5.572154032177765,-0.9510565162951536,0.30901699437494723,1.0,0.0,4.882801922586371,0.0,24.90000000000004,4,79.0,79.0,58.0,61.0,51.0,60.0,0.0
2023-04-18,79.0,61.66666666666666,79.0,58.0,61.0,51.0,60.0,21.0,24,8.3,10.2,126,31.6,85,44.0,92.0,18.0,65.0,14.0,36.0,-5.0,-4.0,3.0,2.0,115.0,4.7535901911063645,254.0,5.541263545158426,0.8090169943749475,-0.587785252292473,0.0,1.0,0.0,5.541263545158426,28.600000000000037,4,60.0,39.0,56.0,60.0,48.0,56.0,0.0
2023-04-19,60.0,56.625,39.0,56.0,60.0,48.0,56.0,20.0,24,11.1,8.7,162,30.2,86,58.0,79.0,28.0,79.0,-19.0,-40.0,-2.0,-1.0,-3.0,-4.0,147.0,4.997212273764115,246.0,5.5093883366279774,0.3090169943749475,-0.9510565162951535,0.0,0.0,0.0,0.0,27.60000000000004,4,53.0,34.0,47.0,49.0,41.0,53.0,0.0
2023-04-20,53.0,46.91666666666666,34.0,47.0,49.0,41.0,53.0,14.0,24,12.2,11.9,259,29.8,87,30.0,55.0,7.0,60.0,-7.0,-5.0,-9.0,-11.0,-7.0,-3.0,132.0,4.890349128221754,226.0,5.424950017481403,-0.981627183447664,-0.1908089953765446,1.0,0.0,4.890349128221754,0.0,31.60000000000004,4,51.0,29.0,44.0,51.0,37.0,39.0,0.0
2023-04-21,51.0,46.5,29.0,44.0,51.0,37.0,39.0,12.0,24,1.9,12.1,206,29.8,86,63.0,70.0,29.0,53.0,-2.0,-5.0,-3.0,2.0,-4.0,-14.0,151.0,5.0238805208462765,204.0,5.3230099791384085,-0.43837114678907746,-0.8987940462991669,1.0,0.0,5.0238805208462765,0.0,25.20000000000004,4,46.0,27.0,38.0,46.0,37.0,34.0,0.0
2023-04-22,46.0,41.25,27.0,38.0,46.0,37.0,34.0,11.0,24,4.1,8.9,124,31.1,85,104.0,51.0,20.0,51.0,-5.0,-2.0,-6.0,-5.0,0.0,-5.0,197.0,5.288267030694535,176.0,5.176149732573829,0.8290375725550417,-0.5591929034707467,0.0,1.0,0.0,5.176149732573829,18.20000000000004,4,36.0,24.0,31.0,36.0,25.0,29.0,0.0
2023-04-23,36.0,31.43478260869565,24.0,31.0,36.0,25.0,29.0,9.0,23,3.4,12.1,130,30.8,82,38.0,93.0,43.0,46.0,-10.0,-3.0,-7.0,-10.0,-12.0,-5.0,205.0,5.327876168789581,214.0,5.3706380281276624,0.766044443118978,-0.6427876096865394,0.0,1.0,0.0,5.3706380281276624,9.400000000000041,4,52.0,52.0,34.0,35.0,33.0,32.0,0.0
2023-04-24,52.0,33.25,52.0,34.0,35.0,33.0,32.0,8.0,24,2.4,12.6,101,31.3,80,15.0,94.0,46.0,36.0,16.0,28.0,3.0,-1.0,8.0,3.0,157.0,5.062595033026967,238.0,5.476463551931511,0.981627183447664,-0.1908089953765448,0.0,1.0,0.0,5.476463551931511,9.900000000000041,4,40.0,25.0,36.0,40.0,36.0,38.0,0.0
2023-04-25,40.0,37.26086956521739,25.0,36.0,40.0,36.0,38.0,10.0,23,3.8,9.4,17,31.3,86,25.0,52.0,9.0,52.0,-12.0,-27.0,2.0,5.0,3.0,6.0,78.0,4.3694478524670215,239.0,5.480638923341991,0.29237170472273677,0.9563047559630354,0.0,0.0,0.0,0.0,9.60000000000004,4,55.0,36.0,55.0,49.0,32.0,44.0,0.0
2023-04-26,55.0,48.333333333333336,36.0,55.0,49.0,32.0,44.0,16.0,24,6.2,8.9,33,31.4,85,64.0,41.0,19.0,40.0,15.0,11.0,19.0,9.0,-4.0,6.0,104.0,4.653960350157523,187.0,5.236441962829949,0.5446390350150271,0.838670567945424,0.0,0.0,0.0,0.0,12.400000000000041,4,50.0,32.0,50.0,46.0,29.0,39.0,0.0
2023-04-27,50.0,43.333333333333336,32.0,50.0,46.0,29.0,39.0,12.0,24,5.3,11.2,51,31.2,84,14.0,34.0,10.0,55.0,-5.0,-4.0,-5.0,-3.0,-3.0,-5.0,103.0,4.6443908991413725,127.0,4.852030263919617,0.7771459614569709,0.6293203910498375,0.0,0.0,0.0,0.0,15.300000000000042,4,49.0,27.0,42.0,49.0,31.0,43.0,0.0
2023-04-28,49.0,43.333333333333336,27.0,42.0,49.0,31.0,43.0,12.0,24,2.3,10.8,355,31.0,87,27.0,26.0,18.0,50.0,-1.0,-5.0,-8.0,3.0,2.0,4.0,105.0,4.663439094112067,101.0,4.624972813284271,-0.08715574274765832,0.9961946980917455,0.0,0.0,0.0,0.0,13.80000000000004,4,57.0,32.0,55.0,57.0,31.0,49.0,0.0
2023-04-29,57.0,52.29166666666666,32.0,55.0,57.0,31.0,49.0,17.0,24,10.1,8.0,320,30.8,88,13.0,26.0,19.0,49.0,8.0,5.0,13.0,8.0,0.0,6.0,54.0,4.007333185232471,86.0,4.465908118654584,-0.6427876096865396,0.7660444431189778,0.0,0.0,0.0,0.0,17.700000000000042,4,59.0,31.0,55.0,59.0,29.0,48.0,0.0
2023-04-30,59.0,56.125,31.0,55.0,59.0,29.0,48.0,19.0,24,11.2,12.9,353,30.6,88,19.0,20.0,7.0,57.0,2.0,-1.0,0.0,2.0,-2.0,-1.0,59.0,4.0943445622221,72.0,4.290459441148391,-0.12186934340514723,0.9925461516413221,0.0,0.0,0.0,0.0,23.60000000000004,4,54.0,29.0,38.0,54.0,25.0,39.0,0.0
2023-05-01,54.0,47.29166666666666,29.0,38.0,54.0,25.0,39.0,14.0,24,1.1,9.2,35,31.3,84,25.0,35.0,30.0,59.0,-5.0,-2.0,-17.0,-5.0,-4.0,-9.0,57.0,4.060443010546419,81.0,4.406719247264253,0.573576436351046,0.8191520442889918,0.0,0.0,0.0,0.0,22.40000000000004,5,48.0,24.0,40.0,48.0,27.0,32.0,0.0
2023-05-02,48.0,42.833333333333336,24.0,40.0,48.0,27.0,32.0,12.0,24,2.7,12.3,66,31.3,82,87.0,47.0,8.0,54.0,-6.0,-5.0,2.0,-6.0,2.0,-7.0,131.0,4.882801922586371,102.0,4.634728988229636,0.9135454576426009,0.4067366430758002,0.0,0.0,0.0,0.0,15.000000000000043,5,40.0,27.0,36.0,40.0,28.0,33.0,0.0
2023-05-03,40.0,35.333333333333336,27.0,36.0,40.0,28.0,33.0,10.0,24,14.0,9.6,25,32.1,86,28.0,65.0,19.0,48.0,-8.0,3.0,-4.0,-8.0,1.0,1.0,140.0,4.948759890378168,147.0,4.997212273764115,0.42261826174069944,0.9063077870366499,0.0,0.0,0.0,0.0,17.800000000000043,5,53.0,27.0,51.0,53.0,31.0,51.0,0.0
2023-05-04,53.0,50.125,27.0,51.0,53.0,31.0,51.0,14.0,24,12.8,11.1,48,31.1,85,12.0,43.0,13.0,40.0,13.0,0.0,15.0,13.0,3.0,18.0,127.0,4.852030263919617,155.0,5.049856007249537,0.7431448254773942,0.6691306063588582,0.0,0.0,0.0,0.0,29.500000000000043,5,64.0,37.0,55.0,64.0,33.0,54.0,0.0
2023-05-05,64.0,57.583333333333336,37.0,55.0,64.0,33.0,54.0,24.0,24,10.6,14.6,303,31.4,86,16.0,34.0,5.0,53.0,11.0,10.0,4.0,11.0,2.0,3.0,56.0,4.04305126783455,142.0,4.962844630259907,-0.8386705679454243,0.5446390350150266,0.0,0.0,0.0,0.0,37.40000000000004,5,64.0,38.0,56.0,64.0,30.0,55.0,0.0
2023-05-06,64.0,58.54166666666666,38.0,56.0,64.0,30.0,55.0,23.0,24,8.1,11.5,234,30.5,85,3.0,23.0,8.0,64.0,0.0,1.0,1.0,0.0,-3.0,1.0,31.0,3.4657359027997265,100.0,4.61512051684126,-0.8090169943749473,-0.5877852522924732,1.0,0.0,3.4657359027997265,0.0,31.500000000000043,5,51.0,23.0,45.0,51.0,18.0,31.0,0.0
2023-05-07,51.0,39.0,23.0,45.0,51.0,18.0,31.0,12.0,24,13.6,19.4,223,29.3,84,0.0,8.0,8.0,64.0,-13.0,-15.0,-11.0,-13.0,-12.0,-24.0,19.0,2.995732273553991,65.0,4.189654742026425,-0.6819983600624984,-0.7313537016191706,1.0,0.0,2.995732273553991,0.0,32.30000000000004,5,28.0,17.0,28.0,27.0,17.0,19.0,0.0
2023-05-08,28.0,25.83333333333333,17.0,28.0,27.0,17.0,19.0,7.0,24,0.9,16.6,188,31.0,78,1.0,18.0,6.0,51.0,-23.0,-6.0,-17.0,-24.0,-1.0,-12.0,4.0,1.6094379124341003,49.0,3.912023005428146,-0.13917310096006552,-0.9902680687415703,0.0,0.0,0.0,0.0,22.60000000000004,5,28.0,28.0,28.0,28.0,19.0,22.0,0.0
2023-05-09,28.0,25.58333333333333,28.0,28.0,28.0,19.0,22.0,7.0,24,0.0,10.6,171,30.9,80,17.0,10.0,7.0,28.0,0.0,11.0,0.0,1.0,2.0,3.0,18.0,2.9444389791664403,36.0,3.6109179126442243,0.15643446504023098,-0.9876883405951377,0.0,0.0,0.0,0.0,14.500000000000043,5,33.0,24.0,32.0,33.0,21.0,25.0,0.0
2023-05-10,33.0,26.791666666666668,24.0,32.0,33.0,21.0,25.0,8.0,24,0.9,11.2,127,31.8,81,48.0,45.0,12.0,28.0,5.0,-4.0,4.0,5.0,2.0,3.0,66.0,4.204692619390966,73.0,4.30406509320417,0.7986355100472927,-0.6018150231520484,0.0,1.0,0.0,4.30406509320417,1.8000000000000427,5,47.0,26.0,38.0,47.0,21.0,30.0,0.0
2023-05-11,47.0,40.333333333333336,26.0,38.0,47.0,21.0,30.0,11.0,15,5.4,12.0,93,31.8,83,49.0,61.0,25.0,33.0,14.0,2.0,6.0,14.0,0.0,5.0,114.0,4.74493212836325,116.0,4.762173934797756,0.9986295347545738,-0.05233595624294384,0.0,1.0,0.0,4.762173934797756,6.300000000000043,5,,,,,,,
2023-05-12,,,,,,,,,0,0.2,11.9,99,31.8,80,72.0,87.0,76.0,47.0,,,,,,,169.0,5.135798437050262,193.0,5.267858159063328,0.9876883405951378,-0.1564344650402308,0.0,1.0,0.0,5.267858159063328,6.5000000000000435,5,,,,,,,
2023-05-13,,,,,,,,,0,0.2,9.3,123,32.6,77,85.0,58.0,54.0,,,,,,,,206.0,5.332718793265369,206.0,5.332718793265369,0.838670567945424,-0.5446390350150271,0.0,1.0,0.0,5.332718793265369,5.800000000000043,5,,,,,,,
2023-05-14,,,,,,,,,0,0.0,10.0,128,32.6,78,56.0,53.0,51.0,,,,,,,,213.0,5.365976015021851,198.0,5.293304824724492,0.788010753606722,-0.6156614753256583,0.0,1.0,0.0,5.293304824724492,0.40000000000004265,5,,,,,,,
2023-05-15,,,,,,,,,0,2.1,11.3,134,31.8,80,36.0,74.0,32.0,,,,,,,,177.0,5.181783550292085,185.0,5.225746673713202,0.7193398003386511,-0.6946583704589974,0.0,1.0,0.0,5.225746673713202,2.300000000000043,5,54.0,35.0,48.0,53.0,34.0,54.0,0.0
2023-05-16,54.0,53.45454545454545,35.0,48.0,53.0,34.0,54.0,15.0,11,9.5,14.8,172,30.1,86,64.0,69.0,37.0,,,,,,,,156.0,5.056245805348308,196.0,5.2832037287379885,0.13917310096006533,-0.9902680687415704,0.0,0.0,0.0,0.0,11.600000000000042,5,57.0,32.0,44.0,53.0,33.0,57.0,0.0
2023-05-17,57.0,46.458333333333336,32.0,44.0,53.0,33.0,57.0,17.0,24,10.2,8.7,155,31.1,85,64.0,82.0,14.0,54.0,3.0,-3.0,-4.0,0.0,-1.0,3.0,164.0,5.10594547390058,225.0,5.420534999272286,0.4226182617406995,-0.9063077870366499,0.0,1.0,0.0,5.420534999272286,21.80000000000004,5,64.0,44.0,58.0,62.0,41.0,64.0,0.0
2023-05-18,64.0,61.54166666666666,44.0,58.0,62.0,41.0,64.0,24.0,24,6.2,12.9,249,30.1,85,29.0,78.0,18.0,57.0,7.0,12.0,14.0,9.0,8.0,7.0,157.0,5.062595033026967,229.0,5.438079308923196,-0.9335804264972016,-0.3583679495453007,1.0,0.0,5.062595033026967,0.0,25.90000000000004,5,60.0,37.0,57.0,60.0,41.0,56.0,0.0
2023-05-19,60.0,55.333333333333336,37.0,57.0,60.0,41.0,56.0,20.0,24,20.0,12.9,263,29.9,86,8.0,44.0,13.0,64.0,-4.0,-7.0,-1.0,-2.0,0.0,-8.0,101.0,4.624972813284271,204.0,5.3230099791384085,-0.9925461516413221,-0.12186934340514717,1.0,0.0,4.624972813284271,0.0,36.40000000000004,5,54.0,26.0,51.0,54.0,26.0,47.0,0.0
2023-05-20,54.0,50.875,26.0,51.0,54.0,26.0,47.0,15.0,24,8.0,13.7,210,29.4,87,30.0,82.0,7.0,60.0,-6.0,-11.0,-6.0,-6.0,-15.0,-9.0,67.0,4.219507705176107,204.0,5.3230099791384085,-0.5000000000000001,-0.8660254037844386,1.0,0.0,4.219507705176107,0.0,34.200000000000045,5,54.0,27.0,54.0,53.0,45.0,40.0,0.0
2023-05-21,54.0,52.91666666666666,27.0,54.0,53.0,45.0,40.0,15.0,24,4.3,15.1,200,28.6,87,13.0,66.0,14.0,54.0,0.0,1.0,3.0,-1.0,19.0,-7.0,51.0,3.9512437185814275,192.0,5.262690188904886,-0.34202014332566866,-0.9396926207859084,1.0,0.0,3.9512437185814275,0.0,32.30000000000004,5,57.0,32.0,53.0,50.0,57.0,43.0,0.0
2023-05-22,57.0,54.375,32.0,53.0,50.0,57.0,43.0,18.0,24,2.8,11.9,211,30.5,85,65.0,56.0,18.0,54.0,3.0,5.0,-1.0,-3.0,12.0,3.0,108.0,4.6913478822291435,204.0,5.3230099791384085,-0.5150380749100542,-0.8571673007021123,1.0,0.0,4.6913478822291435,0.0,15.100000000000042,5,56.0,28.0,53.0,52.0,56.0,44.0,0.0
2023-05-23,56.0,50.958333333333336,28.0,53.0,52.0,56.0,44.0,17.0,24,5.0,10.9,242,30.1,85,118.0,73.0,40.0,57.0,-1.0,-4.0,0.0,2.0,-1.0,1.0,196.0,5.2832037287379885,195.0,5.278114659230517,-0.882947592858927,-0.46947156278589075,1.0,0.0,5.2832037287379885,0.0,12.100000000000042,5,52.0,27.0,44.0,45.0,52.0,43.0,0.0
2023-05-24,52.0,46.66666666666666,27.0,44.0,45.0,52.0,43.0,13.0,24,0.9,12.9,197,30.6,81,93.0,36.0,30.0,56.0,-4.0,-1.0,-9.0,-7.0,-4.0,-1.0,276.0,5.6240175061873385,165.0,5.111987788356544,-0.29237170472273677,-0.9563047559630354,0.0,0.0,0.0,0.0,8.700000000000042,5,54.0,27.0,49.0,54.0,41.0,40.0,0.0
2023-05-25,54.0,51.1578947368421,27.0,49.0,54.0,41.0,40.0,14.0,19,3.0,13.8,167,30.4,83,91.0,104.0,18.0,52.0,2.0,0.0,5.0,9.0,-11.0,-3.0,302.0,5.713732805509369,213.0,5.365976015021851,0.2249510543438652,-0.9743700647852351,0.0,0.0,0.0,0.0,8.900000000000043,5,54.0,32.0,53.0,54.0,32.0,38.0,0.0
2023-05-26,54.0,53.266666666666666,32.0,53.0,54.0,32.0,38.0,15.0,15,33.3,10.9,169,29.3,88,41.0,68.0,6.0,54.0,0.0,5.0,4.0,0.0,-9.0,-2.0,225.0,5.420534999272286,208.0,5.342334251964811,0.19080899537654497,-0.981627183447664,0.0,0.0,0.0,0.0,37.20000000000004,5,58.0,38.0,57.0,58.0,33.0,51.0,0.0
2023-05-27,58.0,55.375,38.0,57.0,58.0,33.0,51.0,18.0,24,3.8,16.3,209,30.0,86,66.0,86.0,5.0,54.0,4.0,6.0,4.0,4.0,1.0,13.0,198.0,5.293304824724492,258.0,5.556828061699537,-0.48480962024633695,-0.8746197071393959,1.0,0.0,5.293304824724492,0.0,40.10000000000004,5,56.0,35.0,55.0,56.0,41.0,45.0,0.0
2023-05-28,56.0,51.375,35.0,55.0,56.0,41.0,45.0,16.0,24,6.3,14.1,201,29.3,87,64.0,100.0,28.0,58.0,-2.0,-3.0,-2.0,-2.0,8.0,-6.0,171.0,5.147494476813453,254.0,5.541263545158426,-0.35836794954530043,-0.9335804264972017,1.0,0.0,5.147494476813453,0.0,43.40000000000004,5,48.0,25.0,48.0,40.0,43.0,28.0,0.0
2023-05-29,48.0,43.833333333333336,25.0,48.0,40.0,43.0,28.0,12.0,24,5.7,12.8,206,30.7,81,49.0,78.0,44.0,56.0,-8.0,-10.0,-7.0,-16.0,2.0,-17.0,179.0,5.19295685089021,264.0,5.579729825986222,-0.43837114678907746,-0.8987940462991669,1.0,0.0,5.19295685089021,0.0,15.800000000000043,5,51.0,26.0,47.0,51.0,51.0,32.0,0.0
2023-05-30,51.0,47.375,26.0,47.0,51.0,51.0,32.0,12.0,24,1.9,15.1,182,30.4,85,20.0,79.0,27.0,48.0,3.0,1.0,-1.0,11.0,8.0,4.0,133.0,4.897839799950911,257.0,5.552959584921617,-0.0348994967025009,-0.9993908270190958,0.0,0.0,0.0,0.0,13.900000000000041,5,53.0,29.0,42.0,53.0,52.0,30.0,0.0
2023-05-31,53.0,50.04166666666666,29.0,42.0,53.0,52.0,30.0,13.0,24,5.0,13.8,180,30.4,83,58.0,147.0,26.0,51.0,2.0,3.0,-5.0,2.0,1.0,-2.0,127.0,4.852030263919617,304.0,5.720311776607412,1.2246467991473532e-16,-1.0,0.0,0.0,0.0,0.0,12.600000000000042,5,57.0,32.0,53.0,57.0,29.0,41.0,0.0
2023-06-01,57.0,52.625,32.0,53.0,57.0,29.0,41.0,17.0,24,72.9,11.4,198,28.0,89,36.0,88.0,18.0,53.0,4.0,3.0,11.0,4.0,-23.0,11.0,114.0,4.74493212836325,314.0,5.752572638825633,-0.3090169943749473,-0.9510565162951536,0.0,0.0,0.0,0.0,79.80000000000005,6,54.0,31.0,45.0,54.0,26.0,29.0,0.0
2023-06-02,54.0,44.833333333333336,31.0,45.0,54.0,26.0,29.0,15.0,24,6.0,12.6,160,30.3,84,118.0,70.0,30.0,57.0,-3.0,-1.0,-8.0,-3.0,-3.0,-12.0,212.0,5.3612921657094255,305.0,5.723585101952381,0.3420201433256689,-0.9396926207859083,0.0,1.0,0.0,5.723585101952381,83.90000000000005,6,59.0,33.0,53.0,59.0,36.0,45.0,0.0
2023-06-03,59.0,56.91666666666666,33.0,53.0,59.0,36.0,45.0,19.0,24,2.5,16.2,159,30.7,86,77.0,51.0,46.0,54.0,5.0,2.0,8.0,5.0,10.0,16.0,231.0,5.44673737166631,209.0,5.3471075307174685,0.3583679495453002,-0.9335804264972017,0.0,1.0,0.0,5.3471075307174685,81.40000000000005,6,64.0,36.0,55.0,59.0,64.0,52.0,0.0
2023-06-04,64.0,60.833333333333336,36.0,55.0,59.0,64.0,52.0,24.0,24,20.1,15.8,234,29.5,88,42.0,37.0,25.0,59.0,5.0,3.0,2.0,0.0,28.0,7.0,237.0,5.472270673671475,158.0,5.0689042022202315,-0.8090169943749473,-0.5877852522924732,1.0,0.0,5.472270673671475,0.0,28.600000000000044,6,62.0,38.0,51.0,54.0,62.0,42.0,0.0
2023-06-05,62.0,53.875,38.0,51.0,54.0,62.0,42.0,22.0,24,0.0,11.9,199,30.5,83,27.0,15.0,4.0,64.0,-2.0,2.0,-4.0,-5.0,-2.0,-10.0,146.0,4.990432586778736,103.0,4.6443908991413725,-0.32556815445715676,-0.9455185755993167,0.0,0.0,0.0,0.0,22.600000000000044,6,54.0,28.0,52.0,54.0,54.0,50.0,0.0
2023-06-06,54.0,52.54166666666666,28.0,52.0,54.0,54.0,50.0,15.0,24,4.6,11.7,175,29.2,86,29.0,27.0,17.0,62.0,-8.0,-10.0,1.0,0.0,-8.0,8.0,98.0,4.59511985013459,79.0,4.382026634673881,0.0871557427476582,-0.9961946980917455,0.0,0.0,0.0,0.0,24.700000000000045,6,54.0,29.0,53.0,54.0,37.0,51.0,0.0
2023-06-07,54.0,53.708333333333336,29.0,53.0,54.0,37.0,51.0,15.0,24,7.6,15.2,174,29.5,86,10.0,33.0,8.0,54.0,0.0,1.0,1.0,0.0,-17.0,1.0,66.0,4.204692619390966,75.0,4.330733340286331,0.10452846326765373,-0.9945218953682733,0.0,0.0,0.0,0.0,12.200000000000042,6,52.0,28.0,45.0,52.0,25.0,43.0,0.0
2023-06-08,52.0,49.5,28.0,45.0,52.0,25.0,43.0,13.0,24,0.4,16.0,155,30.3,84,11.0,42.0,6.0,54.0,-2.0,-1.0,-8.0,-2.0,-12.0,-8.0,50.0,3.9318256327243257,102.0,4.634728988229636,0.4226182617406995,-0.9063077870366499,0.0,1.0,0.0,4.634728988229636,12.600000000000042,6,45.0,27.0,39.0,45.0,23.0,33.0,0.0
2023-06-09,45.0,38.25,27.0,39.0,45.0,23.0,33.0,11.0,24,14.3,13.5,154,30.5,87,30.0,48.0,21.0,52.0,-7.0,-1.0,-6.0,-7.0,-2.0,-10.0,51.0,3.9512437185814275,123.0,4.820281565605037,0.4383711467890773,-0.898794046299167,0.0,1.0,0.0,4.820281565605037,22.300000000000043,6,34.0,22.0,31.0,34.0,21.0,23.0,0.0
2023-06-10,34.0,30.58333333333333,22.0,31.0,34.0,21.0,23.0,8.0,24,7.4,16.4,164,30.2,83,52.0,121.0,22.0,45.0,-11.0,-5.0,-8.0,-11.0,-2.0,-10.0,93.0,4.543294782270004,211.0,5.356586274672012,0.2756373558169992,-0.9612616959383189,0.0,0.0,0.0,0.0,22.100000000000044,6,40.0,21.0,35.0,40.0,21.0,27.0,0.0
2023-06-11,40.0,37.458333333333336,21.0,35.0,40.0,21.0,27.0,10.0,24,0.3,15.3,146,31.2,80,61.0,121.0,12.0,34.0,6.0,-1.0,4.0,6.0,0.0,4.0,143.0,4.969813299576001,290.0,5.673323267171493,0.5591929034707469,-0.8290375725550416,0.0,1.0,0.0,5.673323267171493,22.000000000000046,6,48.0,23.0,34.0,48.0,19.0,32.0,0.0
2023-06-12,48.0,46.125,23.0,34.0,48.0,19.0,32.0,12.0,24,10.9,21.1,157,30.5,83,74.0,53.0,25.0,40.0,8.0,2.0,-1.0,8.0,-2.0,5.0,187.0,5.236441962829949,295.0,5.69035945432406,0.39073112848927377,-0.9205048534524404,0.0,1.0,0.0,5.69035945432406,18.600000000000044,6,52.0,30.0,48.0,52.0,20.0,49.0,0.0
2023-06-13,52.0,49.333333333333336,30.0,48.0,52.0,20.0,49.0,13.0,24,3.6,14.5,171,30.1,86,93.0,87.0,34.0,48.0,4.0,7.0,14.0,4.0,1.0,17.0,228.0,5.43372200355424,261.0,5.568344503761097,0.15643446504023098,-0.9876883405951377,0.0,0.0,0.0,0.0,14.800000000000043,6,48.0,26.0,46.0,48.0,19.0,47.0,0.0
2023-06-14,48.0,41.958333333333336,26.0,46.0,48.0,19.0,47.0,12.0,24,16.2,9.3,174,29.9,87,63.0,14.0,23.0,52.0,-4.0,-4.0,-2.0,-4.0,-1.0,-2.0,230.0,5.442417710521793,154.0,5.043425116919247,0.10452846326765373,-0.9945218953682733,0.0,0.0,0.0,0.0,30.700000000000042,6,45.0,34.0,43.0,45.0,32.0,36.0,0.0
2023-06-15,45.0,42.29166666666666,34.0,43.0,45.0,32.0,36.0,11.0,24,0.8,9.0,150,29.2,88,63.0,22.0,15.0,48.0,-3.0,8.0,-3.0,-3.0,13.0,-11.0,219.0,5.393627546352362,123.0,4.820281565605037,0.49999999999999994,-0.8660254037844387,0.0,1.0,0.0,4.820281565605037,20.60000000000004,6,42.0,32.0,42.0,40.0,32.0,36.0,0.0
2023-06-16,42.0,37.333333333333336,32.0,42.0,40.0,32.0,36.0,10.0,24,0.2,14.9,160,31.2,83,112.0,32.0,38.0,45.0,-3.0,-2.0,-1.0,-5.0,0.0,0.0,238.0,5.476463551931511,68.0,4.23410650459726,0.3420201433256689,-0.9396926207859083,0.0,1.0,0.0,4.23410650459726,17.200000000000042,6,43.0,31.0,43.0,43.0,18.0,32.0,0.0
2023-06-17,43.0,37.79166666666666,31.0,43.0,43.0,18.0,32.0,10.0,24,0.5,13.6,163,31.4,80,103.0,19.0,9.0,42.0,1.0,-1.0,1.0,3.0,-14.0,-4.0,278.0,5.631211781821365,73.0,4.30406509320417,0.2923717047227366,-0.9563047559630355,0.0,0.0,0.0,0.0,1.5000000000000426,6,50.0,39.0,44.0,50.0,32.0,41.0,0.0
2023-06-18,50.0,43.0,39.0,44.0,50.0,32.0,41.0,12.0,24,21.6,17.1,217,29.2,87,157.0,45.0,1.0,43.0,7.0,8.0,1.0,7.0,14.0,9.0,372.0,5.921578419643816,96.0,4.574710978503383,-0.6018150231520484,-0.7986355100472928,1.0,0.0,5.921578419643816,0.0,22.300000000000043,6,63.0,40.0,55.0,63.0,30.0,50.0,0.0
2023-06-19,63.0,59.708333333333336,40.0,55.0,63.0,30.0,50.0,23.0,24,0.2,10.8,51,31.9,81,180.0,26.0,23.0,50.0,13.0,1.0,11.0,13.0,-2.0,9.0,440.0,6.089044875446846,90.0,4.51085950651685,0.7771459614569709,0.6293203910498375,0.0,0.0,0.0,0.0,22.300000000000043,6,61.0,38.0,54.0,61.0,27.0,47.0,0.0
2023-06-20,61.0,53.91666666666666,38.0,54.0,61.0,27.0,47.0,21.0,24,5.7,10.1,123,30.8,84,138.0,11.0,54.0,63.0,-2.0,-2.0,-1.0,-2.0,-3.0,-3.0,475.0,6.16541785423142,82.0,4.418840607796598,0.838670567945424,-0.5446390350150271,0.0,1.0,0.0,4.418840607796598,27.500000000000043,6,52.0,30.0,43.0,52.0,28.0,34.0,0.0
2023-06-21,52.0,49.0,30.0,43.0,52.0,28.0,34.0,13.0,23,1.4,17.7,149,30.2,81,141.0,105.0,22.0,61.0,-9.0,-8.0,-11.0,-9.0,1.0,-13.0,459.0,6.131226489483141,142.0,4.962844630259907,0.5150380749100544,-0.8571673007021122,0.0,1.0,0.0,4.962844630259907,7.300000000000043,6,52.0,30.0,52.0,49.0,19.0,47.0,0.0
2023-06-22,52.0,45.75,30.0,52.0,49.0,19.0,47.0,13.0,24,0.8,12.5,122,31.7,77,58.0,133.0,29.0,52.0,0.0,0.0,9.0,-3.0,-9.0,13.0,337.0,5.823045895483019,249.0,5.521460917862246,0.8480480961564261,-0.5299192642332048,0.0,1.0,0.0,5.521460917862246,7.900000000000043,6,54.0,40.0,51.0,54.0,24.0,52.0,0.0
2023-06-23,54.0,52.91666666666666,40.0,51.0,54.0,24.0,52.0,15.0,24,5.6,11.2,147,30.4,84,35.0,108.0,5.0,52.0,2.0,10.0,-1.0,5.0,5.0,5.0,234.0,5.459585514144159,346.0,5.849324779946859,0.5446390350150273,-0.8386705679454239,0.0,1.0,0.0,5.849324779946859,7.8000000000000425,6,53.0,36.0,47.0,53.0,26.0,53.0,0.0
2023-06-24,53.0,51.75,36.0,47.0,53.0,26.0,53.0,14.0,24,2.9,11.9,238,28.9,87,88.0,121.0,11.0,54.0,-1.0,-4.0,-4.0,-1.0,2.0,1.0,181.0,5.204006687076795,362.0,5.8944028342648505,-0.848048096156426,-0.529919264233205,1.0,0.0,5.204006687076795,0.0,9.300000000000043,6,60.0,36.0,52.0,57.0,53.0,60.0,0.0
2023-06-25,60.0,57.30434782608695,36.0,52.0,57.0,53.0,60.0,20.0,23,0.4,9.9,240,30.9,82,32.0,119.0,18.0,53.0,7.0,0.0,5.0,4.0,27.0,7.0,155.0,5.049856007249537,348.0,5.855071922202427,-0.8660254037844385,-0.5000000000000004,1.0,0.0,5.049856007249537,0.0,8.900000000000043,6,58.0,32.0,51.0,57.0,53.0,58.0,0.0
2023-06-26,58.0,50.66666666666666,32.0,51.0,57.0,53.0,58.0,18.0,24,4.9,11.9,239,29.7,85,33.0,181.0,11.0,60.0,-2.0,-4.0,-1.0,0.0,0.0,-2.0,153.0,5.0369526024136295,421.0,6.045005314036012,-0.8571673007021121,-0.5150380749100544,1.0,0.0,5.0369526024136295,0.0,8.200000000000042,6,46.0,24.0,42.0,46.0,42.0,44.0,0.0
2023-06-27,46.0,42.375,24.0,42.0,46.0,42.0,44.0,11.0,24,2.4,14.5,217,29.7,84,18.0,193.0,9.0,58.0,-12.0,-8.0,-9.0,-11.0,-11.0,-14.0,83.0,4.430816798843313,493.0,6.202535517187923,-0.6018150231520484,-0.7986355100472928,1.0,0.0,4.430816798843313,0.0,7.700000000000042,6,52.0,26.0,41.0,46.0,52.0,49.0,0.0
2023-06-28,52.0,45.333333333333336,26.0,41.0,46.0,52.0,49.0,13.0,24,12.4,13.7,197,29.2,87,36.0,86.0,10.0,46.0,6.0,2.0,-1.0,0.0,10.0,5.0,87.0,4.477336814478207,460.0,6.133398042996649,-0.29237170472273677,-0.9563047559630354,0.0,0.0,0.0,0.0,19.700000000000042,6,56.0,30.0,52.0,54.0,56.0,56.0,0.0
2023-06-29,56.0,55.29166666666666,30.0,52.0,54.0,56.0,56.0,17.0,24,7.9,15.9,183,29.9,85,34.0,108.0,22.0,52.0,4.0,4.0,11.0,8.0,4.0,7.0,88.0,4.48863636973214,387.0,5.961005339623274,-0.052335956242943564,-0.9986295347545738,0.0,0.0,0.0,0.0,22.700000000000045,6,55.0,37.0,48.0,53.0,54.0,55.0,0.0
2023-06-30,55.0,53.75,37.0,48.0,53.0,54.0,55.0,16.0,24,13.8,11.3,186,29.5,89,25.0,85.0,17.0,56.0,-1.0,7.0,-4.0,-1.0,-2.0,-1.0,95.0,4.564348191467836,279.0,5.634789603169249,-0.1045284632676535,-0.9945218953682733,0.0,0.0,0.0,0.0,34.100000000000044,6,54.0,41.0,48.0,53.0,35.0,54.0,0.0
2023-07-01,54.0,45.0,41.0,48.0,53.0,35.0,54.0,15.0,24,5.7,14.4,212,29.7,87,9.0,41.0,0.0,55.0,-1.0,4.0,0.0,0.0,-19.0,-1.0,68.0,4.23410650459726,234.0,5.459585514144159,-0.5299192642332048,-0.8480480961564261,1.0,0.0,4.23410650459726,0.0,27.400000000000045,7,33.0,33.0,32.0,30.0,19.0,30.0,0.0
2023-07-02,33.0,30.291666666666668,33.0,32.0,30.0,19.0,30.0,8.0,24,1.7,15.8,156,30.0,83,11.0,9.0,1.0,54.0,-21.0,-8.0,-16.0,-23.0,-16.0,-24.0,45.0,3.828641396489095,135.0,4.912654885736052,0.40673664307580043,-0.9135454576426008,0.0,1.0,0.0,4.912654885736052,21.200000000000042,7,40.0,33.0,40.0,35.0,18.0,40.0,0.0
2023-07-03,40.0,38.458333333333336,33.0,40.0,35.0,18.0,40.0,10.0,24,18.6,10.5,125,30.0,89,31.0,1.0,1.0,33.0,7.0,0.0,8.0,5.0,-1.0,10.0,51.0,3.9512437185814275,51.0,3.9512437185814275,0.8191520442889917,-0.5735764363510462,0.0,1.0,0.0,3.9512437185814275,26.000000000000043,7,43.0,32.0,34.0,32.0,18.0,43.0,0.0
2023-07-04,43.0,38.875,32.0,34.0,32.0,18.0,43.0,10.0,24,2.6,10.5,81,31.4,87,71.0,42.0,19.0,40.0,3.0,-1.0,-6.0,-3.0,0.0,3.0,113.0,4.736198448394496,52.0,3.970291913552122,0.9876883405951378,0.15643446504023092,0.0,1.0,0.0,3.970291913552122,22.900000000000045,7,32.0,29.0,31.0,30.0,19.0,32.0,0.0
2023-07-05,32.0,29.20833333333333,29.0,31.0,30.0,19.0,32.0,8.0,24,10.3,9.8,321,31.8,89,31.0,35.0,7.0,43.0,-11.0,-3.0,-3.0,-2.0,1.0,-11.0,133.0,4.897839799950911,78.0,4.3694478524670215,-0.6293203910498378,0.7771459614569706,0.0,0.0,0.0,0.0,31.500000000000043,7,47.0,29.0,37.0,40.0,18.0,47.0,0.0
2023-07-06,47.0,39.75,29.0,37.0,40.0,18.0,47.0,11.0,24,14.2,6.7,349,28.4,91,19.0,47.0,1.0,32.0,15.0,0.0,6.0,10.0,-1.0,15.0,121.0,4.804021044733257,124.0,4.8283137373023015,-0.19080899537654467,0.981627183447664,0.0,0.0,0.0,0.0,27.100000000000044,7,44.0,33.0,41.0,40.0,20.0,44.0,0.0
2023-07-07,44.0,40.333333333333336,33.0,41.0,40.0,20.0,44.0,11.0,24,13.9,10.5,162,29.8,87,28.0,10.0,0.0,47.0,-3.0,4.0,4.0,0.0,2.0,-3.0,78.0,4.3694478524670215,92.0,4.532599493153256,0.3090169943749475,-0.9510565162951535,0.0,0.0,0.0,0.0,38.40000000000004,7,45.0,35.0,44.0,45.0,25.0,45.0,0.0
2023-07-08,45.0,42.66666666666666,35.0,44.0,45.0,25.0,45.0,11.0,24,17.2,15.2,168,30.2,90,7.0,21.0,1.0,44.0,1.0,2.0,3.0,5.0,5.0,1.0,54.0,4.007333185232471,78.0,4.3694478524670215,0.20791169081775931,-0.9781476007338057,0.0,0.0,0.0,0.0,45.30000000000004,7,42.0,30.0,41.0,42.0,22.0,41.0,0.0
2023-07-09,42.0,36.04166666666666,30.0,41.0,42.0,22.0,41.0,10.0,24,7.1,9.8,146,30.5,89,29.0,37.0,21.0,45.0,-3.0,-5.0,-3.0,-3.0,-3.0,-4.0,64.0,4.174387269895637,68.0,4.23410650459726,0.5591929034707469,-0.8290375725550416,0.0,1.0,0.0,4.23410650459726,38.20000000000004,7,53.0,36.0,45.0,53.0,23.0,53.0,0.0
2023-07-10,53.0,47.41666666666666,36.0,45.0,53.0,23.0,53.0,14.0,24,11.7,10.8,197,29.3,89,3.0,38.0,22.0,42.0,11.0,6.0,4.0,11.0,1.0,12.0,39.0,3.6888794541139363,96.0,4.574710978503383,-0.29237170472273677,-0.9563047559630354,0.0,0.0,0.0,0.0,36.00000000000004,7,52.0,31.0,38.0,52.0,22.0,49.0,0.0
2023-07-11,52.0,35.458333333333336,31.0,38.0,52.0,22.0,49.0,13.0,24,42.6,11.1,331,26.6,96,0.0,58.0,5.0,53.0,-1.0,-5.0,-7.0,-1.0,-1.0,-4.0,32.0,3.4965075614664802,133.0,4.897839799950911,-0.4848096202463369,0.8746197071393959,0.0,0.0,0.0,0.0,61.40000000000005,7,37.0,28.0,28.0,37.0,36.0,36.0,0.0
2023-07-12,37.0,34.166666666666664,28.0,28.0,37.0,36.0,36.0,9.0,24,6.9,10.7,177,30.2,88,34.0,61.0,17.0,52.0,-15.0,-3.0,-10.0,-15.0,14.0,-13.0,37.0,3.6375861597263857,157.0,5.062595033026967,0.05233595624294381,-0.9986295347545738,0.0,0.0,0.0,0.0,61.20000000000004,7,58.0,44.0,37.0,39.0,58.0,49.0,0.0
2023-07-13,58.0,50.04166666666666,44.0,37.0,39.0,58.0,49.0,19.0,24,1.5,11.6,171,30.9,84,14.0,46.0,11.0,37.0,21.0,16.0,9.0,2.0,22.0,13.0,48.0,3.8918202981106265,165.0,5.111987788356544,0.15643446504023098,-0.9876883405951377,0.0,0.0,0.0,0.0,51.00000000000004,7,58.0,47.0,53.0,54.0,58.0,56.0,0.0
2023-07-14,58.0,56.04166666666666,47.0,53.0,54.0,58.0,56.0,19.0,24,31.5,15.2,263,27.0,94,28.0,77.0,1.0,58.0,0.0,3.0,16.0,15.0,0.0,7.0,76.0,4.343805421853684,184.0,5.220355825078324,-0.9925461516413221,-0.12186934340514717,1.0,0.0,4.343805421853684,0.0,39.90000000000004,7,55.0,46.0,49.0,53.0,53.0,55.0,0.0
2023-07-15,55.0,52.29166666666666,46.0,49.0,53.0,53.0,55.0,15.0,24,0.3,12.9,234,30.1,87,17.0,21.0,22.0,58.0,-3.0,-1.0,-4.0,-1.0,-5.0,-1.0,59.0,4.0943445622221,144.0,4.976733742420574,-0.8090169943749473,-0.5877852522924732,1.0,0.0,4.0943445622221,0.0,33.30000000000004,7,52.0,32.0,44.0,51.0,24.0,52.0,0.0
2023-07-16,52.0,48.79166666666666,32.0,44.0,51.0,24.0,52.0,13.0,24,1.0,14.7,195,30.4,84,97.0,202.0,14.0,55.0,-3.0,-14.0,-5.0,-2.0,-29.0,-3.0,142.0,4.962844630259907,300.0,5.707110264748875,-0.2588190451025208,-0.9659258262890683,0.0,0.0,0.0,0.0,32.80000000000004,7,58.0,41.0,52.0,56.0,31.0,58.0,0.0
2023-07-17,58.0,55.833333333333336,41.0,52.0,56.0,31.0,58.0,18.0,24,11.6,16.2,168,29.9,88,34.0,480.0,13.0,52.0,6.0,9.0,8.0,5.0,7.0,6.0,148.0,5.003946305945459,703.0,6.556778356158042,0.20791169081775931,-0.9781476007338057,0.0,0.0,0.0,0.0,12.900000000000043,7,56.0,39.0,51.0,56.0,29.0,56.0,0.0
2023-07-18,56.0,54.29166666666666,39.0,51.0,56.0,29.0,56.0,17.0,24,19.2,17.4,157,30.1,89,34.0,401.0,8.0,58.0,-2.0,-2.0,-1.0,0.0,-2.0,-2.0,165.0,5.111987788356544,1083.0,6.988413181999592,0.39073112848927377,-0.9205048534524404,0.0,1.0,0.0,6.988413181999592,31.80000000000004,7,53.0,32.0,40.0,52.0,25.0,53.0,0.0
2023-07-19,53.0,46.41666666666666,32.0,40.0,52.0,25.0,53.0,14.0,24,28.2,12.2,187,28.9,90,20.0,500.0,0.0,56.0,-3.0,-7.0,-11.0,-4.0,-4.0,-3.0,88.0,4.48863636973214,1381.0,7.231287004327616,-0.12186934340514731,-0.9925461516413221,0.0,0.0,0.0,0.0,59.00000000000004,7,54.0,41.0,47.0,44.0,26.0,54.0,0.0
2023-07-20,54.0,47.208333333333336,41.0,47.0,44.0,26.0,54.0,14.0,24,38.5,12.5,226,27.3,94,13.0,31.0,0.0,53.0,1.0,9.0,7.0,-8.0,1.0,1.0,67.0,4.219507705176107,932.0,6.838405200847344,-0.7193398003386512,-0.6946583704589973,1.0,0.0,4.219507705176107,0.0,85.90000000000003,7,62.0,52.0,58.0,62.0,50.0,62.0,0.0
2023-07-21,62.0,57.25,52.0,58.0,62.0,50.0,62.0,22.0,20,7.5,17.2,181,29.8,86,53.0,18.0,10.0,54.0,8.0,11.0,11.0,18.0,24.0,8.0,86.0,4.465908118654584,549.0,6.309918278226516,-0.017452406437283637,-0.9998476951563913,0.0,0.0,0.0,0.0,74.20000000000005,7,61.0,51.0,57.0,61.0,50.0,61.0,0.0
2023-07-22,61.0,55.375,51.0,57.0,61.0,50.0,61.0,21.0,24,1.3,17.4,160,30.7,85,50.0,68.0,7.0,62.0,-1.0,-1.0,-1.0,-1.0,0.0,-1.0,116.0,4.762173934797756,117.0,4.770684624465665,0.3420201433256689,-0.9396926207859083,0.0,1.0,0.0,4.770684624465665,47.30000000000005,7,57.0,42.0,57.0,56.0,35.0,56.0,0.0
2023-07-23,57.0,55.29166666666666,42.0,57.0,56.0,35.0,56.0,17.0,24,4.2,14.8,165,30.5,84,58.0,122.0,23.0,61.0,-4.0,-9.0,0.0,-5.0,-15.0,-5.0,161.0,5.087596335232384,208.0,5.342334251964811,0.258819045102521,-0.9659258262890682,0.0,0.0,0.0,0.0,13.00000000000005,7,55.0,38.0,54.0,51.0,34.0,55.0,0.0
2023-07-24,55.0,52.91666666666666,38.0,54.0,51.0,34.0,55.0,15.0,24,0.9,14.2,178,30.7,83,58.0,270.0,22.0,57.0,-2.0,-4.0,-3.0,-5.0,-1.0,-1.0,166.0,5.117993812416755,460.0,6.133398042996649,0.03489949670250114,-0.9993908270190958,0.0,0.0,0.0,0.0,6.40000000000005,7,49.0,31.0,42.0,39.0,23.0,49.0,0.0
2023-07-25,49.0,38.875,31.0,42.0,39.0,23.0,49.0,12.0,24,0.8,17.2,176,30.9,81,133.0,493.0,14.0,55.0,-6.0,-7.0,-12.0,-12.0,-11.0,-6.0,249.0,5.521460917862246,885.0,6.786716950605081,0.06975647374412552,-0.9975640502598242,0.0,0.0,0.0,0.0,5.90000000000005,7,54.0,35.0,43.0,52.0,22.0,54.0,0.0
2023-07-26,54.0,49.333333333333336,35.0,43.0,52.0,22.0,54.0,15.0,24,5.6,19.1,163,29.9,84,0.0,0.0,0.0,49.0,5.0,4.0,1.0,13.0,-1.0,5.0,191.0,5.2574953720277815,763.0,6.638567789166521,0.2923717047227366,-0.9563047559630355,0.0,0.0,0.0,0.0,7.30000000000005,7,65.0,52.0,59.0,61.0,43.0,65.0,0.0
2023-07-27,65.0,60.208333333333336,52.0,59.0,61.0,43.0,65.0,25.0,24,2.0,18.1,170,30.5,84,0.0,0.0,0.0,54.0,11.0,17.0,16.0,9.0,21.0,11.0,133.0,4.897839799950911,493.0,6.202535517187923,0.17364817766693028,-0.984807753012208,0.0,0.0,0.0,0.0,8.400000000000048,7,66.0,52.0,59.0,64.0,48.0,66.0,0.0
2023-07-28,66.0,65.08333333333333,52.0,59.0,64.0,48.0,66.0,26.0,24,0.9,18.1,163,30.6,83,77.0,839.0,5.0,65.0,1.0,0.0,0.0,3.0,5.0,1.0,77.0,4.356708826689592,839.0,6.733401891837359,0.2923717047227366,-0.9563047559630355,0.0,0.0,0.0,0.0,8.50000000000005,7,68.0,54.0,62.0,65.0,48.0,68.0,0.0
2023-07-29,68.0,66.875,54.0,62.0,65.0,48.0,68.0,27.0,24,5.5,20.2,163,30.7,81,101.0,1542.0,14.0,66.0,2.0,2.0,3.0,1.0,0.0,2.0,178.0,5.187385805840755,2381.0,7.775695749915245,0.2923717047227366,-0.9563047559630355,0.0,0.0,0.0,0.0,8.40000000000005,7,63.0,53.0,60.0,60.0,43.0,63.0,0.0
2023-07-30,63.0,58.0,53.0,60.0,60.0,43.0,63.0,23.0,24,0.2,20.5,156,31.2,76,156.0,789.0,12.0,68.0,-5.0,-1.0,-2.0,-5.0,-5.0,-5.0,334.0,5.814130531825066,3170.0,8.061802274538348,0.40673664307580043,-0.9135454576426008,0.0,1.0,0.0,8.061802274538348,6.60000000000005,7,53.0,37.0,47.0,53.0,33.0,47.0,0.0
2023-07-31,53.0,51.5,37.0,47.0,53.0,33.0,47.0,14.0,24,0.4,18.6,148,31.3,70,166.0,1400.0,18.0,63.0,-10.0,-16.0,-13.0,-7.0,-10.0,-16.0,423.0,6.049733455231958,3731.0,8.224699561967235,0.5299192642332049,-0.848048096156426,0.0,1.0,0.0,8.224699561967235,6.100000000000049,7,53.0,35.0,43.0,53.0,41.0,52.0,0.0
2023-08-01,53.0,52.625,35.0,43.0,53.0,41.0,52.0,14.0,24,8.8,12.8,157,31.0,79,98.0,990.0,12.0,53.0,0.0,-2.0,-4.0,0.0,8.0,5.0,420.0,6.042632833682381,3179.0,8.064636475774222,0.39073112848927377,-0.9205048534524404,0.0,1.0,0.0,8.064636475774222,9.40000000000005,8,61.0,51.0,55.0,56.0,43.0,61.0,0.0
2023-08-02,61.0,56.375,51.0,55.0,56.0,43.0,61.0,21.0,24,3.4,14.9,187,30.7,83,65.0,593.0,17.0,53.0,8.0,16.0,12.0,3.0,2.0,9.0,329.0,5.799092654460526,2983.0,8.001019961323651,-0.12186934340514731,-0.9925461516413221,0.0,0.0,0.0,0.0,12.600000000000051,8,61.0,52.0,56.0,56.0,42.0,61.0,0.0
2023-08-03,61.0,57.75,52.0,56.0,56.0,42.0,61.0,21.0,24,17.0,17.9,157,27.3,91,46.0,403.0,5.0,61.0,0.0,1.0,1.0,0.0,-1.0,0.0,209.0,5.3471075307174685,1986.0,7.594381242551817,0.39073112848927377,-0.9205048534524404,0.0,1.0,0.0,7.594381242551817,29.200000000000053,8,53.0,38.0,36.0,47.0,27.0,53.0,0.0
2023-08-04,53.0,51.583333333333336,38.0,36.0,47.0,27.0,53.0,14.0,24,17.7,17.2,156,31.3,86,100.0,557.0,19.0,61.0,-8.0,-14.0,-20.0,-9.0,-15.0,-8.0,211.0,5.356586274672012,1553.0,7.348587530927593,0.40673664307580043,-0.9135454576426008,0.0,1.0,0.0,7.348587530927593,38.10000000000005,8,55.0,39.0,51.0,54.0,32.0,55.0,0.0
2023-08-05,55.0,50.91666666666666,39.0,51.0,54.0,32.0,55.0,15.0,24,5.7,18.0,158,30.1,85,121.0,793.0,28.0,53.0,2.0,1.0,15.0,7.0,5.0,2.0,267.0,5.5909869805108565,1753.0,7.469654172932128,0.37460659341591224,-0.9271838545667873,0.0,1.0,0.0,7.469654172932128,40.400000000000055,8,56.0,41.0,53.0,55.0,34.0,56.0,0.0
2023-08-06,56.0,55.583333333333336,41.0,53.0,55.0,34.0,56.0,17.0,24,0.0,14.8,167,31.3,80,207.0,723.0,33.0,55.0,1.0,2.0,2.0,1.0,2.0,1.0,428.0,6.061456918928017,2073.0,7.637234388789473,0.2249510543438652,-0.9743700647852351,0.0,0.0,0.0,0.0,23.400000000000052,8,56.0,40.0,52.0,53.0,27.0,56.0,0.0
2023-08-07,56.0,54.125,40.0,52.0,53.0,27.0,56.0,16.0,24,3.7,18.4,151,30.2,83,136.0,803.0,24.0,56.0,0.0,-1.0,-1.0,-2.0,-7.0,0.0,464.0,6.142037405587356,2319.0,7.749322464660356,0.48480962024633717,-0.8746197071393957,0.0,1.0,0.0,7.749322464660356,9.400000000000054,8,52.0,34.0,46.0,51.0,23.0,52.0,0.0
2023-08-08,52.0,48.083333333333336,34.0,46.0,51.0,23.0,52.0,13.0,24,20.6,14.7,149,30.1,85,58.0,721.0,28.0,56.0,-4.0,-6.0,-6.0,-2.0,-4.0,-4.0,401.0,5.996452088619021,2247.0,7.717796211013582,0.5150380749100544,-0.8571673007021122,0.0,1.0,0.0,7.717796211013582,24.300000000000054,8,47.0,35.0,47.0,45.0,28.0,43.0,0.0
2023-08-09,47.0,42.083333333333336,35.0,47.0,45.0,28.0,43.0,11.0,24,8.9,15.4,144,30.3,86,110.0,571.0,15.0,52.0,-5.0,1.0,1.0,-6.0,5.0,-9.0,304.0,5.720311776607412,2095.0,7.647786045440933,0.5877852522924732,-0.8090169943749473,0.0,1.0,0.0,7.647786045440933,33.20000000000005,8,55.0,38.0,53.0,55.0,29.0,55.0,0.0
2023-08-10,55.0,51.875,38.0,53.0,55.0,29.0,55.0,15.0,24,0.8,12.6,171,30.6,83,192.0,623.0,24.0,47.0,8.0,3.0,6.0,10.0,1.0,12.0,360.0,5.8888779583328805,1915.0,7.557994958530806,0.15643446504023098,-0.9876883405951377,0.0,0.0,0.0,0.0,30.300000000000054,8,57.0,49.0,52.0,57.0,52.0,57.0,0.0
2023-08-11,57.0,56.29166666666666,49.0,52.0,57.0,52.0,57.0,17.0,24,3.1,16.2,174,30.6,84,225.0,396.0,24.0,55.0,2.0,11.0,-1.0,2.0,23.0,2.0,527.0,6.269096283706261,1590.0,7.372118028337787,0.10452846326765373,-0.9945218953682733,0.0,0.0,0.0,0.0,12.800000000000054,8,62.0,50.0,57.0,62.0,60.0,61.0,0.0
2023-08-12,62.0,57.0,50.0,57.0,62.0,60.0,61.0,22.0,24,14.9,14.3,147,30.1,83,136.0,719.0,21.0,57.0,5.0,1.0,5.0,5.0,8.0,4.0,553.0,6.317164686747284,1738.0,7.461065514354283,0.5446390350150273,-0.8386705679454239,0.0,1.0,0.0,7.461065514354283,18.800000000000054,8,72.0,53.0,62.0,72.0,65.0,68.0,0.0
2023-08-13,72.0,68.75,53.0,62.0,72.0,65.0,68.0,30.0,24,4.9,14.0,154,30.4,84,49.0,1263.0,14.0,62.0,10.0,3.0,5.0,10.0,5.0,7.0,410.0,6.018593214496234,2378.0,7.774435510302958,0.4383711467890773,-0.898794046299167,0.0,1.0,0.0,7.774435510302958,22.900000000000055,8,65.0,51.0,59.0,65.0,56.0,63.0,0.0
2023-08-14,65.0,61.583333333333336,51.0,59.0,65.0,56.0,63.0,24.0,24,38.7,17.5,169,29.9,85,44.0,990.0,15.0,72.0,-7.0,-2.0,-3.0,-7.0,-9.0,-5.0,229.0,5.438079308923196,2972.0,7.997326822998097,0.19080899537654497,-0.981627183447664,0.0,0.0,0.0,0.0,58.50000000000006,8,59.0,42.0,53.0,59.0,37.0,57.0,0.0
2023-08-15,59.0,56.43478260869565,42.0,53.0,59.0,37.0,57.0,19.0,23,7.3,9.9,140,29.7,88,62.0,642.0,15.0,65.0,-6.0,-9.0,-6.0,-6.0,-19.0,-6.0,155.0,5.049856007249537,2895.0,7.971085753505607,0.6427876096865395,-0.7660444431189779,0.0,1.0,0.0,7.971085753505607,50.900000000000055,8,60.0,50.0,52.0,60.0,46.0,60.0,0.0
2023-08-16,60.0,60.0,50.0,52.0,60.0,46.0,60.0,20.0,13,26.4,13.0,144,29.8,87,69.0,1052.0,11.0,59.0,1.0,8.0,-1.0,1.0,9.0,3.0,175.0,5.170483995038151,2684.0,7.895436006942965,0.5877852522924732,-0.8090169943749473,0.0,1.0,0.0,7.895436006942965,72.40000000000006,8,63.0,53.0,55.0,61.0,45.0,63.0,0.0
2023-08-17,63.0,59.708333333333336,53.0,55.0,61.0,45.0,63.0,22.0,24,11.7,9.2,150,30.2,89,87.0,884.0,2.0,60.0,3.0,3.0,3.0,1.0,-1.0,3.0,218.0,5.389071729816501,2578.0,7.8551570058813445,0.49999999999999994,-0.8660254037844387,0.0,1.0,0.0,7.8551570058813445,45.400000000000055,8,68.0,54.0,55.0,64.0,46.0,68.0,0.0
2023-08-18,68.0,65.58333333333333,54.0,55.0,64.0,46.0,68.0,27.0,24,21.6,11.2,199,29.4,90,51.0,1034.0,11.0,63.0,5.0,1.0,0.0,3.0,1.0,5.0,207.0,5.337538079701318,2970.0,7.9966538754626075,-0.32556815445715676,-0.9455185755993167,0.0,0.0,0.0,0.0,59.70000000000006,8,63.0,52.0,53.0,58.0,40.0,63.0,0.0
2023-08-19,63.0,59.833333333333336,52.0,53.0,58.0,40.0,63.0,22.0,24,14.0,15.3,157,30.0,90,39.0,789.0,10.0,68.0,-5.0,-2.0,-2.0,-6.0,-6.0,-5.0,177.0,5.181783550292085,2707.0,7.903965634032166,0.39073112848927377,-0.9205048534524404,0.0,1.0,0.0,7.903965634032166,47.300000000000054,8,58.0,46.0,46.0,57.0,34.0,58.0,0.0
2023-08-20,58.0,54.27272727272727,46.0,46.0,57.0,34.0,58.0,18.0,22,16.4,15.9,177,29.4,87,72.0,889.0,6.0,63.0,-5.0,-6.0,-7.0,-1.0,-6.0,-5.0,162.0,5.093750200806762,2712.0,7.905810312658931,0.05233595624294381,-0.9986295347545738,0.0,0.0,0.0,0.0,52.00000000000006,8,59.0,44.0,51.0,59.0,30.0,59.0,0.0
2023-08-21,59.0,56.04166666666666,44.0,51.0,59.0,30.0,59.0,19.0,24,71.3,16.0,255,27.2,94,64.0,759.0,3.0,58.0,1.0,-2.0,5.0,2.0,-4.0,1.0,175.0,5.170483995038151,2437.0,7.798933310041217,-0.9659258262890683,-0.25881904510252063,1.0,0.0,5.170483995038151,0.0,101.70000000000005,8,63.0,57.0,54.0,63.0,42.0,59.0,0.0
2023-08-22,63.0,57.54166666666666,57.0,54.0,63.0,42.0,59.0,23.0,24,0.3,19.0,148,31.1,82,198.0,318.0,18.0,59.0,4.0,13.0,3.0,4.0,12.0,0.0,334.0,5.814130531825066,1966.0,7.584264818389059,0.5299192642332049,-0.848048096156426,0.0,1.0,0.0,7.584264818389059,88.00000000000006,8,63.0,56.0,53.0,63.0,41.0,58.0,0.0
2023-08-23,63.0,59.208333333333336,56.0,53.0,63.0,41.0,58.0,22.0,24,2.9,14.5,147,30.4,83,91.0,144.0,12.0,63.0,0.0,-1.0,-1.0,0.0,-1.0,-1.0,353.0,5.869296913133774,1221.0,7.108244139731541,0.5446390350150273,-0.8386705679454239,0.0,1.0,0.0,7.108244139731541,74.50000000000006,8,59.0,40.0,52.0,59.0,35.0,55.0,0.0
2023-08-24,59.0,57.25,40.0,52.0,59.0,35.0,55.0,19.0,24,6.7,12.9,140,30.3,85,67.0,265.0,25.0,63.0,-4.0,-16.0,-1.0,-4.0,-6.0,-3.0,356.0,5.877735781779639,727.0,6.590301048196686,0.6427876096865395,-0.7660444431189779,0.0,1.0,0.0,6.590301048196686,9.900000000000071,8,55.0,35.0,44.0,55.0,33.0,54.0,0.0
2023-08-25,55.0,52.0,35.0,44.0,55.0,33.0,54.0,16.0,24,14.5,15.0,130,29.9,86,61.0,126.0,21.0,59.0,-4.0,-5.0,-8.0,-4.0,-2.0,-1.0,219.0,5.393627546352362,535.0,6.284134161070802,0.766044443118978,-0.6427876096865394,0.0,1.0,0.0,6.284134161070802,24.100000000000072,8,55.0,46.0,44.0,54.0,31.0,55.0,0.0
2023-08-26,55.0,52.875,46.0,44.0,54.0,31.0,55.0,16.0,24,15.0,13.2,159,29.8,87,95.0,355.0,15.0,55.0,0.0,11.0,0.0,-1.0,-2.0,1.0,223.0,5.4116460518550396,746.0,6.616065185132817,0.3583679495453002,-0.9335804264972017,0.0,1.0,0.0,6.616065185132817,36.200000000000074,8,63.0,50.0,53.0,62.0,43.0,63.0,0.0
2023-08-27,63.0,61.04166666666666,50.0,53.0,62.0,43.0,63.0,23.0,24,5.4,12.7,183,30.5,87,85.0,370.0,27.0,55.0,8.0,4.0,9.0,8.0,12.0,8.0,241.0,5.488937726156687,851.0,6.747586526829315,-0.052335956242943564,-0.9986295347545738,0.0,0.0,0.0,0.0,34.90000000000007,8,61.0,52.0,55.0,61.0,37.0,57.0,0.0
2023-08-28,61.0,56.5,52.0,55.0,61.0,37.0,57.0,21.0,24,10.8,16.3,188,29.7,87,91.0,595.0,22.0,63.0,-2.0,2.0,2.0,-1.0,-6.0,-6.0,271.0,5.605802066295998,1320.0,7.186144304522325,-0.13917310096006552,-0.9902680687415703,0.0,0.0,0.0,0.0,31.20000000000007,8,65.0,54.0,57.0,65.0,53.0,62.0,0.0
2023-08-29,65.0,62.66666666666666,54.0,57.0,65.0,53.0,62.0,25.0,24,9.8,15.9,183,29.1,88,80.0,1470.0,9.0,61.0,4.0,2.0,2.0,4.0,16.0,5.0,256.0,5.54907608489522,2435.0,7.798112628829788,-0.052335956242943564,-0.9986295347545738,0.0,0.0,0.0,0.0,26.000000000000075,8,62.0,47.0,56.0,62.0,54.0,59.0,0.0
2023-08-30,62.0,60.833333333333336,47.0,56.0,62.0,54.0,59.0,22.0,24,2.8,13.0,173,29.6,88,150.0,1303.0,4.0,65.0,-3.0,-7.0,-1.0,-3.0,1.0,-3.0,321.0,5.7745515455444085,3368.0,8.122371243406553,0.12186934340514755,-0.992546151641322,0.0,0.0,0.0,0.0,23.400000000000073,8,62.0,48.0,59.0,62.0,48.0,59.0,0.0
2023-08-31,62.0,60.29166666666666,48.0,59.0,62.0,48.0,59.0,22.0,24,0.1,18.6,162,30.9,79,231.0,1418.0,15.0,62.0,0.0,1.0,3.0,0.0,-6.0,0.0,461.0,6.135564891081739,4191.0,8.340933226000878,0.3090169943749475,-0.9510565162951535,0.0,0.0,0.0,0.0,12.700000000000072,8,68.0,52.0,57.0,68.0,39.0,62.0,0.0
2023-09-01,68.0,63.708333333333336,52.0,57.0,68.0,39.0,62.0,27.0,24,0.3,19.9,163,31.0,79,551.0,1647.0,6.0,62.0,6.0,4.0,-2.0,6.0,-9.0,3.0,932.0,6.838405200847344,4368.0,8.382289428951436,0.2923717047227366,-0.9563047559630355,0.0,0.0,0.0,0.0,3.200000000000071,9,73.0,54.0,60.0,73.0,45.0,70.0,0.0
2023-09-02,73.0,69.04166666666667,54.0,60.0,73.0,45.0,70.0,32.0,24,0.2,15.5,160,31.4,81,393.0,1653.0,6.0,68.0,5.0,2.0,3.0,5.0,6.0,8.0,1175.0,7.069874128458572,4718.0,8.459352191726387,0.3420201433256689,-0.9396926207859083,0.0,1.0,0.0,8.459352191726387,0.6000000000000711,9,76.0,56.0,63.0,76.0,49.0,71.0,0.0
2023-09-03,76.0,74.41666666666667,56.0,63.0,76.0,49.0,71.0,35.0,24,0.4,17.2,151,31.6,77,347.0,1817.0,17.0,73.0,3.0,2.0,3.0,3.0,4.0,1.0,1291.0,7.163946684342547,5117.0,8.540519016719735,0.48480962024633717,-0.8746197071393957,0.0,1.0,0.0,8.540519016719735,0.9000000000000712,9,75.0,53.0,63.0,75.0,50.0,66.0,0.0
2023-09-04,75.0,70.91666666666667,53.0,63.0,75.0,50.0,66.0,33.0,24,3.5,20.9,145,30.7,74,402.0,1220.0,9.0,76.0,-1.0,-3.0,0.0,-1.0,1.0,-5.0,1142.0,7.04141166379481,4690.0,8.453401058328458,0.5735764363510459,-0.8191520442889919,0.0,1.0,0.0,8.453401058328458,4.100000000000071,9,75.0,53.0,63.0,75.0,51.0,67.0,0.0
2023-09-05,75.0,72.625,53.0,63.0,75.0,51.0,67.0,34.0,24,9.5,14.6,143,30.3,79,255.0,810.0,1.0,75.0,0.0,0.0,0.0,0.0,1.0,1.0,1004.0,6.912742820493176,3847.0,8.255308811785596,0.6018150231520482,-0.7986355100472929,0.0,1.0,0.0,8.255308811785596,13.40000000000007,9,77.0,56.0,68.0,77.0,51.0,73.0,0.0
2023-09-06,77.0,73.83333333333333,56.0,68.0,77.0,51.0,73.0,35.0,24,38.4,11.0,177,29.9,91,85.0,335.0,2.0,75.0,2.0,3.0,5.0,2.0,0.0,6.0,742.0,6.610696044717759,2365.0,7.768956044538332,0.05233595624294381,-0.9986295347545738,0.0,0.0,0.0,0.0,51.40000000000007,9,66.0,52.0,59.0,66.0,47.0,63.0,0.0
2023-09-07,66.0,56.208333333333336,52.0,59.0,66.0,47.0,63.0,25.0,24,1.5,11.7,165,30.9,87,48.0,141.0,1.0,77.0,-11.0,-4.0,-9.0,-11.0,-4.0,-10.0,388.0,5.963579343618446,1286.0,7.160069207596127,0.258819045102521,-0.9659258262890682,0.0,0.0,0.0,0.0,49.40000000000007,9,56.0,34.0,49.0,56.0,52.0,55.0,0.0
2023-09-08,56.0,54.41666666666666,34.0,49.0,56.0,52.0,55.0,17.0,24,31.2,11.8,131,30.0,87,100.0,389.0,14.0,66.0,-10.0,-18.0,-10.0,-10.0,5.0,-8.0,233.0,5.455321115357702,865.0,6.763884908562435,0.7547095802227721,-0.6560590289905072,0.0,1.0,0.0,6.763884908562435,71.10000000000007,9,61.0,43.0,53.0,61.0,56.0,58.0,0.0
2023-09-09,61.0,59.25,43.0,53.0,61.0,56.0,58.0,21.0,24,10.1,14.0,182,30.0,88,127.0,464.0,18.0,56.0,5.0,9.0,4.0,5.0,4.0,3.0,275.0,5.62040086571715,994.0,6.902742737158593,-0.0348994967025009,-0.9993908270190958,0.0,0.0,0.0,0.0,42.80000000000007,9,58.0,45.0,48.0,55.0,58.0,57.0,0.0
2023-09-10,58.0,57.083333333333336,45.0,48.0,55.0,58.0,57.0,18.0,24,13.6,16.9,184,29.5,88,178.0,850.0,1.0,61.0,-3.0,2.0,-5.0,-6.0,2.0,-1.0,405.0,6.0063531596017325,1703.0,7.440733707389261,-0.06975647374412527,-0.9975640502598242,0.0,0.0,0.0,0.0,54.90000000000007,9,73.0,55.0,64.0,73.0,58.0,66.0,0.0
2023-09-11,73.0,62.30434782608695,55.0,64.0,73.0,58.0,66.0,31.0,23,1.9,18.4,143,30.4,82,393.0,264.0,9.0,58.0,15.0,10.0,16.0,18.0,0.0,9.0,698.0,6.54965074223381,1578.0,7.364547014255642,0.6018150231520482,-0.7986355100472929,0.0,1.0,0.0,7.364547014255642,25.60000000000007,9,77.0,57.0,65.0,77.0,54.0,71.0,0.0
2023-09-12,77.0,73.79166666666667,57.0,65.0,77.0,54.0,71.0,35.0,24,3.2,18.7,147,30.4,84,304.0,126.0,16.0,73.0,4.0,2.0,1.0,4.0,-4.0,5.0,875.0,6.775366090936392,1240.0,7.123672785204607,0.5446390350150273,-0.8386705679454239,0.0,1.0,0.0,7.123672785204607,18.70000000000007,9,66.0,52.0,55.0,66.0,47.0,64.0,0.0
2023-09-13,66.0,58.54166666666666,52.0,55.0,66.0,47.0,64.0,25.0,24,2.9,15.5,151,31.1,82,450.0,522.0,33.0,77.0,-11.0,-5.0,-10.0,-11.0,-7.0,-7.0,1147.0,7.045776576879511,912.0,6.816735880594968,0.48480962024633717,-0.8746197071393957,0.0,1.0,0.0,6.816735880594968,8.000000000000071,9,64.0,45.0,53.0,64.0,42.0,58.0,0.0
2023-09-14,64.0,60.79166666666666,45.0,53.0,64.0,42.0,58.0,23.0,24,0.0,18.9,150,31.6,77,428.0,382.0,35.0,66.0,-2.0,-7.0,-2.0,-2.0,-5.0,-6.0,1182.0,7.075808863978387,1030.0,6.93828448401696,0.49999999999999994,-0.8660254037844387,0.0,1.0,0.0,6.93828448401696,6.100000000000071,9,63.0,47.0,54.0,63.0,53.0,59.0,0.0
2023-09-15,63.0,60.833333333333336,47.0,54.0,63.0,53.0,59.0,23.0,24,0.7,21.6,150,31.6,78,570.0,354.0,29.0,64.0,-1.0,2.0,1.0,-1.0,11.0,1.0,1448.0,7.278628942320682,1258.0,7.138073034044347,0.49999999999999994,-0.8660254037844387,0.0,1.0,0.0,7.138073034044347,3.6000000000000707,9,68.0,51.0,59.0,68.0,54.0,61.0,0.0
2023-09-16,68.0,66.08333333333333,51.0,59.0,68.0,54.0,61.0,27.0,24,6.1,16.3,147,31.2,79,796.0,200.0,18.0,63.0,5.0,4.0,5.0,5.0,1.0,2.0,1794.0,7.492760300922379,936.0,6.842683282238422,0.5446390350150273,-0.8386705679454239,0.0,1.0,0.0,6.842683282238422,6.80000000000007,9,68.0,51.0,59.0,68.0,39.0,61.0,0.0
2023-09-17,68.0,65.375,51.0,59.0,68.0,39.0,61.0,27.0,24,4.2,12.1,135,30.8,83,243.0,50.0,16.0,68.0,0.0,0.0,0.0,0.0,-15.0,0.0,1609.0,7.383989457978509,604.0,6.405228458030842,0.7071067811865476,-0.7071067811865475,0.0,1.0,0.0,6.405228458030842,11.000000000000071,9,59.0,44.0,53.0,59.0,35.0,58.0,0.0
2023-09-18,59.0,54.333333333333336,44.0,53.0,59.0,35.0,58.0,19.0,24,6.2,13.0,114,30.1,87,273.0,120.0,27.0,68.0,-9.0,-7.0,-6.0,-9.0,-4.0,-3.0,1312.0,7.180069874302796,370.0,5.916202062607435,0.9135454576426009,-0.40673664307580026,0.0,1.0,0.0,5.916202062607435,16.50000000000007,9,55.0,44.0,47.0,55.0,32.0,53.0,0.0
2023-09-19,55.0,54.083333333333336,44.0,47.0,55.0,32.0,53.0,16.0,24,18.8,10.7,73,30.5,86,125.0,133.0,34.0,59.0,-4.0,0.0,-6.0,-4.0,-3.0,-5.0,641.0,6.464588303689961,303.0,5.717027701406222,0.9563047559630354,0.29237170472273677,0.0,1.0,0.0,5.717027701406222,29.20000000000007,9,51.0,42.0,36.0,51.0,35.0,50.0,0.0
2023-09-20,51.0,44.25,42.0,36.0,51.0,35.0,50.0,12.0,24,11.2,10.2,88,30.8,88,110.0,455.0,13.0,55.0,-4.0,-2.0,-11.0,-4.0,3.0,-3.0,508.0,6.2324480165505225,708.0,6.5638555265321274,0.9993908270190958,0.03489949670250108,0.0,1.0,0.0,6.5638555265321274,36.200000000000074,9,55.0,38.0,40.0,55.0,28.0,54.0,0.0
2023-09-21,55.0,53.29166666666666,38.0,40.0,55.0,28.0,54.0,15.0,24,7.5,14.4,239,30.1,91,173.0,829.0,5.0,51.0,4.0,-4.0,4.0,4.0,-7.0,4.0,408.0,6.013715156042802,1417.0,7.257002707092073,-0.8571673007021121,-0.5150380749100544,1.0,0.0,6.013715156042802,0.0,37.50000000000007,9,54.0,35.0,41.0,54.0,23.0,50.0,0.0
2023-09-22,54.0,44.625,35.0,41.0,54.0,23.0,50.0,15.0,24,12.7,11.6,251,29.7,92,555.0,904.0,0.0,55.0,-1.0,-3.0,1.0,-1.0,-5.0,-4.0,838.0,6.732210706467206,2188.0,7.691200097522863,-0.9455185755993168,-0.32556815445715664,1.0,0.0,6.732210706467206,0.0,31.40000000000007,9,64.0,45.0,60.0,62.0,38.0,64.0,0.0
2023-09-23,64.0,54.125,45.0,60.0,62.0,38.0,64.0,23.0,24,10.7,9.8,160,30.5,90,520.0,1073.0,4.0,54.0,10.0,10.0,19.0,8.0,15.0,14.0,1248.0,7.130098510125578,2806.0,7.939871576361883,0.3420201433256689,-0.9396926207859083,0.0,1.0,0.0,7.939871576361883,30.90000000000007,9,68.0,52.0,63.0,65.0,50.0,68.0,0.0
2023-09-24,68.0,64.125,52.0,63.0,65.0,50.0,68.0,27.0,24,25.7,15.8,204,27.8,93,233.0,1479.0,5.0,64.0,4.0,7.0,3.0,3.0,12.0,4.0,1308.0,7.1770187659099,3456.0,8.148156439921625,-0.4067366430758002,-0.9135454576426009,1.0,0.0,7.1770187659099,0.0,49.100000000000065,9,62.0,49.0,55.0,61.0,39.0,62.0,0.0
2023-09-25,62.0,53.66666666666666,49.0,55.0,61.0,39.0,62.0,22.0,24,1.0,15.6,175,30.3,83,828.0,2204.0,6.0,68.0,-6.0,-3.0,-8.0,-4.0,-11.0,-6.0,1581.0,7.366445148327599,4756.0,8.467372496432281,0.0871557427476582,-0.9961946980917455,0.0,0.0,0.0,0.0,37.40000000000006,9,75.0,57.0,64.0,75.0,52.0,73.0,0.0
2023-09-26,75.0,71.20833333333333,57.0,64.0,75.0,52.0,73.0,33.0,24,2.1,20.2,159,30.3,83,821.0,1994.0,6.0,62.0,13.0,8.0,9.0,14.0,13.0,11.0,1882.0,7.5406215286571525,5677.0,8.644354337032917,0.3583679495453002,-0.9335804264972017,0.0,1.0,0.0,8.644354337032917,28.80000000000007,9,72.0,56.0,61.0,72.0,47.0,69.0,0.0
2023-09-27,72.0,64.0,56.0,61.0,72.0,47.0,69.0,30.0,24,0.0,19.6,153,31.4,79,1531.0,2267.0,24.0,75.0,-3.0,-1.0,-3.0,-3.0,-5.0,-4.0,3180.0,8.064950891749143,6465.0,8.774312958285378,0.45399049973954686,-0.8910065241883678,0.0,1.0,0.0,8.774312958285378,3.100000000000071,9,67.0,52.0,58.0,67.0,53.0,64.0,0.0
2023-09-28,67.0,63.958333333333336,52.0,58.0,67.0,53.0,64.0,26.0,24,2.2,16.3,150,31.3,80,1860.0,2252.0,37.0,72.0,-5.0,-4.0,-3.0,-5.0,6.0,-5.0,4212.0,8.345930261979017,6513.0,8.781708985836179,0.49999999999999994,-0.8660254037844387,0.0,1.0,0.0,8.781708985836179,4.300000000000072,9,82.0,60.0,71.0,82.0,56.0,79.0,0.0
2023-09-29,82.0,77.375,60.0,71.0,82.0,56.0,79.0,40.0,24,0.9,15.9,138,32.0,83,658.0,1582.0,5.0,67.0,15.0,8.0,13.0,15.0,3.0,15.0,4049.0,8.306472160100585,6101.0,8.716371865276615,0.6691306063588583,-0.7431448254773941,0.0,1.0,0.0,8.716371865276615,3.100000000000071,9,81.0,59.0,74.0,81.0,56.0,78.0,0.0
2023-09-30,81.0,79.0,59.0,74.0,81.0,56.0,78.0,39.0,24,1.3,11.4,168,31.1,85,833.0,1573.0,9.0,82.0,-1.0,-1.0,3.0,-1.0,0.0,-1.0,3351.0,8.117312461601975,5407.0,8.5956346177228,0.20791169081775931,-0.9781476007338057,0.0,0.0,0.0,0.0,4.400000000000071,9,80.0,62.0,73.0,76.0,57.0,80.0,0.0
2023-10-01,80.0,78.0,62.0,73.0,76.0,57.0,80.0,37.0,24,6.7,10.1,136,31.0,84,659.0,1192.0,14.0,81.0,-1.0,3.0,-1.0,-5.0,1.0,2.0,2150.0,7.67368812926773,4347.0,8.3774712482411,0.6946583704589971,-0.7193398003386513,0.0,1.0,0.0,8.3774712482411,8.900000000000071,10,77.0,59.0,66.0,68.0,55.0,77.0,0.0
2023-10-02,77.0,68.91666666666667,59.0,66.0,68.0,55.0,77.0,35.0,24,3.1,19.2,155,31.4,82,551.0,2878.0,3.0,80.0,-3.0,-3.0,-7.0,-8.0,-2.0,-3.0,2043.0,7.622663951323595,5643.0,8.638348312972704,0.4226182617406995,-0.9063077870366499,0.0,1.0,0.0,8.638348312972704,11.10000000000007,10,74.0,57.0,68.0,74.0,54.0,67.0,0.0
2023-10-03,74.0,69.625,57.0,68.0,74.0,54.0,67.0,33.0,24,25.1,13.9,158,30.5,86,672.0,2012.0,8.0,77.0,-3.0,-2.0,2.0,6.0,-1.0,-10.0,1882.0,7.5406215286571525,6082.0,8.713253274320705,0.37460659341591224,-0.9271838545667873,0.0,1.0,0.0,8.713253274320705,34.90000000000008,10,71.0,58.0,67.0,70.0,53.0,71.0,0.0
2023-10-04,71.0,67.125,58.0,67.0,70.0,53.0,71.0,30.0,24,1.6,13.0,146,31.2,85,387.0,1409.0,14.0,74.0,-3.0,1.0,-1.0,-4.0,-1.0,4.0,1610.0,7.384610383176974,6299.0,8.748304912379623,0.5591929034707469,-0.8290375725550416,0.0,1.0,0.0,8.748304912379623,29.80000000000007,10,71.0,57.0,66.0,70.0,53.0,71.0,0.0
2023-10-05,71.0,68.25,57.0,66.0,70.0,53.0,71.0,30.0,20,0.8,13.8,135,32.4,81,777.0,1325.0,32.0,71.0,0.0,-1.0,-1.0,0.0,0.0,0.0,1836.0,7.515889085215125,4746.0,8.465268118551318,0.7071067811865476,-0.7071067811865475,0.0,1.0,0.0,8.465268118551318,27.50000000000007,10,82.0,58.0,69.0,82.0,54.0,77.0,0.0
2023-10-06,82.0,69.61904761904762,58.0,69.0,82.0,54.0,77.0,40.0,21,5.4,13.0,157,31.1,86,815.0,1118.0,26.0,71.0,11.0,1.0,3.0,12.0,1.0,6.0,1979.0,7.590852123688581,3852.0,8.256607344626158,0.39073112848927377,-0.9205048534524404,0.0,1.0,0.0,8.256607344626158,7.800000000000072,10,109.0,68.0,87.0,109.0,62.0,99.0,1.0
2023-10-07,109.0,96.45454545454544,68.0,87.0,109.0,62.0,99.0,63.0,11,6.2,15.8,148,31.4,82,1247.0,1284.0,16.0,82.0,27.0,10.0,18.0,27.0,8.0,22.0,2839.0,7.951559331155252,3727.0,8.223627175805483,0.5299192642332049,-0.848048096156426,0.0,1.0,0.0,8.223627175805483,12.400000000000073,10,,,,,,,
2023-10-08,,,,,,,,,0,3.2,14.0,107,31.3,83,1020.0,294.0,35.0,109.0,,,,,,,3082.0,8.03365842788615,2696.0,7.89989532313973,0.9563047559630355,-0.29237170472273666,0.0,1.0,0.0,7.89989532313973,14.800000000000072,10,75.0,59.0,66.0,75.0,56.0,73.0,0.0
2023-10-09,75.0,71.5,59.0,66.0,75.0,56.0,73.0,33.0,14,17.3,10.1,20,32.6,86,275.0,157.0,26.0,,,,,,,,2542.0,7.841099765422119,1735.0,7.459338895220296,0.3420201433256687,0.9396926207859084,0.0,0.0,0.0,0.0,26.700000000000074,10,86.0,64.0,77.0,86.0,60.0,83.0,0.0
2023-10-10,86.0,83.04166666666667,64.0,77.0,86.0,60.0,83.0,43.0,24,0.4,10.5,213,32.3,85,177.0,518.0,24.0,75.0,11.0,5.0,11.0,11.0,4.0,10.0,1472.0,7.29505641646263,969.0,6.877296071497429,-0.5446390350150271,-0.838670567945424,1.0,0.0,7.29505641646263,0.0,20.90000000000007,10,86.0,63.0,77.0,86.0,60.0,86.0,0.0
2023-10-11,86.0,83.58333333333333,63.0,77.0,86.0,60.0,86.0,43.0,24,16.4,10.7,99,31.4,88,507.0,570.0,29.0,86.0,0.0,-1.0,0.0,0.0,0.0,3.0,959.0,6.866933284461882,1245.0,7.1276936993473985,0.9876883405951378,-0.1564344650402308,0.0,1.0,0.0,7.1276936993473985,34.100000000000065,10,81.0,59.0,68.0,77.0,58.0,81.0,0.0
2023-10-12,81.0,74.25,59.0,68.0,77.0,58.0,81.0,38.0,24,0.3,12.7,98,33.1,81,603.0,656.0,29.0,86.0,-5.0,-4.0,-9.0,-9.0,-2.0,-5.0,1287.0,7.160845906664299,1744.0,7.4645098346365275,0.9902680687415704,-0.13917310096006535,0.0,1.0,0.0,7.4645098346365275,17.10000000000007,10,66.0,54.0,59.0,63.0,54.0,66.0,0.0
2023-10-13,66.0,62.625,54.0,59.0,63.0,54.0,66.0,26.0,24,0.0,11.8,132,33.2,80,907.0,1249.0,21.0,81.0,-15.0,-5.0,-9.0,-14.0,-4.0,-15.0,2017.0,7.609862200913554,2475.0,7.814399633804487,0.7431448254773942,-0.6691306063588582,0.0,1.0,0.0,7.814399633804487,16.70000000000007,10,69.0,55.0,63.0,69.0,53.0,69.0,0.0
2023-10-14,69.0,67.20833333333333,55.0,63.0,69.0,53.0,69.0,28.0,24,0.5,15.8,172,32.3,79,1309.0,309.0,34.0,66.0,3.0,1.0,4.0,6.0,-1.0,3.0,2819.0,7.944492163932159,2214.0,7.703007682479236,0.13917310096006533,-0.9902680687415704,0.0,0.0,0.0,0.0,0.8000000000000711,10,80.0,56.0,65.0,80.0,53.0,73.0,0.0
2023-10-15,80.0,74.91666666666667,56.0,65.0,80.0,53.0,73.0,38.0,24,2.3,17.0,180,31.2,80,467.0,491.0,3.0,69.0,11.0,1.0,2.0,11.0,0.0,4.0,2683.0,7.895063498091573,2049.0,7.6255950721324535,1.2246467991473532e-16,-1.0,0.0,0.0,0.0,0.0,2.800000000000071,10,80.0,60.0,66.0,80.0,55.0,73.0,0.0
2023-10-16,80.0,74.75,60.0,66.0,80.0,55.0,73.0,38.0,24,7.3,13.2,173,31.6,81,1930.0,1255.0,14.0,80.0,0.0,4.0,1.0,0.0,2.0,0.0,3706.0,8.217978203150732,2055.0,7.628517626575055,0.12186934340514755,-0.992546151641322,0.0,0.0,0.0,0.0,10.10000000000007,10,69.0,57.0,60.0,69.0,53.0,68.0,0.0
2023-10-17,69.0,66.70833333333333,57.0,60.0,69.0,53.0,68.0,28.0,24,0.1,18.6,166,32.1,81,1789.0,464.0,10.0,80.0,-11.0,-3.0,-6.0,-11.0,-2.0,-5.0,4186.0,8.339739766019143,2210.0,7.701200180857446,0.24192189559966773,-0.9702957262759965,0.0,0.0,0.0,0.0,9.70000000000007,10,65.0,53.0,59.0,65.0,52.0,65.0,0.0
2023-10-18,65.0,64.25,53.0,59.0,65.0,52.0,65.0,25.0,24,9.3,16.6,112,32.2,85,981.0,224.0,1.0,69.0,-4.0,-4.0,-1.0,-4.0,-1.0,-3.0,4700.0,8.45553053102413,1943.0,7.572502985020384,0.9271838545667874,-0.37460659341591207,0.0,1.0,0.0,7.572502985020384,16.70000000000007,10,63.0,51.0,57.0,62.0,50.0,63.0,0.0
2023-10-19,63.0,62.16666666666666,51.0,57.0,62.0,50.0,63.0,23.0,24,11.3,10.9,39,32.0,89,130.0,56.0,13.0,65.0,-2.0,-2.0,-2.0,-3.0,-2.0,-2.0,2900.0,7.972810784121404,744.0,6.61338421837956,0.6293203910498374,0.7771459614569709,0.0,0.0,0.0,0.0,20.70000000000007,10,61.0,46.0,56.0,61.0,45.0,60.0,0.0
2023-10-20,61.0,59.625,46.0,56.0,61.0,45.0,60.0,21.0,24,16.4,9.4,157,30.5,90,111.0,76.0,13.0,63.0,-2.0,-5.0,-1.0,-1.0,-5.0,-3.0,1222.0,7.109062135687172,356.0,5.877735781779639,0.39073112848927377,-0.9205048534524404,0.0,1.0,0.0,5.877735781779639,37.00000000000007,10,59.0,51.0,55.0,57.0,41.0,59.0,0.0
2023-10-21,59.0,58.208333333333336,51.0,55.0,57.0,41.0,59.0,19.0,24,17.4,10.7,303,30.4,91,261.0,167.0,11.0,61.0,-2.0,5.0,-1.0,-4.0,-4.0,-1.0,502.0,6.220590170099739,299.0,5.703782474656201,-0.8386705679454243,0.5446390350150266,0.0,0.0,0.0,0.0,45.100000000000065,10,68.0,49.0,59.0,68.0,38.0,60.0,0.0
2023-10-22,68.0,64.66666666666667,49.0,59.0,68.0,38.0,60.0,27.0,24,27.5,8.3,353,31.3,91,344.0,112.0,23.0,59.0,9.0,-2.0,4.0,11.0,-3.0,1.0,716.0,6.57507584059962,355.0,5.87493073085203,-0.12186934340514723,0.9925461516413221,0.0,0.0,0.0,0.0,61.30000000000007,10,66.0,52.0,58.0,66.0,50.0,61.0,0.0
2023-10-23,66.0,64.79166666666667,52.0,58.0,66.0,50.0,61.0,26.0,24,11.4,8.0,337,30.6,91,296.0,133.0,16.0,68.0,-2.0,3.0,-1.0,-2.0,12.0,1.0,901.0,6.804614520062624,412.0,6.023447592961033,-0.3907311284892739,0.9205048534524403,0.0,0.0,0.0,0.0,56.30000000000007,10,64.0,47.0,54.0,64.0,49.0,57.0,0.0
2023-10-24,64.0,57.75,47.0,54.0,64.0,49.0,57.0,23.0,24,29.0,10.2,358,31.7,89,346.0,114.0,13.0,66.0,-2.0,-5.0,-4.0,-2.0,-1.0,-4.0,986.0,6.894670039433482,359.0,5.886104031450156,-0.034899496702500823,0.9993908270190958,0.0,0.0,0.0,0.0,67.90000000000006,10,55.0,46.0,52.0,55.0,31.0,53.0,0.0
2023-10-25,55.0,52.54166666666666,46.0,52.0,55.0,31.0,53.0,16.0,24,2.8,8.8,279,30.9,87,508.0,224.0,17.0,64.0,-9.0,-1.0,-2.0,-9.0,-18.0,-4.0,1150.0,7.048386408721883,471.0,6.156978985585555,-0.9876883405951378,0.15643446504023067,1.0,0.0,7.048386408721883,0.0,43.20000000000007,10,62.0,48.0,55.0,62.0,46.0,61.0,0.0
2023-10-26,62.0,60.16666666666666,48.0,55.0,62.0,46.0,61.0,22.0,24,1.8,16.5,179,31.0,86,260.0,336.0,15.0,55.0,7.0,2.0,3.0,7.0,15.0,8.0,1114.0,7.016609683894219,674.0,6.51471269087253,0.01745240643728344,-0.9998476951563913,0.0,0.0,0.0,0.0,33.60000000000007,10,62.0,49.0,58.0,61.0,53.0,62.0,0.0
2023-10-27,62.0,61.41666666666666,49.0,58.0,61.0,53.0,62.0,22.0,24,8.5,10.3,28,31.1,87,595.0,582.0,33.0,62.0,0.0,1.0,3.0,-1.0,7.0,1.0,1363.0,7.218176838403408,1142.0,7.04141166379481,0.4694715627858908,0.882947592858927,0.0,0.0,0.0,0.0,13.10000000000007,10,61.0,51.0,56.0,61.0,52.0,59.0,0.0
2023-10-28,61.0,57.583333333333336,51.0,56.0,61.0,52.0,59.0,21.0,24,12.3,13.3,56,29.0,90,525.0,527.0,8.0,62.0,-1.0,2.0,-2.0,0.0,-1.0,-3.0,1380.0,7.2305631534092925,1445.0,7.27655640271871,0.8290375725550417,0.5591929034707468,0.0,0.0,0.0,0.0,22.600000000000072,10,58.0,39.0,53.0,57.0,43.0,58.0,0.0
2023-10-29,58.0,56.0,39.0,53.0,57.0,43.0,58.0,18.0,24,3.0,9.7,57,31.8,86,1243.0,940.0,15.0,61.0,-3.0,-12.0,-3.0,-4.0,-9.0,-1.0,2363.0,7.768110378525988,2049.0,7.6255950721324535,0.838670567945424,0.5446390350150271,0.0,0.0,0.0,0.0,23.80000000000007,10,61.0,49.0,53.0,61.0,43.0,60.0,0.0
2023-10-30,61.0,57.68181818181818,49.0,53.0,61.0,43.0,60.0,21.0,22,5.2,9.5,325,32.7,87,830.0,937.0,14.0,58.0,3.0,10.0,0.0,4.0,0.0,2.0,2598.0,7.8628820346414905,2404.0,7.785305182539862,-0.5735764363510465,0.8191520442889916,0.0,0.0,0.0,0.0,20.50000000000007,10,,,,,,,
2023-10-31,,,,,,,,,0,12.4,14.7,5,32.0,90,91.0,373.0,13.0,61.0,,,,,,,2164.0,7.68017564043659,2250.0,7.719129840906732,0.08715574274765817,0.9961946980917455,0.0,0.0,0.0,0.0,20.600000000000072,10,65.15413,41.222466,52.409485,65.15413,43.2719,62.604797,0.0
2023-11-01,65.15413,63.58470375,41.222466,52.409485,65.15413,43.2719,62.604797,24.607632,4,17.2,15.6,319,31.6,90,47.0,529.0,0.0,,,,,,,,968.0,6.876264611890766,1839.0,7.517520850603031,-0.6560590289905074,0.7547095802227719,0.0,0.0,0.0,0.0,34.80000000000007,11,65.84551,45.0,53.15663,65.84551,42.63487,62.768143,0.0
2023-11-02,65.84551,60.93240029166666,45.0,53.15663,65.84551,42.63487,62.768143,25.218586,24,12.5,9.2,351,31.8,88,267.0,18.0,23.0,65.15413,0.6913800000000094,3.777534000000003,0.7471450000000033,0.6913800000000094,-0.6370300000000029,0.1633460000000042,405.0,6.0063531596017325,920.0,6.825460036255307,-0.1564344650402311,0.9876883405951377,0.0,0.0,0.0,0.0,42.10000000000007,11,74.0,54.0,63.0,66.0,56.0,74.0,0.0
2023-11-03,74.0,69.29166666666667,54.0,63.0,66.0,56.0,74.0,32.0,24,1.3,10.4,340,32.0,84,303.0,79.0,5.0,65.84551,8.154489999999996,9.0,9.84337,0.15448999999999558,13.36513,11.231856999999998,617.0,6.42648845745769,626.0,6.440946540632921,-0.3420201433256686,0.9396926207859084,0.0,0.0,0.0,0.0,31.00000000000007,11,74.0,56.0,63.0,73.0,56.0,74.0,0.0
2023-11-04,74.0,71.875,56.0,63.0,73.0,56.0,74.0,32.0,24,14.8,9.5,51,31.0,87,130.0,127.0,10.0,74.0,0.0,2.0,0.0,7.0,0.0,0.0,700.0,6.55250788703459,224.0,5.41610040220442,0.7771459614569709,0.6293203910498375,0.0,0.0,0.0,0.0,28.600000000000072,11,69.0,52.0,57.0,69.0,53.0,65.0,0.0
2023-11-05,69.0,62.54166666666666,52.0,57.0,69.0,53.0,65.0,28.0,24,7.1,9.6,314,31.4,88,105.0,159.0,7.0,74.0,-5.0,-4.0,-6.0,-4.0,-3.0,-9.0,538.0,6.289715570908998,365.0,5.902633333401366,-0.7193398003386511,0.6946583704589973,0.0,0.0,0.0,0.0,23.200000000000074,11,61.0,53.0,53.0,60.0,49.0,61.0,0.0
2023-11-06,61.0,57.875,53.0,53.0,60.0,49.0,61.0,21.0,24,29.1,11.3,343,31.5,91,142.0,147.0,13.0,69.0,-8.0,1.0,-4.0,-9.0,-4.0,-4.0,377.0,5.934894195619588,433.0,6.073044534100405,-0.29237170472273716,0.9563047559630353,0.0,0.0,0.0,0.0,51.00000000000007,11,57.0,36.0,54.0,57.0,51.0,56.0,0.0
2023-11-07,57.0,55.833333333333336,36.0,54.0,57.0,51.0,56.0,17.0,24,36.0,8.8,336,30.2,91,98.0,151.0,10.0,61.0,-4.0,-17.0,1.0,-3.0,2.0,-5.0,345.0,5.846438775057725,457.0,6.126869184114185,-0.40673664307580015,0.913545457642601,0.0,0.0,0.0,0.0,72.20000000000007,11,56.0,39.0,50.0,55.0,45.0,56.0,0.0
2023-11-08,56.0,54.333333333333336,39.0,50.0,55.0,45.0,56.0,16.0,24,0.2,10.2,347,29.9,90,205.0,125.0,12.0,57.0,-1.0,3.0,-4.0,-2.0,-6.0,0.0,445.0,6.100318952020064,423.0,6.049733455231958,-0.22495105434386534,0.9743700647852351,0.0,0.0,0.0,0.0,65.30000000000007,11,65.0,46.0,56.0,65.0,55.0,59.0,0.0
2023-11-09,65.0,59.875,46.0,56.0,65.0,55.0,59.0,25.0,24,10.3,8.4,301,31.0,87,302.0,123.0,8.0,56.0,9.0,7.0,6.0,10.0,10.0,3.0,605.0,6.406879986069314,399.0,5.991464547107982,-0.8571673007021123,0.5150380749100542,0.0,0.0,0.0,0.0,46.50000000000007,11,65.0,47.0,55.0,65.0,51.0,58.0,0.0
2023-11-10,65.0,55.875,47.0,55.0,65.0,51.0,58.0,24.0,24,8.5,12.1,316,31.5,89,211.0,125.0,2.0,65.0,0.0,1.0,-1.0,0.0,-4.0,-1.0,718.0,6.577861357721047,373.0,5.924255797414532,-0.6946583704589976,0.7193398003386509,0.0,0.0,0.0,0.0,19.00000000000007,11,61.0,38.0,53.0,61.0,51.0,59.0,0.0
2023-11-11,61.0,57.25,38.0,53.0,61.0,51.0,59.0,21.0,24,7.4,12.2,311,31.0,87,86.0,156.0,14.0,65.0,-4.0,-9.0,-2.0,-4.0,0.0,1.0,599.0,6.396929655216146,404.0,6.003887067106539,-0.7547095802227722,0.656059028990507,0.0,0.0,0.0,0.0,26.200000000000074,11,78.0,60.0,61.0,78.0,59.0,71.0,0.0
2023-11-12,78.0,72.875,60.0,61.0,78.0,59.0,71.0,36.0,24,2.7,9.7,326,30.9,87,109.0,59.0,17.0,61.0,17.0,22.0,8.0,17.0,8.0,12.0,406.0,6.008813185442595,340.0,5.831882477283517,-0.5591929034707466,0.8290375725550418,0.0,0.0,0.0,0.0,18.600000000000072,11,74.0,59.0,61.0,74.0,60.0,70.0,0.0
2023-11-13,74.0,63.54166666666666,59.0,61.0,74.0,60.0,70.0,32.0,24,16.8,9.7,51,31.7,86,138.0,72.0,12.0,78.0,-4.0,-1.0,0.0,-4.0,1.0,-1.0,333.0,5.811140992976701,287.0,5.662960480135946,0.7771459614569709,0.6293203910498375,0.0,0.0,0.0,0.0,26.900000000000073,11,62.0,50.0,56.0,60.0,57.0,62.0,0.0
2023-11-14,62.0,60.208333333333336,50.0,56.0,60.0,57.0,62.0,22.0,24,10.6,15.2,306,29.7,94,36.0,118.0,9.0,74.0,-12.0,-9.0,-5.0,-14.0,-3.0,-8.0,283.0,5.648974238161206,249.0,5.521460917862246,-0.8090169943749476,0.5877852522924729,0.0,0.0,0.0,0.0,30.100000000000072,11,58.0,47.0,55.0,57.0,53.0,58.0,0.0
2023-11-15,58.0,53.79166666666666,47.0,55.0,57.0,53.0,58.0,18.0,24,9.0,13.5,322,31.5,89,75.0,100.0,10.0,62.0,-4.0,-3.0,-1.0,-3.0,-4.0,-4.0,249.0,5.521460917862246,290.0,5.673323267171493,-0.6156614753256582,0.788010753606722,0.0,0.0,0.0,0.0,36.40000000000007,11,55.0,44.0,42.0,55.0,33.0,51.0,0.0
2023-11-16,55.0,53.958333333333336,44.0,42.0,55.0,33.0,51.0,15.0,24,28.1,15.8,2,31.3,91,14.0,40.0,2.0,58.0,-3.0,-3.0,-13.0,-2.0,-20.0,-7.0,125.0,4.836281906951478,258.0,5.556828061699537,0.03489949670250097,0.9993908270190958,0.0,0.0,0.0,0.0,47.700000000000074,11,54.0,36.0,46.0,54.0,41.0,51.0,0.0
2023-11-17,54.0,52.583333333333336,36.0,46.0,54.0,41.0,51.0,15.0,24,12.1,11.4,16,30.8,91,37.0,59.0,4.0,55.0,-1.0,-8.0,4.0,-1.0,8.0,0.0,126.0,4.844187086458591,199.0,5.298317366548036,0.27563735581699916,0.9612616959383189,0.0,0.0,0.0,0.0,49.20000000000007,11,53.0,30.0,39.0,53.0,38.0,43.0,0.0
2023-11-18,53.0,52.125,30.0,39.0,53.0,38.0,43.0,14.0,24,9.9,13.5,15,31.6,88,38.0,37.0,1.0,54.0,-1.0,-6.0,-7.0,-1.0,-3.0,-8.0,89.0,4.499809670330265,136.0,4.919980925828125,0.25881904510252074,0.9659258262890683,0.0,0.0,0.0,0.0,50.100000000000065,11,44.0,28.0,30.0,44.0,37.0,36.0,0.0
2023-11-19,44.0,33.625,28.0,30.0,44.0,37.0,36.0,11.0,24,3.5,22.0,358,28.7,91,80.0,28.0,9.0,53.0,-9.0,-2.0,-9.0,-9.0,-1.0,-7.0,155.0,5.049856007249537,124.0,4.8283137373023015,-0.034899496702500823,0.9993908270190958,0.0,0.0,0.0,0.0,25.500000000000068,11,39.0,29.0,32.0,39.0,38.0,39.0,0.0
2023-11-20,39.0,35.333333333333336,29.0,32.0,39.0,38.0,39.0,9.0,24,10.5,10.8,349,30.7,91,139.0,55.0,6.0,44.0,-5.0,1.0,2.0,-5.0,1.0,3.0,257.0,5.552959584921617,120.0,4.795790545596741,-0.19080899537654467,0.981627183447664,0.0,0.0,0.0,0.0,23.90000000000007,11,46.0,28.0,35.0,46.0,37.0,37.0,0.0
2023-11-21,46.0,43.41666666666666,28.0,35.0,46.0,37.0,37.0,11.0,24,12.7,10.2,311,30.5,92,87.0,46.0,0.0,39.0,7.0,-1.0,3.0,7.0,-1.0,-2.0,306.0,5.726847747587197,129.0,4.867534450455582,-0.7547095802227722,0.656059028990507,0.0,0.0,0.0,0.0,26.700000000000067,11,47.0,30.0,34.0,47.0,34.0,44.0,0.0
2023-11-22,47.0,43.04166666666666,30.0,34.0,47.0,34.0,44.0,11.0,24,10.2,14.3,304,29.7,93,0.0,56.0,0.0,46.0,1.0,2.0,-1.0,1.0,-3.0,7.0,226.0,5.424950017481403,157.0,5.062595033026967,-0.8290375725550416,0.559192903470747,0.0,0.0,0.0,0.0,33.40000000000006,11,51.0,36.0,41.0,50.0,39.0,51.0,0.0
2023-11-23,51.0,48.333333333333336,36.0,41.0,50.0,39.0,51.0,12.0,24,24.6,10.0,312,30.2,90,14.0,16.0,5.0,47.0,4.0,6.0,7.0,3.0,5.0,7.0,101.0,4.624972813284271,118.0,4.77912349311153,-0.7431448254773946,0.6691306063588578,0.0,0.0,0.0,0.0,47.50000000000007,11,44.0,30.0,40.0,44.0,38.0,42.0,0.0
2023-11-24,44.0,33.041666666666664,30.0,40.0,44.0,38.0,42.0,10.0,24,8.1,13.5,351,29.8,90,18.0,26.0,2.0,51.0,-7.0,-6.0,-1.0,-6.0,-1.0,-9.0,32.0,3.4965075614664802,98.0,4.59511985013459,-0.1564344650402311,0.9876883405951377,0.0,0.0,0.0,0.0,42.90000000000006,11,40.0,28.0,30.0,40.0,34.0,40.0,0.0
2023-11-25,40.0,30.75,28.0,30.0,40.0,34.0,40.0,10.0,24,4.0,8.0,325,30.7,91,2.0,43.0,3.0,44.0,-4.0,-2.0,-10.0,-4.0,-4.0,-2.0,34.0,3.5553480614894135,85.0,4.454347296253507,-0.5735764363510465,0.8191520442889916,0.0,0.0,0.0,0.0,36.70000000000007,11,55.0,36.0,51.0,55.0,49.0,55.0,0.0
2023-11-26,55.0,52.47826086956522,36.0,51.0,55.0,49.0,55.0,16.0,23,30.4,8.2,332,30.7,92,14.0,5.0,1.0,40.0,15.0,8.0,21.0,15.0,15.0,15.0,34.0,3.5553480614894135,74.0,4.31748811353631,-0.4694715627858908,0.882947592858927,0.0,0.0,0.0,0.0,42.500000000000064,11,55.0,31.0,49.0,52.0,44.0,55.0,0.0
2023-11-27,55.0,51.208333333333336,31.0,49.0,52.0,44.0,55.0,15.0,24,3.3,10.0,339,29.1,92,4.0,18.0,0.0,55.0,0.0,-5.0,-2.0,-3.0,-5.0,0.0,20.0,3.044522437723423,66.0,4.204692619390966,-0.35836794954530077,0.9335804264972015,0.0,0.0,0.0,0.0,37.70000000000006,11,57.0,33.0,42.0,54.0,43.0,57.0,0.0
2023-11-28,57.0,55.375,33.0,42.0,54.0,43.0,57.0,17.0,24,2.9,14.8,3,30.2,91,52.0,29.0,7.0,55.0,2.0,2.0,-7.0,2.0,-1.0,2.0,70.0,4.2626798770413155,52.0,3.970291913552122,0.052335956242943835,0.9986295347545738,0.0,0.0,0.0,0.0,36.600000000000065,11,47.0,26.0,35.0,45.0,39.0,47.0,0.0
2023-11-29,47.0,39.458333333333336,26.0,35.0,45.0,39.0,47.0,11.0,24,35.9,10.5,3,29.8,93,23.0,70.0,3.0,57.0,-10.0,-7.0,-7.0,-9.0,-4.0,-10.0,79.0,4.382026634673881,117.0,4.770684624465665,0.052335956242943835,0.9986295347545738,0.0,0.0,0.0,0.0,42.100000000000065,11,51.0,26.0,41.0,51.0,38.0,42.0,0.0
2023-11-30,51.0,46.375,26.0,41.0,51.0,38.0,42.0,12.0,24,35.1,12.0,3,30.7,91,2.0,39.0,2.0,47.0,4.0,0.0,6.0,6.0,-1.0,-5.0,77.0,4.356708826689592,138.0,4.9344739331306915,0.052335956242943835,0.9986295347545738,0.0,0.0,0.0,0.0,73.90000000000006,11,45.0,32.0,35.0,45.0,28.0,35.0,0.0
2023-12-01,45.0,32.916666666666664,32.0,35.0,45.0,28.0,35.0,11.0,24,10.6,13.2,22,28.3,94,6.0,26.0,5.0,51.0,-6.0,6.0,-6.0,-6.0,-10.0,-7.0,31.0,3.4657359027997265,135.0,4.912654885736052,0.374606593415912,0.9271838545667874,0.0,0.0,0.0,0.0,81.60000000000007,12,42.0,27.0,38.0,41.0,24.0,42.0,0.0
2023-12-02,42.0,37.208333333333336,27.0,38.0,41.0,24.0,42.0,10.0,24,13.7,12.3,349,30.5,91,78.0,43.0,9.0,45.0,-3.0,-5.0,3.0,-4.0,-4.0,7.0,86.0,4.465908118654584,108.0,4.6913478822291435,-0.19080899537654467,0.981627183447664,0.0,0.0,0.0,0.0,59.40000000000006,12,44.0,27.0,40.0,44.0,37.0,43.0,0.0
2023-12-03,44.0,40.875,27.0,40.0,44.0,37.0,43.0,11.0,24,5.0,11.0,284,30.6,88,0.0,47.0,10.0,42.0,2.0,0.0,2.0,3.0,13.0,1.0,84.0,4.442651256490317,116.0,4.762173934797756,-0.9702957262759966,0.24192189559966742,1.0,0.0,4.442651256490317,0.0,29.30000000000006,12,51.0,30.0,36.0,51.0,44.0,45.0,0.0
2023-12-04,51.0,46.625,30.0,36.0,51.0,44.0,45.0,12.0,24,2.2,8.2,330,29.7,89,11.0,27.0,3.0,44.0,7.0,3.0,-4.0,7.0,7.0,2.0,89.0,4.499809670330265,117.0,4.770684624465665,-0.5000000000000004,0.8660254037844384,0.0,0.0,0.0,0.0,20.900000000000063,12,58.0,42.0,48.0,53.0,58.0,54.0,0.0
2023-12-05,58.0,53.54166666666666,42.0,48.0,53.0,58.0,54.0,18.0,24,20.1,12.4,32,30.9,90,58.0,49.0,2.0,51.0,7.0,12.0,12.0,2.0,14.0,9.0,69.0,4.248495242049359,123.0,4.820281565605037,0.5299192642332049,0.848048096156426,0.0,0.0,0.0,0.0,27.300000000000068,12,55.0,36.0,44.0,52.0,55.0,51.0,0.0
2023-12-06,55.0,43.79166666666666,36.0,44.0,52.0,55.0,51.0,16.0,24,13.2,13.1,342,29.1,92,36.0,51.0,6.0,58.0,-3.0,-6.0,-4.0,-1.0,-3.0,-3.0,105.0,4.663439094112067,127.0,4.852030263919617,-0.3090169943749477,0.9510565162951535,0.0,0.0,0.0,0.0,35.50000000000007,12,47.0,32.0,36.0,47.0,31.0,43.0,0.0
2023-12-07,47.0,39.66666666666666,32.0,36.0,47.0,31.0,43.0,11.0,24,12.1,13.6,329,30.2,92,17.0,27.0,10.0,55.0,-8.0,-4.0,-8.0,-5.0,-24.0,-8.0,111.0,4.718498871295094,127.0,4.852030263919617,-0.5150380749100545,0.8571673007021121,0.0,0.0,0.0,0.0,45.40000000000006,12,44.0,31.0,36.0,44.0,32.0,44.0,0.0
2023-12-08,44.0,38.8421052631579,31.0,36.0,44.0,32.0,44.0,11.0,19,7.6,15.2,4,30.6,89,10.0,18.0,7.0,47.0,-3.0,-1.0,0.0,-3.0,1.0,1.0,63.0,4.1588830833596715,96.0,4.574710978503383,0.0697564737441253,0.9975640502598242,0.0,0.0,0.0,0.0,32.90000000000006,12,32.0,22.0,28.0,32.0,27.0,28.0,0.0
2023-12-09,32.0,29.916666666666668,22.0,28.0,32.0,27.0,28.0,8.0,24,9.7,13.4,356,28.8,91,11.0,71.0,14.0,44.0,-12.0,-9.0,-8.0,-12.0,-5.0,-16.0,38.0,3.6635616461296463,116.0,4.762173934797756,-0.06975647374412564,0.9975640502598242,0.0,0.0,0.0,0.0,29.400000000000066,12,38.0,27.0,29.0,35.0,30.0,38.0,0.0
2023-12-10,38.0,34.041666666666664,27.0,29.0,35.0,30.0,38.0,9.0,24,1.8,15.2,356,29.7,89,41.0,28.0,13.0,32.0,6.0,5.0,1.0,3.0,3.0,10.0,62.0,4.143134726391533,117.0,4.770684624465665,-0.06975647374412564,0.9975640502598242,0.0,0.0,0.0,0.0,19.10000000000007,12,42.0,28.0,34.0,37.0,38.0,42.0,0.0
2023-12-11,42.0,40.04166666666666,28.0,34.0,37.0,38.0,42.0,10.0,24,16.2,13.4,0,29.4,92,97.0,34.0,1.0,38.0,4.0,1.0,5.0,2.0,8.0,4.0,149.0,5.0106352940962555,133.0,4.897839799950911,0.0,1.0,0.0,0.0,0.0,0.0,27.700000000000067,12,44.0,27.0,33.0,44.0,33.0,37.0,0.0
2023-12-12,44.0,40.583333333333336,27.0,33.0,44.0,33.0,37.0,11.0,24,9.6,9.8,342,29.0,93,128.0,24.0,5.0,42.0,2.0,-1.0,-1.0,7.0,-5.0,-5.0,266.0,5.58724865840025,86.0,4.465908118654584,-0.3090169943749477,0.9510565162951535,0.0,0.0,0.0,0.0,27.600000000000065,12,44.0,26.0,35.0,44.0,35.0,31.0,0.0
2023-12-13,44.0,40.79166666666666,26.0,35.0,44.0,35.0,31.0,11.0,24,11.4,12.3,356,30.8,92,77.0,26.0,3.0,44.0,0.0,-1.0,2.0,0.0,2.0,-6.0,302.0,5.713732805509369,84.0,4.442651256490317,-0.06975647374412564,0.9975640502598242,0.0,0.0,0.0,0.0,37.20000000000007,12,53.0,30.0,38.0,53.0,36.0,48.0,0.0
2023-12-14,53.0,49.583333333333336,30.0,38.0,53.0,36.0,48.0,14.0,24,27.2,10.3,346,30.4,93,92.0,42.0,2.0,44.0,9.0,4.0,3.0,9.0,1.0,17.0,297.0,5.697093486505405,92.0,4.532599493153256,-0.24192189559966787,0.9702957262759965,0.0,0.0,0.0,0.0,48.20000000000007,12,54.0,34.0,38.0,54.0,49.0,48.0,0.0
2023-12-15,54.0,52.958333333333336,34.0,38.0,54.0,49.0,48.0,15.0,24,13.5,9.4,10,30.9,92,116.0,65.0,5.0,53.0,1.0,4.0,0.0,1.0,13.0,0.0,285.0,5.655991810819852,133.0,4.897839799950911,0.17364817766693033,0.984807753012208,0.0,0.0,0.0,0.0,52.100000000000065,12,52.0,27.0,38.0,52.0,50.0,44.0,0.0
2023-12-16,52.0,46.708333333333336,27.0,38.0,52.0,50.0,44.0,13.0,24,9.6,13.2,10,30.6,90,70.0,51.0,5.0,54.0,-2.0,-7.0,0.0,-2.0,1.0,-4.0,278.0,5.631211781821365,158.0,5.0689042022202315,0.17364817766693033,0.984807753012208,0.0,0.0,0.0,0.0,50.30000000000007,12,47.0,25.0,31.0,47.0,34.0,44.0,0.0
2023-12-17,47.0,45.125,25.0,31.0,47.0,34.0,44.0,11.0,24,17.7,17.1,13,30.7,90,63.0,26.0,6.0,52.0,-5.0,-2.0,-7.0,-5.0,-16.0,0.0,249.0,5.521460917862246,142.0,4.962844630259907,0.224951054343865,0.9743700647852352,0.0,0.0,0.0,0.0,40.80000000000007,12,44.0,29.0,33.0,44.0,35.0,40.0,0.0
2023-12-18,44.0,40.083333333333336,29.0,33.0,44.0,35.0,40.0,11.0,24,18.6,15.3,5,30.1,91,33.0,39.0,6.0,47.0,-3.0,4.0,2.0,-3.0,1.0,-4.0,166.0,5.117993812416755,116.0,4.762173934797756,0.08715574274765817,0.9961946980917455,0.0,0.0,0.0,0.0,45.90000000000006,12,48.0,32.0,37.0,48.0,39.0,41.0,0.0
2023-12-19,48.0,42.958333333333336,32.0,37.0,48.0,39.0,41.0,12.0,24,14.0,12.8,1,30.0,92,19.0,24.0,15.0,44.0,4.0,3.0,4.0,4.0,4.0,1.0,115.0,4.7535901911063645,89.0,4.499809670330265,0.01745240643728351,0.9998476951563913,0.0,0.0,0.0,0.0,50.30000000000007,12,54.0,29.0,40.0,54.0,38.0,41.0,0.0
2023-12-20,54.0,52.54166666666666,29.0,40.0,54.0,38.0,41.0,14.0,24,10.5,14.8,356,29.9,91,8.0,60.0,1.0,48.0,6.0,-3.0,3.0,6.0,-1.0,0.0,60.0,4.110873864173311,123.0,4.820281565605037,-0.06975647374412564,0.9975640502598242,0.0,0.0,0.0,0.0,43.100000000000065,12,53.0,30.0,34.0,53.0,32.0,40.0,0.0
2023-12-21,53.0,49.583333333333336,30.0,34.0,53.0,32.0,40.0,14.0,24,19.9,17.1,358,29.1,91,26.0,42.0,15.0,54.0,-1.0,1.0,-6.0,-1.0,-6.0,-1.0,53.0,3.9889840465642745,126.0,4.844187086458591,-0.034899496702500823,0.9993908270190958,0.0,0.0,0.0,0.0,44.40000000000006,12,42.0,28.0,31.0,42.0,21.0,29.0,0.0
2023-12-22,42.0,32.541666666666664,28.0,31.0,42.0,21.0,29.0,10.0,24,5.1,23.3,8,28.9,87,26.0,36.0,12.0,53.0,-11.0,-2.0,-3.0,-11.0,-11.0,-11.0,60.0,4.110873864173311,138.0,4.9344739331306915,0.13917310096006544,0.9902680687415704,0.0,0.0,0.0,0.0,35.500000000000064,12,50.0,28.0,33.0,50.0,31.0,34.0,0.0
2023-12-23,50.0,46.75,28.0,33.0,50.0,31.0,34.0,12.0,24,14.7,17.0,331,29.1,87,32.0,46.0,0.0,42.0,8.0,0.0,2.0,8.0,10.0,5.0,84.0,4.442651256490317,124.0,4.8283137373023015,-0.4848096202463369,0.8746197071393959,0.0,0.0,0.0,0.0,39.70000000000007,12,52.0,46.0,39.0,52.0,51.0,52.0,0.0
2023-12-24,52.0,46.583333333333336,46.0,39.0,52.0,51.0,52.0,13.0,24,10.0,12.0,13,30.6,91,25.0,35.0,4.0,50.0,2.0,18.0,6.0,2.0,20.0,18.0,83.0,4.430816798843313,117.0,4.770684624465665,0.224951054343865,0.9743700647852352,0.0,0.0,0.0,0.0,29.800000000000068,12,51.0,31.0,38.0,50.0,43.0,51.0,0.0
2023-12-25,51.0,44.833333333333336,31.0,38.0,50.0,43.0,51.0,12.0,24,5.0,15.0,17,29.4,89,7.0,45.0,3.0,52.0,-1.0,-15.0,-1.0,-2.0,-8.0,-1.0,64.0,4.174387269895637,126.0,4.844187086458591,0.29237170472273677,0.9563047559630354,0.0,0.0,0.0,0.0,29.700000000000067,12,42.0,23.0,30.0,42.0,26.0,33.0,0.0
2023-12-26,42.0,36.583333333333336,23.0,30.0,42.0,26.0,33.0,10.0,24,10.9,15.3,12,28.9,91,13.0,32.0,1.0,51.0,-9.0,-8.0,-8.0,-8.0,-17.0,-18.0,45.0,3.828641396489095,112.0,4.727387818712341,0.20791169081775934,0.9781476007338057,0.0,0.0,0.0,0.0,25.90000000000007,12,44.0,26.0,34.0,44.0,21.0,30.0,0.0
2023-12-27,44.0,36.125,26.0,34.0,44.0,21.0,30.0,11.0,24,10.5,17.6,19,27.1,93,29.0,54.0,1.0,42.0,2.0,3.0,4.0,2.0,-5.0,-3.0,49.0,3.912023005428146,131.0,4.882801922586371,0.3255681544571567,0.9455185755993168,0.0,0.0,0.0,0.0,26.40000000000007,12,47.0,30.0,35.0,47.0,32.0,39.0,0.0
2023-12-28,47.0,43.29166666666666,30.0,35.0,47.0,32.0,39.0,11.0,24,14.5,12.5,42,30.1,91,13.0,38.0,21.0,44.0,3.0,4.0,1.0,3.0,11.0,9.0,55.0,4.02535169073515,124.0,4.8283137373023015,0.6691306063588582,0.7431448254773942,0.0,0.0,0.0,0.0,35.90000000000007,12,41.0,26.0,33.0,39.0,34.0,41.0,0.0
2023-12-29,41.0,38.66666666666666,26.0,33.0,39.0,34.0,41.0,10.0,24,19.0,15.0,32,30.1,92,13.0,46.0,12.0,47.0,-6.0,-4.0,-2.0,-8.0,2.0,2.0,55.0,4.02535169073515,138.0,4.9344739331306915,0.5299192642332049,0.848048096156426,0.0,0.0,0.0,0.0,44.00000000000007,12,51.0,36.0,43.0,51.0,42.0,51.0,0.0
2023-12-30,51.0,42.333333333333336,36.0,43.0,51.0,42.0,51.0,12.0,24,28.2,13.7,13,30.0,92,5.0,39.0,14.0,41.0,10.0,10.0,10.0,12.0,8.0,10.0,31.0,3.4657359027997265,123.0,4.820281565605037,0.224951054343865,0.9743700647852352,0.0,0.0,0.0,0.0,61.700000000000074,12,54.0,41.0,51.0,52.0,41.0,54.0,0.0
2023-12-31,54.0,50.708333333333336,41.0,51.0,52.0,41.0,54.0,15.0,24,25.2,15.5,10,28.7,92,3.0,53.0,8.0,51.0,3.0,5.0,8.0,1.0,-1.0,3.0,21.0,3.091042453358316,138.0,4.9344739331306915,0.17364817766693033,0.984807753012208,0.0,0.0,0.0,0.0,72.40000000000006,12,45.0,30.0,37.0,45.0,33.0,42.0,0.0
2024-01-01,45.0,42.208333333333336,30.0,37.0,45.0,33.0,42.0,11.0,24,12.5,14.7,12,29.0,92,6.0,27.0,5.0,54.0,-9.0,-11.0,-14.0,-7.0,-8.0,-12.0,14.0,2.70805020110221,119.0,4.787491742782046,0.20791169081775934,0.9781476007338057,0.0,0.0,0.0,0.0,65.90000000000006,1,38.0,29.0,34.0,38.0,33.0,35.0,0.0
2024-01-02,38.0,31.25,29.0,34.0,38.0,33.0,35.0,9.0,24,25.8,15.8,13,29.8,91,10.0,21.0,7.0,45.0,-7.0,-1.0,-3.0,-7.0,0.0,-7.0,19.0,2.995732273553991,101.0,4.624972813284271,0.224951054343865,0.9743700647852352,0.0,0.0,0.0,0.0,63.50000000000007,1,40.0,29.0,38.0,39.0,35.0,40.0,0.0
2024-01-03,40.0,34.375,29.0,38.0,39.0,35.0,40.0,10.0,24,25.6,13.3,345,29.5,92,2.0,25.0,10.0,38.0,2.0,0.0,4.0,1.0,2.0,5.0,18.0,2.9444389791664403,73.0,4.30406509320417,-0.2588190451025207,0.9659258262890683,0.0,0.0,0.0,0.0,63.90000000000008,1,42.0,29.0,39.0,42.0,30.0,40.0,0.0
2024-01-04,42.0,39.07142857142857,29.0,39.0,42.0,30.0,40.0,10.0,14,16.2,16.0,4,27.5,92,3.0,10.0,1.0,40.0,2.0,0.0,1.0,3.0,-5.0,0.0,15.0,2.772588722239781,56.0,4.04305126783455,0.0697564737441253,0.9975640502598242,0.0,0.0,0.0,0.0,67.60000000000008,1,35.0,23.0,26.0,35.0,20.0,27.0,0.0
2024-01-05,35.0,27.70833333333333,23.0,26.0,35.0,20.0,27.0,8.0,24,19.2,19.7,24,28.4,91,9.0,9.0,3.0,42.0,-7.0,-6.0,-13.0,-7.0,-10.0,-13.0,14.0,2.70805020110221,44.0,3.8066624897703196,0.4067366430758002,0.9135454576426009,0.0,0.0,0.0,0.0,61.00000000000007,1,36.0,28.0,35.0,36.0,30.0,35.0,0.0
2024-01-06,36.0,33.25,28.0,35.0,36.0,30.0,35.0,9.0,24,34.8,13.6,14,28.8,91,3.0,7.0,0.0,35.0,1.0,5.0,9.0,1.0,10.0,8.0,15.0,2.772588722239781,26.0,3.295836866004329,0.24192189559966773,0.9702957262759965,0.0,0.0,0.0,0.0,70.20000000000006,1,35.0,27.0,31.0,35.0,26.0,34.0,0.0
2024-01-07,35.0,31.125,27.0,31.0,35.0,26.0,34.0,8.0,24,39.3,12.3,1,25.8,96,0.0,6.0,3.0,36.0,-1.0,-1.0,-4.0,-1.0,-4.0,-1.0,12.0,2.5649493574615367,22.0,3.1354942159291497,0.01745240643728351,0.9998476951563913,0.0,0.0,0.0,0.0,93.30000000000007,1,38.0,26.0,30.0,38.0,26.0,33.0,0.0
2024-01-08,38.0,28.33333333333333,26.0,30.0,38.0,26.0,33.0,9.0,24,4.9,17.8,27,30.0,90,5.0,13.0,0.0,35.0,3.0,-1.0,-1.0,3.0,0.0,-1.0,8.0,2.1972245773362196,26.0,3.295836866004329,0.45399049973954675,0.8910065241883679,0.0,0.0,0.0,0.0,79.00000000000006,1,47.0,28.0,30.0,47.0,31.0,35.0,0.0
2024-01-09,47.0,40.875,28.0,30.0,47.0,31.0,35.0,11.0,24,55.5,8.3,15,29.0,94,0.0,26.0,4.0,38.0,9.0,2.0,0.0,9.0,5.0,2.0,5.0,1.791759469228055,45.0,3.828641396489095,0.25881904510252074,0.9659258262890683,0.0,0.0,0.0,0.0,99.70000000000006,1,34.0,22.0,26.0,34.0,20.0,25.0,0.0
2024-01-10,34.0,27.666666666666668,22.0,26.0,34.0,20.0,25.0,8.0,24,18.6,15.7,22,28.1,93,13.0,71.0,7.0,47.0,-13.0,-6.0,-4.0,-13.0,-11.0,-10.0,18.0,2.9444389791664403,110.0,4.709530201312334,0.374606593415912,0.9271838545667874,0.0,0.0,0.0,0.0,79.00000000000006,1,54.0,32.0,47.0,54.0,48.0,50.0,0.0
2024-01-11,54.0,40.375,32.0,47.0,54.0,48.0,50.0,14.0,24,3.1,14.8,18,30.1,88,5.0,75.0,3.0,34.0,20.0,10.0,21.0,20.0,28.0,25.0,18.0,2.9444389791664403,172.0,5.153291594497779,0.3090169943749474,0.9510565162951535,0.0,0.0,0.0,0.0,77.20000000000006,1,54.0,34.0,47.0,54.0,52.0,50.0,0.0
2024-01-12,54.0,48.875,34.0,47.0,54.0,52.0,50.0,15.0,24,29.3,14.4,19,27.8,92,19.0,24.0,0.0,54.0,0.0,2.0,0.0,0.0,4.0,0.0,37.0,3.6375861597263857,170.0,5.14166355650266,0.3255681544571567,0.9455185755993168,0.0,0.0,0.0,0.0,51.00000000000007,1,57.0,37.0,52.0,57.0,50.0,53.0,0.0
2024-01-13,57.0,49.625,37.0,52.0,57.0,50.0,53.0,17.0,24,7.8,15.4,3,29.8,90,5.0,9.0,11.0,54.0,3.0,3.0,5.0,3.0,-2.0,3.0,29.0,3.4011973816621555,108.0,4.6913478822291435,0.052335956242943835,0.9986295347545738,0.0,0.0,0.0,0.0,40.20000000000007,1,58.0,48.0,53.0,58.0,52.0,54.0,0.0
2024-01-14,58.0,57.208333333333336,48.0,53.0,58.0,52.0,54.0,19.0,24,7.6,18.3,5,29.7,88,6.0,2.0,11.0,57.0,1.0,11.0,1.0,1.0,2.0,1.0,30.0,3.4339872044851463,35.0,3.58351893845611,0.08715574274765817,0.9961946980917455,0.0,0.0,0.0,0.0,44.70000000000007,1,55.0,39.0,47.0,55.0,45.0,49.0,0.0
2024-01-15,55.0,52.875,39.0,47.0,55.0,45.0,49.0,16.0,24,18.0,17.0,10,29.3,90,4.0,2.0,7.0,58.0,-3.0,-9.0,-6.0,-3.0,-7.0,-5.0,15.0,2.772588722239781,13.0,2.6390573296152584,0.17364817766693033,0.984807753012208,0.0,0.0,0.0,0.0,33.40000000000006,1,50.0,33.0,36.0,50.0,27.0,35.0,0.0
2024-01-16,50.0,39.91666666666666,33.0,36.0,50.0,27.0,35.0,12.0,24,16.6,16.9,11,28.8,92,15.0,0.0,0.0,55.0,-5.0,-6.0,-11.0,-5.0,-18.0,-14.0,25.0,3.258096538021482,4.0,1.6094379124341003,0.1908089953765448,0.981627183447664,0.0,0.0,0.0,0.0,42.20000000000006,1,51.0,29.0,34.0,51.0,35.0,39.0,0.0
2024-01-17,51.0,47.29166666666666,29.0,34.0,51.0,35.0,39.0,12.0,24,15.9,20.4,22,28.4,91,0.0,20.0,2.0,50.0,1.0,-4.0,-2.0,1.0,8.0,4.0,19.0,2.995732273553991,22.0,3.1354942159291497,0.374606593415912,0.9271838545667874,0.0,0.0,0.0,0.0,50.500000000000064,1,59.0,38.0,41.0,59.0,34.0,43.0,0.0
2024-01-18,59.0,55.43478260869565,38.0,41.0,59.0,34.0,43.0,20.0,23,20.5,18.8,4,29.0,91,1.0,17.0,9.0,51.0,8.0,9.0,7.0,8.0,-1.0,4.0,16.0,2.833213344056216,37.0,3.6375861597263857,0.0697564737441253,0.9975640502598242,0.0,0.0,0.0,0.0,53.00000000000007,1,62.0,41.0,53.0,62.0,52.0,53.0,0.0
2024-01-19,62.0,60.6,41.0,53.0,62.0,52.0,53.0,22.0,15,13.2,17.0,360,28.5,90,2.0,13.0,5.0,59.0,3.0,3.0,12.0,3.0,18.0,10.0,3.0,1.3862943611198906,50.0,3.9318256327243257,-2.4492935982947064e-16,1.0,0.0,0.0,0.0,0.0,49.600000000000065,1,59.0,40.0,51.0,59.0,47.0,52.0,0.0
2024-01-20,59.0,48.625,40.0,51.0,59.0,47.0,52.0,19.0,24,40.7,10.6,324,26.4,95,7.0,1.0,3.0,62.0,-3.0,-1.0,-2.0,-3.0,-5.0,-1.0,10.0,2.3978952727983707,31.0,3.4657359027997265,-0.5877852522924734,0.8090169943749473,0.0,0.0,0.0,0.0,74.40000000000006,1,59.0,31.0,38.0,59.0,40.0,45.0,0.0
2024-01-21,59.0,53.0,31.0,38.0,59.0,40.0,45.0,19.0,22,5.1,12.2,353,30.7,88,27.0,18.0,9.0,59.0,0.0,-9.0,-13.0,0.0,-7.0,-7.0,36.0,3.6109179126442243,32.0,3.4965075614664802,-0.12186934340514723,0.9925461516413221,0.0,0.0,0.0,0.0,59.00000000000007,1,57.0,27.0,36.0,57.0,29.0,50.0,0.0
2024-01-22,57.0,51.125,27.0,36.0,57.0,29.0,50.0,18.0,24,2.2,11.2,352,31.2,85,67.0,24.0,6.0,59.0,-2.0,-4.0,-2.0,-2.0,-11.0,5.0,101.0,4.624972813284271,43.0,3.784189633918261,-0.13917310096006588,0.9902680687415703,0.0,0.0,0.0,0.0,48.000000000000064,1,51.0,40.0,40.0,47.0,42.0,51.0,0.0
2024-01-23,51.0,46.708333333333336,40.0,40.0,47.0,42.0,51.0,12.0,24,16.4,11.2,15,30.0,91,100.0,15.0,4.0,57.0,-6.0,13.0,4.0,-10.0,13.0,1.0,194.0,5.272999558563747,57.0,4.060443010546419,0.25881904510252074,0.9659258262890683,0.0,0.0,0.0,0.0,23.700000000000063,1,55.0,44.0,42.0,55.0,45.0,52.0,0.0
2024-01-24,55.0,49.54166666666666,44.0,42.0,55.0,45.0,52.0,16.0,24,38.9,11.2,23,29.1,92,16.0,39.0,2.0,51.0,4.0,4.0,2.0,8.0,3.0,1.0,183.0,5.214935757608986,78.0,4.3694478524670215,0.39073112848927377,0.9205048534524404,0.0,0.0,0.0,0.0,57.500000000000064,1,55.0,39.0,38.0,55.0,28.0,48.0,0.0
2024-01-25,55.0,49.0,39.0,38.0,55.0,28.0,48.0,15.0,24,31.0,12.9,24,29.2,92,29.0,66.0,2.0,55.0,0.0,-5.0,-4.0,0.0,-17.0,-4.0,145.0,4.983606621708336,120.0,4.795790545596741,0.4067366430758002,0.9135454576426009,0.0,0.0,0.0,0.0,86.30000000000007,1,52.0,47.0,46.0,52.0,33.0,52.0,0.0
2024-01-26,52.0,47.79166666666666,47.0,46.0,52.0,33.0,52.0,13.0,24,24.0,20.6,26,30.1,88,56.0,57.0,21.0,55.0,-3.0,8.0,8.0,-3.0,5.0,4.0,101.0,4.624972813284271,162.0,5.093750200806762,0.4383711467890774,0.898794046299167,0.0,0.0,0.0,0.0,93.90000000000006,1,62.0,62.0,53.0,55.0,36.0,52.0,0.0
2024-01-27,62.0,59.083333333333336,62.0,53.0,55.0,36.0,52.0,16.0,24,2.6,22.3,27,29.9,85,24.0,53.0,15.0,52.0,10.0,15.0,7.0,3.0,3.0,0.0,109.0,4.700480365792417,176.0,5.176149732573829,0.45399049973954675,0.8910065241883679,0.0,0.0,0.0,0.0,57.600000000000065,1,56.0,47.0,52.0,56.0,40.0,52.0,0.0
2024-01-28,56.0,55.583333333333336,47.0,52.0,56.0,40.0,52.0,17.0,24,2.7,21.0,25,29.7,86,32.0,70.0,9.0,62.0,-6.0,-15.0,-1.0,1.0,4.0,0.0,112.0,4.727387818712341,180.0,5.198497031265826,0.42261826174069944,0.9063077870366499,0.0,0.0,0.0,0.0,29.300000000000065,1,62.0,42.0,55.0,62.0,51.0,55.0,0.0
2024-01-29,62.0,59.333333333333336,42.0,55.0,62.0,51.0,55.0,22.0,24,3.5,17.7,26,29.7,85,31.0,48.0,15.0,56.0,6.0,-5.0,3.0,6.0,11.0,3.0,87.0,4.477336814478207,171.0,5.147494476813453,0.4383711467890774,0.898794046299167,0.0,0.0,0.0,0.0,8.800000000000065,1,62.0,45.0,55.0,62.0,52.0,56.0,0.0
2024-01-30,62.0,60.54166666666666,45.0,55.0,62.0,52.0,56.0,22.0,24,3.0,16.1,16,29.9,85,18.0,58.0,22.0,62.0,0.0,3.0,0.0,0.0,1.0,1.0,81.0,4.406719247264253,176.0,5.176149732573829,0.27563735581699916,0.9612616959383189,0.0,0.0,0.0,0.0,9.200000000000065,1,59.0,37.0,53.0,59.0,44.0,53.0,0.0
2024-01-31,59.0,58.083333333333336,37.0,53.0,59.0,44.0,53.0,19.0,24,4.6,15.9,20,30.4,86,15.0,5.0,31.0,62.0,-3.0,-8.0,-2.0,-3.0,-8.0,-3.0,64.0,4.174387269895637,111.0,4.718498871295094,0.3420201433256687,0.9396926207859084,0.0,0.0,0.0,0.0,11.100000000000064,1,55.0,32.0,47.0,55.0,38.0,53.0,0.0
2024-02-01,55.0,52.90909090909091,32.0,47.0,55.0,38.0,53.0,16.0,22,10.4,16.1,28,29.7,87,22.0,24.0,23.0,59.0,-4.0,-5.0,-6.0,-4.0,-6.0,0.0,55.0,4.02535169073515,87.0,4.477336814478207,0.4694715627858908,0.882947592858927,0.0,0.0,0.0,0.0,18.000000000000064,2,56.0,31.0,51.0,56.0,41.0,52.0,0.0
2024-02-02,56.0,52.34782608695652,31.0,51.0,56.0,41.0,52.0,16.0,23,9.2,14.7,8,30.2,88,16.0,19.0,27.0,55.0,1.0,-1.0,4.0,1.0,3.0,-1.0,53.0,3.9889840465642745,48.0,3.8918202981106265,0.13917310096006544,0.9902680687415704,0.0,0.0,0.0,0.0,24.200000000000063,2,56.0,31.0,51.0,56.0,46.0,53.0,0.0
2024-02-03,56.0,54.54166666666666,31.0,51.0,56.0,46.0,53.0,17.0,24,7.6,14.8,357,31.3,88,4.0,6.0,33.0,56.0,0.0,0.0,0.0,0.0,5.0,1.0,42.0,3.7612001156935624,49.0,3.912023005428146,-0.05233595624294437,0.9986295347545738,0.0,0.0,0.0,0.0,27.200000000000067,2,58.0,34.0,49.0,58.0,51.0,52.0,0.0
2024-02-04,58.0,55.125,34.0,49.0,58.0,51.0,52.0,18.0,24,0.3,15.7,351,32.0,84,7.0,10.0,28.0,56.0,2.0,3.0,-2.0,2.0,5.0,-1.0,27.0,3.332204510175204,35.0,3.58351893845611,-0.1564344650402311,0.9876883405951377,0.0,0.0,0.0,0.0,17.100000000000062,2,58.0,32.0,51.0,58.0,51.0,52.0,0.0
2024-02-05,58.0,54.583333333333336,32.0,51.0,58.0,51.0,52.0,18.0,24,2.8,15.7,11,31.3,86,13.0,9.0,28.0,58.0,0.0,-2.0,2.0,0.0,0.0,0.0,24.0,3.2188758248682006,25.0,3.258096538021482,0.1908089953765448,0.981627183447664,0.0,0.0,0.0,0.0,10.700000000000063,2,54.0,30.0,41.0,54.0,45.0,52.0,0.0
2024-02-06,54.0,51.708333333333336,30.0,41.0,54.0,45.0,52.0,15.0,24,5.4,17.5,357,32.1,86,12.0,9.0,30.0,58.0,-4.0,-2.0,-10.0,-4.0,-6.0,0.0,32.0,3.4965075614664802,28.0,3.367295829986474,-0.05233595624294437,0.9986295347545738,0.0,0.0,0.0,0.0,8.500000000000064,2,54.0,30.0,42.0,54.0,45.0,52.0,0.0
2024-02-07,54.0,49.333333333333336,30.0,42.0,54.0,45.0,52.0,15.0,24,6.6,15.0,15,30.7,88,25.0,6.0,18.0,54.0,0.0,0.0,1.0,0.0,0.0,0.0,50.0,3.9318256327243257,24.0,3.2188758248682006,0.25881904510252074,0.9659258262890683,0.0,0.0,0.0,0.0,14.800000000000063,2,44.0,24.0,44.0,42.0,36.0,42.0,0.0
2024-02-08,44.0,41.75,24.0,44.0,42.0,36.0,42.0,11.0,24,3.2,9.8,359,31.1,89,70.0,39.0,52.0,54.0,-10.0,-6.0,2.0,-12.0,-9.0,-10.0,107.0,4.68213122712422,54.0,4.007333185232471,-0.01745240643728356,0.9998476951563913,0.0,0.0,0.0,0.0,15.200000000000063,2,54.0,29.0,47.0,54.0,41.0,52.0,0.0
2024-02-09,54.0,49.208333333333336,29.0,47.0,54.0,41.0,52.0,14.0,24,10.0,14.2,15,31.0,88,25.0,19.0,33.0,44.0,10.0,5.0,3.0,12.0,5.0,10.0,120.0,4.795790545596741,64.0,4.174387269895637,0.25881904510252074,0.9659258262890683,0.0,0.0,0.0,0.0,19.80000000000006,2,58.0,55.0,47.0,54.0,55.0,58.0,0.0
2024-02-10,58.0,55.625,55.0,47.0,54.0,55.0,58.0,18.0,24,14.6,20.0,23,31.2,84,17.0,18.0,28.0,54.0,4.0,26.0,0.0,0.0,14.0,6.0,112.0,4.727387818712341,76.0,4.343805421853684,0.39073112848927377,0.9205048534524404,0.0,0.0,0.0,0.0,27.80000000000006,2,62.0,58.0,57.0,62.0,53.0,55.0,0.0
2024-02-11,62.0,57.583333333333336,58.0,57.0,62.0,53.0,55.0,22.0,24,0.8,24.2,22,30.8,81,44.0,17.0,42.0,58.0,4.0,3.0,10.0,8.0,-2.0,-3.0,86.0,4.465908118654584,54.0,4.007333185232471,0.374606593415912,0.9271838545667874,0.0,0.0,0.0,0.0,25.400000000000063,2,64.0,56.0,57.0,64.0,53.0,55.0,0.0
2024-02-12,64.0,61.625,56.0,57.0,64.0,53.0,55.0,24.0,24,21.9,20.8,23,27.2,86,60.0,26.0,22.0,62.0,2.0,-2.0,0.0,2.0,0.0,0.0,121.0,4.804021044733257,61.0,4.127134385045092,0.39073112848927377,0.9205048534524404,0.0,0.0,0.0,0.0,37.30000000000006,2,59.0,52.0,52.0,59.0,42.0,52.0,0.0
2024-02-13,59.0,57.875,52.0,52.0,59.0,42.0,52.0,19.0,24,15.1,23.2,26,28.9,87,69.0,51.0,10.0,64.0,-5.0,-4.0,-5.0,-5.0,-11.0,-3.0,173.0,5.159055299214529,94.0,4.553876891600541,0.4383711467890774,0.898794046299167,0.0,0.0,0.0,0.0,37.80000000000006,2,59.0,53.0,52.0,59.0,45.0,54.0,0.0
2024-02-14,59.0,57.375,53.0,52.0,59.0,45.0,54.0,19.0,24,0.8,22.5,34,30.6,84,19.0,48.0,9.0,59.0,0.0,1.0,0.0,0.0,3.0,2.0,148.0,5.003946305945459,125.0,4.836281906951478,0.5591929034707469,0.8290375725550417,0.0,0.0,0.0,0.0,37.80000000000006,2,57.0,46.0,45.0,57.0,48.0,53.0,0.0
2024-02-15,57.0,55.5,46.0,45.0,57.0,48.0,53.0,17.0,24,20.2,20.3,31,29.3,86,7.0,88.0,20.0,59.0,-2.0,-7.0,-7.0,-2.0,3.0,-1.0,95.0,4.564348191467836,187.0,5.236441962829949,0.5150380749100542,0.8571673007021123,0.0,0.0,0.0,0.0,36.100000000000065,2,61.0,55.0,54.0,61.0,52.0,55.0,0.0
2024-02-16,61.0,58.79166666666666,55.0,54.0,61.0,52.0,55.0,21.0,24,4.5,23.0,27,29.4,85,20.0,119.0,18.0,57.0,4.0,9.0,9.0,4.0,4.0,2.0,46.0,3.8501476017100584,255.0,5.545177444479562,0.45399049973954675,0.8910065241883679,0.0,0.0,0.0,0.0,25.50000000000006,2,71.0,71.0,54.0,60.0,51.0,56.0,0.0
2024-02-17,71.0,62.708333333333336,71.0,54.0,60.0,51.0,56.0,20.0,24,2.6,19.0,25,29.5,86,14.0,111.0,21.0,61.0,10.0,16.0,0.0,-1.0,-1.0,1.0,41.0,3.7376696182833684,318.0,5.765191102784844,0.42261826174069944,0.9063077870366499,0.0,0.0,0.0,0.0,27.300000000000065,2,86.0,86.0,56.0,62.0,54.0,62.0,0.0
2024-02-18,86.0,72.5,86.0,56.0,62.0,54.0,62.0,22.0,24,3.2,13.8,35,31.0,83,30.0,173.0,13.0,71.0,15.0,15.0,2.0,2.0,3.0,6.0,64.0,4.174387269895637,403.0,6.0014148779611505,0.573576436351046,0.8191520442889918,0.0,0.0,0.0,0.0,10.300000000000065,2,95.0,95.0,55.0,62.0,54.0,60.0,0.0
2024-02-19,95.0,79.54166666666667,95.0,55.0,62.0,54.0,60.0,21.0,24,10.3,14.6,35,30.8,84,29.0,171.0,26.0,86.0,9.0,9.0,-1.0,0.0,0.0,-2.0,73.0,4.30406509320417,455.0,6.1224928095143865,0.573576436351046,0.8191520442889918,0.0,0.0,0.0,0.0,16.100000000000065,2,59.0,59.0,48.0,52.0,39.0,48.0,0.0
2024-02-20,59.0,49.583333333333336,59.0,48.0,52.0,39.0,48.0,13.0,24,3.9,12.9,26,31.3,86,16.0,107.0,22.0,95.0,-36.0,-36.0,-7.0,-10.0,-15.0,-12.0,75.0,4.330733340286331,451.0,6.113682179832232,0.4383711467890774,0.898794046299167,0.0,0.0,0.0,0.0,17.400000000000066,2,49.0,49.0,41.0,49.0,40.0,46.0,0.0
2024-02-21,49.0,46.875,49.0,41.0,49.0,40.0,46.0,12.0,24,3.0,10.2,356,31.4,88,7.0,182.0,31.0,59.0,-10.0,-10.0,-7.0,-3.0,1.0,-2.0,52.0,3.970291913552122,460.0,6.133398042996649,-0.06975647374412564,0.9975640502598242,0.0,0.0,0.0,0.0,17.200000000000063,2,52.0,36.0,41.0,47.0,40.0,52.0,0.0
2024-02-22,52.0,48.79166666666666,36.0,41.0,47.0,40.0,52.0,13.0,24,2.9,8.9,20,31.5,88,17.0,117.0,31.0,49.0,3.0,-13.0,0.0,-2.0,0.0,6.0,40.0,3.713572066704308,406.0,6.008813185442595,0.3420201433256687,0.9396926207859084,0.0,0.0,0.0,0.0,9.800000000000065,2,52.0,41.0,51.0,52.0,41.0,52.0,0.0
2024-02-23,52.0,48.625,41.0,51.0,52.0,41.0,52.0,13.0,24,7.6,14.6,25,31.1,85,16.0,95.0,34.0,52.0,0.0,5.0,10.0,5.0,1.0,0.0,40.0,3.713572066704308,394.0,5.978885764901122,0.42261826174069944,0.9063077870366499,0.0,0.0,0.0,0.0,13.500000000000064,2,52.0,52.0,44.0,47.0,36.0,42.0,0.0
2024-02-24,52.0,46.41666666666666,52.0,44.0,47.0,36.0,42.0,11.0,24,1.1,14.5,21,31.5,83,29.0,124.0,55.0,52.0,0.0,11.0,-7.0,-5.0,-5.0,-10.0,62.0,4.143134726391533,336.0,5.820082930352362,0.35836794954530027,0.9335804264972017,0.0,0.0,0.0,0.0,11.600000000000064,2,55.0,43.0,46.0,55.0,41.0,46.0,0.0
2024-02-25,55.0,49.94444444444444,43.0,46.0,55.0,41.0,46.0,16.0,18,0.5,16.0,26,31.7,81,13.0,74.0,37.0,52.0,3.0,-9.0,2.0,8.0,5.0,4.0,58.0,4.07753744390572,293.0,5.683579767338681,0.4383711467890774,0.898794046299167,0.0,0.0,0.0,0.0,9.200000000000063,2,62.0,39.0,57.0,62.0,57.0,61.0,0.0
2024-02-26,62.0,59.583333333333336,39.0,57.0,62.0,57.0,61.0,22.0,24,0.4,21.2,37,31.1,81,19.0,24.0,39.0,55.0,7.0,-4.0,11.0,7.0,16.0,15.0,61.0,4.127134385045092,222.0,5.407171771460119,0.6018150231520483,0.7986355100472928,0.0,0.0,0.0,0.0,2.000000000000064,2,62.0,40.0,57.0,62.0,58.0,60.0,0.0
2024-02-27,62.0,61.083333333333336,40.0,57.0,62.0,58.0,60.0,22.0,24,10.5,16.5,25,28.4,85,22.0,70.0,30.0,62.0,0.0,1.0,0.0,0.0,1.0,-1.0,54.0,4.007333185232471,168.0,5.1298987149230735,0.42261826174069944,0.9063077870366499,0.0,0.0,0.0,0.0,11.400000000000064,2,59.0,33.0,54.0,59.0,53.0,53.0,0.0
2024-02-28,59.0,54.16666666666666,33.0,54.0,59.0,53.0,53.0,19.0,24,0.0,20.5,28,31.8,76,53.0,83.0,25.0,62.0,-3.0,-7.0,-3.0,-3.0,-5.0,-7.0,94.0,4.553876891600541,177.0,5.181783550292085,0.4694715627858908,0.882947592858927,0.0,0.0,0.0,0.0,10.900000000000064,2,54.0,35.0,46.0,54.0,46.0,50.0,0.0
2024-02-29,54.0,53.04166666666666,35.0,46.0,54.0,46.0,50.0,15.0,24,0.4,18.4,24,32.3,77,101.0,72.0,46.0,59.0,-5.0,2.0,-8.0,-5.0,-7.0,-3.0,176.0,5.176149732573829,225.0,5.420534999272286,0.4067366430758002,0.9135454576426009,0.0,0.0,0.0,0.0,10.900000000000064,2,54.0,33.0,48.0,54.0,35.0,51.0,0.0
2024-03-01,54.0,53.16666666666666,33.0,48.0,54.0,35.0,51.0,15.0,24,12.9,16.2,24,31.9,83,20.0,24.0,16.0,54.0,0.0,-2.0,2.0,0.0,-11.0,1.0,174.0,5.1647859739235145,179.0,5.19295685089021,0.4067366430758002,0.9135454576426009,0.0,0.0,0.0,0.0,13.300000000000065,3,54.0,36.0,51.0,54.0,36.0,52.0,0.0
2024-03-02,54.0,53.0,36.0,51.0,54.0,36.0,52.0,15.0,24,4.3,20.5,19,31.8,85,4.0,13.0,10.0,54.0,0.0,3.0,3.0,0.0,1.0,1.0,125.0,4.836281906951478,109.0,4.700480365792417,0.3255681544571567,0.9455185755993168,0.0,0.0,0.0,0.0,17.600000000000065,3,51.0,30.0,41.0,51.0,38.0,46.0,0.0
2024-03-03,51.0,44.29166666666666,30.0,41.0,51.0,38.0,46.0,13.0,24,19.1,18.1,31,30.2,90,4.0,42.0,27.0,54.0,-3.0,-6.0,-10.0,-3.0,2.0,-6.0,28.0,3.367295829986474,79.0,4.382026634673881,0.5150380749100542,0.8571673007021123,0.0,0.0,0.0,0.0,36.30000000000007,3,67.0,37.0,54.0,67.0,55.0,56.0,0.0
2024-03-04,67.0,59.833333333333336,37.0,54.0,67.0,55.0,56.0,26.0,24,11.2,13.4,46,30.7,88,4.0,43.0,12.0,51.0,16.0,7.0,13.0,16.0,17.0,10.0,12.0,2.5649493574615367,98.0,4.59511985013459,0.7193398003386512,0.6946583704589973,0.0,0.0,0.0,0.0,34.600000000000065,3,67.0,36.0,53.0,67.0,56.0,56.0,0.0
2024-03-05,67.0,56.91304347826087,36.0,53.0,67.0,56.0,56.0,26.0,23,23.0,11.7,44,30.5,91,3.0,53.0,18.0,67.0,0.0,-1.0,-1.0,0.0,1.0,0.0,11.0,2.4849066497880004,138.0,4.9344739331306915,0.6946583704589973,0.7193398003386512,0.0,0.0,0.0,0.0,53.30000000000007,3,54.0,28.0,48.0,54.0,33.0,45.0,0.0
2024-03-06,54.0,50.29166666666666,28.0,48.0,54.0,33.0,45.0,15.0,24,2.3,7.7,5,31.1,89,2.0,17.0,32.0,67.0,-13.0,-8.0,-5.0,-13.0,-23.0,-11.0,9.0,2.302585092994046,113.0,4.736198448394496,0.08715574274765817,0.9961946980917455,0.0,0.0,0.0,0.0,36.500000000000064,3,58.0,33.0,54.0,58.0,52.0,56.0,0.0
2024-03-07,58.0,56.708333333333336,33.0,54.0,58.0,52.0,56.0,19.0,24,45.7,10.0,20,31.0,90,1.0,11.0,32.0,54.0,4.0,5.0,6.0,4.0,19.0,11.0,6.0,1.9459101490553132,81.0,4.406719247264253,0.3420201433256687,0.9396926207859084,0.0,0.0,0.0,0.0,71.00000000000007,3,56.0,33.0,53.0,56.0,50.0,55.0,0.0
2024-03-08,56.0,53.71428571428572,33.0,53.0,56.0,50.0,55.0,17.0,21,23.0,14.2,303,29.7,92,0.0,40.0,4.0,58.0,-2.0,0.0,-1.0,-2.0,-2.0,-1.0,3.0,1.3862943611198906,68.0,4.23410650459726,-0.8386705679454243,0.5446390350150266,0.0,0.0,0.0,0.0,71.00000000000007,3,57.0,34.0,53.0,57.0,49.0,52.0,0.0
2024-03-09,57.0,55.16666666666666,34.0,53.0,57.0,49.0,52.0,17.0,24,0.1,11.9,36,31.4,83,2.0,95.0,14.0,56.0,1.0,1.0,0.0,1.0,-1.0,-3.0,3.0,1.3862943611198906,146.0,4.990432586778736,0.5877852522924731,0.8090169943749475,0.0,0.0,0.0,0.0,68.80000000000007,3,58.0,36.0,46.0,58.0,51.0,58.0,0.0
2024-03-10,58.0,50.208333333333336,36.0,46.0,58.0,51.0,58.0,19.0,24,8.9,15.0,8,30.0,87,1.0,31.0,20.0,57.0,1.0,2.0,-7.0,1.0,2.0,6.0,3.0,1.3862943611198906,166.0,5.117993812416755,0.13917310096006544,0.9902680687415704,0.0,0.0,0.0,0.0,32.00000000000007,3,66.0,50.0,57.0,66.0,61.0,64.0,0.0
2024-03-11,66.0,63.5,50.0,57.0,66.0,61.0,64.0,26.0,24,0.0,15.7,6,31.5,78,6.0,65.0,50.0,58.0,8.0,14.0,11.0,8.0,10.0,6.0,9.0,2.302585092994046,191.0,5.2574953720277815,0.10452846326765347,0.9945218953682733,0.0,0.0,0.0,0.0,9.000000000000071,3,63.0,44.0,55.0,63.0,59.0,61.0,0.0
2024-03-12,63.0,61.375,44.0,55.0,63.0,59.0,61.0,22.0,24,1.1,16.1,5,30.7,83,33.0,49.0,20.0,66.0,-3.0,-6.0,-2.0,-3.0,-2.0,-3.0,40.0,3.713572066704308,145.0,4.983606621708336,0.08715574274765817,0.9961946980917455,0.0,0.0,0.0,0.0,10.000000000000071,3,62.0,35.0,54.0,62.0,55.0,57.0,0.0
2024-03-13,62.0,59.583333333333336,35.0,54.0,62.0,55.0,57.0,21.0,24,0.1,16.6,11,31.6,80,43.0,51.0,55.0,63.0,-1.0,-9.0,-1.0,-1.0,-4.0,-4.0,82.0,4.418840607796598,165.0,5.111987788356544,0.1908089953765448,0.981627183447664,0.0,0.0,0.0,0.0,1.2000000000000712,3,61.0,38.0,53.0,61.0,53.0,56.0,0.0
2024-03-14,61.0,60.16666666666666,38.0,53.0,61.0,53.0,56.0,21.0,24,0.0,16.2,17,32.2,82,50.0,51.0,59.0,62.0,-1.0,3.0,-1.0,-1.0,-2.0,-1.0,126.0,4.844187086458591,151.0,5.0238805208462765,0.29237170472273677,0.9563047559630354,0.0,0.0,0.0,0.0,1.2000000000000712,3,64.0,38.0,53.0,64.0,53.0,56.0,0.0
2024-03-15,64.0,61.625,38.0,53.0,64.0,53.0,56.0,24.0,24,0.1,14.8,13,31.6,82,33.0,37.0,40.0,61.0,3.0,0.0,0.0,3.0,0.0,0.0,126.0,4.844187086458591,139.0,4.941642422609304,0.224951054343865,0.9743700647852352,0.0,0.0,0.0,0.0,0.20000000000007107,3,60.0,34.0,48.0,60.0,50.0,55.0,0.0
2024-03-16,60.0,56.91666666666666,34.0,48.0,60.0,50.0,55.0,20.0,24,0.0,12.7,21,32.2,81,65.0,76.0,81.0,64.0,-4.0,-4.0,-5.0,-4.0,-3.0,-1.0,148.0,5.003946305945459,164.0,5.10594547390058,0.35836794954530027,0.9335804264972017,0.0,0.0,0.0,0.0,0.10000000000007106,3,61.0,35.0,53.0,61.0,51.0,56.0,0.0
2024-03-17,61.0,60.29166666666666,35.0,53.0,61.0,51.0,56.0,21.0,24,0.8,15.5,15,31.8,81,92.0,112.0,48.0,60.0,1.0,1.0,5.0,1.0,1.0,1.0,190.0,5.25227342804663,225.0,5.420534999272286,0.25881904510252074,0.9659258262890683,0.0,0.0,0.0,0.0,0.9000000000000711,3,61.0,34.0,52.0,61.0,51.0,54.0,0.0
2024-03-18,61.0,56.083333333333336,34.0,52.0,61.0,51.0,54.0,21.0,24,1.6,14.4,26,32.0,81,121.0,178.0,112.0,61.0,0.0,-1.0,-1.0,0.0,0.0,-2.0,278.0,5.631211781821365,366.0,5.905361848054571,0.4383711467890774,0.898794046299167,0.0,0.0,0.0,0.0,2.4000000000000714,3,55.0,30.0,47.0,55.0,41.0,51.0,0.0
2024-03-19,55.0,52.875,30.0,47.0,55.0,41.0,51.0,15.0,24,1.4,14.9,26,32.2,80,122.0,80.0,107.0,61.0,-6.0,-4.0,-5.0,-6.0,-10.0,-3.0,335.0,5.817111159963204,370.0,5.916202062607435,0.4383711467890774,0.898794046299167,0.0,0.0,0.0,0.0,3.800000000000071,3,57.0,36.0,53.0,57.0,55.0,57.0,0.0
2024-03-20,57.0,53.25,36.0,53.0,57.0,55.0,57.0,17.0,24,12.4,19.3,26,31.8,82,88.0,50.0,39.0,55.0,2.0,6.0,6.0,2.0,14.0,6.0,331.0,5.805134968916488,308.0,5.733341276897746,0.4383711467890774,0.898794046299167,0.0,0.0,0.0,0.0,15.400000000000071,3,63.0,52.0,55.0,58.0,57.0,63.0,0.0
2024-03-21,63.0,60.958333333333336,52.0,55.0,58.0,57.0,63.0,23.0,24,8.8,17.8,30,30.7,81,164.0,88.0,75.0,57.0,6.0,16.0,2.0,1.0,2.0,6.0,374.0,5.926926025970411,218.0,5.389071729816501,0.49999999999999994,0.8660254037844387,0.0,0.0,0.0,0.0,22.600000000000072,3,64.0,55.0,59.0,64.0,55.0,64.0,0.0
2024-03-22,64.0,62.79166666666666,55.0,59.0,64.0,55.0,64.0,24.0,24,1.5,15.2,32,31.6,79,112.0,186.0,74.0,63.0,1.0,3.0,4.0,6.0,-2.0,1.0,364.0,5.8998973535824915,324.0,5.783825182329737,0.5299192642332049,0.848048096156426,0.0,0.0,0.0,0.0,22.70000000000007,3,60.0,54.0,57.0,58.0,53.0,60.0,0.0
2024-03-23,60.0,57.04166666666666,54.0,57.0,58.0,53.0,60.0,20.0,24,2.3,11.0,48,33.4,77,93.0,85.0,74.0,64.0,-4.0,-1.0,-2.0,-6.0,-2.0,-4.0,369.0,5.91350300563827,359.0,5.886104031450156,0.7431448254773942,0.6691306063588582,0.0,0.0,0.0,0.0,12.600000000000072,3,58.0,56.0,51.0,54.0,55.0,58.0,0.0
2024-03-24,58.0,57.29166666666666,56.0,51.0,54.0,55.0,58.0,18.0,24,4.5,13.8,60,34.2,78,138.0,205.0,91.0,60.0,-2.0,2.0,-6.0,-4.0,2.0,-2.0,343.0,5.840641657373398,476.0,6.1675164908883415,0.8660254037844386,0.5000000000000001,0.0,0.0,0.0,0.0,8.300000000000072,3,56.0,53.0,41.0,55.0,53.0,56.0,0.0
2024-03-25,56.0,54.625,53.0,41.0,55.0,53.0,56.0,16.0,24,1.9,11.9,49,33.7,78,95.0,212.0,84.0,58.0,-2.0,-3.0,-10.0,1.0,-2.0,-2.0,326.0,5.7899601708972535,502.0,6.220590170099739,0.754709580222772,0.6560590289905073,0.0,0.0,0.0,0.0,8.70000000000007,3,57.0,50.0,48.0,57.0,50.0,54.0,0.0
2024-03-26,57.0,55.52173913043478,50.0,48.0,57.0,50.0,54.0,17.0,23,0.1,16.4,46,33.9,77,48.0,139.0,66.0,56.0,1.0,-3.0,7.0,2.0,-3.0,-2.0,281.0,5.641907070938114,556.0,6.322565239927284,0.7193398003386512,0.6946583704589973,0.0,0.0,0.0,0.0,6.500000000000071,3,57.0,52.0,43.0,57.0,47.0,55.0,0.0
2024-03-27,57.0,56.458333333333336,52.0,43.0,57.0,47.0,55.0,18.0,24,1.3,13.0,37,33.2,79,62.0,59.0,62.0,57.0,0.0,2.0,-5.0,0.0,-3.0,1.0,205.0,5.327876168789581,410.0,6.018593214496234,0.6018150231520483,0.7986355100472928,0.0,0.0,0.0,0.0,3.300000000000071,3,56.0,48.0,45.0,56.0,45.0,53.0,0.0
2024-03-28,56.0,55.625,48.0,45.0,56.0,45.0,53.0,17.0,24,2.4,14.0,63,33.8,79,29.0,11.0,42.0,57.0,-1.0,-4.0,2.0,-1.0,-2.0,-2.0,139.0,4.941642422609304,209.0,5.3471075307174685,0.8910065241883678,0.4539904997395468,0.0,0.0,0.0,0.0,3.8000000000000713,3,56.0,47.0,45.0,56.0,44.0,52.0,0.0
2024-03-29,56.0,47.083333333333336,47.0,45.0,56.0,44.0,52.0,16.0,24,4.0,16.1,92,32.9,79,30.0,67.0,70.0,56.0,0.0,-1.0,0.0,0.0,-1.0,-1.0,121.0,4.804021044733257,137.0,4.927253685157205,0.9993908270190958,-0.034899496702500955,0.0,1.0,0.0,4.927253685157205,7.700000000000071,3,36.0,36.0,25.0,28.0,32.0,29.0,0.0
2024-03-30,36.0,32.166666666666664,36.0,25.0,28.0,32.0,29.0,9.0,24,34.2,17.3,80,32.0,81,16.0,78.0,37.0,56.0,-20.0,-11.0,-20.0,-28.0,-12.0,-23.0,75.0,4.330733340286331,156.0,5.056245805348308,0.984807753012208,0.17364817766693041,0.0,1.0,0.0,5.056245805348308,40.60000000000007,3,54.0,54.0,39.0,52.0,48.0,52.0,0.0
2024-03-31,54.0,43.30434782608695,54.0,39.0,52.0,48.0,52.0,13.0,23,13.8,10.0,85,33.2,84,19.0,35.0,82.0,36.0,18.0,18.0,14.0,24.0,16.0,23.0,65.0,4.189654742026425,180.0,5.198497031265826,0.9961946980917455,0.08715574274765814,0.0,1.0,0.0,5.198497031265826,52.00000000000007,3,55.0,53.0,51.0,55.0,51.0,52.0,0.0
2024-04-01,55.0,53.79166666666666,53.0,51.0,55.0,51.0,52.0,16.0,24,22.5,10.9,31,31.8,87,23.0,50.0,41.0,54.0,1.0,-1.0,12.0,3.0,3.0,0.0,58.0,4.07753744390572,163.0,5.099866427824199,0.5150380749100542,0.8571673007021123,0.0,0.0,0.0,0.0,70.50000000000007,4,54.0,53.0,45.0,54.0,51.0,52.0,0.0
2024-04-02,54.0,50.333333333333336,53.0,45.0,54.0,51.0,52.0,15.0,24,5.1,9.4,251,31.7,87,34.0,52.0,47.0,55.0,-1.0,0.0,-6.0,-1.0,0.0,0.0,76.0,4.343805421853684,137.0,4.927253685157205,-0.9455185755993168,-0.32556815445715664,1.0,0.0,4.343805421853684,0.0,41.40000000000007,4,45.0,43.0,31.0,45.0,39.0,45.0,0.0
2024-04-03,45.0,42.04166666666666,43.0,31.0,45.0,39.0,45.0,11.0,24,5.9,10.1,28,32.2,88,25.0,84.0,76.0,54.0,-9.0,-10.0,-14.0,-9.0,-12.0,-7.0,82.0,4.418840607796598,186.0,5.231108616854587,0.4694715627858908,0.882947592858927,0.0,0.0,0.0,0.0,33.50000000000007,4,62.0,59.0,55.0,57.0,57.0,62.0,0.0
2024-04-04,62.0,56.583333333333336,59.0,55.0,57.0,57.0,62.0,22.0,24,9.7,13.1,347,31.8,89,12.0,155.0,78.0,45.0,17.0,16.0,24.0,12.0,18.0,17.0,71.0,4.276666119016055,291.0,5.676753802268282,-0.22495105434386534,0.9743700647852351,0.0,0.0,0.0,0.0,20.70000000000007,4,62.0,56.0,56.0,62.0,56.0,60.0,0.0
2024-04-05,62.0,61.04166666666666,56.0,56.0,62.0,56.0,60.0,22.0,24,6.1,9.3,356,32.5,85,30.0,77.0,140.0,62.0,0.0,-3.0,1.0,5.0,-1.0,-2.0,67.0,4.219507705176107,316.0,5.75890177387728,-0.06975647374412564,0.9975640502598242,0.0,0.0,0.0,0.0,21.70000000000007,4,59.0,50.0,46.0,59.0,56.0,56.0,0.0
2024-04-06,59.0,52.708333333333336,50.0,46.0,59.0,56.0,56.0,19.0,24,0.4,10.2,24,33.2,81,60.0,67.0,207.0,62.0,-3.0,-6.0,-10.0,-3.0,0.0,-4.0,102.0,4.634728988229636,299.0,5.703782474656201,0.4067366430758002,0.9135454576426009,0.0,0.0,0.0,0.0,16.20000000000007,4,49.0,42.0,34.0,44.0,49.0,49.0,0.0
2024-04-07,49.0,47.16666666666666,42.0,34.0,44.0,49.0,49.0,12.0,24,5.5,9.7,39,32.8,84,27.0,19.0,132.0,59.0,-10.0,-8.0,-12.0,-15.0,-7.0,-7.0,117.0,4.770684624465665,163.0,5.099866427824199,0.6293203910498374,0.7771459614569709,0.0,0.0,0.0,0.0,12.000000000000071,4,52.0,45.0,41.0,42.0,52.0,48.0,0.0
2024-04-08,52.0,45.75,45.0,41.0,42.0,52.0,48.0,13.0,24,20.5,11.8,358,31.9,88,15.0,52.0,57.0,49.0,3.0,3.0,7.0,-2.0,3.0,-1.0,102.0,4.634728988229636,138.0,4.9344739331306915,-0.034899496702500823,0.9993908270190958,0.0,0.0,0.0,0.0,26.40000000000007,4,59.0,58.0,53.0,55.0,53.0,59.0,0.0
2024-04-09,59.0,56.0,58.0,53.0,55.0,53.0,59.0,19.0,24,3.2,11.5,339,32.3,86,7.0,34.0,32.0,52.0,7.0,13.0,12.0,13.0,1.0,11.0,49.0,3.912023005428146,105.0,4.663439094112067,-0.35836794954530077,0.9335804264972015,0.0,0.0,0.0,0.0,29.20000000000007,4,56.0,56.0,45.0,52.0,54.0,56.0,0.0
2024-04-10,56.0,54.125,56.0,45.0,52.0,54.0,56.0,16.0,24,15.0,12.2,11,29.6,92,1.0,78.0,12.0,59.0,-3.0,-2.0,-8.0,-3.0,1.0,-3.0,23.0,3.1780538303479458,164.0,5.10594547390058,0.1908089953765448,0.981627183447664,0.0,0.0,0.0,0.0,38.70000000000007,4,52.0,36.0,40.0,45.0,47.0,52.0,0.0
2024-04-11,52.0,43.04166666666666,36.0,40.0,45.0,47.0,52.0,13.0,24,4.7,17.2,48,30.5,87,16.0,110.0,34.0,56.0,-4.0,-20.0,-5.0,-7.0,-7.0,-4.0,24.0,3.2188758248682006,222.0,5.407171771460119,0.7431448254773942,0.6691306063588582,0.0,0.0,0.0,0.0,22.900000000000066,4,52.0,39.0,41.0,52.0,44.0,50.0,0.0
2024-04-12,52.0,47.66666666666666,39.0,41.0,52.0,44.0,50.0,13.0,24,29.7,12.8,24,26.2,95,22.0,115.0,35.0,52.0,0.0,3.0,1.0,7.0,-3.0,-2.0,39.0,3.6888794541139363,303.0,5.717027701406222,0.4067366430758002,0.9135454576426009,0.0,0.0,0.0,0.0,49.40000000000006,4,45.0,45.0,33.0,40.0,39.0,39.0,0.0
2024-04-13,45.0,40.29166666666666,45.0,33.0,40.0,39.0,39.0,11.0,24,21.3,13.3,28,31.0,89,47.0,116.0,20.0,52.0,-7.0,6.0,-8.0,-12.0,-5.0,-11.0,85.0,4.454347296253507,341.0,5.834810737062605,0.4694715627858908,0.882947592858927,0.0,0.0,0.0,0.0,55.70000000000007,4,53.0,44.0,33.0,32.0,53.0,44.0,0.0
2024-04-14,53.0,46.75,44.0,33.0,32.0,53.0,44.0,11.0,24,20.2,9.7,29,29.8,91,8.0,140.0,60.0,45.0,8.0,-1.0,0.0,-8.0,14.0,5.0,77.0,4.356708826689592,371.0,5.918893854273146,0.48480962024633706,0.8746197071393957,0.0,0.0,0.0,0.0,71.20000000000006,4,53.0,32.0,31.0,39.0,53.0,45.0,0.0
2024-04-15,53.0,48.083333333333336,32.0,31.0,39.0,53.0,45.0,11.0,24,4.5,10.8,53,29.5,92,25.0,185.0,63.0,53.0,0.0,-12.0,-2.0,7.0,0.0,1.0,80.0,4.394449154672439,441.0,6.091309882077698,0.7986355100472928,0.6018150231520484,0.0,0.0,0.0,0.0,46.00000000000007,4,43.0,36.0,31.0,38.0,40.0,43.0,0.0
2024-04-16,43.0,36.66666666666666,36.0,31.0,38.0,40.0,43.0,10.0,24,21.8,8.4,52,30.2,92,19.0,138.0,9.0,53.0,-10.0,4.0,0.0,-1.0,-13.0,-2.0,52.0,3.970291913552122,463.0,6.139884552226255,0.788010753606722,0.6156614753256583,0.0,0.0,0.0,0.0,46.50000000000007,4,50.0,44.0,34.0,50.0,40.0,50.0,0.0
2024-04-17,50.0,47.79166666666666,44.0,34.0,50.0,40.0,50.0,12.0,24,19.3,10.9,298,30.2,93,5.0,260.0,19.0,43.0,7.0,8.0,3.0,12.0,0.0,7.0,49.0,3.912023005428146,583.0,6.369900982828227,-0.8829475928589271,0.4694715627858904,0.0,0.0,0.0,0.0,45.600000000000065,4,59.0,53.0,51.0,55.0,53.0,59.0,0.0
2024-04-18,59.0,57.16666666666666,53.0,51.0,55.0,53.0,59.0,19.0,24,13.8,8.3,357,30.6,91,9.0,126.0,14.0,50.0,9.0,9.0,17.0,5.0,13.0,9.0,33.0,3.5263605246161616,524.0,6.263398262591624,-0.05233595624294437,0.9986295347545738,0.0,0.0,0.0,0.0,54.90000000000007,4,61.0,57.0,50.0,55.0,56.0,61.0,0.0
2024-04-19,61.0,58.79166666666666,57.0,50.0,55.0,56.0,61.0,21.0,24,16.1,6.9,332,31.0,92,7.0,45.0,7.0,59.0,2.0,4.0,-1.0,0.0,3.0,2.0,21.0,3.091042453358316,431.0,6.068425588244111,-0.4694715627858908,0.882947592858927,0.0,0.0,0.0,0.0,49.20000000000007,4,59.0,55.0,40.0,42.0,55.0,59.0,0.0
2024-04-20,59.0,52.833333333333336,55.0,40.0,42.0,55.0,59.0,19.0,24,16.0,10.2,315,30.3,93,7.0,73.0,35.0,61.0,-2.0,-2.0,-10.0,-13.0,-1.0,-2.0,23.0,3.1780538303479458,244.0,5.501258210544727,-0.7071067811865477,0.7071067811865474,0.0,0.0,0.0,0.0,45.90000000000007,4,54.0,47.0,52.0,54.0,48.0,53.0,0.0
2024-04-21,54.0,51.52173913043478,47.0,52.0,54.0,48.0,53.0,15.0,23,14.5,10.0,307,31.4,90,11.0,101.0,20.0,59.0,-5.0,-8.0,12.0,12.0,-7.0,-6.0,25.0,3.258096538021482,219.0,5.393627546352362,-0.798635510047293,0.6018150231520479,0.0,0.0,0.0,0.0,46.600000000000065,4,64.0,60.0,56.0,64.0,57.0,56.0,0.0
2024-04-22,64.0,61.875,60.0,56.0,64.0,57.0,56.0,24.0,24,7.3,10.9,302,31.5,90,24.0,70.0,30.0,54.0,10.0,13.0,4.0,10.0,9.0,3.0,42.0,3.7612001156935624,244.0,5.501258210544727,-0.8480480961564261,0.5299192642332047,0.0,0.0,0.0,0.0,37.80000000000007,4,62.0,59.0,54.0,61.0,62.0,61.0,0.0
2024-04-23,62.0,60.66666666666666,59.0,54.0,61.0,62.0,61.0,22.0,24,7.3,10.1,300,32.3,88,19.0,60.0,41.0,64.0,-2.0,-1.0,-2.0,-3.0,5.0,5.0,54.0,4.007333185232471,231.0,5.44673737166631,-0.8660254037844386,0.5000000000000001,0.0,0.0,0.0,0.0,29.100000000000065,4,62.0,55.0,44.0,53.0,62.0,59.0,0.0
2024-04-24,62.0,56.458333333333336,55.0,44.0,53.0,62.0,59.0,22.0,24,9.1,12.6,174,31.2,88,8.0,15.0,8.0,62.0,0.0,-4.0,-10.0,-8.0,0.0,-2.0,51.0,3.9512437185814275,145.0,4.983606621708336,0.10452846326765373,-0.9945218953682733,0.0,0.0,0.0,0.0,23.700000000000067,4,53.0,53.0,30.0,41.0,46.0,52.0,0.0
2024-04-25,53.0,47.5,53.0,30.0,41.0,46.0,52.0,13.0,24,6.5,8.7,54,31.7,89,8.0,54.0,30.0,62.0,-9.0,-2.0,-14.0,-12.0,-16.0,-7.0,35.0,3.58351893845611,129.0,4.867534450455582,0.8090169943749475,0.5877852522924731,0.0,0.0,0.0,0.0,22.900000000000066,4,59.0,54.0,52.0,53.0,59.0,57.0,0.0
2024-04-26,59.0,56.0,54.0,52.0,53.0,59.0,57.0,19.0,24,5.7,14.2,8,32.6,88,5.0,106.0,35.0,53.0,6.0,1.0,22.0,12.0,13.0,5.0,21.0,3.091042453358316,175.0,5.170483995038151,0.13917310096006544,0.9902680687415704,0.0,0.0,0.0,0.0,21.300000000000068,4,60.0,46.0,51.0,52.0,60.0,55.0,0.0
2024-04-27,60.0,58.05263157894737,46.0,51.0,52.0,60.0,55.0,20.0,19,9.6,9.9,274,31.7,89,21.0,71.0,34.0,59.0,1.0,-8.0,-1.0,-1.0,1.0,-2.0,34.0,3.5553480614894135,231.0,5.44673737166631,-0.9975640502598243,0.06975647374412522,1.0,0.0,3.5553480614894135,0.0,21.800000000000068,4,55.0,50.0,36.0,37.0,55.0,54.0,0.0
2024-04-28,55.0,49.583333333333336,50.0,36.0,37.0,55.0,54.0,16.0,24,6.9,15.2,192,31.0,89,7.0,57.0,42.0,60.0,-5.0,4.0,-15.0,-15.0,-5.0,-1.0,33.0,3.5263605246161616,234.0,5.459585514144159,-0.2079116908177595,-0.9781476007338056,0.0,0.0,0.0,0.0,22.200000000000067,4,38.0,35.0,24.0,35.0,38.0,36.0,0.0
2024-04-29,38.0,33.458333333333336,35.0,24.0,35.0,38.0,36.0,9.0,24,0.7,10.9,92,31.8,85,10.0,8.0,40.0,55.0,-17.0,-15.0,-12.0,-2.0,-17.0,-18.0,38.0,3.6635616461296463,136.0,4.919980925828125,0.9993908270190958,-0.034899496702500955,0.0,1.0,0.0,4.919980925828125,17.200000000000067,4,50.0,35.0,35.0,33.0,50.0,43.0,0.0
2024-04-30,50.0,42.66666666666666,35.0,35.0,33.0,50.0,43.0,12.0,24,1.1,13.3,137,31.6,87,19.0,40.0,95.0,38.0,12.0,0.0,11.0,-2.0,12.0,7.0,36.0,3.6109179126442243,105.0,4.663439094112067,0.6819983600624985,-0.7313537016191705,0.0,1.0,0.0,4.663439094112067,8.700000000000067,4,50.0,36.0,35.0,35.0,50.0,45.0,0.0
2024-05-01,50.0,44.333333333333336,36.0,35.0,35.0,50.0,45.0,12.0,24,22.9,13.7,94,31.6,90,2.0,114.0,73.0,50.0,0.0,1.0,0.0,2.0,0.0,2.0,31.0,3.4657359027997265,162.0,5.093750200806762,0.9975640502598242,-0.06975647374412533,0.0,1.0,0.0,5.093750200806762,24.700000000000067,5,53.0,47.0,23.0,35.0,42.0,53.0,0.0
2024-05-02,53.0,43.04166666666666,47.0,23.0,35.0,42.0,53.0,13.0,24,12.2,11.5,170,31.1,90,15.0,31.0,39.0,50.0,3.0,11.0,-12.0,0.0,-8.0,8.0,36.0,3.6109179126442243,185.0,5.225746673713202,0.17364817766693028,-0.984807753012208,0.0,0.0,0.0,0.0,36.20000000000007,5,60.0,56.0,41.0,42.0,57.0,60.0,0.0
2024-05-03,60.0,57.958333333333336,56.0,41.0,42.0,57.0,60.0,20.0,24,9.6,9.7,120,32.2,88,15.0,24.0,39.0,53.0,7.0,9.0,18.0,7.0,15.0,7.0,32.0,3.4965075614664802,169.0,5.135798437050262,0.8660254037844387,-0.4999999999999998,0.0,1.0,0.0,5.135798437050262,44.70000000000007,5,57.0,53.0,41.0,34.0,57.0,56.0,0.0
2024-05-04,57.0,54.75,53.0,41.0,34.0,57.0,56.0,17.0,24,76.0,11.5,303,27.0,97,6.0,28.0,10.0,60.0,-3.0,-3.0,0.0,-8.0,0.0,-4.0,36.0,3.6109179126442243,83.0,4.430816798843313,-0.8386705679454243,0.5446390350150266,0.0,0.0,0.0,0.0,97.80000000000007,5,52.0,42.0,31.0,52.0,40.0,52.0,0.0
2024-05-05,52.0,49.5,42.0,31.0,52.0,40.0,52.0,13.0,24,4.5,14.1,193,30.6,85,35.0,12.0,85.0,57.0,-5.0,-11.0,-10.0,18.0,-17.0,-4.0,56.0,4.04305126783455,64.0,4.174387269895637,-0.22495105434386498,-0.9743700647852352,0.0,0.0,0.0,0.0,90.10000000000007,5,43.0,40.0,28.0,43.0,37.0,32.0,0.0
2024-05-06,43.0,34.125,40.0,28.0,43.0,37.0,32.0,10.0,24,1.6,12.9,119,32.3,84,28.0,75.0,90.0,52.0,-9.0,-2.0,-3.0,-9.0,-3.0,-20.0,69.0,4.248495242049359,115.0,4.7535901911063645,0.8746197071393959,-0.484809620246337,0.0,1.0,0.0,4.7535901911063645,82.10000000000007,5,52.0,42.0,34.0,37.0,52.0,46.0,0.0
2024-05-07,52.0,46.125,42.0,34.0,37.0,52.0,46.0,13.0,24,27.3,10.8,187,30.0,90,5.0,88.0,32.0,43.0,9.0,2.0,6.0,-6.0,15.0,14.0,68.0,4.23410650459726,175.0,5.170483995038151,-0.12186934340514731,-0.9925461516413221,0.0,0.0,0.0,0.0,33.40000000000008,5,60.0,53.0,55.0,55.0,56.0,60.0,0.0
2024-05-08,60.0,57.833333333333336,53.0,55.0,55.0,56.0,60.0,20.0,24,2.7,8.9,203,30.5,89,11.0,55.0,72.0,52.0,8.0,11.0,21.0,18.0,4.0,14.0,44.0,3.8066624897703196,218.0,5.389071729816501,-0.39073112848927355,-0.9205048534524404,1.0,0.0,3.8066624897703196,0.0,31.600000000000072,5,59.0,54.0,52.0,54.0,54.0,59.0,0.0
2024-05-09,59.0,53.708333333333336,54.0,52.0,54.0,54.0,59.0,19.0,24,0.1,10.9,140,32.1,81,30.0,96.0,106.0,60.0,-1.0,1.0,-3.0,-1.0,-2.0,-1.0,46.0,3.8501476017100584,239.0,5.480638923341991,0.6427876096865395,-0.7660444431189779,0.0,1.0,0.0,5.480638923341991,30.100000000000072,5,47.0,47.0,34.0,42.0,43.0,45.0,0.0
2024-05-10,47.0,42.0,47.0,34.0,42.0,43.0,45.0,11.0,24,9.7,13.9,140,30.8,86,21.0,89.0,17.0,59.0,-12.0,-7.0,-18.0,-12.0,-11.0,-14.0,62.0,4.143134726391533,240.0,5.484796933490655,0.6427876096865395,-0.7660444431189779,0.0,1.0,0.0,5.484796933490655,12.500000000000071,5,56.0,52.0,41.0,53.0,53.0,56.0,0.0
2024-05-11,56.0,54.208333333333336,52.0,41.0,53.0,53.0,56.0,17.0,24,3.6,14.1,99,32.4,85,14.0,52.0,40.0,47.0,9.0,5.0,7.0,11.0,10.0,11.0,65.0,4.189654742026425,237.0,5.472270673671475,0.9876883405951378,-0.1564344650402308,0.0,1.0,0.0,5.472270673671475,13.400000000000071,5,54.0,51.0,38.0,53.0,52.0,54.0,0.0
2024-05-12,54.0,45.625,51.0,38.0,53.0,52.0,54.0,15.0,24,9.0,8.6,147,31.7,87,17.0,84.0,30.0,56.0,-2.0,-1.0,-3.0,0.0,-1.0,-2.0,52.0,3.970291913552122,225.0,5.420534999272286,0.5446390350150273,-0.8386705679454239,0.0,1.0,0.0,5.420534999272286,22.300000000000068,5,53.0,53.0,31.0,52.0,51.0,48.0,0.0
2024-05-13,53.0,45.958333333333336,53.0,31.0,52.0,51.0,48.0,14.0,24,6.6,11.8,350,32.4,86,10.0,62.0,12.0,54.0,-1.0,2.0,-7.0,-1.0,-1.0,-6.0,41.0,3.7376696182833684,198.0,5.293304824724492,-0.1736481776669304,0.984807753012208,0.0,0.0,0.0,0.0,19.20000000000007,5,57.0,52.0,49.0,57.0,51.0,53.0,0.0
2024-05-14,57.0,55.708333333333336,52.0,49.0,57.0,51.0,53.0,18.0,24,7.8,13.3,310,33.1,84,13.0,101.0,35.0,53.0,4.0,-1.0,18.0,5.0,0.0,5.0,40.0,3.713572066704308,247.0,5.5134287461649825,-0.7660444431189781,0.6427876096865393,0.0,0.0,0.0,0.0,23.40000000000007,5,61.0,51.0,52.0,61.0,55.0,57.0,0.0
2024-05-15,61.0,59.375,51.0,52.0,61.0,55.0,57.0,21.0,24,0.6,9.9,162,32.1,85,15.0,65.0,63.0,57.0,4.0,-1.0,3.0,4.0,4.0,4.0,38.0,3.6635616461296463,228.0,5.43372200355424,0.3090169943749475,-0.9510565162951535,0.0,0.0,0.0,0.0,15.000000000000071,5,58.0,55.0,43.0,58.0,54.0,58.0,0.0
2024-05-16,58.0,55.625,55.0,43.0,58.0,54.0,58.0,18.0,24,24.7,14.6,150,30.4,91,10.0,53.0,19.0,61.0,-3.0,4.0,-9.0,-3.0,-1.0,1.0,38.0,3.6635616461296463,219.0,5.393627546352362,0.49999999999999994,-0.8660254037844387,0.0,1.0,0.0,5.393627546352362,33.10000000000007,5,56.0,52.0,51.0,54.0,48.0,56.0,0.0
2024-05-17,56.0,52.41666666666666,52.0,51.0,54.0,48.0,56.0,17.0,24,6.2,13.0,178,30.8,88,26.0,48.0,26.0,58.0,-2.0,-3.0,8.0,-4.0,-6.0,-2.0,51.0,3.9512437185814275,166.0,5.117993812416755,0.03489949670250114,-0.9993908270190958,0.0,0.0,0.0,0.0,31.500000000000068,5,56.0,52.0,52.0,54.0,52.0,56.0,0.0
2024-05-18,56.0,54.75,52.0,52.0,54.0,52.0,56.0,17.0,24,17.5,16.6,132,30.9,90,28.0,48.0,18.0,56.0,0.0,0.0,1.0,0.0,4.0,0.0,64.0,4.174387269895637,149.0,5.0106352940962555,0.7431448254773942,-0.6691306063588582,0.0,1.0,0.0,5.0106352940962555,48.40000000000007,5,54.0,51.0,40.0,54.0,51.0,53.0,0.0
2024-05-19,54.0,44.625,51.0,40.0,54.0,51.0,53.0,14.0,24,22.4,13.0,155,30.0,89,44.0,58.0,29.0,56.0,-2.0,-1.0,-12.0,0.0,-1.0,-3.0,98.0,4.59511985013459,154.0,5.043425116919247,0.4226182617406995,-0.9063077870366499,0.0,1.0,0.0,5.043425116919247,46.100000000000065,5,28.0,23.0,27.0,25.0,28.0,27.0,0.0
2024-05-20,28.0,24.416666666666668,23.0,27.0,25.0,28.0,27.0,7.0,24,10.6,10.7,149,30.1,90,12.0,38.0,12.0,54.0,-26.0,-28.0,-13.0,-29.0,-23.0,-26.0,84.0,4.442651256490317,144.0,4.976733742420574,0.5150380749100544,-0.8571673007021122,0.0,1.0,0.0,4.976733742420574,50.500000000000064,5,36.0,30.0,28.0,30.0,36.0,36.0,0.0
2024-05-21,36.0,31.166666666666668,30.0,28.0,30.0,36.0,36.0,9.0,24,14.8,13.1,156,30.5,90,17.0,27.0,2.0,28.0,8.0,7.0,1.0,5.0,8.0,9.0,73.0,4.30406509320417,123.0,4.820281565605037,0.40673664307580043,-0.9135454576426008,0.0,1.0,0.0,4.820281565605037,47.800000000000075,5,52.0,52.0,41.0,32.0,52.0,52.0,0.0
2024-05-22,52.0,48.66666666666666,52.0,41.0,32.0,52.0,52.0,13.0,24,33.9,11.4,149,30.8,91,0.0,24.0,15.0,36.0,16.0,22.0,13.0,2.0,16.0,16.0,29.0,3.4011973816621555,89.0,4.499809670330265,0.5150380749100544,-0.8571673007021122,0.0,1.0,0.0,4.499809670330265,59.30000000000007,5,52.0,51.0,39.0,36.0,49.0,52.0,0.0
2024-05-23,52.0,50.625,51.0,39.0,36.0,49.0,52.0,13.0,24,22.5,9.2,336,30.7,91,20.0,70.0,2.0,52.0,0.0,-1.0,-2.0,4.0,-3.0,0.0,37.0,3.6375861597263857,121.0,4.804021044733257,-0.40673664307580015,0.913545457642601,0.0,0.0,0.0,0.0,71.20000000000007,5,55.0,46.0,46.0,42.0,54.0,55.0,0.0
2024-05-24,55.0,53.375,46.0,46.0,42.0,54.0,55.0,15.0,24,4.0,9.2,349,29.9,92,0.0,58.0,4.0,52.0,3.0,-5.0,7.0,6.0,5.0,3.0,20.0,3.044522437723423,152.0,5.030437921392435,-0.19080899537654467,0.981627183447664,0.0,0.0,0.0,0.0,60.40000000000008,5,95.0,44.0,50.0,48.0,56.0,95.0,0.0
2024-05-25,95.0,61.16666666666666,44.0,50.0,48.0,56.0,95.0,17.0,24,7.9,10.8,67,30.3,92,3.0,43.0,15.0,55.0,40.0,-2.0,4.0,6.0,2.0,40.0,23.0,3.1780538303479458,171.0,5.147494476813453,0.9205048534524404,0.3907311284892737,0.0,0.0,0.0,0.0,34.40000000000008,5,51.0,34.0,41.0,38.0,51.0,51.0,0.0
2024-05-26,51.0,40.86363636363637,34.0,41.0,38.0,51.0,51.0,12.0,22,2.0,9.8,154,31.1,89,5.0,20.0,31.0,95.0,-44.0,-10.0,-9.0,-10.0,-5.0,-44.0,8.0,2.1972245773362196,121.0,4.804021044733257,0.4383711467890773,-0.898794046299167,0.0,1.0,0.0,4.804021044733257,13.900000000000079,5,41.0,25.0,29.0,31.0,41.0,33.0,0.0
2024-05-27,41.0,36.91666666666666,25.0,29.0,31.0,41.0,33.0,10.0,24,15.2,13.4,154,30.5,89,25.0,6.0,64.0,51.0,-10.0,-9.0,-12.0,-7.0,-10.0,-18.0,33.0,3.5263605246161616,69.0,4.248495242049359,0.4383711467890773,-0.898794046299167,0.0,1.0,0.0,4.248495242049359,25.10000000000008,5,54.0,43.0,47.0,48.0,52.0,54.0,0.0
2024-05-28,54.0,46.458333333333336,43.0,47.0,48.0,52.0,54.0,15.0,24,24.2,17.0,150,31.5,88,49.0,25.0,13.0,41.0,13.0,18.0,18.0,17.0,11.0,21.0,79.0,4.382026634673881,51.0,3.9512437185814275,0.49999999999999994,-0.8660254037844387,0.0,1.0,0.0,3.9512437185814275,41.40000000000008,5,59.0,54.0,53.0,51.0,57.0,59.0,0.0
2024-05-29,59.0,57.16666666666666,54.0,53.0,51.0,57.0,59.0,20.0,24,15.5,14.6,149,31.6,88,53.0,11.0,18.0,54.0,5.0,11.0,6.0,3.0,5.0,5.0,127.0,4.852030263919617,42.0,3.7612001156935624,0.5150380749100544,-0.8571673007021122,0.0,1.0,0.0,3.7612001156935624,54.90000000000008,5,55.0,52.0,40.0,43.0,55.0,53.0,0.0
2024-05-30,55.0,49.04166666666666,52.0,40.0,43.0,55.0,53.0,16.0,24,3.2,16.6,177,30.9,87,0.0,0.0,0.0,59.0,-4.0,-2.0,-13.0,-8.0,-2.0,-6.0,102.0,4.634728988229636,36.0,3.6109179126442243,0.05233595624294381,-0.9986295347545738,0.0,0.0,0.0,0.0,42.90000000000008,5,52.0,42.0,42.0,35.0,52.0,47.0,0.0
2024-05-31,52.0,48.29166666666666,42.0,42.0,35.0,52.0,47.0,13.0,24,11.9,12.0,159,29.7,90,0.0,0.0,0.0,55.0,-3.0,-10.0,2.0,-8.0,-3.0,-6.0,53.0,3.9889840465642745,11.0,2.4849066497880004,0.3583679495453002,-0.9335804264972017,0.0,1.0,0.0,2.4849066497880004,30.60000000000008,5,52.0,44.0,44.0,41.0,52.0,48.0,0.0
2024-06-01,52.0,47.91666666666666,44.0,44.0,41.0,52.0,48.0,13.0,24,33.1,14.2,224,27.9,92,0.0,0.0,0.0,52.0,0.0,2.0,2.0,6.0,0.0,1.0,0.0,0.0,0.0,0.0,-0.6946583704589973,-0.7193398003386511,1.0,0.0,0.0,0.0,48.20000000000008,6,56.0,39.0,36.0,33.0,48.0,56.0,0.0
2024-06-02,56.0,44.54166666666666,39.0,36.0,33.0,48.0,56.0,11.0,24,10.8,10.4,224,29.7,87,0.0,0.0,0.0,52.0,4.0,-5.0,-8.0,-8.0,-4.0,8.0,0.0,0.0,0.0,0.0,-0.6946583704589973,-0.7193398003386511,1.0,0.0,0.0,0.0,55.80000000000008,6,71.0,41.0,34.0,37.0,47.0,71.0,0.0
2024-06-03,71.0,46.54166666666666,41.0,34.0,37.0,47.0,71.0,11.0,24,26.6,14.8,326,30.4,93,0.0,0.0,0.0,56.0,15.0,2.0,-2.0,4.0,-1.0,15.0,0.0,0.0,0.0,0.0,-0.5591929034707466,0.8290375725550418,0.0,0.0,0.0,0.0,70.50000000000009,6,54.0,44.0,45.0,52.0,53.0,54.0,0.0
2024-06-04,54.0,52.5,44.0,45.0,52.0,53.0,54.0,15.0,24,12.9,9.8,164,30.5,89,20.0,23.0,14.0,71.0,-17.0,3.0,11.0,15.0,6.0,-17.0,20.0,3.044522437723423,23.0,3.1780538303479458,0.2756373558169992,-0.9612616959383189,0.0,0.0,0.0,0.0,50.30000000000008,6,54.0,54.0,43.0,51.0,54.0,54.0,0.0
2024-06-05,54.0,52.833333333333336,54.0,43.0,51.0,54.0,54.0,15.0,24,3.0,11.2,187,31.3,85,62.0,20.0,25.0,54.0,0.0,10.0,-2.0,-1.0,1.0,0.0,82.0,4.418840607796598,43.0,3.784189633918261,-0.12186934340514731,-0.9925461516413221,0.0,0.0,0.0,0.0,42.500000000000085,6,51.0,50.0,36.0,44.0,51.0,47.0,0.0
2024-06-06,51.0,42.04166666666666,50.0,36.0,44.0,51.0,47.0,12.0,24,3.4,9.7,103,31.2,86,24.0,7.0,16.0,54.0,-3.0,-4.0,-7.0,-7.0,-3.0,-7.0,106.0,4.672828834461906,50.0,3.9318256327243257,0.9743700647852352,-0.22495105434386503,0.0,1.0,0.0,3.9318256327243257,19.30000000000008,6,60.0,54.0,47.0,58.0,57.0,60.0,0.0
2024-06-07,60.0,56.375,54.0,47.0,58.0,57.0,60.0,20.0,24,7.9,7.7,205,30.9,89,26.0,20.0,17.0,51.0,9.0,4.0,11.0,14.0,6.0,13.0,112.0,4.727387818712341,47.0,3.871201010907891,-0.4226182617406993,-0.90630778703665,1.0,0.0,4.727387818712341,0.0,14.300000000000079,6,60.0,54.0,48.0,54.0,59.0,60.0,0.0
2024-06-08,60.0,57.54166666666666,54.0,48.0,54.0,59.0,60.0,20.0,24,30.9,9.3,159,30.0,89,22.0,14.0,20.0,60.0,0.0,0.0,1.0,-4.0,2.0,0.0,72.0,4.290459441148391,41.0,3.7376696182833684,0.3583679495453002,-0.9335804264972017,0.0,1.0,0.0,3.7376696182833684,42.200000000000074,6,57.0,52.0,47.0,46.0,57.0,56.0,0.0
2024-06-09,57.0,55.625,52.0,47.0,46.0,57.0,56.0,18.0,24,2.4,9.4,189,30.5,87,23.0,79.0,12.0,60.0,-3.0,-2.0,-1.0,-8.0,-2.0,-4.0,71.0,4.276666119016055,113.0,4.736198448394496,-0.15643446504023073,-0.9876883405951378,0.0,0.0,0.0,0.0,41.20000000000008,6,53.0,40.0,38.0,38.0,53.0,53.0,0.0
2024-06-10,53.0,52.04166666666666,40.0,38.0,38.0,53.0,53.0,14.0,24,8.3,10.0,192,30.6,87,32.0,37.0,14.0,57.0,-4.0,-12.0,-9.0,-8.0,-4.0,-3.0,77.0,4.356708826689592,130.0,4.875197323201151,-0.2079116908177595,-0.9781476007338056,0.0,0.0,0.0,0.0,41.60000000000008,6,62.0,55.0,53.0,52.0,62.0,62.0,0.0
2024-06-11,62.0,59.1578947368421,55.0,53.0,52.0,62.0,62.0,22.0,19,1.2,7.5,133,32.0,83,19.0,96.0,41.0,53.0,9.0,15.0,15.0,14.0,9.0,9.0,74.0,4.31748811353631,212.0,5.3612921657094255,0.7313537016191706,-0.6819983600624984,0.0,1.0,0.0,5.3612921657094255,11.900000000000079,6,61.0,52.0,52.0,52.0,61.0,57.0,0.0
2024-06-12,61.0,59.79166666666666,52.0,52.0,52.0,61.0,57.0,21.0,24,15.0,9.0,200,30.2,90,19.0,40.0,41.0,62.0,-1.0,-3.0,-1.0,0.0,-1.0,-5.0,70.0,4.2626798770413155,173.0,5.159055299214529,-0.34202014332566866,-0.9396926207859084,1.0,0.0,4.2626798770413155,0.0,24.500000000000078,6,60.0,53.0,49.0,55.0,60.0,58.0,0.0
2024-06-13,60.0,57.5,53.0,49.0,55.0,60.0,58.0,20.0,24,10.3,9.1,97,31.7,88,30.0,7.0,11.0,61.0,-1.0,1.0,-3.0,3.0,-1.0,1.0,68.0,4.23410650459726,143.0,4.969813299576001,0.9925461516413221,-0.12186934340514737,0.0,1.0,0.0,4.969813299576001,26.500000000000078,6,60.0,54.0,49.0,55.0,60.0,59.0,0.0
2024-06-14,60.0,58.79166666666666,54.0,49.0,55.0,60.0,59.0,20.0,24,8.3,10.5,305,30.7,91,28.0,26.0,7.0,60.0,0.0,1.0,0.0,0.0,0.0,1.0,77.0,4.356708826689592,73.0,4.30406509320417,-0.8191520442889918,0.573576436351046,0.0,0.0,0.0,0.0,33.60000000000008,6,66.0,57.0,57.0,55.0,66.0,62.0,0.0
2024-06-15,66.0,64.04166666666667,57.0,57.0,55.0,66.0,62.0,25.0,24,3.3,11.4,240,30.6,89,21.0,48.0,0.0,60.0,6.0,3.0,8.0,0.0,6.0,3.0,79.0,4.382026634673881,81.0,4.406719247264253,-0.8660254037844385,-0.5000000000000004,1.0,0.0,4.382026634673881,0.0,21.90000000000008,6,61.0,55.0,54.0,53.0,61.0,61.0,0.0
2024-06-16,61.0,55.958333333333336,55.0,54.0,53.0,61.0,61.0,21.0,24,0.3,11.7,170,30.1,87,13.0,54.0,8.0,66.0,-5.0,-2.0,-3.0,-2.0,-5.0,-1.0,62.0,4.143134726391533,128.0,4.859812404361672,0.17364817766693028,-0.984807753012208,0.0,0.0,0.0,0.0,11.900000000000079,6,51.0,40.0,38.0,38.0,51.0,47.0,0.0
2024-06-17,51.0,44.708333333333336,40.0,38.0,38.0,51.0,47.0,12.0,24,8.5,17.3,269,30.3,89,7.0,48.0,10.0,61.0,-10.0,-15.0,-16.0,-15.0,-10.0,-14.0,41.0,3.7376696182833684,150.0,5.017279836814924,-0.9998476951563913,-0.017452406437283498,1.0,0.0,3.7376696182833684,0.0,12.100000000000078,6,52.0,46.0,36.0,41.0,43.0,52.0,0.0
2024-06-18,52.0,42.125,46.0,36.0,41.0,43.0,52.0,13.0,24,19.9,13.0,234,29.3,91,17.0,33.0,7.0,51.0,1.0,6.0,-2.0,3.0,-8.0,5.0,37.0,3.6375861597263857,135.0,4.912654885736052,-0.8090169943749473,-0.5877852522924732,1.0,0.0,3.6375861597263857,0.0,28.700000000000077,6,58.0,52.0,48.0,52.0,57.0,58.0,0.0
2024-06-19,58.0,56.41666666666666,52.0,48.0,52.0,57.0,58.0,18.0,24,1.6,15.1,191,29.6,88,29.0,10.0,2.0,52.0,6.0,6.0,12.0,11.0,14.0,6.0,53.0,3.9889840465642745,91.0,4.5217885770490405,-0.19080899537654472,-0.981627183447664,0.0,0.0,0.0,0.0,30.000000000000078,6,59.0,55.0,49.0,51.0,57.0,59.0,0.0
2024-06-20,59.0,56.79166666666666,55.0,49.0,51.0,57.0,59.0,19.0,24,5.1,12.2,205,30.3,87,26.0,30.0,3.0,58.0,1.0,3.0,1.0,-1.0,0.0,1.0,72.0,4.290459441148391,73.0,4.30406509320417,-0.4226182617406993,-0.90630778703665,1.0,0.0,4.290459441148391,0.0,26.600000000000076,6,54.0,54.0,46.0,44.0,52.0,54.0,0.0
2024-06-21,54.0,42.875,54.0,46.0,44.0,52.0,54.0,15.0,24,12.7,13.7,241,27.2,90,14.0,32.0,0.0,59.0,-5.0,-1.0,-3.0,-7.0,-5.0,-5.0,69.0,4.248495242049359,72.0,4.290459441148391,-0.8746197071393959,-0.48480962024633684,1.0,0.0,4.248495242049359,0.0,19.400000000000077,6,46.0,29.0,46.0,34.0,41.0,43.0,0.0
2024-06-22,46.0,40.625,29.0,46.0,34.0,41.0,43.0,11.0,24,23.8,17.1,215,26.9,89,24.0,20.0,6.0,54.0,-8.0,-25.0,0.0,-10.0,-11.0,-11.0,64.0,4.174387269895637,82.0,4.418840607796598,-0.5735764363510462,-0.8191520442889918,1.0,0.0,4.174387269895637,0.0,41.60000000000008,6,56.0,40.0,52.0,44.0,55.0,56.0,0.0
2024-06-23,56.0,46.86363636363637,40.0,52.0,44.0,55.0,56.0,16.0,22,1.6,15.6,164,29.7,84,36.0,8.0,17.0,46.0,10.0,11.0,6.0,10.0,14.0,13.0,74.0,4.31748811353631,60.0,4.110873864173311,0.2756373558169992,-0.9612616959383189,0.0,0.0,0.0,0.0,38.10000000000008,6,60.0,51.0,54.0,46.0,60.0,57.0,0.0
2024-06-24,60.0,58.125,51.0,54.0,46.0,60.0,57.0,20.0,24,2.6,14.8,165,30.4,83,23.0,29.0,10.0,56.0,4.0,11.0,2.0,2.0,5.0,1.0,83.0,4.430816798843313,57.0,4.060443010546419,0.258819045102521,-0.9659258262890682,0.0,0.0,0.0,0.0,28.000000000000078,6,58.0,51.0,51.0,47.0,58.0,55.0,0.0
2024-06-25,58.0,56.333333333333336,51.0,51.0,47.0,58.0,55.0,18.0,24,0.4,12.5,131,31.3,83,52.0,57.0,7.0,60.0,-2.0,0.0,-3.0,1.0,-2.0,-2.0,111.0,4.718498871295094,94.0,4.553876891600541,0.7547095802227721,-0.6560590289905072,0.0,1.0,0.0,4.553876891600541,4.600000000000079,6,55.0,41.0,34.0,36.0,55.0,42.0,0.0
2024-06-26,55.0,49.75,41.0,34.0,36.0,55.0,42.0,15.0,24,5.7,13.4,107,31.4,84,134.0,38.0,18.0,58.0,-3.0,-10.0,-17.0,-11.0,-3.0,-13.0,209.0,5.3471075307174685,124.0,4.8283137373023015,0.9563047559630355,-0.29237170472273666,0.0,1.0,0.0,4.8283137373023015,8.70000000000008,6,53.0,51.0,44.0,49.0,53.0,53.0,0.0
2024-06-27,53.0,50.375,51.0,44.0,49.0,53.0,53.0,14.0,24,24.2,12.5,51,30.5,92,70.0,39.0,19.0,55.0,-2.0,10.0,10.0,13.0,-2.0,11.0,256.0,5.54907608489522,134.0,4.90527477843843,0.7771459614569709,0.6293203910498375,0.0,0.0,0.0,0.0,30.30000000000008,6,54.0,45.0,39.0,42.0,54.0,53.0,0.0
2024-06-28,54.0,52.583333333333336,45.0,39.0,42.0,54.0,53.0,15.0,24,4.6,8.4,52,31.1,87,20.0,32.0,26.0,53.0,1.0,-6.0,-5.0,-7.0,1.0,0.0,224.0,5.41610040220442,109.0,4.700480365792417,0.788010753606722,0.6156614753256583,0.0,0.0,0.0,0.0,34.50000000000008,6,55.0,50.0,47.0,37.0,55.0,55.0,0.0
2024-06-29,55.0,54.29166666666666,50.0,47.0,37.0,55.0,55.0,16.0,24,13.3,11.5,184,30.0,89,28.0,15.0,5.0,54.0,1.0,5.0,8.0,-5.0,1.0,2.0,118.0,4.77912349311153,86.0,4.465908118654584,-0.06975647374412527,-0.9975640502598242,0.0,0.0,0.0,0.0,42.10000000000008,6,54.0,50.0,47.0,38.0,54.0,54.0,0.0
2024-06-30,54.0,48.625,50.0,47.0,38.0,54.0,54.0,15.0,24,31.1,13.4,233,27.7,90,6.0,0.0,1.0,55.0,-1.0,0.0,0.0,1.0,-1.0,-1.0,54.0,4.007333185232471,47.0,3.871201010907891,-0.7986355100472928,-0.6018150231520483,1.0,0.0,4.007333185232471,0.0,49.000000000000085,6,59.0,54.0,54.0,51.0,57.0,59.0,0.0
2024-07-01,59.0,45.708333333333336,54.0,54.0,51.0,57.0,59.0,19.0,24,0.2,9.7,26,29.7,88,30.0,4.0,7.0,54.0,5.0,4.0,7.0,13.0,3.0,5.0,64.0,4.174387269895637,19.0,2.995732273553991,0.4383711467890774,0.898794046299167,0.0,0.0,0.0,0.0,44.60000000000008,7,70.0,55.0,56.0,53.0,70.0,67.0,0.0
2024-07-02,70.0,65.91666666666667,55.0,56.0,53.0,70.0,67.0,29.0,24,7.5,11.2,164,29.9,89,69.0,4.0,20.0,59.0,11.0,1.0,2.0,2.0,13.0,8.0,105.0,4.663439094112067,8.0,2.1972245773362196,0.2756373558169992,-0.9612616959383189,0.0,0.0,0.0,0.0,38.80000000000008,7,61.0,51.0,42.0,49.0,61.0,59.0,0.0
2024-07-03,61.0,54.375,51.0,42.0,49.0,61.0,59.0,21.0,24,12.9,14.8,149,29.9,86,68.0,18.0,21.0,70.0,-9.0,-4.0,-14.0,-4.0,-9.0,-8.0,167.0,5.123963979403259,26.0,3.295836866004329,0.5150380749100544,-0.8571673007021122,0.0,1.0,0.0,3.295836866004329,20.600000000000083,7,55.0,40.0,40.0,42.0,54.0,55.0,0.0
2024-07-04,55.0,53.208333333333336,40.0,40.0,42.0,54.0,55.0,15.0,24,0.3,15.9,164,31.3,81,38.0,62.0,22.0,61.0,-6.0,-11.0,-2.0,-7.0,-7.0,-4.0,175.0,5.170483995038151,84.0,4.442651256490317,0.2756373558169992,-0.9612616959383189,0.0,0.0,0.0,0.0,20.700000000000085,7,62.0,49.0,41.0,49.0,62.0,58.0,0.0
2024-07-05,62.0,56.5,49.0,41.0,49.0,62.0,58.0,22.0,24,11.6,7.9,210,30.5,89,60.0,34.0,17.0,55.0,7.0,9.0,1.0,7.0,8.0,3.0,166.0,5.117993812416755,114.0,4.74493212836325,-0.5000000000000001,-0.8660254037844386,1.0,0.0,5.117993812416755,0.0,24.800000000000082,7,66.0,59.0,61.0,59.0,66.0,66.0,0.0
2024-07-06,66.0,65.125,59.0,61.0,59.0,66.0,66.0,26.0,24,0.7,9.0,292,30.7,88,54.0,39.0,26.0,62.0,4.0,10.0,20.0,10.0,4.0,8.0,152.0,5.030437921392435,135.0,4.912654885736052,-0.9271838545667874,0.37460659341591196,0.0,0.0,0.0,0.0,12.600000000000081,7,63.0,57.0,60.0,59.0,60.0,63.0,0.0
2024-07-07,63.0,55.625,57.0,60.0,59.0,60.0,63.0,23.0,24,13.8,7.8,199,29.9,88,33.0,12.0,19.0,66.0,-3.0,-2.0,-1.0,0.0,-6.0,-3.0,147.0,4.997212273764115,85.0,4.454347296253507,-0.32556815445715676,-0.9455185755993167,0.0,0.0,0.0,0.0,26.10000000000008,7,56.0,44.0,43.0,52.0,56.0,48.0,0.0
2024-07-08,56.0,54.375,44.0,43.0,52.0,56.0,48.0,16.0,24,12.7,12.2,218,28.4,91,6.0,20.0,17.0,63.0,-7.0,-13.0,-17.0,-7.0,-4.0,-15.0,93.0,4.543294782270004,71.0,4.276666119016055,-0.6156614753256582,-0.788010753606722,1.0,0.0,4.543294782270004,0.0,27.20000000000008,7,53.0,43.0,31.0,38.0,53.0,41.0,0.0
2024-07-09,53.0,50.79166666666666,43.0,31.0,38.0,53.0,41.0,14.0,24,6.1,12.4,147,29.5,87,13.0,4.0,6.0,56.0,-3.0,-1.0,-12.0,-14.0,-3.0,-7.0,52.0,3.970291913552122,36.0,3.6109179126442243,0.5446390350150273,-0.8386705679454239,0.0,1.0,0.0,3.6109179126442243,32.60000000000008,7,51.0,41.0,29.0,39.0,51.0,41.0,0.0
2024-07-10,51.0,41.208333333333336,41.0,29.0,39.0,51.0,41.0,12.0,24,9.4,14.3,218,29.3,90,0.0,0.0,0.0,53.0,-2.0,-2.0,-2.0,1.0,-2.0,0.0,19.0,2.995732273553991,24.0,3.2188758248682006,-0.6156614753256582,-0.788010753606722,1.0,0.0,2.995732273553991,0.0,28.20000000000008,7,52.0,41.0,39.0,44.0,52.0,52.0,0.0
2024-07-11,52.0,49.25,41.0,39.0,44.0,52.0,52.0,13.0,24,2.0,19.6,188,30.1,84,0.0,0.0,0.0,51.0,1.0,0.0,10.0,5.0,1.0,11.0,13.0,2.6390573296152584,4.0,1.6094379124341003,-0.13917310096006552,-0.9902680687415703,0.0,0.0,0.0,0.0,17.50000000000008,7,53.0,43.0,41.0,51.0,53.0,52.0,0.0
2024-07-12,53.0,52.16666666666666,43.0,41.0,51.0,53.0,52.0,14.0,24,5.2,10.4,134,29.3,84,0.0,0.0,0.0,52.0,1.0,2.0,2.0,7.0,1.0,0.0,0.0,0.0,0.0,0.0,0.7193398003386511,-0.6946583704589974,0.0,1.0,0.0,0.0,16.600000000000083,7,61.0,52.0,54.0,52.0,61.0,53.0,0.0
2024-07-13,61.0,56.958333333333336,52.0,54.0,52.0,61.0,53.0,21.0,24,3.3,16.7,159,29.8,86,0.0,0.0,0.0,53.0,8.0,9.0,13.0,1.0,8.0,1.0,0.0,0.0,0.0,0.0,0.3583679495453002,-0.9335804264972017,0.0,1.0,0.0,0.0,10.500000000000082,7,64.0,55.0,59.0,57.0,64.0,63.0,0.0
2024-07-14,64.0,62.875,55.0,59.0,57.0,64.0,63.0,24.0,24,4.0,15.2,176,30.6,81,0.0,0.0,0.0,61.0,3.0,3.0,5.0,5.0,3.0,10.0,0.0,0.0,0.0,0.0,0.06975647374412552,-0.9975640502598242,0.0,0.0,0.0,0.0,12.500000000000082,7,66.0,56.0,58.0,58.0,66.0,65.0,0.0
2024-07-15,66.0,65.125,56.0,58.0,58.0,66.0,65.0,25.0,24,0.8,17.0,164,30.3,79,0.0,0.0,0.0,64.0,2.0,1.0,-1.0,1.0,2.0,2.0,0.0,0.0,0.0,0.0,0.2756373558169992,-0.9612616959383189,0.0,0.0,0.0,0.0,8.100000000000081,7,64.0,54.0,56.0,58.0,64.0,63.0,0.0
2024-07-16,64.0,61.125,54.0,56.0,58.0,64.0,63.0,24.0,24,0.7,17.0,166,30.4,79,31.0,21.0,6.0,66.0,-2.0,-2.0,-2.0,0.0,-2.0,-2.0,31.0,3.4657359027997265,21.0,3.091042453358316,0.24192189559966773,-0.9702957262759965,0.0,0.0,0.0,0.0,5.500000000000082,7,61.0,53.0,53.0,56.0,61.0,58.0,0.0
2024-07-17,61.0,60.5,53.0,53.0,56.0,61.0,58.0,21.0,24,0.8,18.1,160,29.9,82,117.0,123.0,8.0,64.0,-3.0,-1.0,-3.0,-2.0,-3.0,-5.0,148.0,5.003946305945459,144.0,4.976733742420574,0.3420201433256689,-0.9396926207859083,0.0,1.0,0.0,4.976733742420574,2.3000000000000815,7,62.0,54.0,54.0,56.0,62.0,60.0,0.0
2024-07-18,62.0,60.708333333333336,54.0,54.0,56.0,62.0,60.0,22.0,24,0.3,20.2,159,30.8,81,227.0,20.0,20.0,61.0,1.0,1.0,1.0,0.0,1.0,2.0,375.0,5.929589143389895,164.0,5.10594547390058,0.3583679495453002,-0.9335804264972017,0.0,1.0,0.0,5.10594547390058,1.8000000000000818,7,58.0,51.0,54.0,56.0,58.0,57.0,0.0
2024-07-19,58.0,56.41666666666666,51.0,54.0,56.0,58.0,57.0,19.0,24,1.5,16.6,157,29.4,82,69.0,147.0,9.0,62.0,-4.0,-3.0,0.0,0.0,-4.0,-3.0,413.0,6.025865973825314,290.0,5.673323267171493,0.39073112848927377,-0.9205048534524404,0.0,1.0,0.0,5.673323267171493,2.600000000000082,7,57.0,49.0,52.0,57.0,56.0,56.0,0.0
2024-07-20,57.0,56.29166666666666,49.0,52.0,57.0,56.0,56.0,18.0,24,0.3,20.7,159,30.6,82,134.0,264.0,11.0,58.0,-1.0,-2.0,-2.0,1.0,-2.0,-1.0,430.0,6.066108090103747,431.0,6.068425588244111,0.3583679495453002,-0.9335804264972017,0.0,1.0,0.0,6.068425588244111,2.100000000000082,7,56.0,52.0,51.0,56.0,56.0,56.0,0.0
2024-07-21,56.0,55.66666666666666,52.0,51.0,56.0,56.0,56.0,17.0,24,1.3,20.9,159,30.5,80,167.0,96.0,1.0,57.0,-1.0,3.0,-1.0,-1.0,0.0,0.0,370.0,5.916202062607435,507.0,6.230481447578482,0.3583679495453002,-0.9335804264972017,0.0,1.0,0.0,6.230481447578482,3.100000000000082,7,64.0,55.0,54.0,60.0,64.0,63.0,0.0
2024-07-22,64.0,59.333333333333336,55.0,54.0,60.0,64.0,63.0,24.0,24,0.5,16.9,151,30.7,81,342.0,60.0,25.0,56.0,8.0,3.0,3.0,4.0,8.0,7.0,643.0,6.467698726104354,420.0,6.042632833682381,0.48480962024633717,-0.8746197071393957,0.0,1.0,0.0,6.042632833682381,2.100000000000082,7,72.0,57.0,61.0,64.0,72.0,70.0,0.0
2024-07-23,72.0,68.5,57.0,61.0,64.0,72.0,70.0,31.0,24,6.2,15.6,158,31.2,83,396.0,43.0,25.0,64.0,8.0,2.0,7.0,4.0,8.0,7.0,905.0,6.80903930604298,199.0,5.298317366548036,0.37460659341591224,-0.9271838545667873,0.0,1.0,0.0,5.298317366548036,8.000000000000082,7,74.0,60.0,63.0,65.0,74.0,73.0,0.0
2024-07-24,74.0,73.16666666666667,60.0,63.0,65.0,74.0,73.0,32.0,24,1.4,18.4,162,30.9,81,0.0,0.0,0.0,72.0,2.0,3.0,2.0,1.0,2.0,3.0,738.0,6.6052979209482015,103.0,4.6443908991413725,0.3090169943749475,-0.9510565162951535,0.0,0.0,0.0,0.0,8.100000000000081,7,71.0,59.0,61.0,62.0,71.0,70.0,0.0
2024-07-25,71.0,66.79166666666667,59.0,61.0,62.0,71.0,70.0,30.0,24,0.5,19.9,156,31.0,78,0.0,0.0,0.0,74.0,-3.0,-1.0,-2.0,-3.0,-3.0,-3.0,396.0,5.983936280687191,43.0,3.784189633918261,0.40673664307580043,-0.9135454576426008,0.0,1.0,0.0,3.784189633918261,8.100000000000081,7,77.0,59.0,67.0,65.0,76.0,77.0,0.0
2024-07-26,77.0,74.125,59.0,67.0,65.0,76.0,77.0,35.0,24,0.5,21.3,157,31.3,77,0.0,0.0,0.0,71.0,6.0,0.0,6.0,3.0,5.0,7.0,0.0,0.0,0.0,0.0,0.39073112848927377,-0.9205048534524404,0.0,1.0,0.0,0.0,2.4000000000000816,7,73.0,57.0,64.0,62.0,73.0,72.0,0.0
2024-07-27,73.0,66.75,57.0,64.0,62.0,73.0,72.0,32.0,24,0.2,20.6,154,31.7,76,0.0,0.0,0.0,77.0,-4.0,-2.0,-3.0,-3.0,-3.0,-5.0,0.0,0.0,0.0,0.0,0.4383711467890773,-0.898794046299167,0.0,1.0,0.0,0.0,1.2000000000000817,7,61.0,53.0,55.0,57.0,61.0,58.0,0.0
2024-07-28,61.0,58.91666666666666,53.0,55.0,57.0,61.0,58.0,21.0,24,0.2,20.7,153,31.9,75,0.0,0.0,0.0,73.0,-12.0,-4.0,-9.0,-5.0,-12.0,-14.0,0.0,0.0,0.0,0.0,0.45399049973954686,-0.8910065241883678,0.0,1.0,0.0,0.0,0.9000000000000817,7,58.0,52.0,53.0,56.0,58.0,56.0,0.0
2024-07-29,58.0,57.04166666666666,52.0,53.0,56.0,58.0,56.0,18.0,24,7.7,15.1,140,31.6,78,90.0,95.0,32.0,61.0,-3.0,-1.0,-2.0,-1.0,-3.0,-2.0,90.0,4.51085950651685,95.0,4.564348191467836,0.6427876096865395,-0.7660444431189779,0.0,1.0,0.0,4.564348191467836,8.100000000000081,7,61.0,56.0,56.0,56.0,61.0,57.0,0.0
2024-07-30,61.0,59.583333333333336,56.0,56.0,56.0,61.0,57.0,21.0,24,6.1,14.3,142,31.9,79,194.0,89.0,46.0,58.0,3.0,4.0,3.0,0.0,3.0,1.0,284.0,5.652489180268651,184.0,5.220355825078324,0.6156614753256584,-0.7880107536067219,0.0,1.0,0.0,5.220355825078324,14.000000000000082,7,60.0,54.0,54.0,56.0,60.0,56.0,0.0
2024-07-31,60.0,57.708333333333336,54.0,54.0,56.0,60.0,56.0,20.0,24,16.4,15.8,143,30.3,83,122.0,395.0,22.0,61.0,-1.0,-2.0,-2.0,0.0,-1.0,-1.0,406.0,6.008813185442595,579.0,6.363028103540465,0.6018150231520482,-0.7986355100472929,0.0,1.0,0.0,6.363028103540465,30.20000000000008,7,57.0,57.0,46.0,57.0,55.0,51.0,0.0
2024-08-01,57.0,56.04166666666666,57.0,46.0,57.0,55.0,51.0,18.0,24,1.2,17.3,161,31.2,86,137.0,149.0,32.0,60.0,-3.0,3.0,-8.0,1.0,-5.0,-5.0,453.0,6.118097198041348,633.0,6.452048954437226,0.3255681544571566,-0.9455185755993168,0.0,0.0,0.0,0.0,23.700000000000077,8,56.0,54.0,47.0,56.0,52.0,52.0,0.0
2024-08-02,56.0,51.875,54.0,47.0,56.0,52.0,52.0,16.0,24,8.8,16.5,114,30.5,84,93.0,14.0,17.0,57.0,-1.0,-3.0,1.0,-1.0,-3.0,1.0,352.0,5.8664680569332965,558.0,6.326149473155099,0.9135454576426009,-0.40673664307580026,0.0,1.0,0.0,6.326149473155099,26.40000000000008,8,52.0,45.0,43.0,44.0,52.0,45.0,0.0
2024-08-03,52.0,48.25,45.0,43.0,44.0,52.0,45.0,13.0,24,14.2,14.3,147,30.6,83,75.0,119.0,25.0,56.0,-4.0,-9.0,-4.0,-12.0,0.0,-7.0,305.0,5.723585101952381,282.0,5.645446897643238,0.5446390350150273,-0.8386705679454239,0.0,1.0,0.0,5.645446897643238,24.20000000000008,8,47.0,33.0,46.0,43.0,47.0,42.0,0.0
2024-08-04,47.0,44.79166666666666,33.0,46.0,43.0,47.0,42.0,11.0,24,16.6,18.3,191,30.1,87,76.0,344.0,19.0,52.0,-5.0,-12.0,3.0,-1.0,-5.0,-3.0,244.0,5.501258210544727,477.0,6.169610732491456,-0.19080899537654472,-0.981627183447664,0.0,0.0,0.0,0.0,39.60000000000008,8,59.0,55.0,54.0,59.0,57.0,56.0,0.0
2024-08-05,59.0,53.875,55.0,54.0,59.0,57.0,56.0,19.0,24,12.7,13.6,145,30.3,84,129.0,255.0,17.0,47.0,12.0,22.0,8.0,16.0,10.0,14.0,280.0,5.638354669333745,718.0,6.577861357721047,0.5735764363510459,-0.8191520442889919,0.0,1.0,0.0,6.577861357721047,43.500000000000085,8,58.0,54.0,53.0,57.0,58.0,56.0,0.0
2024-08-06,58.0,57.0,54.0,53.0,57.0,58.0,56.0,18.0,24,4.6,15.3,151,30.3,79,139.0,111.0,15.0,59.0,-1.0,-1.0,-1.0,-2.0,1.0,0.0,344.0,5.84354441703136,710.0,6.566672429803241,0.48480962024633717,-0.8746197071393957,0.0,1.0,0.0,6.566672429803241,33.900000000000084,8,57.0,54.0,52.0,54.0,57.0,53.0,0.0
2024-08-07,57.0,54.91666666666666,54.0,52.0,54.0,57.0,53.0,17.0,24,3.1,18.7,146,30.4,81,16.0,24.0,4.0,58.0,-1.0,0.0,-1.0,-3.0,-1.0,-3.0,284.0,5.652489180268651,390.0,5.968707559985366,0.5591929034707469,-0.8290375725550416,0.0,1.0,0.0,5.968707559985366,20.40000000000008,8,56.0,50.0,52.0,50.0,56.0,53.0,0.0
2024-08-08,56.0,53.708333333333336,50.0,52.0,50.0,56.0,53.0,16.0,24,1.4,13.6,144,31.5,79,59.0,85.0,8.0,57.0,-1.0,-4.0,0.0,-4.0,-1.0,0.0,214.0,5.3706380281276624,220.0,5.3981627015177525,0.5877852522924732,-0.8090169943749473,0.0,1.0,0.0,5.3981627015177525,9.100000000000081,8,47.0,28.0,33.0,38.0,47.0,39.0,0.0
2024-08-09,47.0,35.708333333333336,28.0,33.0,38.0,47.0,39.0,11.0,24,6.3,18.4,129,29.3,84,47.0,91.0,31.0,56.0,-9.0,-22.0,-19.0,-12.0,-9.0,-14.0,122.0,4.812184355372417,200.0,5.303304908059076,0.777145961456971,-0.6293203910498373,0.0,1.0,0.0,5.303304908059076,10.800000000000082,8,56.0,47.0,48.0,49.0,54.0,56.0,0.0
2024-08-10,56.0,46.5,47.0,48.0,49.0,54.0,56.0,16.0,24,12.1,13.9,186,28.9,90,44.0,246.0,35.0,47.0,9.0,19.0,15.0,11.0,7.0,17.0,150.0,5.017279836814924,422.0,6.0473721790462776,-0.1045284632676535,-0.9945218953682733,0.0,0.0,0.0,0.0,19.800000000000082,8,57.0,49.0,50.0,52.0,56.0,57.0,0.0
2024-08-11,57.0,55.083333333333336,49.0,50.0,52.0,56.0,57.0,18.0,24,5.3,12.1,169,28.6,89,49.0,170.0,11.0,56.0,1.0,2.0,2.0,3.0,2.0,1.0,140.0,4.948759890378168,507.0,6.230481447578482,0.19080899537654497,-0.981627183447664,0.0,0.0,0.0,0.0,23.70000000000008,8,54.0,43.0,44.0,50.0,54.0,52.0,0.0
2024-08-12,54.0,52.41666666666666,43.0,44.0,50.0,54.0,52.0,15.0,24,17.1,12.7,156,29.7,84,120.0,140.0,21.0,57.0,-3.0,-6.0,-6.0,-2.0,-2.0,-5.0,213.0,5.365976015021851,556.0,6.322565239927284,0.40673664307580043,-0.9135454576426008,0.0,1.0,0.0,6.322565239927284,34.500000000000085,8,59.0,54.0,55.0,59.0,56.0,57.0,0.0
2024-08-13,59.0,55.16666666666666,54.0,55.0,59.0,56.0,57.0,19.0,24,1.7,19.8,135,30.6,80,160.0,194.0,100.0,54.0,5.0,11.0,11.0,9.0,2.0,5.0,329.0,5.799092654460526,504.0,6.22455842927536,0.7071067811865476,-0.7071067811865475,0.0,1.0,0.0,6.22455842927536,24.10000000000008,8,60.0,54.0,55.0,60.0,56.0,58.0,0.0
2024-08-14,60.0,56.375,54.0,55.0,60.0,56.0,58.0,20.0,24,26.9,16.8,135,28.6,88,98.0,353.0,55.0,59.0,1.0,0.0,0.0,1.0,0.0,1.0,378.0,5.937536205082426,687.0,6.5337888379333435,0.7071067811865476,-0.7071067811865475,0.0,1.0,0.0,6.5337888379333435,45.700000000000074,8,61.0,51.0,46.0,54.0,61.0,56.0,0.0
2024-08-15,61.0,58.16666666666666,51.0,46.0,54.0,61.0,56.0,21.0,24,21.3,14.8,134,29.7,89,39.0,280.0,80.0,60.0,1.0,-3.0,-9.0,-6.0,5.0,-2.0,297.0,5.697093486505405,827.0,6.71901315438526,0.7193398003386511,-0.6946583704589974,0.0,1.0,0.0,6.71901315438526,49.90000000000008,8,58.0,45.0,47.0,53.0,58.0,56.0,0.0
2024-08-16,58.0,54.29166666666666,45.0,47.0,53.0,58.0,56.0,18.0,24,17.8,15.0,148,29.0,86,25.0,156.0,13.0,61.0,-3.0,-6.0,1.0,-1.0,-3.0,0.0,162.0,5.093750200806762,789.0,6.672032945461067,0.5299192642332049,-0.848048096156426,0.0,1.0,0.0,6.672032945461067,66.00000000000007,8,54.0,44.0,41.0,54.0,53.0,52.0,0.0
2024-08-17,54.0,52.583333333333336,44.0,41.0,54.0,53.0,52.0,15.0,24,9.3,15.8,122,30.3,85,123.0,170.0,50.0,58.0,-4.0,-1.0,-6.0,1.0,-5.0,-4.0,187.0,5.236441962829949,606.0,6.408528791059498,0.8480480961564261,-0.5299192642332048,0.0,1.0,0.0,6.408528791059498,48.400000000000084,8,56.0,46.0,47.0,56.0,54.0,54.0,0.0
2024-08-18,56.0,54.91666666666666,46.0,47.0,56.0,54.0,54.0,17.0,24,5.6,13.5,125,30.1,85,138.0,169.0,82.0,54.0,2.0,2.0,6.0,2.0,1.0,2.0,286.0,5.659482215759621,495.0,6.206575926724928,0.8191520442889917,-0.5735764363510462,0.0,1.0,0.0,6.206575926724928,32.70000000000008,8,57.0,43.0,38.0,57.0,55.0,53.0,0.0
2024-08-19,57.0,54.708333333333336,43.0,38.0,57.0,55.0,53.0,17.0,24,16.1,12.5,135,30.8,87,94.0,164.0,24.0,56.0,1.0,-3.0,-9.0,1.0,1.0,-1.0,355.0,5.87493073085203,503.0,6.222576268071369,0.7071067811865476,-0.7071067811865475,0.0,1.0,0.0,6.222576268071369,31.00000000000008,8,54.0,38.0,37.0,51.0,54.0,44.0,0.0
2024-08-20,54.0,52.958333333333336,38.0,37.0,51.0,54.0,44.0,15.0,24,17.7,13.7,208,29.8,90,115.0,69.0,1.0,57.0,-3.0,-5.0,-1.0,-6.0,-1.0,-9.0,347.0,5.8522024797744745,402.0,5.998936561946683,-0.46947156278589086,-0.8829475928589269,1.0,0.0,5.8522024797744745,0.0,39.40000000000008,8,53.0,47.0,42.0,51.0,53.0,46.0,0.0
2024-08-21,53.0,50.708333333333336,47.0,42.0,51.0,53.0,46.0,14.0,24,1.5,12.5,117,30.3,85,96.0,23.0,9.0,54.0,-1.0,9.0,5.0,0.0,-1.0,2.0,305.0,5.723585101952381,256.0,5.54907608489522,0.8910065241883679,-0.45399049973954675,0.0,1.0,0.0,5.54907608489522,35.30000000000008,8,57.0,49.0,53.0,56.0,57.0,55.0,0.0
2024-08-22,57.0,55.625,49.0,53.0,56.0,57.0,55.0,17.0,24,2.3,11.2,139,30.9,85,95.0,4.0,17.0,53.0,4.0,2.0,11.0,5.0,4.0,9.0,306.0,5.726847747587197,96.0,4.574710978503383,0.6560590289905073,-0.754709580222772,0.0,1.0,0.0,4.574710978503383,21.500000000000078,8,58.0,48.0,53.0,55.0,58.0,56.0,0.0
2024-08-23,58.0,54.04166666666666,48.0,53.0,55.0,58.0,56.0,18.0,24,14.7,11.6,144,30.5,87,147.0,36.0,11.0,57.0,1.0,-1.0,0.0,-1.0,1.0,1.0,338.0,5.82600010738045,63.0,4.1588830833596715,0.5877852522924732,-0.8090169943749473,0.0,1.0,0.0,4.1588830833596715,18.500000000000078,8,51.0,39.0,34.0,50.0,51.0,41.0,0.0
2024-08-24,51.0,48.0,39.0,34.0,50.0,51.0,41.0,12.0,24,15.5,13.2,252,27.9,91,80.0,57.0,5.0,58.0,-7.0,-9.0,-19.0,-5.0,-7.0,-15.0,322.0,5.777652323222656,97.0,4.584967478670572,-0.9510565162951535,-0.30901699437494756,1.0,0.0,5.777652323222656,0.0,32.50000000000008,8,57.0,52.0,41.0,54.0,56.0,57.0,0.0
2024-08-25,57.0,51.41666666666666,52.0,41.0,54.0,56.0,57.0,18.0,24,6.3,13.7,204,28.8,88,145.0,138.0,2.0,51.0,6.0,13.0,7.0,4.0,5.0,16.0,372.0,5.921578419643816,231.0,5.44673737166631,-0.4067366430758002,-0.9135454576426009,1.0,0.0,5.921578419643816,0.0,36.50000000000008,8,66.0,60.0,58.0,56.0,66.0,64.0,0.0
2024-08-26,66.0,63.375,60.0,58.0,56.0,66.0,64.0,26.0,24,1.8,13.6,221,30.1,84,180.0,55.0,15.0,57.0,9.0,8.0,17.0,2.0,10.0,7.0,405.0,6.0063531596017325,250.0,5.5254529391317835,-0.656059028990507,-0.7547095802227721,1.0,0.0,6.0063531596017325,0.0,23.60000000000008,8,66.0,62.0,59.0,57.0,66.0,65.0,0.0
2024-08-27,66.0,64.41666666666667,62.0,59.0,57.0,66.0,65.0,25.0,24,7.0,15.4,239,29.4,88,234.0,53.0,7.0,66.0,0.0,2.0,1.0,1.0,0.0,1.0,559.0,6.327936783729195,246.0,5.5093883366279774,-0.8571673007021121,-0.5150380749100544,1.0,0.0,6.327936783729195,0.0,15.100000000000078,8,65.0,58.0,55.0,56.0,65.0,65.0,0.0
2024-08-28,65.0,57.333333333333336,58.0,55.0,56.0,65.0,65.0,24.0,24,3.3,13.5,229,30.4,84,24.0,24.0,2.0,66.0,-1.0,-4.0,-4.0,-1.0,-1.0,0.0,438.0,6.0844994130751715,132.0,4.890349128221754,-0.754709580222772,-0.6560590289905073,1.0,0.0,6.0844994130751715,0.0,12.10000000000008,8,64.0,55.0,58.0,57.0,60.0,64.0,0.0
2024-08-29,64.0,55.833333333333336,55.0,58.0,57.0,60.0,64.0,23.0,24,0.0,17.1,154,30.1,84,75.0,8.0,12.0,65.0,-1.0,-3.0,3.0,1.0,-5.0,-1.0,333.0,5.811140992976701,85.0,4.454347296253507,0.4383711467890773,-0.898794046299167,0.0,1.0,0.0,4.454347296253507,10.300000000000079,8,64.0,55.0,60.0,57.0,61.0,64.0,0.0
2024-08-30,64.0,60.75,55.0,60.0,57.0,61.0,64.0,23.0,24,0.1,17.6,151,30.3,82,159.0,46.0,17.0,64.0,0.0,0.0,2.0,0.0,1.0,0.0,258.0,5.556828061699537,78.0,4.3694478524670215,0.48480962024633717,-0.8746197071393957,0.0,1.0,0.0,4.3694478524670215,3.400000000000078,8,59.0,51.0,54.0,57.0,59.0,56.0,0.0
2024-08-31,59.0,57.625,51.0,54.0,57.0,59.0,56.0,19.0,24,4.0,13.0,154,31.2,85,187.0,439.0,3.0,64.0,-5.0,-4.0,-6.0,0.0,-2.0,-8.0,421.0,6.045005314036012,493.0,6.202535517187923,0.4383711467890773,-0.898794046299167,0.0,1.0,0.0,6.202535517187923,4.100000000000078,8,65.0,52.0,51.0,56.0,65.0,56.0,0.0
2024-09-01,65.0,63.875,52.0,51.0,56.0,65.0,56.0,25.0,24,3.7,11.4,166,31.0,87,156.0,950.0,15.0,59.0,6.0,1.0,-3.0,-1.0,6.0,0.0,502.0,6.220590170099739,1435.0,7.269616749608169,0.24192189559966773,-0.9702957262759965,0.0,0.0,0.0,0.0,7.800000000000079,9,63.0,55.0,56.0,54.0,63.0,60.0,0.0
2024-09-02,63.0,59.41666666666666,55.0,56.0,54.0,63.0,60.0,22.0,24,3.5,15.5,155,30.8,83,179.0,1118.0,5.0,65.0,-2.0,3.0,5.0,-2.0,-2.0,4.0,522.0,6.259581464064923,2507.0,7.827240901752812,0.4226182617406995,-0.9063077870366499,0.0,1.0,0.0,7.827240901752812,11.20000000000008,9,61.0,56.0,57.0,57.0,60.0,61.0,0.0
2024-09-03,61.0,60.083333333333336,56.0,57.0,57.0,60.0,61.0,21.0,24,10.6,14.0,156,30.2,89,449.0,2068.0,29.0,63.0,-2.0,1.0,1.0,3.0,-3.0,1.0,784.0,6.665683717782408,4136.0,8.327726166461412,0.40673664307580043,-0.9135454576426008,0.0,1.0,0.0,8.327726166461412,17.80000000000008,9,67.0,63.0,60.0,62.0,66.0,67.0,0.0
2024-09-04,67.0,64.41666666666667,63.0,60.0,62.0,66.0,67.0,26.0,24,7.0,15.1,175,28.9,89,186.0,1393.0,9.0,61.0,6.0,7.0,3.0,5.0,6.0,6.0,814.0,6.703188113240863,4579.0,8.429454277108231,0.0871557427476582,-0.9961946980917455,0.0,0.0,0.0,0.0,21.10000000000008,9,68.0,61.0,60.0,62.0,67.0,68.0,0.0
2024-09-05,68.0,63.708333333333336,61.0,60.0,62.0,67.0,68.0,27.0,24,0.2,14.4,199,30.9,85,183.0,275.0,13.0,67.0,1.0,-2.0,0.0,0.0,1.0,1.0,818.0,6.70808408385307,3736.0,8.226038429485484,-0.32556815445715676,-0.9455185755993167,0.0,0.0,0.0,0.0,17.80000000000008,9,68.0,60.0,60.0,62.0,68.0,68.0,0.0
2024-09-06,68.0,66.25,60.0,60.0,62.0,68.0,68.0,27.0,24,10.9,13.7,154,30.1,85,246.0,1106.0,13.0,68.0,0.0,-1.0,0.0,0.0,1.0,0.0,615.0,6.423246963533519,2774.0,7.928406026180535,0.4383711467890773,-0.898794046299167,0.0,1.0,0.0,7.928406026180535,18.10000000000008,9,63.0,53.0,55.0,58.0,63.0,61.0,0.0
2024-09-07,63.0,58.083333333333336,53.0,55.0,58.0,63.0,61.0,23.0,24,3.6,21.3,144,31.1,78,431.0,1436.0,9.0,68.0,-5.0,-7.0,-5.0,-4.0,-5.0,-7.0,860.0,6.7580945044277305,2817.0,7.943782692458625,0.5877852522924732,-0.8090169943749473,0.0,1.0,0.0,7.943782692458625,14.700000000000077,9,62.0,47.0,54.0,62.0,57.0,56.0,0.0
2024-09-08,62.0,59.75,47.0,54.0,62.0,57.0,56.0,22.0,24,3.9,11.3,167,30.5,83,166.0,425.0,1.0,63.0,-1.0,-6.0,-1.0,4.0,-6.0,-5.0,843.0,6.738152494595957,2967.0,7.995643604287271,0.2249510543438652,-0.9743700647852351,0.0,0.0,0.0,0.0,18.400000000000077,9,58.0,51.0,52.0,58.0,54.0,54.0,0.0
2024-09-09,58.0,54.66666666666666,51.0,52.0,58.0,54.0,54.0,18.0,24,36.0,11.9,178,30.1,89,49.0,95.0,6.0,62.0,-4.0,4.0,-2.0,-4.0,-3.0,-2.0,646.0,6.472346294500901,1956.0,7.579167967396076,0.03489949670250114,-0.9993908270190958,0.0,0.0,0.0,0.0,43.50000000000008,9,53.0,51.0,35.0,52.0,52.0,53.0,0.0
2024-09-10,53.0,46.083333333333336,51.0,35.0,52.0,52.0,53.0,14.0,24,5.6,12.8,226,29.2,87,16.0,110.0,4.0,58.0,-5.0,0.0,-17.0,-6.0,-2.0,-1.0,231.0,5.44673737166631,630.0,6.447305862541213,-0.7193398003386512,-0.6946583704589973,1.0,0.0,5.44673737166631,0.0,45.50000000000008,9,52.0,52.0,35.0,49.0,44.0,51.0,0.0
2024-09-11,52.0,43.458333333333336,52.0,35.0,49.0,44.0,51.0,13.0,24,11.2,10.5,200,30.8,87,16.0,389.0,8.0,53.0,-1.0,1.0,0.0,-3.0,-8.0,-2.0,81.0,4.406719247264253,594.0,6.38856140554563,-0.34202014332566866,-0.9396926207859084,1.0,0.0,4.406719247264253,0.0,52.800000000000075,9,53.0,53.0,35.0,50.0,49.0,52.0,0.0
2024-09-12,53.0,50.29166666666666,53.0,35.0,50.0,49.0,52.0,14.0,24,21.1,15.1,225,29.4,88,15.0,339.0,16.0,52.0,1.0,1.0,0.0,1.0,5.0,1.0,47.0,3.871201010907891,838.0,6.732210706467206,-0.7071067811865475,-0.7071067811865477,1.0,0.0,3.871201010907891,0.0,37.90000000000008,9,51.0,43.0,41.0,51.0,48.0,44.0,0.0
2024-09-13,51.0,41.66666666666666,43.0,41.0,51.0,48.0,44.0,12.0,24,1.5,14.2,206,30.2,84,37.0,1012.0,16.0,53.0,-2.0,-10.0,6.0,1.0,-1.0,-8.0,68.0,4.23410650459726,1740.0,7.462214939768189,-0.43837114678907746,-0.8987940462991669,1.0,0.0,4.23410650459726,0.0,33.800000000000075,9,55.0,49.0,46.0,55.0,53.0,51.0,0.0
2024-09-14,55.0,53.208333333333336,49.0,46.0,55.0,53.0,51.0,15.0,24,7.1,18.3,182,29.7,86,93.0,1373.0,12.0,51.0,4.0,6.0,5.0,4.0,5.0,7.0,145.0,4.983606621708336,2724.0,7.9102237070973445,-0.0348994967025009,-0.9993908270190958,0.0,0.0,0.0,0.0,29.70000000000008,9,61.0,54.0,53.0,57.0,61.0,61.0,0.0
2024-09-15,61.0,58.0,54.0,53.0,57.0,61.0,61.0,21.0,24,11.3,16.6,185,29.1,87,36.0,1080.0,10.0,55.0,6.0,5.0,7.0,2.0,8.0,10.0,166.0,5.117993812416755,3465.0,8.150756470275551,-0.08715574274765794,-0.9961946980917455,0.0,0.0,0.0,0.0,19.900000000000077,9,61.0,54.0,55.0,56.0,61.0,60.0,0.0
2024-09-16,61.0,59.66666666666666,54.0,55.0,56.0,61.0,60.0,21.0,24,1.3,14.2,214,30.4,85,25.0,1100.0,2.0,61.0,0.0,0.0,2.0,-1.0,0.0,-1.0,154.0,5.043425116919247,3553.0,8.175829008714597,-0.5591929034707467,-0.8290375725550417,1.0,0.0,5.043425116919247,0.0,19.700000000000077,9,59.0,53.0,55.0,55.0,59.0,59.0,0.0
2024-09-17,59.0,57.625,53.0,55.0,55.0,59.0,59.0,20.0,24,12.3,20.6,236,30.2,84,34.0,655.0,1.0,61.0,-2.0,-1.0,0.0,-1.0,-2.0,-1.0,95.0,4.564348191467836,2835.0,7.950149887652018,-0.8290375725550418,-0.5591929034707466,1.0,0.0,4.564348191467836,0.0,24.90000000000008,9,54.0,45.0,49.0,51.0,54.0,52.0,0.0
2024-09-18,54.0,40.41666666666666,45.0,49.0,51.0,54.0,52.0,14.0,24,1.5,19.6,217,31.0,82,280.0,259.0,5.0,59.0,-5.0,-8.0,-6.0,-4.0,-5.0,-7.0,339.0,5.8289456176102075,2014.0,7.608374474380783,-0.6018150231520484,-0.7986355100472928,1.0,0.0,5.8289456176102075,0.0,15.10000000000008,9,66.0,57.0,57.0,66.0,63.0,64.0,0.0
2024-09-19,66.0,54.04166666666666,57.0,57.0,66.0,63.0,64.0,25.0,24,1.5,15.8,191,30.2,83,227.0,425.0,12.0,54.0,12.0,12.0,8.0,15.0,9.0,12.0,541.0,6.295266001439646,1339.0,7.200424892944957,-0.19080899537654472,-0.981627183447664,0.0,0.0,0.0,0.0,15.300000000000079,9,73.0,58.0,61.0,73.0,66.0,64.0,0.0
2024-09-20,73.0,70.29166666666667,58.0,61.0,73.0,66.0,64.0,31.0,24,1.8,15.5,162,30.7,83,204.0,476.0,15.0,66.0,7.0,1.0,4.0,7.0,3.0,0.0,711.0,6.568077911411976,1160.0,7.057036981697891,0.3090169943749475,-0.9510565162951535,0.0,0.0,0.0,0.0,4.800000000000078,9,73.0,56.0,61.0,73.0,64.0,63.0,0.0
2024-09-21,73.0,64.58333333333333,56.0,61.0,73.0,64.0,63.0,31.0,24,0.5,10.2,177,29.1,89,128.0,445.0,1.0,73.0,0.0,-2.0,0.0,0.0,-2.0,-1.0,559.0,6.327936783729195,1346.0,7.205635176410364,0.05233595624294381,-0.9986295347545738,0.0,0.0,0.0,0.0,3.800000000000078,9,67.0,56.0,56.0,57.0,67.0,62.0,0.0
2024-09-22,67.0,64.08333333333333,56.0,56.0,57.0,67.0,62.0,27.0,24,0.0,10.1,128,32.3,82,69.0,475.0,22.0,73.0,-6.0,0.0,-5.0,-16.0,3.0,-1.0,401.0,5.996452088619021,1396.0,7.242082359256962,0.788010753606722,-0.6156614753256583,0.0,1.0,0.0,7.242082359256962,2.300000000000078,9,66.0,56.0,54.0,59.0,66.0,61.0,0.0
2024-09-23,66.0,63.16666666666666,56.0,54.0,59.0,66.0,61.0,25.0,24,9.4,11.7,88,31.6,84,116.0,157.0,4.0,67.0,-1.0,0.0,-2.0,2.0,-1.0,-1.0,313.0,5.749392985908253,1077.0,6.982862751468942,0.9993908270190958,0.03489949670250108,0.0,1.0,0.0,6.982862751468942,9.900000000000079,9,61.0,56.0,54.0,58.0,61.0,59.0,0.0
2024-09-24,61.0,58.16666666666666,56.0,54.0,58.0,61.0,59.0,21.0,24,25.3,13.0,333,32.1,90,107.0,258.0,9.0,66.0,-5.0,0.0,0.0,-1.0,-5.0,-2.0,292.0,5.680172609017068,890.0,6.792344427470809,-0.45399049973954697,0.8910065241883678,0.0,0.0,0.0,0.0,34.70000000000008,9,60.0,53.0,54.0,56.0,55.0,60.0,0.0
2024-09-25,60.0,58.833333333333336,53.0,54.0,56.0,55.0,60.0,20.0,24,8.1,10.5,16,30.8,90,54.0,35.0,16.0,61.0,-1.0,-3.0,0.0,-2.0,-6.0,1.0,277.0,5.627621113690637,450.0,6.111467339502679,0.27563735581699916,0.9612616959383189,0.0,0.0,0.0,0.0,42.800000000000075,9,59.0,54.0,53.0,51.0,56.0,59.0,0.0
2024-09-26,59.0,53.04166666666666,54.0,53.0,51.0,56.0,59.0,20.0,24,12.0,16.2,264,27.0,89,0.0,0.0,0.0,60.0,-1.0,1.0,-1.0,-5.0,1.0,-1.0,161.0,5.087596335232384,293.0,5.683579767338681,-0.9945218953682734,-0.10452846326765336,1.0,0.0,5.087596335232384,0.0,45.40000000000008,9,54.0,52.0,44.0,49.0,54.0,53.0,0.0
2024-09-27,54.0,49.41666666666666,52.0,44.0,49.0,54.0,53.0,15.0,24,0.3,13.9,122,30.7,84,27.0,10.0,25.0,59.0,-5.0,-2.0,-9.0,-2.0,-2.0,-6.0,81.0,4.406719247264253,45.0,3.828641396489095,0.8480480961564261,-0.5299192642332048,0.0,1.0,0.0,3.828641396489095,20.400000000000073,9,55.0,48.0,45.0,50.0,55.0,54.0,0.0
2024-09-28,55.0,54.625,48.0,45.0,50.0,55.0,54.0,16.0,24,3.3,19.9,95,31.4,87,45.0,202.0,14.0,54.0,1.0,-4.0,1.0,1.0,1.0,1.0,72.0,4.290459441148391,212.0,5.3612921657094255,0.9961946980917455,-0.08715574274765824,0.0,1.0,0.0,5.3612921657094255,15.600000000000074,9,54.0,42.0,30.0,41.0,54.0,52.0,0.0
2024-09-29,54.0,53.29166666666666,42.0,30.0,41.0,54.0,52.0,15.0,24,24.2,10.6,151,29.9,91,15.0,125.0,6.0,55.0,-1.0,-6.0,-15.0,-9.0,-1.0,-2.0,87.0,4.477336814478207,337.0,5.823045895483019,0.48480962024633717,-0.8746197071393957,0.0,1.0,0.0,5.823045895483019,27.800000000000075,9,53.0,40.0,39.0,44.0,53.0,51.0,0.0
2024-09-30,53.0,51.0,40.0,39.0,44.0,53.0,51.0,14.0,24,12.5,9.5,186,30.2,88,8.0,49.0,33.0,54.0,-1.0,-2.0,9.0,3.0,-1.0,-1.0,68.0,4.23410650459726,376.0,5.932245187448011,-0.1045284632676535,-0.9945218953682733,0.0,0.0,0.0,0.0,40.00000000000007,9,58.0,57.0,35.0,33.0,58.0,52.0,0.0
2024-10-01,58.0,55.875,57.0,35.0,33.0,58.0,52.0,18.0,24,6.0,12.1,237,29.6,89,17.0,78.0,9.0,53.0,5.0,17.0,-4.0,-11.0,5.0,1.0,40.0,3.713572066704308,252.0,5.53338948872752,-0.8386705679454242,-0.544639035015027,1.0,0.0,3.713572066704308,0.0,42.700000000000074,10,56.0,56.0,39.0,42.0,55.0,53.0,0.0
2024-10-02,56.0,53.54166666666666,56.0,39.0,42.0,55.0,53.0,16.0,24,11.9,12.6,144,29.7,89,22.0,63.0,36.0,58.0,-2.0,-1.0,4.0,9.0,-3.0,1.0,47.0,3.871201010907891,190.0,5.25227342804663,0.5877852522924732,-0.8090169943749473,0.0,1.0,0.0,5.25227342804663,30.40000000000007,10,55.0,44.0,40.0,42.0,55.0,52.0,0.0
2024-10-03,55.0,53.41666666666666,44.0,40.0,42.0,55.0,52.0,15.0,24,26.1,11.2,69,30.3,89,58.0,37.0,42.0,56.0,-1.0,-12.0,1.0,0.0,0.0,-1.0,97.0,4.584967478670572,178.0,5.187385805840755,0.9335804264972017,0.3583679495453004,0.0,0.0,0.0,0.0,44.00000000000007,10,62.0,57.0,55.0,53.0,60.0,62.0,0.0
2024-10-04,62.0,58.54166666666666,57.0,55.0,53.0,60.0,62.0,22.0,24,33.4,12.0,288,30.0,92,8.0,32.0,4.0,55.0,7.0,13.0,15.0,11.0,5.0,10.0,88.0,4.48863636973214,132.0,4.890349128221754,-0.9510565162951536,0.30901699437494723,1.0,0.0,4.48863636973214,0.0,71.40000000000006,10,62.0,57.0,54.0,52.0,60.0,62.0,0.0
2024-10-05,62.0,58.66666666666666,57.0,54.0,52.0,60.0,62.0,22.0,24,17.5,12.0,276,29.7,91,13.0,86.0,1.0,62.0,0.0,0.0,-1.0,-1.0,0.0,0.0,79.0,4.382026634673881,155.0,5.049856007249537,-0.9945218953682734,0.10452846326765299,1.0,0.0,4.382026634673881,0.0,77.00000000000007,10,55.0,55.0,46.0,39.0,52.0,54.0,0.0
2024-10-06,55.0,53.083333333333336,55.0,46.0,39.0,52.0,54.0,16.0,24,18.4,14.0,246,29.3,89,23.0,103.0,2.0,62.0,-7.0,-2.0,-8.0,-13.0,-8.0,-8.0,44.0,3.8066624897703196,221.0,5.402677381872279,-0.913545457642601,-0.4067366430758001,1.0,0.0,3.8066624897703196,0.0,69.30000000000007,10,61.0,61.0,49.0,51.0,55.0,55.0,0.0
2024-10-07,61.0,57.41666666666666,61.0,49.0,51.0,55.0,55.0,21.0,24,0.0,13.9,163,30.7,86,34.0,89.0,22.0,55.0,6.0,6.0,3.0,12.0,3.0,1.0,70.0,4.2626798770413155,278.0,5.631211781821365,0.2923717047227366,-0.9563047559630355,0.0,0.0,0.0,0.0,35.90000000000007,10,59.0,59.0,50.0,51.0,56.0,56.0,0.0
2024-10-08,59.0,55.333333333333336,59.0,50.0,51.0,56.0,56.0,19.0,24,23.7,14.5,142,29.3,88,100.0,40.0,9.0,61.0,-2.0,-2.0,1.0,0.0,1.0,1.0,157.0,5.062595033026967,232.0,5.4510384535657,0.6156614753256584,-0.7880107536067219,0.0,1.0,0.0,5.4510384535657,42.100000000000065,10,56.0,51.0,41.0,45.0,56.0,54.0,0.0
2024-10-09,56.0,55.16666666666666,51.0,41.0,45.0,56.0,54.0,16.0,24,12.0,14.1,122,30.1,90,94.0,138.0,4.0,59.0,-3.0,-8.0,-9.0,-6.0,0.0,-2.0,228.0,5.43372200355424,267.0,5.5909869805108565,0.8480480961564261,-0.5299192642332048,0.0,1.0,0.0,5.5909869805108565,35.700000000000074,10,57.0,52.0,40.0,36.0,57.0,52.0,0.0
2024-10-10,57.0,54.41666666666666,52.0,40.0,36.0,57.0,52.0,17.0,24,14.3,12.4,127,29.1,89,79.0,56.0,4.0,56.0,1.0,1.0,-1.0,-9.0,1.0,-2.0,273.0,5.6131281063880705,234.0,5.459585514144159,0.7986355100472927,-0.6018150231520484,0.0,1.0,0.0,5.459585514144159,50.00000000000007,10,61.0,54.0,40.0,42.0,59.0,61.0,0.0
2024-10-11,61.0,58.04166666666666,54.0,40.0,42.0,59.0,61.0,20.0,24,12.1,11.2,249,31.3,86,23.0,113.0,7.0,57.0,4.0,2.0,0.0,6.0,2.0,9.0,196.0,5.2832037287379885,307.0,5.730099782973574,-0.9335804264972016,-0.3583679495453007,1.0,0.0,5.2832037287379885,0.0,38.40000000000007,10,63.0,61.0,54.0,45.0,63.0,63.0,0.0
2024-10-12,63.0,62.04166666666666,61.0,54.0,45.0,63.0,63.0,23.0,24,7.2,9.3,297,30.3,91,11.0,139.0,13.0,61.0,2.0,7.0,14.0,3.0,4.0,2.0,113.0,4.736198448394496,308.0,5.733341276897746,-0.891006524188368,0.45399049973954664,0.0,0.0,0.0,0.0,33.60000000000007,10,60.0,58.0,56.0,51.0,57.0,60.0,0.0
2024-10-13,60.0,56.16666666666666,58.0,56.0,51.0,57.0,60.0,20.0,24,11.8,12.4,286,30.6,89,3.0,156.0,2.0,63.0,-3.0,-3.0,2.0,6.0,-6.0,-3.0,37.0,3.6375861597263857,408.0,6.013715156042802,-0.9612616959383188,0.2756373558169994,1.0,0.0,3.6375861597263857,0.0,31.100000000000072,10,53.0,49.0,53.0,44.0,44.0,52.0,0.0
2024-10-14,53.0,41.66666666666666,49.0,53.0,44.0,44.0,52.0,14.0,24,20.0,10.1,277,28.1,92,19.0,49.0,3.0,60.0,-7.0,-9.0,-3.0,-7.0,-13.0,-8.0,33.0,3.5263605246161616,344.0,5.84354441703136,-0.992546151641322,0.12186934340514768,1.0,0.0,3.5263605246161616,0.0,39.00000000000007,10,53.0,44.0,53.0,44.0,39.0,46.0,0.0
2024-10-15,53.0,50.625,44.0,53.0,44.0,39.0,46.0,14.0,24,7.4,14.0,254,29.6,87,30.0,94.0,1.0,53.0,0.0,-5.0,0.0,0.0,-5.0,-6.0,52.0,3.970291913552122,299.0,5.703782474656201,-0.961261695938319,-0.2756373558169989,1.0,0.0,3.970291913552122,0.0,39.200000000000074,10,52.0,40.0,50.0,41.0,45.0,52.0,0.0
2024-10-16,52.0,42.958333333333336,40.0,50.0,41.0,45.0,52.0,13.0,24,1.7,11.4,259,29.9,87,142.0,31.0,9.0,53.0,-1.0,-4.0,-3.0,-3.0,6.0,6.0,191.0,5.2574953720277815,174.0,5.1647859739235145,-0.981627183447664,-0.1908089953765446,1.0,0.0,5.2574953720277815,0.0,29.100000000000072,10,65.0,57.0,52.0,52.0,65.0,64.0,0.0
2024-10-17,65.0,60.16666666666666,57.0,52.0,52.0,65.0,64.0,24.0,24,11.8,16.4,153,29.9,89,121.0,4.0,10.0,52.0,13.0,17.0,2.0,11.0,20.0,12.0,293.0,5.683579767338681,129.0,4.867534450455582,0.45399049973954686,-0.8910065241883678,0.0,1.0,0.0,4.867534450455582,20.90000000000007,10,70.0,59.0,59.0,54.0,66.0,70.0,0.0
2024-10-18,70.0,67.58333333333333,59.0,59.0,54.0,66.0,70.0,29.0,24,13.8,8.5,296,30.4,90,192.0,16.0,6.0,65.0,5.0,2.0,7.0,2.0,1.0,6.0,455.0,6.1224928095143865,51.0,3.9512437185814275,-0.898794046299167,0.4383711467890774,0.0,0.0,0.0,0.0,27.30000000000007,10,75.0,59.0,60.0,54.0,75.0,72.0,0.0
2024-10-19,75.0,72.0,59.0,60.0,54.0,75.0,72.0,33.0,24,6.0,9.7,59,31.1,89,137.0,54.0,0.0,70.0,5.0,0.0,1.0,0.0,9.0,2.0,450.0,6.111467339502679,74.0,4.31748811353631,0.8571673007021123,0.5150380749100542,0.0,0.0,0.0,0.0,31.600000000000072,10,75.0,57.0,59.0,53.0,75.0,66.0,0.0
2024-10-20,75.0,61.75,57.0,59.0,53.0,75.0,66.0,33.0,24,7.7,9.9,282,29.7,88,166.0,43.0,0.0,75.0,0.0,-2.0,-1.0,-1.0,0.0,-6.0,495.0,6.206575926724928,113.0,4.736198448394496,-0.9781476007338056,0.20791169081775943,1.0,0.0,6.206575926724928,0.0,27.50000000000007,10,65.0,57.0,55.0,53.0,65.0,62.0,0.0
2024-10-21,65.0,60.0,57.0,55.0,53.0,65.0,62.0,25.0,24,0.0,9.6,54,32.6,81,174.0,22.0,15.0,75.0,-10.0,0.0,-4.0,0.0,-10.0,-4.0,477.0,6.169610732491456,119.0,4.787491742782046,0.8090169943749475,0.5877852522924731,0.0,0.0,0.0,0.0,13.70000000000007,10,65.0,56.0,56.0,52.0,65.0,62.0,0.0
2024-10-22,65.0,61.125,56.0,56.0,52.0,65.0,62.0,24.0,24,0.7,7.4,106,31.7,86,178.0,96.0,11.0,65.0,0.0,-1.0,1.0,-1.0,0.0,0.0,518.0,6.251903883165888,161.0,5.087596335232384,0.9612616959383189,-0.27563735581699905,0.0,1.0,0.0,5.087596335232384,8.400000000000071,10,62.0,58.0,55.0,51.0,62.0,62.0,0.0
2024-10-23,62.0,61.04166666666666,58.0,55.0,51.0,62.0,62.0,22.0,24,4.2,10.4,257,31.6,86,46.0,379.0,15.0,65.0,-3.0,2.0,-1.0,-1.0,-3.0,0.0,398.0,5.988961416889864,497.0,6.210600077024653,-0.9743700647852351,-0.22495105434386525,1.0,0.0,5.988961416889864,0.0,4.900000000000071,10,72.0,61.0,62.0,58.0,72.0,71.0,0.0
2024-10-24,72.0,66.95833333333333,61.0,62.0,58.0,72.0,71.0,31.0,24,2.5,10.5,21,31.8,85,69.0,539.0,12.0,62.0,10.0,3.0,7.0,7.0,10.0,9.0,293.0,5.683579767338681,1014.0,6.922643891475888,0.35836794954530027,0.9335804264972017,0.0,0.0,0.0,0.0,7.400000000000071,10,73.0,62.0,61.0,60.0,73.0,70.0,0.0
2024-10-25,73.0,70.16666666666667,62.0,61.0,60.0,73.0,70.0,32.0,24,3.3,13.9,269,30.8,88,96.0,249.0,1.0,72.0,1.0,1.0,-1.0,2.0,1.0,-1.0,211.0,5.356586274672012,1167.0,7.0630481633881725,-0.9998476951563913,-0.017452406437283498,1.0,0.0,5.356586274672012,0.0,10.000000000000071,10,62.0,56.0,53.0,55.0,62.0,59.0,0.0
2024-10-26,62.0,55.708333333333336,56.0,53.0,55.0,62.0,59.0,22.0,24,0.0,16.0,259,31.9,83,548.0,354.0,2.0,73.0,-11.0,-6.0,-8.0,-5.0,-11.0,-11.0,713.0,6.570882962339584,1142.0,7.04141166379481,-0.981627183447664,-0.1908089953765446,1.0,0.0,6.570882962339584,0.0,5.800000000000071,10,60.0,55.0,54.0,52.0,57.0,60.0,0.0
2024-10-27,60.0,58.375,55.0,54.0,52.0,57.0,60.0,20.0,24,0.4,17.5,259,31.8,84,458.0,364.0,19.0,62.0,-2.0,-1.0,1.0,-3.0,-5.0,1.0,1102.0,7.005789019253503,967.0,6.875232087276577,-0.981627183447664,-0.1908089953765446,1.0,0.0,7.005789019253503,0.0,3.700000000000071,10,56.0,53.0,52.0,52.0,53.0,56.0,0.0
2024-10-28,56.0,53.333333333333336,53.0,52.0,52.0,53.0,56.0,16.0,24,4.0,17.0,239,30.9,86,301.0,485.0,24.0,60.0,-4.0,-2.0,-2.0,0.0,-4.0,-4.0,1307.0,7.176254532017144,1203.0,7.093404625868766,-0.8571673007021121,-0.5150380749100544,1.0,0.0,7.176254532017144,0.0,4.400000000000071,10,69.0,62.0,59.0,59.0,69.0,68.0,0.0
2024-10-29,69.0,62.583333333333336,62.0,59.0,59.0,69.0,68.0,28.0,24,15.1,13.0,243,31.4,88,336.0,309.0,9.0,56.0,13.0,9.0,7.0,7.0,16.0,12.0,1095.0,6.999422467507961,1158.0,7.055312843339752,-0.8910065241883678,-0.4539904997395469,1.0,0.0,6.999422467507961,0.0,19.50000000000007,10,72.0,65.0,59.0,61.0,70.0,72.0,0.0
2024-10-30,72.0,69.41666666666667,65.0,59.0,61.0,70.0,72.0,31.0,24,1.4,12.4,255,31.9,86,247.0,169.0,29.0,69.0,3.0,3.0,0.0,2.0,1.0,4.0,884.0,6.785587645007929,963.0,6.871091294610546,-0.9659258262890683,-0.25881904510252063,1.0,0.0,6.785587645007929,0.0,20.50000000000007,10,75.0,70.0,64.0,61.0,73.0,75.0,0.0
2024-10-31,75.0,71.0,70.0,64.0,61.0,73.0,75.0,33.0,24,12.4,12.8,274,30.4,88,103.0,51.0,14.0,72.0,3.0,5.0,5.0,0.0,3.0,3.0,686.0,6.532334292222349,529.0,6.272877006546167,-0.9975640502598243,0.06975647374412522,1.0,0.0,6.532334292222349,0.0,28.900000000000073,10,74.0,67.0,59.0,59.0,74.0,70.0,0.0
2024-11-01,74.0,61.583333333333336,67.0,59.0,59.0,74.0,70.0,33.0,24,10.8,13.0,306,31.4,87,90.0,84.0,16.0,75.0,-1.0,-3.0,-5.0,-2.0,1.0,-5.0,440.0,6.089044875446846,304.0,5.720311776607412,-0.8090169943749476,0.5877852522924729,0.0,0.0,0.0,0.0,24.600000000000072,11,63.0,56.0,55.0,48.0,62.0,63.0,0.0
2024-11-02,63.0,60.5,56.0,55.0,48.0,62.0,63.0,23.0,24,35.8,15.7,299,29.1,90,21.0,76.0,9.0,74.0,-11.0,-11.0,-4.0,-11.0,-12.0,-7.0,214.0,5.3706380281276624,211.0,5.356586274672012,-0.8746197071393956,0.4848096202463373,0.0,0.0,0.0,0.0,59.00000000000007,11,59.0,54.0,52.0,42.0,59.0,58.0,0.0
2024-11-03,59.0,53.16666666666666,54.0,52.0,42.0,59.0,58.0,19.0,24,12.2,11.5,284,31.3,87,0.0,0.0,0.0,63.0,-4.0,-2.0,-3.0,-6.0,-3.0,-5.0,111.0,4.718498871295094,160.0,5.081404364984463,-0.9702957262759966,0.24192189559966742,1.0,0.0,4.718498871295094,0.0,58.80000000000007,11,59.0,58.0,53.0,51.0,57.0,59.0,0.0
2024-11-04,59.0,57.16666666666666,58.0,53.0,51.0,57.0,59.0,19.0,24,19.3,12.3,268,29.7,90,0.0,0.0,0.0,59.0,0.0,4.0,1.0,9.0,-2.0,1.0,21.0,3.091042453358316,76.0,4.343805421853684,-0.9993908270190958,-0.03489949670250076,1.0,0.0,3.091042453358316,0.0,67.30000000000007,11,58.0,56.0,51.0,51.0,58.0,58.0,0.0
2024-11-05,58.0,56.66666666666666,56.0,51.0,51.0,58.0,58.0,18.0,18,1.8,11.7,265,30.5,86,0.0,0.0,0.0,59.0,-1.0,-2.0,-2.0,0.0,1.0,-1.0,0.0,0.0,0.0,0.0,-0.9961946980917455,-0.08715574274765825,1.0,0.0,0.0,0.0,33.30000000000007,11,59.0,55.0,50.0,53.0,59.0,56.0,0.0
2024-11-06,59.0,56.4,55.0,50.0,53.0,59.0,56.0,19.0,15,16.5,12.6,314,30.0,90,3.0,55.0,7.0,58.0,1.0,-1.0,-1.0,2.0,1.0,-2.0,3.0,1.3862943611198906,55.0,4.02535169073515,-0.7193398003386511,0.6946583704589973,0.0,0.0,0.0,0.0,37.60000000000007,11,54.0,54.0,51.0,53.0,54.0,54.0,0.0
2024-11-07,54.0,53.083333333333336,54.0,51.0,53.0,54.0,54.0,15.0,24,20.6,11.7,313,30.2,90,20.0,42.0,13.0,59.0,-5.0,-1.0,1.0,0.0,-5.0,-2.0,23.0,3.1780538303479458,97.0,4.584967478670572,-0.7313537016191703,0.6819983600624986,0.0,0.0,0.0,0.0,38.90000000000008,11,58.0,57.0,53.0,53.0,55.0,58.0,0.0
2024-11-08,58.0,56.29166666666666,57.0,53.0,53.0,55.0,58.0,18.0,24,7.0,10.8,283,30.3,88,25.0,69.0,6.0,54.0,4.0,3.0,2.0,0.0,1.0,4.0,48.0,3.8918202981106265,166.0,5.117993812416755,-0.9743700647852352,0.22495105434386492,1.0,0.0,3.8918202981106265,0.0,44.10000000000008,11,57.0,55.0,50.0,51.0,56.0,57.0,0.0
2024-11-09,57.0,54.583333333333336,55.0,50.0,51.0,56.0,57.0,17.0,24,15.7,8.8,353,30.8,90,26.0,51.0,4.0,58.0,-1.0,-2.0,-3.0,-2.0,1.0,-1.0,71.0,4.276666119016055,162.0,5.093750200806762,-0.12186934340514723,0.9925461516413221,0.0,0.0,0.0,0.0,43.30000000000007,11,61.0,55.0,51.0,49.0,61.0,60.0,0.0
2024-11-10,61.0,57.66666666666666,55.0,51.0,49.0,61.0,60.0,21.0,24,25.0,10.1,306,30.4,91,13.0,62.0,10.0,57.0,4.0,0.0,1.0,-2.0,5.0,3.0,64.0,4.174387269895637,182.0,5.209486152841421,-0.8090169943749476,0.5877852522924729,0.0,0.0,0.0,0.0,47.700000000000074,11,60.0,55.0,44.0,46.0,55.0,60.0,0.0
2024-11-11,60.0,50.16666666666666,55.0,44.0,46.0,55.0,60.0,20.0,24,15.0,9.5,2,30.8,90,12.0,35.0,20.0,61.0,-1.0,0.0,-7.0,-3.0,-6.0,0.0,51.0,3.9512437185814275,148.0,5.003946305945459,0.03489949670250097,0.9993908270190958,0.0,0.0,0.0,0.0,55.700000000000074,11,67.0,63.0,58.0,54.0,61.0,67.0,0.0
2024-11-12,67.0,64.375,63.0,58.0,54.0,61.0,67.0,26.0,24,20.9,11.1,342,30.6,90,14.0,38.0,15.0,60.0,7.0,8.0,14.0,8.0,6.0,7.0,39.0,3.6888794541139363,135.0,4.912654885736052,-0.3090169943749477,0.9510565162951535,0.0,0.0,0.0,0.0,60.90000000000006,11,63.0,62.0,58.0,54.0,56.0,63.0,0.0
2024-11-13,63.0,59.708333333333336,62.0,58.0,54.0,56.0,63.0,23.0,24,11.6,8.1,16,31.8,89,18.0,81.0,12.0,67.0,-4.0,-1.0,0.0,0.0,-5.0,-4.0,44.0,3.8066624897703196,154.0,5.043425116919247,0.27563735581699916,0.9612616959383189,0.0,0.0,0.0,0.0,47.500000000000064,11,55.0,54.0,52.0,54.0,55.0,55.0,0.0
2024-11-14,55.0,54.0,54.0,52.0,54.0,55.0,55.0,16.0,24,8.6,5.7,24,32.4,88,22.0,47.0,15.0,63.0,-8.0,-8.0,-6.0,0.0,-1.0,-8.0,54.0,4.007333185232471,166.0,5.117993812416755,0.4067366430758002,0.9135454576426009,0.0,0.0,0.0,0.0,41.10000000000007,11,61.0,61.0,49.0,52.0,53.0,60.0,0.0
2024-11-15,61.0,56.958333333333336,61.0,49.0,52.0,53.0,60.0,21.0,24,14.8,7.4,14,32.1,89,24.0,60.0,12.0,55.0,6.0,7.0,-3.0,-2.0,-2.0,5.0,64.0,4.174387269895637,188.0,5.241747015059643,0.24192189559966773,0.9702957262759965,0.0,0.0,0.0,0.0,35.00000000000007,11,64.0,62.0,54.0,54.0,55.0,64.0,0.0
2024-11-16,64.0,62.333333333333336,62.0,54.0,54.0,55.0,64.0,24.0,24,19.1,8.1,354,29.9,91,26.0,50.0,6.0,61.0,3.0,1.0,5.0,2.0,2.0,4.0,72.0,4.290459441148391,157.0,5.062595033026967,-0.10452846326765342,0.9945218953682733,0.0,0.0,0.0,0.0,42.50000000000007,11,56.0,53.0,46.0,45.0,52.0,56.0,0.0
2024-11-17,56.0,53.958333333333336,53.0,46.0,45.0,52.0,56.0,17.0,24,4.8,9.5,357,31.8,90,28.0,52.0,12.0,64.0,-8.0,-9.0,-8.0,-9.0,-3.0,-8.0,78.0,4.3694478524670215,162.0,5.093750200806762,-0.05233595624294437,0.9986295347545738,0.0,0.0,0.0,0.0,38.700000000000074,11,52.0,44.0,28.0,33.0,44.0,52.0,0.0
2024-11-18,52.0,32.541666666666664,44.0,28.0,33.0,44.0,52.0,13.0,24,6.1,15.7,19,30.0,92,6.0,24.0,7.0,56.0,-4.0,-9.0,-18.0,-12.0,-8.0,-4.0,60.0,4.110873864173311,126.0,4.844187086458591,0.3255681544571567,0.9455185755993168,0.0,0.0,0.0,0.0,30.00000000000007,11,34.0,31.0,25.0,33.0,31.0,34.0,0.0
2024-11-19,34.0,29.83333333333333,31.0,25.0,33.0,31.0,34.0,8.0,24,33.7,8.4,19,26.3,97,7.0,17.0,4.0,52.0,-18.0,-13.0,-3.0,0.0,-13.0,-18.0,41.0,3.7376696182833684,93.0,4.543294782270004,0.3255681544571567,0.9455185755993168,0.0,0.0,0.0,0.0,44.60000000000007,11,41.0,34.0,32.0,37.0,41.0,36.0,0.0
2024-11-20,41.0,38.04166666666666,34.0,32.0,37.0,41.0,36.0,10.0,24,6.7,13.9,23,29.2,93,0.0,19.0,0.0,34.0,7.0,3.0,7.0,4.0,10.0,2.0,13.0,2.6390573296152584,60.0,4.110873864173311,0.39073112848927377,0.9205048534524404,0.0,0.0,0.0,0.0,46.50000000000008,11,42.0,42.0,32.0,42.0,40.0,40.0,0.0
2024-11-21,42.0,39.625,42.0,32.0,42.0,40.0,40.0,10.0,24,26.7,9.1,2,31.2,92,2.0,59.0,0.0,41.0,1.0,8.0,0.0,5.0,-1.0,4.0,9.0,2.302585092994046,95.0,4.564348191467836,0.03489949670250097,0.9993908270190958,0.0,0.0,0.0,0.0,67.10000000000008,11,57.0,57.0,33.0,41.0,47.0,51.0,0.0
2024-11-22,57.0,53.66666666666666,57.0,33.0,41.0,47.0,51.0,18.0,24,16.0,10.8,355,29.5,92,0.0,30.0,1.0,42.0,15.0,15.0,1.0,-1.0,7.0,11.0,2.0,1.0986122886681098,108.0,4.6913478822291435,-0.08715574274765832,0.9961946980917455,0.0,0.0,0.0,0.0,49.40000000000007,11,57.0,57.0,30.0,36.0,32.0,50.0,0.0
2024-11-23,57.0,43.41666666666666,57.0,30.0,36.0,32.0,50.0,18.0,24,24.3,8.5,4,31.8,90,0.0,12.0,4.0,57.0,0.0,0.0,-3.0,-5.0,-15.0,-1.0,2.0,1.0986122886681098,101.0,4.624972813284271,0.0697564737441253,0.9975640502598242,0.0,0.0,0.0,0.0,67.00000000000007,11,43.0,42.0,35.0,35.0,43.0,39.0,0.0
2024-11-24,43.0,40.125,42.0,35.0,35.0,43.0,39.0,10.0,24,13.5,9.4,22,30.8,90,1.0,7.0,6.0,57.0,-14.0,-15.0,5.0,-1.0,11.0,-11.0,1.0,0.6931471805599453,49.0,3.912023005428146,0.374606593415912,0.9271838545667874,0.0,0.0,0.0,0.0,53.80000000000007,11,52.0,52.0,35.0,41.0,45.0,52.0,0.0
2024-11-25,52.0,44.25,52.0,35.0,41.0,45.0,52.0,13.0,24,16.1,7.9,19,31.9,89,7.0,15.0,10.0,43.0,9.0,10.0,0.0,6.0,2.0,13.0,8.0,2.1972245773362196,34.0,3.5553480614894135,0.3255681544571567,0.9455185755993168,0.0,0.0,0.0,0.0,53.90000000000008,11,55.0,55.0,33.0,45.0,51.0,52.0,0.0
2024-11-26,55.0,52.708333333333336,55.0,33.0,45.0,51.0,52.0,15.0,24,33.6,11.4,20,31.4,91,1.0,24.0,4.0,52.0,3.0,3.0,-2.0,4.0,6.0,0.0,9.0,2.302585092994046,46.0,3.8501476017100584,0.3420201433256687,0.9396926207859084,0.0,0.0,0.0,0.0,63.200000000000074,11,52.0,51.0,44.0,48.0,47.0,52.0,0.0
2024-11-27,52.0,50.41666666666666,51.0,44.0,48.0,47.0,52.0,13.0,24,39.0,11.7,321,27.0,97,0.0,27.0,0.0,55.0,-3.0,-4.0,11.0,3.0,-4.0,0.0,8.0,2.1972245773362196,66.0,4.204692619390966,-0.6293203910498378,0.7771459614569706,0.0,0.0,0.0,0.0,88.70000000000007,11,53.0,51.0,45.0,49.0,48.0,53.0,0.0
2024-11-28,53.0,50.375,51.0,45.0,49.0,48.0,53.0,14.0,24,46.0,7.4,55,30.0,94,0.0,6.0,0.0,52.0,1.0,0.0,1.0,1.0,1.0,1.0,1.0,0.6931471805599453,57.0,4.060443010546419,0.8191520442889918,0.573576436351046,0.0,0.0,0.0,0.0,118.60000000000008,11,54.0,44.0,44.0,39.0,51.0,54.0,0.0
2024-11-29,54.0,48.54166666666666,44.0,44.0,39.0,51.0,54.0,14.0,24,14.9,8.9,318,26.2,98,0.0,12.0,0.0,53.0,1.0,-7.0,-1.0,-10.0,3.0,1.0,0.0,0.0,45.0,3.828641396489095,-0.6691306063588581,0.7431448254773942,0.0,0.0,0.0,0.0,99.90000000000008,11,52.0,49.0,39.0,41.0,39.0,52.0,0.0
2024-11-30,52.0,43.04166666666666,49.0,39.0,41.0,39.0,52.0,13.0,24,0.6,7.3,317,31.5,83,4.0,12.0,3.0,54.0,-2.0,5.0,-5.0,2.0,-12.0,-2.0,4.0,1.6094379124341003,30.0,3.4339872044851463,-0.6819983600624983,0.7313537016191707,0.0,0.0,0.0,0.0,61.50000000000007,11,52.0,48.0,39.0,44.0,41.0,52.0,0.0
2024-12-01,52.0,47.208333333333336,48.0,39.0,44.0,41.0,52.0,13.0,24,10.8,12.2,325,30.3,89,2.0,12.0,0.0,52.0,0.0,-1.0,0.0,3.0,2.0,0.0,6.0,1.9459101490553132,36.0,3.6109179126442243,-0.5735764363510465,0.8191520442889916,0.0,0.0,0.0,0.0,26.30000000000007,12,43.0,41.0,35.0,43.0,37.0,42.0,0.0
2024-12-02,43.0,36.0,41.0,35.0,43.0,37.0,42.0,10.0,24,44.9,8.7,357,30.1,91,2.0,23.0,8.0,52.0,-9.0,-7.0,-4.0,-1.0,-4.0,-10.0,8.0,2.1972245773362196,47.0,3.871201010907891,-0.05233595624294437,0.9986295347545738,0.0,0.0,0.0,0.0,56.30000000000007,12,51.0,45.0,45.0,44.0,46.0,51.0,0.0
2024-12-03,51.0,48.625,45.0,45.0,44.0,46.0,51.0,13.0,24,8.3,6.4,338,30.6,91,8.0,0.0,0.0,43.0,8.0,4.0,10.0,1.0,9.0,9.0,12.0,2.5649493574615367,35.0,3.58351893845611,-0.37460659341591235,0.9271838545667873,0.0,0.0,0.0,0.0,64.00000000000007,12,53.0,52.0,52.0,45.0,53.0,53.0,0.0
2024-12-04,53.0,51.958333333333336,52.0,52.0,45.0,53.0,53.0,14.0,24,1.1,9.2,294,29.8,86,16.0,4.0,1.0,51.0,2.0,7.0,7.0,1.0,7.0,2.0,26.0,3.295836866004329,27.0,3.332204510175204,-0.9135454576426011,0.40673664307579976,0.0,0.0,0.0,0.0,54.30000000000007,12,52.0,52.0,40.0,41.0,51.0,51.0,0.0
2024-12-05,52.0,46.458333333333336,52.0,40.0,41.0,51.0,51.0,13.0,24,0.3,18.3,301,31.7,78,3.0,6.0,4.0,53.0,-1.0,0.0,-12.0,-4.0,-2.0,-2.0,27.0,3.332204510175204,10.0,2.3978952727983707,-0.8571673007021123,0.5150380749100542,0.0,0.0,0.0,0.0,9.700000000000072,12,53.0,53.0,42.0,49.0,53.0,51.0,0.0
2024-12-06,53.0,52.583333333333336,53.0,42.0,49.0,53.0,51.0,14.0,24,0.2,12.1,330,33.5,77,14.0,20.0,18.0,52.0,1.0,1.0,2.0,8.0,2.0,0.0,33.0,3.5263605246161616,30.0,3.4339872044851463,-0.5000000000000004,0.8660254037844384,0.0,0.0,0.0,0.0,1.6000000000000711,12,54.0,43.0,38.0,48.0,54.0,49.0,0.0
2024-12-07,54.0,49.66666666666666,43.0,38.0,48.0,54.0,49.0,15.0,24,0.3,13.9,341,33.2,78,17.0,7.0,11.0,53.0,1.0,-10.0,-4.0,-1.0,1.0,-2.0,34.0,3.5553480614894135,33.0,3.5263605246161616,-0.3255681544571567,0.9455185755993168,0.0,0.0,0.0,0.0,0.8000000000000711,12,51.0,42.0,30.0,42.0,51.0,48.0,0.0
2024-12-08,51.0,45.458333333333336,42.0,30.0,42.0,51.0,48.0,12.0,24,7.4,16.2,357,32.5,83,120.0,18.0,4.0,54.0,-3.0,-1.0,-8.0,-6.0,-3.0,-1.0,151.0,5.0238805208462765,45.0,3.828641396489095,-0.05233595624294437,0.9986295347545738,0.0,0.0,0.0,0.0,7.900000000000071,12,39.0,39.0,25.0,38.0,28.0,27.0,0.0
2024-12-09,39.0,33.375,39.0,25.0,38.0,28.0,27.0,9.0,24,6.1,18.2,325,29.4,87,33.0,18.0,1.0,51.0,-12.0,-3.0,-5.0,-4.0,-23.0,-21.0,170.0,5.14166355650266,43.0,3.784189633918261,-0.5735764363510465,0.8191520442889916,0.0,0.0,0.0,0.0,13.800000000000072,12,42.0,42.0,23.0,30.0,24.0,23.0,0.0
2024-12-10,42.0,38.25,42.0,23.0,30.0,24.0,23.0,10.0,24,7.6,16.7,318,29.6,85,45.0,14.0,1.0,39.0,3.0,3.0,-2.0,-8.0,-4.0,-4.0,198.0,5.293304824724492,50.0,3.9318256327243257,-0.6691306063588581,0.7431448254773942,0.0,0.0,0.0,0.0,21.100000000000072,12,48.0,47.0,30.0,38.0,48.0,44.0,0.0
2024-12-11,48.0,42.91666666666666,47.0,30.0,38.0,48.0,44.0,12.0,24,7.5,9.8,315,31.3,83,4.0,4.0,8.0,42.0,6.0,5.0,7.0,8.0,24.0,21.0,82.0,4.418840607796598,36.0,3.6109179126442243,-0.7071067811865477,0.7071067811865474,0.0,0.0,0.0,0.0,21.20000000000007,12,55.0,55.0,40.0,53.0,53.0,54.0,0.0
2024-12-12,55.0,52.625,55.0,40.0,53.0,53.0,54.0,15.0,24,32.5,13.0,294,32.4,87,6.0,4.0,4.0,48.0,7.0,8.0,10.0,15.0,5.0,10.0,55.0,4.02535169073515,22.0,3.1354942159291497,-0.9135454576426011,0.40673664307579976,0.0,0.0,0.0,0.0,47.60000000000007,12,56.0,55.0,45.0,56.0,54.0,55.0,0.0
2024-12-13,56.0,55.208333333333336,55.0,45.0,56.0,54.0,55.0,17.0,24,3.3,11.7,275,30.3,87,5.0,23.0,0.0,55.0,1.0,0.0,5.0,3.0,1.0,1.0,15.0,2.772588722239781,31.0,3.4657359027997265,-0.9961946980917455,0.08715574274765789,1.0,0.0,2.772588722239781,0.0,43.30000000000007,12,61.0,54.0,49.0,61.0,52.0,56.0,0.0
2024-12-14,61.0,58.375,54.0,49.0,61.0,52.0,56.0,21.0,24,7.4,11.9,313,31.9,85,27.0,3.0,6.0,56.0,5.0,-1.0,4.0,5.0,-2.0,1.0,38.0,3.6635616461296463,30.0,3.4339872044851463,-0.7313537016191703,0.6819983600624986,0.0,0.0,0.0,0.0,43.200000000000074,12,60.0,54.0,47.0,60.0,55.0,57.0,0.0
2024-12-15,60.0,57.833333333333336,54.0,47.0,60.0,55.0,57.0,20.0,24,0.9,7.4,3,32.3,82,12.0,16.0,7.0,61.0,-1.0,0.0,-2.0,-1.0,3.0,1.0,44.0,3.8066624897703196,42.0,3.7612001156935624,0.052335956242943835,0.9986295347545738,0.0,0.0,0.0,0.0,11.60000000000007,12,56.0,48.0,39.0,56.0,54.0,54.0,0.0
2024-12-16,56.0,52.125,48.0,39.0,56.0,54.0,54.0,16.0,24,8.9,13.6,2,32.2,88,17.0,17.0,5.0,60.0,-4.0,-6.0,-8.0,-4.0,-1.0,-3.0,56.0,4.04305126783455,36.0,3.6109179126442243,0.03489949670250097,0.9993908270190958,0.0,0.0,0.0,0.0,17.200000000000074,12,48.0,48.0,36.0,48.0,44.0,42.0,0.0
2024-12-17,48.0,43.41666666666666,48.0,36.0,48.0,44.0,42.0,12.0,24,7.5,12.4,358,31.5,88,9.0,16.0,1.0,56.0,-8.0,0.0,-3.0,-8.0,-10.0,-12.0,38.0,3.6635616461296463,49.0,3.912023005428146,-0.034899496702500823,0.9993908270190958,0.0,0.0,0.0,0.0,17.300000000000068,12,40.0,40.0,32.0,31.0,26.0,32.0,0.0
2024-12-18,40.0,36.29166666666666,40.0,32.0,31.0,26.0,32.0,10.0,24,20.5,14.6,354,28.2,92,4.0,10.0,0.0,48.0,-8.0,-8.0,-4.0,-17.0,-18.0,-10.0,30.0,3.4339872044851463,43.0,3.784189633918261,-0.10452846326765342,0.9945218953682733,0.0,0.0,0.0,0.0,36.90000000000007,12,42.0,42.0,32.0,34.0,39.0,38.0,0.0
2024-12-19,42.0,37.16666666666666,42.0,32.0,34.0,39.0,38.0,10.0,24,5.4,16.6,358,29.4,87,0.0,8.0,2.0,40.0,2.0,2.0,0.0,3.0,13.0,6.0,13.0,2.6390573296152584,34.0,3.5553480614894135,-0.034899496702500823,0.9993908270190958,0.0,0.0,0.0,0.0,33.40000000000007,12,56.0,51.0,41.0,56.0,43.0,46.0,0.0
2024-12-20,56.0,50.125,51.0,41.0,56.0,43.0,46.0,16.0,24,0.9,17.5,12,29.5,83,4.0,0.0,1.0,42.0,14.0,9.0,9.0,22.0,4.0,8.0,8.0,2.1972245773362196,18.0,2.9444389791664403,0.20791169081775934,0.9781476007338057,0.0,0.0,0.0,0.0,26.80000000000007,12,59.0,54.0,53.0,59.0,54.0,56.0,0.0
2024-12-21,59.0,56.583333333333336,54.0,53.0,59.0,54.0,56.0,19.0,24,11.5,15.2,11,29.5,89,0.0,11.0,9.0,56.0,3.0,3.0,12.0,3.0,11.0,10.0,4.0,1.6094379124341003,19.0,2.995732273553991,0.1908089953765448,0.981627183447664,0.0,0.0,0.0,0.0,17.80000000000007,12,56.0,54.0,53.0,56.0,53.0,54.0,0.0
2024-12-22,56.0,53.375,54.0,53.0,56.0,53.0,54.0,17.0,24,1.7,14.0,23,31.1,81,1.0,10.0,10.0,59.0,-3.0,0.0,0.0,-3.0,-1.0,-2.0,5.0,1.791759469228055,21.0,3.091042453358316,0.39073112848927377,0.9205048534524404,0.0,0.0,0.0,0.0,14.10000000000007,12,58.0,49.0,52.0,54.0,56.0,58.0,0.0
2024-12-23,58.0,56.29166666666666,49.0,52.0,54.0,56.0,58.0,19.0,24,25.7,11.5,10,30.7,84,0.0,12.0,0.0,56.0,2.0,-5.0,-1.0,-2.0,3.0,4.0,1.0,0.6931471805599453,33.0,3.5263605246161616,0.17364817766693033,0.984807753012208,0.0,0.0,0.0,0.0,38.90000000000007,12,57.0,47.0,51.0,53.0,54.0,57.0,0.0
2024-12-24,57.0,52.25,47.0,51.0,53.0,54.0,57.0,17.0,24,12.1,12.6,21,29.6,88,0.0,3.0,4.0,58.0,-1.0,-2.0,-1.0,-1.0,-2.0,-1.0,1.0,0.6931471805599453,25.0,3.258096538021482,0.35836794954530027,0.9335804264972017,0.0,0.0,0.0,0.0,39.50000000000007,12,55.0,44.0,42.0,52.0,55.0,53.0,0.0
2024-12-25,55.0,53.458333333333336,44.0,42.0,52.0,55.0,53.0,15.0,24,7.4,11.6,7,29.6,87,1.0,1.0,6.0,57.0,-2.0,-3.0,-9.0,-1.0,1.0,-4.0,1.0,0.6931471805599453,16.0,2.833213344056216,0.12186934340514748,0.992546151641322,0.0,0.0,0.0,0.0,45.20000000000007,12,56.0,53.0,40.0,54.0,56.0,54.0,0.0
2024-12-26,56.0,53.54166666666666,53.0,40.0,54.0,56.0,54.0,16.0,24,6.1,9.9,10,30.7,82,5.0,6.0,4.0,55.0,1.0,9.0,-2.0,2.0,1.0,1.0,6.0,1.9459101490553132,10.0,2.3978952727983707,0.17364817766693033,0.984807753012208,0.0,0.0,0.0,0.0,25.600000000000072,12,59.0,53.0,44.0,55.0,59.0,55.0,0.0
2024-12-27,59.0,57.5,53.0,44.0,55.0,59.0,55.0,19.0,24,1.6,9.2,30,31.1,81,32.0,0.0,10.0,56.0,3.0,0.0,4.0,1.0,3.0,1.0,38.0,3.6635616461296463,7.0,2.0794415416798357,0.49999999999999994,0.8660254037844387,0.0,0.0,0.0,0.0,15.10000000000007,12,55.0,42.0,33.0,52.0,55.0,52.0,0.0
2024-12-28,55.0,52.41666666666666,42.0,33.0,52.0,55.0,52.0,16.0,24,1.1,12.8,25,31.7,82,42.0,11.0,4.0,59.0,-4.0,-11.0,-11.0,-3.0,-4.0,-3.0,79.0,4.382026634673881,17.0,2.8903717578961645,0.42261826174069944,0.9063077870366499,0.0,0.0,0.0,0.0,8.800000000000072,12,47.0,38.0,28.0,47.0,45.0,41.0,0.0
2024-12-29,47.0,38.54166666666666,38.0,28.0,47.0,45.0,41.0,11.0,24,5.2,13.6,18,32.2,85,49.0,35.0,4.0,55.0,-8.0,-4.0,-5.0,-5.0,-10.0,-11.0,123.0,4.820281565605037,46.0,3.8501476017100584,0.3090169943749474,0.9510565162951535,0.0,0.0,0.0,0.0,7.900000000000071,12,36.0,33.0,28.0,36.0,32.0,31.0,0.0
2024-12-30,36.0,31.625,33.0,28.0,36.0,32.0,31.0,9.0,24,5.6,13.4,14,30.6,89,2.0,33.0,6.0,47.0,-11.0,-5.0,0.0,-11.0,-13.0,-10.0,93.0,4.543294782270004,79.0,4.382026634673881,0.24192189559966773,0.9702957262759965,0.0,0.0,0.0,0.0,11.900000000000071,12,36.0,36.0,31.0,35.0,30.0,33.0,0.0
2024-12-31,36.0,33.583333333333336,36.0,31.0,35.0,30.0,33.0,9.0,24,12.8,13.2,4,31.5,88,33.0,7.0,17.0,36.0,0.0,3.0,3.0,-1.0,-2.0,2.0,84.0,4.442651256490317,75.0,4.330733340286331,0.0697564737441253,0.9975640502598242,0.0,0.0,0.0,0.0,23.600000000000072,12,52.0,45.0,36.0,50.0,45.0,52.0,0.0
2025-01-01,52.0,48.458333333333336,45.0,36.0,50.0,45.0,52.0,13.0,24,3.3,12.2,353,31.8,85,15.0,4.0,28.0,36.0,16.0,9.0,5.0,15.0,15.0,19.0,50.0,3.9318256327243257,44.0,3.8066624897703196,-0.12186934340514723,0.9925461516413221,0.0,0.0,0.0,0.0,21.70000000000007,1,55.0,46.0,40.0,53.0,55.0,54.0,0.0
2025-01-02,55.0,50.25,46.0,40.0,53.0,55.0,54.0,15.0,24,7.2,11.9,20,31.7,83,24.0,5.0,17.0,52.0,3.0,1.0,4.0,3.0,10.0,2.0,72.0,4.290459441148391,16.0,2.833213344056216,0.3420201433256687,0.9396926207859084,0.0,0.0,0.0,0.0,23.30000000000007,1,57.0,46.0,43.0,53.0,57.0,56.0,0.0
2025-01-03,57.0,55.75,46.0,43.0,53.0,57.0,56.0,17.0,24,6.6,11.4,12,32.1,84,17.0,20.0,10.0,55.0,2.0,0.0,3.0,0.0,2.0,2.0,56.0,4.04305126783455,29.0,3.4011973816621555,0.20791169081775934,0.9781476007338057,0.0,0.0,0.0,0.0,17.100000000000072,1,56.0,49.0,41.0,54.0,56.0,53.0,0.0
2025-01-04,56.0,54.833333333333336,49.0,41.0,54.0,56.0,53.0,16.0,24,12.6,12.4,16,31.4,85,55.0,11.0,10.0,57.0,-1.0,3.0,-2.0,1.0,-1.0,-3.0,96.0,4.574710978503383,36.0,3.6109179126442243,0.27563735581699916,0.9612616959383189,0.0,0.0,0.0,0.0,26.40000000000007,1,53.0,42.0,40.0,53.0,51.0,48.0,0.0
2025-01-05,53.0,52.79166666666666,42.0,40.0,53.0,51.0,48.0,14.0,24,4.3,15.2,17,31.7,83,24.0,24.0,13.0,56.0,-3.0,-7.0,-1.0,-1.0,-5.0,-5.0,96.0,4.574710978503383,55.0,4.02535169073515,0.29237170472273677,0.9563047559630354,0.0,0.0,0.0,0.0,23.50000000000007,1,54.0,47.0,41.0,54.0,38.0,42.0,0.0
2025-01-06,54.0,51.91666666666666,47.0,41.0,54.0,38.0,42.0,15.0,24,2.0,18.2,28,31.1,80,1.0,30.0,16.0,53.0,1.0,5.0,1.0,1.0,-13.0,-6.0,80.0,4.394449154672439,65.0,4.189654742026425,0.4694715627858908,0.882947592858927,0.0,0.0,0.0,0.0,18.90000000000007,1,61.0,53.0,46.0,61.0,51.0,53.0,0.0
2025-01-07,61.0,58.875,53.0,46.0,61.0,51.0,53.0,21.0,24,7.6,15.3,345,31.1,81,0.0,7.0,15.0,54.0,7.0,6.0,5.0,7.0,13.0,11.0,25.0,3.258096538021482,61.0,4.127134385045092,-0.2588190451025207,0.9659258262890683,0.0,0.0,0.0,0.0,13.90000000000007,1,59.0,52.0,43.0,59.0,52.0,53.0,0.0
2025-01-08,59.0,53.29166666666666,52.0,43.0,59.0,52.0,53.0,19.0,24,0.7,13.8,7,31.9,80,3.0,14.0,12.0,61.0,-2.0,-1.0,-3.0,-2.0,1.0,0.0,4.0,1.6094379124341003,51.0,3.9512437185814275,0.12186934340514748,0.992546151641322,0.0,0.0,0.0,0.0,10.30000000000007,1,58.0,54.0,51.0,58.0,54.0,54.0,0.0
2025-01-09,58.0,57.208333333333336,54.0,51.0,58.0,54.0,54.0,18.0,24,0.0,15.2,14,32.0,75,9.0,15.0,7.0,59.0,-1.0,2.0,8.0,-1.0,2.0,1.0,12.0,2.5649493574615367,36.0,3.6109179126442243,0.24192189559966773,0.9702957262759965,0.0,0.0,0.0,0.0,8.300000000000072,1,65.0,55.0,53.0,65.0,61.0,60.0,0.0
2025-01-10,65.0,62.04166666666666,55.0,53.0,65.0,61.0,60.0,24.0,24,86.6,16.8,340,25.1,94,1.0,38.0,0.0,58.0,7.0,1.0,2.0,7.0,7.0,6.0,13.0,2.6390573296152584,67.0,4.219507705176107,-0.3420201433256686,0.9396926207859084,0.0,0.0,0.0,0.0,87.30000000000007,1,57.0,47.0,36.0,57.0,54.0,52.0,0.0
2025-01-11,57.0,38.04166666666666,47.0,36.0,57.0,54.0,52.0,17.0,24,74.5,13.0,343,24.1,98,3.0,7.0,0.0,65.0,-8.0,-8.0,-17.0,-8.0,-7.0,-8.0,13.0,2.6390573296152584,60.0,4.110873864173311,-0.29237170472273716,0.9563047559630353,0.0,0.0,0.0,0.0,161.10000000000008,1,52.0,30.0,33.0,47.0,52.0,30.0,0.0
2025-01-12,52.0,43.75,30.0,33.0,47.0,52.0,30.0,13.0,24,42.6,19.1,20,27.5,93,0.0,25.0,1.0,57.0,-5.0,-17.0,-3.0,-10.0,-2.0,-22.0,4.0,1.6094379124341003,70.0,4.2626798770413155,0.3420201433256687,0.9396926207859084,0.0,0.0,0.0,0.0,203.70000000000007,1,50.0,28.0,25.0,42.0,50.0,27.0,0.0
2025-01-13,50.0,41.083333333333336,28.0,25.0,42.0,50.0,27.0,12.0,24,43.3,12.8,17,26.0,96,4.0,8.0,0.0,52.0,-2.0,-2.0,-8.0,-5.0,-2.0,-3.0,7.0,2.0794415416798357,40.0,3.713572066704308,0.29237170472273677,0.9563047559630354,0.0,0.0,0.0,0.0,160.40000000000006,1,53.0,31.0,22.0,36.0,53.0,29.0,0.0
2025-01-14,53.0,46.125,31.0,22.0,36.0,53.0,29.0,14.0,24,12.3,17.2,25,28.4,90,1.0,17.0,2.0,50.0,3.0,3.0,-3.0,-6.0,3.0,2.0,5.0,1.791759469228055,50.0,3.9318256327243257,0.42261826174069944,0.9063077870366499,0.0,0.0,0.0,0.0,98.20000000000007,1,70.0,62.0,55.0,61.0,70.0,66.0,0.0
2025-01-15,70.0,61.04166666666666,62.0,55.0,61.0,70.0,66.0,29.0,24,6.9,11.6,1,30.0,88,0.0,13.0,0.0,53.0,17.0,31.0,33.0,25.0,17.0,37.0,5.0,1.791759469228055,38.0,3.6635616461296463,0.01745240643728351,0.9998476951563913,0.0,0.0,0.0,0.0,62.50000000000007,1,71.0,62.0,58.0,62.0,71.0,70.0,0.0
2025-01-16,71.0,61.25,62.0,58.0,62.0,71.0,70.0,30.0,24,9.0,18.0,19,31.4,86,0.0,3.0,1.0,70.0,1.0,0.0,3.0,1.0,1.0,4.0,1.0,0.6931471805599453,33.0,3.5263605246161616,0.3255681544571567,0.9455185755993168,0.0,0.0,0.0,0.0,28.200000000000074,1,46.0,40.0,36.0,44.0,39.0,46.0,0.0
2025-01-17,46.0,41.833333333333336,40.0,36.0,44.0,39.0,46.0,11.0,24,3.2,20.2,24,28.7,85,0.0,15.0,1.0,71.0,-25.0,-22.0,-22.0,-18.0,-32.0,-24.0,0.0,0.0,31.0,3.4657359027997265,0.4067366430758002,0.9135454576426009,0.0,0.0,0.0,0.0,19.100000000000072,1,40.0,40.0,38.0,40.0,27.0,36.0,0.0
2025-01-18,40.0,37.79166666666666,40.0,38.0,40.0,27.0,36.0,10.0,24,11.3,18.0,8,29.2,87,4.0,21.0,2.0,46.0,-6.0,0.0,2.0,-4.0,-12.0,-10.0,4.0,1.6094379124341003,39.0,3.6888794541139363,0.13917310096006544,0.9902680687415704,0.0,0.0,0.0,0.0,23.50000000000007,1,44.0,41.0,39.0,44.0,29.0,38.0,0.0
2025-01-19,44.0,39.41666666666666,41.0,39.0,44.0,29.0,38.0,10.0,24,4.2,19.1,9,28.6,88,0.0,12.0,0.0,40.0,4.0,1.0,1.0,4.0,2.0,2.0,4.0,1.6094379124341003,48.0,3.8918202981106265,0.15643446504023087,0.9876883405951378,0.0,0.0,0.0,0.0,18.700000000000074,1,53.0,48.0,43.0,53.0,37.0,46.0,0.0
2025-01-20,53.0,51.29166666666666,48.0,43.0,53.0,37.0,46.0,14.0,24,0.1,15.0,7,29.3,83,0.0,0.0,1.0,44.0,9.0,7.0,4.0,9.0,8.0,8.0,4.0,1.6094379124341003,33.0,3.5263605246161616,0.12186934340514748,0.992546151641322,0.0,0.0,0.0,0.0,15.600000000000074,1,51.0,46.0,41.0,51.0,37.0,48.0,0.0
2025-01-21,51.0,47.29166666666666,46.0,41.0,51.0,37.0,48.0,12.0,24,5.3,13.4,18,27.8,90,0.0,13.0,2.0,53.0,-2.0,-2.0,-2.0,-2.0,0.0,2.0,0.0,0.0,25.0,3.258096538021482,0.3090169943749474,0.9510565162951535,0.0,0.0,0.0,0.0,9.600000000000072,1,57.0,54.0,55.0,57.0,57.0,56.0,0.0
2025-01-22,57.0,53.25,54.0,55.0,57.0,57.0,56.0,18.0,24,2.0,11.8,25,28.9,88,0.0,3.0,2.0,51.0,6.0,8.0,14.0,6.0,20.0,8.0,0.0,0.0,16.0,2.833213344056216,0.42261826174069944,0.9063077870366499,0.0,0.0,0.0,0.0,7.400000000000072,1,58.0,56.0,55.0,56.0,58.0,55.0,0.0
2025-01-23,58.0,55.333333333333336,56.0,55.0,56.0,58.0,55.0,18.0,24,12.6,13.8,27,29.7,89,3.0,1.0,3.0,57.0,1.0,2.0,0.0,-1.0,1.0,-1.0,3.0,1.3862943611198906,17.0,2.8903717578961645,0.45399049973954675,0.8910065241883679,0.0,0.0,0.0,0.0,19.900000000000073,1,51.0,49.0,39.0,48.0,48.0,51.0,0.0
2025-01-24,51.0,46.375,49.0,39.0,48.0,48.0,51.0,12.0,24,10.8,13.9,17,30.0,89,5.0,10.0,3.0,58.0,-7.0,-7.0,-16.0,-8.0,-10.0,-4.0,8.0,2.1972245773362196,14.0,2.70805020110221,0.29237170472273677,0.9563047559630354,0.0,0.0,0.0,0.0,25.40000000000007,1,52.0,37.0,34.0,50.0,39.0,52.0,0.0
2025-01-25,52.0,47.0,37.0,34.0,50.0,39.0,52.0,13.0,24,15.6,9.1,5,30.6,87,4.0,17.0,13.0,51.0,1.0,-12.0,-5.0,2.0,-9.0,1.0,12.0,2.5649493574615367,28.0,3.367295829986474,0.08715574274765817,0.9961946980917455,0.0,0.0,0.0,0.0,39.00000000000007,1,49.0,43.0,40.0,45.0,39.0,49.0,0.0
2025-01-26,49.0,46.875,43.0,40.0,45.0,39.0,49.0,12.0,24,19.7,10.7,355,30.5,89,0.0,0.0,4.0,52.0,-3.0,6.0,6.0,-5.0,0.0,-3.0,9.0,2.302585092994046,27.0,3.332204510175204,-0.08715574274765832,0.9961946980917455,0.0,0.0,0.0,0.0,46.10000000000007,1,44.0,38.0,33.0,44.0,35.0,43.0,0.0
2025-01-27,44.0,39.0,38.0,33.0,44.0,35.0,43.0,11.0,24,7.1,14.9,30,29.1,89,0.0,3.0,0.0,49.0,-5.0,-5.0,-7.0,-1.0,-4.0,-6.0,4.0,1.6094379124341003,20.0,3.044522437723423,0.49999999999999994,0.8660254037844387,0.0,0.0,0.0,0.0,42.40000000000007,1,54.0,53.0,52.0,54.0,51.0,53.0,0.0
2025-01-28,54.0,45.25,53.0,52.0,54.0,51.0,53.0,15.0,24,3.2,17.1,24,30.1,82,0.0,0.0,4.0,44.0,10.0,15.0,19.0,10.0,16.0,10.0,0.0,0.0,3.0,1.3862943611198906,0.4067366430758002,0.9135454576426009,0.0,0.0,0.0,0.0,30.000000000000075,1,58.0,57.0,55.0,55.0,58.0,56.0,0.0
2025-01-29,58.0,56.54166666666666,57.0,55.0,55.0,58.0,56.0,18.0,24,0.1,20.3,23,29.0,78,8.0,0.0,3.0,54.0,4.0,4.0,3.0,1.0,7.0,3.0,8.0,2.1972245773362196,3.0,1.3862943611198906,0.39073112848927377,0.9205048534524404,0.0,0.0,0.0,0.0,10.400000000000071,1,56.0,53.0,52.0,52.0,56.0,52.0,0.0
2025-01-30,56.0,52.208333333333336,53.0,52.0,52.0,56.0,52.0,16.0,24,0.0,16.9,15,30.3,74,20.0,4.0,4.0,58.0,-2.0,-4.0,-3.0,-3.0,-2.0,-4.0,28.0,3.367295829986474,4.0,1.6094379124341003,0.25881904510252074,0.9659258262890683,0.0,0.0,0.0,0.0,3.3000000000000713,1,52.0,52.0,51.0,52.0,47.0,49.0,0.0
2025-01-31,52.0,50.958333333333336,52.0,51.0,52.0,47.0,49.0,13.0,24,0.1,14.3,12,30.4,78,15.0,6.0,3.0,56.0,-4.0,-1.0,-1.0,0.0,-9.0,-3.0,43.0,3.784189633918261,10.0,2.3978952727983707,0.20791169081775934,0.9781476007338057,0.0,0.0,0.0,0.0,0.20000000000007107,1,52.0,49.0,47.0,51.0,52.0,51.0,0.0
2025-02-01,52.0,49.833333333333336,49.0,47.0,51.0,52.0,51.0,13.0,24,0.2,14.2,3,30.7,76,17.0,1.0,6.0,52.0,0.0,-3.0,-4.0,-1.0,5.0,2.0,52.0,3.970291913552122,11.0,2.4849066497880004,0.052335956242943835,0.9986295347545738,0.0,0.0,0.0,0.0,0.3000000000000711,2,56.0,53.0,51.0,54.0,54.0,56.0,0.0
2025-02-02,56.0,53.583333333333336,53.0,51.0,54.0,54.0,56.0,16.0,24,0.4,12.5,1,31.5,78,9.0,15.0,38.0,52.0,4.0,4.0,4.0,3.0,2.0,5.0,41.0,3.7376696182833684,22.0,3.1354942159291497,0.01745240643728351,0.9998476951563913,0.0,0.0,0.0,0.0,0.7000000000000711,2,62.0,56.0,56.0,59.0,59.0,62.0,0.0
2025-02-03,62.0,59.125,56.0,56.0,59.0,59.0,62.0,22.0,24,0.6,12.2,10,32.2,77,20.0,14.0,5.0,56.0,6.0,3.0,5.0,5.0,5.0,6.0,46.0,3.8501476017100584,30.0,3.4339872044851463,0.17364817766693033,0.984807753012208,0.0,0.0,0.0,0.0,1.2000000000000712,2,62.0,56.0,57.0,60.0,59.0,62.0,0.0
2025-02-04,62.0,57.208333333333336,56.0,57.0,60.0,59.0,62.0,22.0,24,0.8,14.4,17,31.4,82,24.0,12.0,2.0,62.0,0.0,0.0,1.0,1.0,0.0,0.0,53.0,3.9889840465642745,41.0,3.7376696182833684,0.29237170472273677,0.9563047559630354,0.0,0.0,0.0,0.0,1.8000000000000713,2,46.0,40.0,36.0,45.0,43.0,46.0,0.0
2025-02-05,46.0,34.958333333333336,40.0,36.0,45.0,43.0,46.0,11.0,24,6.1,15.9,14,27.0,89,4.0,8.0,5.0,62.0,-16.0,-16.0,-21.0,-15.0,-16.0,-16.0,48.0,3.8918202981106265,34.0,3.5553480614894135,0.24192189559966773,0.9702957262759965,0.0,0.0,0.0,0.0,7.500000000000071,2,65.0,61.0,60.0,57.0,65.0,62.0,0.0
2025-02-06,65.0,58.25,61.0,60.0,57.0,65.0,62.0,24.0,24,0.0,18.2,17,31.5,77,15.0,5.0,15.0,46.0,19.0,21.0,24.0,12.0,22.0,16.0,43.0,3.784189633918261,25.0,3.258096538021482,0.29237170472273677,0.9563047559630354,0.0,0.0,0.0,0.0,6.900000000000071,2,65.0,61.0,60.0,57.0,65.0,61.0,0.0
2025-02-07,65.0,57.0,61.0,60.0,57.0,65.0,61.0,25.0,24,0.3,16.1,21,31.6,77,23.0,12.0,19.0,65.0,0.0,0.0,0.0,0.0,0.0,-1.0,42.0,3.7612001156935624,25.0,3.258096538021482,0.35836794954530027,0.9335804264972017,0.0,0.0,0.0,0.0,6.4000000000000705,2,53.0,47.0,43.0,53.0,51.0,51.0,0.0
2025-02-08,53.0,50.0,47.0,43.0,53.0,51.0,51.0,14.0,24,0.0,15.6,14,31.7,77,23.0,30.0,19.0,65.0,-12.0,-14.0,-17.0,-4.0,-14.0,-10.0,61.0,4.127134385045092,47.0,3.871201010907891,0.24192189559966773,0.9702957262759965,0.0,0.0,0.0,0.0,0.30000000000007104,2,50.0,44.0,44.0,50.0,46.0,49.0,0.0
2025-02-09,50.0,48.41666666666666,44.0,44.0,50.0,46.0,49.0,12.0,24,3.0,19.7,22,31.0,78,26.0,5.0,8.0,53.0,-3.0,-3.0,1.0,-3.0,-5.0,-2.0,72.0,4.290459441148391,47.0,3.871201010907891,0.374606593415912,0.9271838545667874,0.0,0.0,0.0,0.0,3.300000000000071,2,53.0,46.0,49.0,53.0,51.0,51.0,0.0
2025-02-10,53.0,52.0,46.0,49.0,53.0,51.0,51.0,14.0,24,0.3,16.2,16,32.0,75,32.0,17.0,20.0,50.0,3.0,2.0,5.0,3.0,5.0,2.0,81.0,4.406719247264253,52.0,3.970291913552122,0.27563735581699916,0.9612616959383189,0.0,0.0,0.0,0.0,3.300000000000071,2,51.0,43.0,45.0,51.0,47.0,47.0,0.0
2025-02-11,51.0,37.54166666666666,43.0,45.0,51.0,47.0,47.0,12.0,24,2.4,14.4,23,32.8,73,42.0,17.0,25.0,53.0,-2.0,-3.0,-4.0,-2.0,-4.0,-4.0,100.0,4.61512051684126,39.0,3.6888794541139363,0.39073112848927377,0.9205048534524404,0.0,0.0,0.0,0.0,5.70000000000007,2,52.0,44.0,42.0,50.0,51.0,52.0,0.0
2025-02-12,52.0,39.583333333333336,44.0,42.0,50.0,51.0,52.0,13.0,24,0.8,12.1,40,32.6,78,56.0,23.0,30.0,51.0,1.0,1.0,-3.0,-1.0,4.0,5.0,130.0,4.875197323201151,57.0,4.060443010546419,0.6427876096865393,0.766044443118978,0.0,0.0,0.0,0.0,3.500000000000071,2,57.0,52.0,48.0,53.0,56.0,57.0,0.0
2025-02-13,57.0,55.583333333333336,52.0,48.0,53.0,56.0,57.0,17.0,24,0.9,13.5,44,33.6,79,69.0,24.0,13.0,52.0,5.0,8.0,6.0,3.0,5.0,5.0,167.0,5.123963979403259,64.0,4.174387269895637,0.6946583704589973,0.7193398003386512,0.0,0.0,0.0,0.0,4.100000000000071,2,53.0,38.0,42.0,43.0,53.0,53.0,0.0
2025-02-14,53.0,45.333333333333336,38.0,42.0,43.0,53.0,53.0,14.0,24,4.5,11.9,30,33.5,79,14.0,20.0,8.0,57.0,-4.0,-14.0,-6.0,-10.0,-3.0,-4.0,139.0,4.941642422609304,67.0,4.219507705176107,0.49999999999999994,0.8660254037844387,0.0,0.0,0.0,0.0,6.20000000000007,2,49.0,30.0,31.0,38.0,49.0,44.0,0.0
2025-02-15,49.0,44.91666666666666,30.0,31.0,38.0,49.0,44.0,12.0,24,10.1,10.4,2,33.0,84,18.0,58.0,18.0,53.0,-4.0,-8.0,-11.0,-5.0,-4.0,-9.0,101.0,4.624972813284271,102.0,4.634728988229636,0.03489949670250097,0.9993908270190958,0.0,0.0,0.0,0.0,15.500000000000071,2,52.0,41.0,33.0,43.0,52.0,46.0,0.0
2025-02-16,52.0,48.29166666666666,41.0,33.0,43.0,52.0,46.0,13.0,24,1.1,8.6,335,32.4,81,5.0,31.0,23.0,49.0,3.0,11.0,2.0,5.0,3.0,2.0,37.0,3.6375861597263857,109.0,4.700480365792417,-0.4226182617406992,0.90630778703665,0.0,0.0,0.0,0.0,15.700000000000069,2,54.0,49.0,41.0,53.0,53.0,54.0,0.0
2025-02-17,54.0,51.79166666666666,49.0,41.0,53.0,53.0,54.0,15.0,24,2.9,10.3,337,31.1,86,4.0,12.0,8.0,52.0,2.0,8.0,8.0,10.0,1.0,8.0,27.0,3.332204510175204,101.0,4.624972813284271,-0.3907311284892739,0.9205048534524403,0.0,0.0,0.0,0.0,14.100000000000069,2,51.0,38.0,41.0,51.0,51.0,51.0,0.0
2025-02-18,51.0,37.0,38.0,41.0,51.0,51.0,51.0,13.0,24,16.0,16.1,17,29.4,87,1.0,19.0,16.0,54.0,-3.0,-11.0,0.0,-2.0,-2.0,-3.0,10.0,2.3978952727983707,62.0,4.143134726391533,0.29237170472273677,0.9563047559630354,0.0,0.0,0.0,0.0,20.00000000000007,2,48.0,37.0,44.0,47.0,48.0,43.0,0.0
2025-02-19,48.0,40.833333333333336,37.0,44.0,47.0,48.0,43.0,11.0,24,0.3,13.2,26,29.8,83,1.0,16.0,13.0,51.0,-3.0,-1.0,3.0,-4.0,-3.0,-8.0,6.0,1.9459101490553132,47.0,3.871201010907891,0.4383711467890774,0.898794046299167,0.0,0.0,0.0,0.0,19.20000000000007,2,52.0,43.0,45.0,50.0,51.0,52.0,0.0
2025-02-20,52.0,50.29166666666666,43.0,45.0,50.0,51.0,52.0,13.0,24,2.6,13.4,31,31.4,81,20.0,6.0,15.0,48.0,4.0,6.0,1.0,3.0,3.0,9.0,22.0,3.1354942159291497,41.0,3.7376696182833684,0.5150380749100542,0.8571673007021123,0.0,0.0,0.0,0.0,18.90000000000007,2,52.0,44.0,44.0,52.0,49.0,52.0,0.0
2025-02-21,52.0,50.708333333333336,44.0,44.0,52.0,49.0,52.0,13.0,24,3.8,10.9,13,31.5,83,5.0,13.0,22.0,52.0,0.0,1.0,-1.0,2.0,-2.0,0.0,26.0,3.295836866004329,35.0,3.58351893845611,0.224951054343865,0.9743700647852352,0.0,0.0,0.0,0.0,6.70000000000007,2,51.0,46.0,45.0,51.0,46.0,41.0,0.0
2025-02-22,51.0,47.125,46.0,45.0,51.0,46.0,41.0,12.0,24,5.6,12.7,17,32.2,84,7.0,7.0,14.0,52.0,-1.0,2.0,1.0,-1.0,-3.0,-11.0,32.0,3.4965075614664802,26.0,3.295836866004329,0.29237170472273677,0.9563047559630354,0.0,0.0,0.0,0.0,12.000000000000071,2,47.0,41.0,33.0,47.0,42.0,40.0,0.0
2025-02-23,47.0,44.79166666666666,41.0,33.0,47.0,42.0,40.0,11.0,24,7.7,9.2,5,30.6,86,0.0,10.0,13.0,51.0,-4.0,-5.0,-12.0,-4.0,-4.0,-1.0,12.0,2.5649493574615367,30.0,3.4339872044851463,0.08715574274765817,0.9961946980917455,0.0,0.0,0.0,0.0,17.100000000000072,2,42.0,36.0,32.0,42.0,36.0,35.0,0.0
2025-02-24,42.0,36.208333333333336,36.0,32.0,42.0,36.0,35.0,10.0,24,2.5,11.6,41,30.4,85,1.0,24.0,0.0,47.0,-5.0,-5.0,-1.0,-5.0,-6.0,-5.0,8.0,2.1972245773362196,41.0,3.7376696182833684,0.6560590289905073,0.754709580222772,0.0,0.0,0.0,0.0,15.80000000000007,2,34.0,30.0,28.0,33.0,34.0,34.0,0.0
2025-02-25,34.0,30.33333333333333,30.0,28.0,33.0,34.0,34.0,8.0,24,14.2,16.0,39,29.8,87,3.0,13.0,0.0,42.0,-8.0,-6.0,-4.0,-9.0,-2.0,-1.0,4.0,1.6094379124341003,47.0,3.871201010907891,0.6293203910498374,0.7771459614569709,0.0,0.0,0.0,0.0,24.40000000000007,2,51.0,40.0,41.0,45.0,48.0,51.0,0.0
2025-02-26,51.0,44.91666666666666,40.0,41.0,45.0,48.0,51.0,12.0,24,3.0,17.7,38,29.9,85,5.0,9.0,3.0,34.0,17.0,10.0,13.0,12.0,14.0,17.0,9.0,2.302585092994046,46.0,3.8501476017100584,0.6156614753256583,0.7880107536067219,0.0,0.0,0.0,0.0,19.70000000000007,2,51.0,40.0,46.0,51.0,48.0,51.0,0.0
2025-02-27,51.0,50.04166666666666,40.0,46.0,51.0,48.0,51.0,12.0,24,8.8,16.9,32,29.3,85,1.0,42.0,1.0,51.0,0.0,0.0,5.0,6.0,0.0,0.0,9.0,2.302585092994046,64.0,4.174387269895637,0.5299192642332049,0.848048096156426,0.0,0.0,0.0,0.0,26.00000000000007,2,52.0,39.0,42.0,52.0,43.0,45.0,0.0
2025-02-28,52.0,50.25,39.0,42.0,52.0,43.0,45.0,13.0,24,1.0,14.4,40,31.4,84,6.0,36.0,15.0,51.0,1.0,-1.0,-4.0,1.0,-5.0,-6.0,12.0,2.5649493574615367,87.0,4.477336814478207,0.6427876096865393,0.766044443118978,0.0,0.0,0.0,0.0,12.800000000000072,2,52.0,40.0,52.0,52.0,44.0,48.0,0.0
2025-03-01,52.0,50.25,40.0,52.0,52.0,44.0,48.0,13.0,24,0.6,12.1,35,31.2,83,17.0,6.0,36.0,52.0,0.0,1.0,10.0,0.0,1.0,3.0,24.0,3.2188758248682006,84.0,4.442651256490317,0.573576436351046,0.8191520442889918,0.0,0.0,0.0,0.0,10.400000000000071,3,49.0,39.0,49.0,48.0,43.0,43.0,0.0
2025-03-02,49.0,43.708333333333336,39.0,49.0,48.0,43.0,43.0,12.0,24,2.8,13.7,30,32.1,82,16.0,30.0,40.0,52.0,-3.0,-1.0,-3.0,-4.0,-1.0,-5.0,39.0,3.6888794541139363,72.0,4.290459441148391,0.49999999999999994,0.8660254037844387,0.0,0.0,0.0,0.0,4.400000000000071,3,54.0,42.0,37.0,50.0,54.0,52.0,0.0
2025-03-03,54.0,47.41666666666666,42.0,37.0,50.0,54.0,52.0,15.0,24,1.1,9.1,25,32.7,80,24.0,21.0,78.0,49.0,5.0,3.0,-12.0,2.0,11.0,9.0,57.0,4.060443010546419,57.0,4.060443010546419,0.42261826174069944,0.9063077870366499,0.0,0.0,0.0,0.0,4.500000000000071,3,58.0,51.0,46.0,46.0,58.0,52.0,0.0
2025-03-04,58.0,55.75,51.0,46.0,46.0,58.0,52.0,18.0,24,8.4,9.8,22,31.5,85,7.0,14.0,25.0,54.0,4.0,9.0,9.0,-4.0,4.0,0.0,47.0,3.871201010907891,65.0,4.189654742026425,0.374606593415912,0.9271838545667874,0.0,0.0,0.0,0.0,12.300000000000072,3,57.0,51.0,48.0,52.0,57.0,55.0,0.0
2025-03-05,57.0,54.75,51.0,48.0,52.0,57.0,55.0,17.0,24,30.0,9.1,321,31.6,91,7.0,5.0,37.0,58.0,-1.0,0.0,2.0,6.0,-1.0,3.0,38.0,3.6635616461296463,40.0,3.713572066704308,-0.6293203910498378,0.7771459614569706,0.0,0.0,0.0,0.0,39.50000000000007,3,57.0,52.0,44.0,53.0,57.0,55.0,0.0
2025-03-06,57.0,52.54166666666666,52.0,44.0,53.0,57.0,55.0,17.0,24,7.2,12.6,259,28.8,90,0.0,16.0,17.0,57.0,0.0,1.0,-4.0,1.0,0.0,0.0,14.0,2.70805020110221,35.0,3.58351893845611,-0.981627183447664,-0.1908089953765446,1.0,0.0,2.70805020110221,0.0,45.60000000000007,3,54.0,41.0,30.0,44.0,54.0,47.0,0.0
2025-03-07,54.0,40.333333333333336,41.0,30.0,44.0,54.0,47.0,15.0,24,0.6,6.3,42,32.3,84,4.0,1.0,13.0,57.0,-3.0,-11.0,-14.0,-9.0,-3.0,-8.0,11.0,2.4849066497880004,22.0,3.1354942159291497,0.6691306063588582,0.7431448254773942,0.0,0.0,0.0,0.0,37.80000000000007,3,58.0,43.0,40.0,50.0,58.0,56.0,0.0
2025-03-08,58.0,55.25,43.0,40.0,50.0,58.0,56.0,18.0,24,11.3,13.9,27,31.9,87,5.0,8.0,14.0,54.0,4.0,2.0,10.0,6.0,4.0,9.0,9.0,2.302585092994046,25.0,3.258096538021482,0.45399049973954675,0.8910065241883679,0.0,0.0,0.0,0.0,19.100000000000072,3,52.0,32.0,38.0,44.0,49.0,52.0,0.0
2025-03-09,52.0,44.458333333333336,32.0,38.0,44.0,49.0,52.0,13.0,24,6.5,14.7,24,30.2,87,3.0,17.0,1.0,58.0,-6.0,-11.0,-2.0,-6.0,-9.0,-4.0,12.0,2.5649493574615367,26.0,3.295836866004329,0.4067366430758002,0.9135454576426009,0.0,0.0,0.0,0.0,18.400000000000073,3,44.0,32.0,37.0,42.0,40.0,44.0,0.0
2025-03-10,44.0,40.75,32.0,37.0,42.0,40.0,44.0,11.0,24,10.8,16.3,26,30.4,86,10.0,10.0,23.0,52.0,-8.0,0.0,-1.0,-2.0,-9.0,-8.0,18.0,2.9444389791664403,35.0,3.58351893845611,0.4383711467890774,0.898794046299167,0.0,0.0,0.0,0.0,28.600000000000072,3,38.0,28.0,29.0,27.0,38.0,35.0,0.0
2025-03-11,38.0,36.16666666666666,28.0,29.0,27.0,38.0,35.0,9.0,24,5.8,11.6,37,31.9,84,3.0,26.0,31.0,44.0,-6.0,-4.0,-8.0,-15.0,-2.0,-9.0,16.0,2.833213344056216,53.0,3.9889840465642745,0.6018150231520483,0.7986355100472928,0.0,0.0,0.0,0.0,23.100000000000072,3,35.0,25.0,35.0,33.0,34.0,31.0,0.0
2025-03-12,35.0,32.166666666666664,25.0,35.0,33.0,34.0,31.0,8.0,24,16.8,10.9,29,31.1,86,7.0,27.0,16.0,38.0,-3.0,-3.0,6.0,6.0,-4.0,-4.0,20.0,3.044522437723423,63.0,4.1588830833596715,0.48480962024633706,0.8746197071393957,0.0,0.0,0.0,0.0,33.40000000000008,3,45.0,38.0,38.0,45.0,42.0,42.0,0.0
2025-03-13,45.0,41.79166666666666,38.0,38.0,45.0,42.0,42.0,11.0,24,29.6,9.7,79,30.6,88,5.0,40.0,5.0,35.0,10.0,13.0,3.0,12.0,8.0,11.0,15.0,2.772588722239781,93.0,4.543294782270004,0.981627183447664,0.19080899537654492,0.0,1.0,0.0,4.543294782270004,52.200000000000074,3,44.0,37.0,34.0,44.0,38.0,42.0,0.0
2025-03-14,44.0,38.54166666666666,37.0,34.0,44.0,38.0,42.0,10.0,24,13.9,13.9,20,32.1,87,3.0,39.0,12.0,45.0,-1.0,-1.0,-4.0,-1.0,-4.0,0.0,15.0,2.772588722239781,106.0,4.672828834461906,0.3420201433256687,0.9396926207859084,0.0,0.0,0.0,0.0,60.300000000000075,3,43.0,37.0,34.0,39.0,43.0,43.0,0.0
2025-03-15,43.0,39.79166666666666,37.0,34.0,39.0,43.0,43.0,10.0,24,3.5,10.7,45,31.2,86,0.0,18.0,4.0,44.0,-1.0,0.0,0.0,-5.0,5.0,1.0,8.0,2.1972245773362196,97.0,4.584967478670572,0.7071067811865476,0.7071067811865476,0.0,0.0,0.0,0.0,47.00000000000007,3,45.0,37.0,31.0,35.0,45.0,44.0,0.0
2025-03-16,45.0,38.958333333333336,37.0,31.0,35.0,45.0,44.0,11.0,24,1.3,9.2,10,32.3,84,5.0,0.0,27.0,43.0,2.0,0.0,-3.0,-4.0,2.0,1.0,8.0,2.1972245773362196,57.0,4.060443010546419,0.17364817766693033,0.984807753012208,0.0,0.0,0.0,0.0,18.70000000000007,3,39.0,31.0,30.0,39.0,36.0,37.0,0.0
2025-03-17,39.0,36.75,31.0,30.0,39.0,36.0,37.0,9.0,24,2.9,11.3,13,32.0,81,4.0,4.0,30.0,45.0,-6.0,-6.0,-1.0,4.0,-9.0,-7.0,9.0,2.302585092994046,22.0,3.1354942159291497,0.224951054343865,0.9743700647852352,0.0,0.0,0.0,0.0,7.700000000000071,3,49.0,47.0,43.0,49.0,45.0,44.0,0.0
2025-03-18,49.0,44.083333333333336,47.0,43.0,49.0,45.0,44.0,12.0,24,3.1,14.6,14,31.4,80,4.0,6.0,61.0,39.0,10.0,16.0,13.0,10.0,9.0,7.0,13.0,2.6390573296152584,10.0,2.3978952727983707,0.24192189559966773,0.9702957262759965,0.0,0.0,0.0,0.0,7.300000000000072,3,53.0,48.0,52.0,53.0,51.0,51.0,0.0
2025-03-19,53.0,52.16666666666666,48.0,52.0,53.0,51.0,51.0,14.0,24,38.8,10.0,350,25.1,96,1.0,0.0,2.0,49.0,4.0,1.0,9.0,4.0,6.0,7.0,9.0,2.302585092994046,10.0,2.3978952727983707,-0.1736481776669304,0.984807753012208,0.0,0.0,0.0,0.0,44.80000000000007,3,50.0,38.0,50.0,47.0,40.0,43.0,0.0
2025-03-20,50.0,32.916666666666664,38.0,50.0,47.0,40.0,43.0,12.0,24,65.4,15.7,346,23.7,99,0.0,0.0,0.0,53.0,-3.0,-10.0,-2.0,-6.0,-11.0,-8.0,5.0,1.791759469228055,6.0,1.9459101490553132,-0.24192189559966787,0.9702957262759965,0.0,0.0,0.0,0.0,107.30000000000007,3,55.0,54.0,51.0,55.0,52.0,55.0,0.0
2025-03-21,55.0,46.16666666666666,54.0,51.0,55.0,52.0,55.0,16.0,24,6.9,19.8,0,29.8,88,8.0,1.0,2.0,50.0,5.0,16.0,1.0,8.0,12.0,12.0,9.0,2.302585092994046,1.0,0.6931471805599453,0.0,1.0,0.0,0.0,0.0,0.0,111.10000000000007,3,57.0,55.0,53.0,56.0,55.0,57.0,0.0
2025-03-22,57.0,55.208333333333336,55.0,53.0,56.0,55.0,57.0,17.0,24,7.0,13.9,29,30.7,88,2.0,0.0,5.0,55.0,2.0,1.0,2.0,1.0,3.0,2.0,10.0,2.3978952727983707,1.0,0.6931471805599453,0.48480962024633706,0.8746197071393957,0.0,0.0,0.0,0.0,79.30000000000007,3,52.0,41.0,44.0,33.0,52.0,51.0,0.0
2025-03-23,52.0,35.875,41.0,44.0,33.0,52.0,51.0,13.0,24,3.0,13.9,20,31.3,86,8.0,19.0,4.0,57.0,-5.0,-14.0,-9.0,-23.0,-3.0,-6.0,18.0,2.9444389791664403,20.0,3.044522437723423,0.3420201433256687,0.9396926207859084,0.0,0.0,0.0,0.0,16.900000000000055,3,52.0,40.0,43.0,47.0,46.0,52.0,0.0
2025-03-24,52.0,39.875,40.0,43.0,47.0,46.0,52.0,13.0,24,10.3,14.2,10,31.2,88,29.0,10.0,6.0,52.0,0.0,-1.0,-1.0,14.0,-6.0,1.0,39.0,3.6888794541139363,29.0,3.4011973816621555,0.17364817766693033,0.984807753012208,0.0,0.0,0.0,0.0,20.300000000000058,3,66.0,55.0,60.0,61.0,60.0,66.0,0.0
2025-03-25,66.0,57.625,55.0,60.0,61.0,60.0,66.0,25.0,24,2.1,12.8,357,31.6,85,9.0,15.0,13.0,52.0,14.0,15.0,17.0,14.0,14.0,14.0,46.0,3.8501476017100584,44.0,3.8066624897703196,-0.05233595624294437,0.9986295347545738,0.0,0.0,0.0,0.0,15.400000000000057,3,77.0,67.0,66.0,70.0,71.0,77.0,0.0
2025-03-26,77.0,74.125,67.0,66.0,70.0,71.0,77.0,35.0,24,2.9,10.9,10,32.3,83,48.0,51.0,23.0,66.0,11.0,12.0,6.0,9.0,11.0,11.0,86.0,4.465908118654584,76.0,4.343805421853684,0.17364817766693033,0.984807753012208,0.0,0.0,0.0,0.0,15.300000000000058,3,77.0,67.0,65.0,69.0,70.0,77.0,0.0
2025-03-27,77.0,73.91666666666667,67.0,65.0,69.0,70.0,77.0,35.0,24,0.7,9.2,341,32.5,84,26.0,41.0,19.0,77.0,0.0,0.0,-1.0,-1.0,-1.0,0.0,83.0,4.430816798843313,107.0,4.68213122712422,-0.3255681544571567,0.9455185755993168,0.0,0.0,0.0,0.0,5.700000000000057,3,70.0,62.0,62.0,66.0,62.0,70.0,0.0
2025-03-28,70.0,63.66666666666666,62.0,62.0,66.0,62.0,70.0,28.0,24,2.5,15.5,299,31.7,86,8.0,49.0,11.0,77.0,-7.0,-5.0,-3.0,-3.0,-8.0,-7.0,82.0,4.418840607796598,141.0,4.955827057601261,-0.8746197071393956,0.4848096202463373,0.0,0.0,0.0,0.0,6.1000000000000565,3,66.0,56.0,57.0,60.0,66.0,66.0,0.0
2025-03-29,66.0,61.16666666666666,56.0,57.0,60.0,66.0,66.0,25.0,24,12.8,7.7,1,31.8,88,10.0,16.0,5.0,70.0,-4.0,-6.0,-5.0,-6.0,4.0,-4.0,44.0,3.8066624897703196,106.0,4.672828834461906,0.01745240643728351,0.9998476951563913,0.0,0.0,0.0,0.0,16.000000000000057,3,66.0,55.0,56.0,58.0,66.0,66.0,0.0
2025-03-30,66.0,64.75,55.0,56.0,58.0,66.0,66.0,26.0,24,6.0,7.8,19,32.5,87,0.0,12.0,12.0,66.0,0.0,-1.0,-1.0,-2.0,0.0,0.0,18.0,2.9444389791664403,77.0,4.356708826689592,0.3255681544571567,0.9455185755993168,0.0,0.0,0.0,0.0,21.300000000000058,3,71.0,59.0,53.0,59.0,71.0,60.0,0.0
2025-03-31,71.0,68.16666666666667,59.0,53.0,59.0,71.0,60.0,30.0,24,18.2,7.6,5,32.0,89,7.0,28.0,17.0,66.0,5.0,4.0,-3.0,1.0,5.0,-6.0,17.0,2.8903717578961645,56.0,4.04305126783455,0.08715574274765817,0.9961946980917455,0.0,0.0,0.0,0.0,37.00000000000006,3,66.0,59.0,52.0,58.0,66.0,59.0,0.0
2025-04-01,66.0,59.25,59.0,52.0,58.0,66.0,59.0,26.0,24,2.8,11.2,349,32.7,83,30.0,4.0,25.0,71.0,-5.0,0.0,-1.0,-1.0,-5.0,-1.0,37.0,3.6375861597263857,44.0,3.8066624897703196,-0.19080899537654467,0.981627183447664,0.0,0.0,0.0,0.0,27.000000000000057,4,59.0,52.0,49.0,54.0,59.0,56.0,0.0
2025-04-02,59.0,54.125,52.0,49.0,54.0,59.0,56.0,19.0,24,13.4,12.1,322,31.5,84,7.0,6.0,10.0,66.0,-7.0,-7.0,-3.0,-4.0,-7.0,-3.0,44.0,3.8066624897703196,38.0,3.6635616461296463,-0.6156614753256582,0.788010753606722,0.0,0.0,0.0,0.0,34.400000000000055,4,45.0,36.0,45.0,42.0,42.0,36.0,0.0
2025-04-03,45.0,40.16666666666666,36.0,45.0,42.0,42.0,36.0,11.0,24,19.4,8.2,9,31.5,88,8.0,11.0,9.0,59.0,-14.0,-16.0,-4.0,-12.0,-17.0,-20.0,45.0,3.828641396489095,21.0,3.091042453358316,0.15643446504023087,0.9876883405951378,0.0,0.0,0.0,0.0,35.60000000000005,4,49.0,32.0,40.0,39.0,48.0,49.0,0.0
2025-04-04,49.0,43.79166666666666,32.0,40.0,39.0,48.0,49.0,12.0,24,18.9,8.1,24,31.2,89,8.0,20.0,7.0,45.0,4.0,-4.0,-5.0,-3.0,6.0,13.0,23.0,3.1780538303479458,37.0,3.6375861597263857,0.4067366430758002,0.9135454576426009,0.0,0.0,0.0,0.0,51.70000000000006,4,52.0,38.0,41.0,45.0,51.0,52.0,0.0
2025-04-05,52.0,49.958333333333336,38.0,41.0,45.0,51.0,52.0,13.0,24,7.2,7.6,1,31.5,87,3.0,19.0,6.0,49.0,3.0,6.0,1.0,6.0,3.0,3.0,19.0,2.995732273553991,50.0,3.9318256327243257,0.01745240643728351,0.9998476951563913,0.0,0.0,0.0,0.0,45.50000000000005,4,51.0,39.0,34.0,34.0,51.0,47.0,0.0
2025-04-06,51.0,47.41666666666666,39.0,34.0,34.0,51.0,47.0,12.0,24,5.3,12.6,22,32.1,88,4.0,9.0,23.0,52.0,-1.0,1.0,-7.0,-11.0,0.0,-5.0,15.0,2.772588722239781,48.0,3.8918202981106265,0.374606593415912,0.9271838545667874,0.0,0.0,0.0,0.0,31.400000000000055,4,46.0,34.0,31.0,34.0,46.0,39.0,0.0
2025-04-07,46.0,31.416666666666668,34.0,31.0,34.0,46.0,39.0,11.0,24,20.2,6.8,33,30.1,92,5.0,51.0,11.0,51.0,-5.0,-5.0,-3.0,0.0,-5.0,-8.0,12.0,2.5649493574615367,79.0,4.382026634673881,0.5446390350150271,0.838670567945424,0.0,0.0,0.0,0.0,32.70000000000006,4,52.0,33.0,34.0,38.0,52.0,42.0,0.0
2025-04-08,52.0,39.458333333333336,33.0,34.0,38.0,52.0,42.0,13.0,24,4.3,7.6,54,29.9,91,10.0,16.0,25.0,46.0,6.0,-1.0,3.0,4.0,6.0,3.0,19.0,2.995732273553991,76.0,4.343805421853684,0.8090169943749475,0.5877852522924731,0.0,0.0,0.0,0.0,29.800000000000058,4,52.0,37.0,33.0,44.0,52.0,48.0,0.0
2025-04-09,52.0,46.708333333333336,37.0,33.0,44.0,52.0,48.0,13.0,24,13.3,7.4,31,31.6,88,6.0,16.0,6.0,52.0,0.0,4.0,-1.0,6.0,0.0,6.0,21.0,3.091042453358316,83.0,4.430816798843313,0.5150380749100542,0.8571673007021123,0.0,0.0,0.0,0.0,37.800000000000054,4,56.0,53.0,48.0,46.0,56.0,55.0,0.0
2025-04-10,56.0,47.75,53.0,48.0,46.0,56.0,55.0,17.0,24,10.2,8.1,321,31.5,88,20.0,23.0,30.0,52.0,4.0,16.0,15.0,2.0,4.0,7.0,36.0,3.6109179126442243,55.0,4.02535169073515,-0.6293203910498378,0.7771459614569706,0.0,0.0,0.0,0.0,27.800000000000058,4,61.0,54.0,50.0,51.0,61.0,60.0,0.0
2025-04-11,61.0,57.583333333333336,54.0,50.0,51.0,61.0,60.0,21.0,24,35.0,11.7,291,30.5,88,3.0,12.0,11.0,56.0,5.0,1.0,2.0,5.0,5.0,5.0,29.0,3.4011973816621555,51.0,3.9512437185814275,-0.9335804264972017,0.3583679495453004,0.0,0.0,0.0,0.0,58.50000000000006,4,50.0,42.0,32.0,39.0,50.0,47.0,0.0
2025-04-12,50.0,36.25,42.0,32.0,39.0,50.0,47.0,12.0,24,38.0,11.4,304,32.2,87,7.0,60.0,24.0,61.0,-11.0,-12.0,-18.0,-12.0,-11.0,-13.0,30.0,3.4339872044851463,95.0,4.564348191467836,-0.8290375725550416,0.559192903470747,0.0,0.0,0.0,0.0,83.20000000000006,4,45.0,37.0,28.0,45.0,42.0,38.0,0.0
2025-04-13,45.0,41.0,37.0,28.0,45.0,42.0,38.0,11.0,24,31.8,12.6,314,31.1,91,2.0,13.0,9.0,50.0,-5.0,-5.0,-4.0,6.0,-8.0,-9.0,12.0,2.5649493574615367,85.0,4.454347296253507,-0.7193398003386511,0.6946583704589973,0.0,0.0,0.0,0.0,104.80000000000005,4,43.0,39.0,33.0,35.0,43.0,37.0,0.0
2025-04-14,43.0,36.41666666666666,39.0,33.0,35.0,43.0,37.0,10.0,24,5.6,8.8,1,32.7,87,10.0,4.0,11.0,45.0,-2.0,2.0,5.0,-10.0,1.0,-1.0,19.0,2.995732273553991,77.0,4.356708826689592,0.01745240643728351,0.9998476951563913,0.0,0.0,0.0,0.0,75.40000000000006,4,44.0,37.0,35.0,32.0,44.0,43.0,0.0
2025-04-15,44.0,42.125,37.0,35.0,32.0,44.0,43.0,11.0,24,18.1,7.3,352,31.3,90,10.0,22.0,7.0,43.0,1.0,-2.0,2.0,-3.0,1.0,6.0,22.0,3.1354942159291497,39.0,3.6888794541139363,-0.13917310096006588,0.9902680687415703,0.0,0.0,0.0,0.0,55.50000000000006,4,57.0,47.0,53.0,56.0,48.0,57.0,0.0
2025-04-16,57.0,48.833333333333336,47.0,53.0,56.0,48.0,57.0,17.0,24,20.2,8.0,348,29.6,89,16.0,20.0,7.0,44.0,13.0,10.0,18.0,24.0,4.0,14.0,36.0,3.6109179126442243,46.0,3.8501476017100584,-0.20791169081775987,0.9781476007338056,0.0,0.0,0.0,0.0,43.900000000000055,4,57.0,47.0,53.0,56.0,49.0,57.0,0.0
2025-04-17,57.0,50.208333333333336,47.0,53.0,56.0,49.0,57.0,17.0,24,1.2,13.3,321,31.6,83,16.0,15.0,15.0,57.0,0.0,0.0,0.0,0.0,1.0,0.0,42.0,3.7612001156935624,57.0,4.060443010546419,-0.6293203910498378,0.7771459614569706,0.0,0.0,0.0,0.0,39.50000000000006,4,53.0,50.0,40.0,52.0,52.0,53.0,0.0
2025-04-18,53.0,46.5,50.0,40.0,52.0,52.0,53.0,14.0,24,2.5,10.5,340,33.1,84,40.0,40.0,20.0,57.0,-4.0,3.0,-13.0,-4.0,3.0,-4.0,72.0,4.290459441148391,75.0,4.330733340286331,-0.3420201433256686,0.9396926207859084,0.0,0.0,0.0,0.0,23.900000000000052,4,56.0,52.0,54.0,56.0,53.0,55.0,0.0
2025-04-19,56.0,53.625,52.0,54.0,56.0,53.0,55.0,16.0,24,23.7,8.7,3,31.7,89,14.0,54.0,15.0,53.0,3.0,2.0,14.0,4.0,1.0,2.0,70.0,4.2626798770413155,109.0,4.700480365792417,0.052335956242943835,0.9986295347545738,0.0,0.0,0.0,0.0,27.400000000000052,4,47.0,40.0,47.0,43.0,38.0,39.0,0.0
2025-04-20,47.0,41.875,40.0,47.0,43.0,38.0,39.0,11.0,24,1.4,7.2,319,32.0,88,36.0,43.0,4.0,56.0,-9.0,-12.0,-7.0,-13.0,-15.0,-16.0,90.0,4.51085950651685,137.0,4.927253685157205,-0.6560590289905074,0.7547095802227719,0.0,0.0,0.0,0.0,27.60000000000005,4,50.0,50.0,48.0,46.0,43.0,48.0,0.0
2025-04-21,50.0,45.91666666666666,50.0,48.0,46.0,43.0,48.0,12.0,24,23.6,9.4,23,32.3,89,9.0,24.0,4.0,47.0,3.0,10.0,1.0,3.0,5.0,9.0,59.0,4.0943445622221,121.0,4.804021044733257,0.39073112848927377,0.9205048534524404,0.0,0.0,0.0,0.0,48.70000000000005,4,56.0,52.0,40.0,54.0,56.0,54.0,0.0
2025-04-22,56.0,53.04166666666666,52.0,40.0,54.0,56.0,54.0,17.0,24,9.1,8.0,65,30.9,89,13.0,13.0,9.0,50.0,6.0,2.0,-8.0,8.0,13.0,6.0,58.0,4.07753744390572,80.0,4.394449154672439,0.9063077870366499,0.42261826174069944,0.0,0.0,0.0,0.0,34.10000000000005,4,58.0,55.0,38.0,52.0,57.0,58.0,0.0
2025-04-23,58.0,56.0,55.0,38.0,52.0,57.0,58.0,19.0,24,27.9,8.0,177,29.4,91,7.0,14.0,9.0,56.0,2.0,3.0,-2.0,-2.0,1.0,4.0,29.0,3.4011973816621555,51.0,3.9512437185814275,0.05233595624294381,-0.9986295347545738,0.0,0.0,0.0,0.0,60.60000000000005,4,65.0,59.0,57.0,59.0,56.0,65.0,0.0
2025-04-24,65.0,60.625,59.0,57.0,59.0,56.0,65.0,24.0,24,5.1,6.0,347,32.0,89,10.0,17.0,24.0,58.0,7.0,4.0,19.0,7.0,-1.0,7.0,30.0,3.4339872044851463,44.0,3.8066624897703196,-0.22495105434386534,0.9743700647852351,0.0,0.0,0.0,0.0,42.10000000000005,4,68.0,59.0,58.0,59.0,64.0,68.0,0.0
2025-04-25,68.0,65.04166666666667,59.0,58.0,59.0,64.0,68.0,27.0,24,2.3,7.8,57,32.0,86,27.0,8.0,9.0,65.0,3.0,0.0,1.0,0.0,8.0,3.0,44.0,3.8066624897703196,39.0,3.6888794541139363,0.838670567945424,0.5446390350150271,0.0,0.0,0.0,0.0,35.30000000000005,4,63.0,54.0,51.0,54.0,62.0,63.0,0.0
2025-04-26,63.0,57.708333333333336,54.0,51.0,54.0,62.0,63.0,23.0,24,8.0,11.5,63,31.1,88,48.0,49.0,18.0,68.0,-5.0,-5.0,-7.0,-5.0,-2.0,-5.0,85.0,4.454347296253507,74.0,4.31748811353631,0.8910065241883678,0.4539904997395468,0.0,0.0,0.0,0.0,15.400000000000048,4,61.0,52.0,45.0,58.0,60.0,61.0,0.0
2025-04-27,61.0,58.875,52.0,45.0,58.0,60.0,61.0,21.0,24,1.4,8.3,58,31.8,86,50.0,40.0,16.0,63.0,-2.0,-2.0,-6.0,4.0,-2.0,-2.0,125.0,4.836281906951478,97.0,4.584967478670572,0.8480480961564261,0.5299192642332049,0.0,0.0,0.0,0.0,11.700000000000049,4,58.0,51.0,41.0,55.0,58.0,58.0,0.0
2025-04-28,58.0,55.75,51.0,41.0,55.0,58.0,58.0,18.0,24,9.3,9.7,26,32.7,89,10.0,40.0,20.0,61.0,-3.0,-1.0,-4.0,-3.0,-2.0,-3.0,108.0,4.6913478822291435,129.0,4.867534450455582,0.4383711467890774,0.898794046299167,0.0,0.0,0.0,0.0,18.70000000000005,4,57.0,56.0,54.0,57.0,54.0,57.0,0.0
2025-04-29,57.0,54.91666666666666,56.0,54.0,57.0,54.0,57.0,17.0,24,1.2,7.1,315,32.6,85,31.0,18.0,23.0,58.0,-1.0,5.0,13.0,2.0,-4.0,-1.0,91.0,4.5217885770490405,98.0,4.59511985013459,-0.7071067811865477,0.7071067811865474,0.0,0.0,0.0,0.0,11.900000000000048,4,57.0,54.0,55.0,55.0,54.0,57.0,0.0
2025-04-30,57.0,54.75,54.0,55.0,55.0,54.0,57.0,18.0,24,7.9,8.8,352,31.9,86,33.0,60.0,9.0,57.0,0.0,-2.0,1.0,-2.0,0.0,0.0,74.0,4.31748811353631,118.0,4.77912349311153,-0.13917310096006588,0.9902680687415703,0.0,0.0,0.0,0.0,18.400000000000052,4,54.0,47.0,42.0,49.0,51.0,54.0,0.0
2025-05-01,54.0,51.25,47.0,42.0,49.0,51.0,54.0,15.0,24,21.2,8.2,288,31.6,89,42.0,44.0,14.0,57.0,-3.0,-7.0,-13.0,-6.0,-3.0,-3.0,106.0,4.672828834461906,122.0,4.812184355372417,-0.9510565162951536,0.30901699437494723,1.0,0.0,4.672828834461906,0.0,30.30000000000005,5,62.0,57.0,52.0,56.0,56.0,62.0,0.0
2025-05-02,62.0,58.5,57.0,52.0,56.0,56.0,62.0,22.0,24,4.9,9.0,249,31.4,87,19.0,29.0,10.0,54.0,8.0,10.0,10.0,7.0,5.0,8.0,94.0,4.553876891600541,133.0,4.897839799950911,-0.9335804264972016,-0.3583679495453007,1.0,0.0,4.553876891600541,0.0,34.00000000000005,5,62.0,61.0,51.0,55.0,58.0,62.0,0.0
2025-05-03,62.0,59.458333333333336,61.0,51.0,55.0,58.0,62.0,22.0,24,11.0,7.1,247,31.1,89,24.0,97.0,6.0,62.0,0.0,4.0,-1.0,-1.0,2.0,0.0,85.0,4.454347296253507,170.0,5.14166355650266,-0.9205048534524403,-0.3907311284892738,1.0,0.0,4.454347296253507,0.0,37.10000000000005,5,56.0,56.0,42.0,51.0,51.0,54.0,0.0
2025-05-04,56.0,43.16666666666666,56.0,42.0,51.0,51.0,54.0,17.0,24,5.5,11.8,251,31.5,85,18.0,62.0,6.0,62.0,-6.0,-5.0,-9.0,-4.0,-7.0,-8.0,61.0,4.127134385045092,188.0,5.241747015059643,-0.9455185755993168,-0.32556815445715664,1.0,0.0,4.127134385045092,0.0,21.40000000000005,5,52.0,52.0,47.0,46.0,37.0,52.0,0.0
2025-05-05,52.0,43.79166666666666,52.0,47.0,46.0,37.0,52.0,13.0,24,18.5,10.0,271,30.9,89,39.0,60.0,13.0,56.0,-4.0,-4.0,5.0,-5.0,-14.0,-2.0,81.0,4.406719247264253,219.0,5.393627546352362,-0.9998476951563913,0.01745240643728313,1.0,0.0,4.406719247264253,0.0,35.00000000000005,5,52.0,52.0,45.0,44.0,42.0,52.0,0.0
2025-05-06,52.0,46.375,52.0,45.0,44.0,42.0,52.0,13.0,24,0.3,11.1,180,31.8,83,90.0,22.0,27.0,52.0,0.0,0.0,-2.0,-2.0,5.0,0.0,147.0,4.997212273764115,144.0,4.976733742420574,1.2246467991473532e-16,-1.0,0.0,0.0,0.0,0.0,24.30000000000005,5,59.0,55.0,53.0,54.0,59.0,57.0,0.0
2025-05-07,59.0,53.16666666666666,55.0,53.0,54.0,59.0,57.0,19.0,24,5.5,10.9,188,30.9,86,81.0,70.0,7.0,52.0,7.0,3.0,8.0,10.0,17.0,5.0,210.0,5.351858133476067,152.0,5.030437921392435,-0.13917310096006552,-0.9902680687415703,0.0,0.0,0.0,0.0,24.300000000000047,5,62.0,56.0,53.0,54.0,61.0,62.0,0.0
2025-05-08,62.0,60.375,56.0,53.0,54.0,61.0,62.0,21.0,24,9.7,9.8,309,31.9,88,27.0,75.0,11.0,59.0,3.0,1.0,0.0,0.0,2.0,5.0,198.0,5.293304824724492,167.0,5.123963979403259,-0.7771459614569708,0.6293203910498375,0.0,0.0,0.0,0.0,15.500000000000046,5,62.0,58.0,56.0,55.0,62.0,62.0,0.0
2025-05-09,62.0,59.958333333333336,58.0,56.0,55.0,62.0,62.0,22.0,24,4.9,9.4,281,32.6,82,15.0,77.0,25.0,62.0,0.0,2.0,3.0,1.0,1.0,0.0,123.0,4.820281565605037,222.0,5.407171771460119,-0.9816271834476639,0.1908089953765451,1.0,0.0,4.820281565605037,0.0,20.100000000000044,5,64.0,57.0,55.0,58.0,58.0,64.0,0.0
2025-05-10,64.0,57.083333333333336,57.0,55.0,58.0,58.0,64.0,23.0,24,2.7,7.9,331,33.6,84,31.0,92.0,11.0,62.0,2.0,-1.0,-1.0,3.0,-4.0,2.0,73.0,4.30406509320417,244.0,5.501258210544727,-0.4848096202463369,0.8746197071393959,0.0,0.0,0.0,0.0,17.300000000000047,5,65.0,61.0,58.0,60.0,61.0,65.0,0.0
2025-05-11,65.0,59.5,61.0,58.0,60.0,61.0,65.0,25.0,24,7.0,10.0,296,32.8,85,15.0,49.0,9.0,64.0,1.0,4.0,3.0,2.0,3.0,1.0,61.0,4.127134385045092,218.0,5.389071729816501,-0.898794046299167,0.4383711467890774,0.0,0.0,0.0,0.0,14.600000000000048,5,56.0,54.0,42.0,55.0,52.0,56.0,0.0
2025-05-12,56.0,51.208333333333336,54.0,42.0,55.0,52.0,56.0,16.0,24,11.9,8.2,334,32.3,89,14.0,29.0,19.0,65.0,-9.0,-7.0,-16.0,-5.0,-9.0,-9.0,60.0,4.110873864173311,170.0,5.14166355650266,-0.4383711467890778,0.8987940462991668,0.0,0.0,0.0,0.0,21.600000000000044,5,63.0,55.0,52.0,57.0,63.0,62.0,0.0
2025-05-13,63.0,59.54166666666666,55.0,52.0,57.0,63.0,62.0,23.0,24,2.1,9.7,33,33.0,87,13.0,46.0,6.0,56.0,7.0,1.0,10.0,2.0,11.0,6.0,42.0,3.7612001156935624,124.0,4.8283137373023015,0.5446390350150271,0.838670567945424,0.0,0.0,0.0,0.0,21.000000000000046,5,64.0,52.0,52.0,56.0,64.0,61.0,0.0
2025-05-14,64.0,60.29166666666666,52.0,52.0,56.0,64.0,61.0,24.0,24,0.0,7.2,282,30.7,86,9.0,61.0,15.0,63.0,1.0,-3.0,0.0,-1.0,1.0,-1.0,36.0,3.6109179126442243,136.0,4.919980925828125,-0.9781476007338056,0.20791169081775943,1.0,0.0,3.6109179126442243,0.0,14.000000000000046,5,62.0,59.0,54.0,56.0,62.0,60.0,0.0
2025-05-15,62.0,58.41666666666666,59.0,54.0,56.0,62.0,60.0,22.0,24,2.5,7.5,53,32.4,86,11.0,45.0,5.0,64.0,-2.0,7.0,2.0,0.0,-2.0,-1.0,33.0,3.5263605246161616,152.0,5.030437921392435,0.7986355100472928,0.6018150231520484,0.0,0.0,0.0,0.0,4.600000000000044,5,64.0,59.0,52.0,59.0,64.0,61.0,0.0
2025-05-16,64.0,60.375,59.0,52.0,59.0,64.0,61.0,23.0,24,2.3,9.0,72,32.9,86,7.0,24.0,6.0,62.0,2.0,0.0,-2.0,3.0,2.0,1.0,27.0,3.332204510175204,130.0,4.875197323201151,0.9510565162951535,0.30901699437494745,0.0,1.0,0.0,4.875197323201151,4.800000000000044,5,59.0,54.0,46.0,56.0,55.0,59.0,0.0
2025-05-17,59.0,54.66666666666666,54.0,46.0,56.0,55.0,59.0,19.0,24,2.4,5.8,110,34.1,79,78.0,24.0,17.0,64.0,-5.0,-5.0,-6.0,-3.0,-9.0,-2.0,96.0,4.574710978503383,93.0,4.543294782270004,0.9396926207859084,-0.3420201433256687,0.0,1.0,0.0,4.543294782270004,7.200000000000044,5,54.0,50.0,33.0,34.0,54.0,46.0,0.0
2025-05-18,54.0,44.79166666666666,50.0,33.0,34.0,54.0,46.0,15.0,24,42.7,11.5,306,31.1,91,28.0,44.0,7.0,59.0,-5.0,-4.0,-13.0,-22.0,-1.0,-13.0,113.0,4.736198448394496,92.0,4.532599493153256,-0.8090169943749476,0.5877852522924729,0.0,0.0,0.0,0.0,47.40000000000005,5,52.0,52.0,25.0,38.0,48.0,41.0,0.0
2025-05-19,52.0,41.29166666666666,52.0,25.0,38.0,48.0,41.0,13.0,24,8.6,7.8,144,30.0,89,20.0,41.0,7.0,54.0,-2.0,2.0,-8.0,4.0,-6.0,-5.0,126.0,4.844187086458591,109.0,4.700480365792417,0.5877852522924732,-0.8090169943749473,0.0,1.0,0.0,4.700480365792417,53.70000000000005,5,59.0,59.0,29.0,44.0,56.0,57.0,0.0
2025-05-20,59.0,56.583333333333336,59.0,29.0,44.0,56.0,57.0,19.0,24,10.5,14.3,117,30.5,86,33.0,26.0,4.0,52.0,7.0,7.0,4.0,6.0,8.0,16.0,81.0,4.406719247264253,111.0,4.718498871295094,0.8910065241883679,-0.45399049973954675,0.0,1.0,0.0,4.718498871295094,61.80000000000005,5,57.0,54.0,49.0,54.0,55.0,57.0,0.0
2025-05-21,57.0,54.625,54.0,49.0,54.0,55.0,57.0,17.0,24,3.3,10.4,209,32.0,83,65.0,52.0,8.0,59.0,-2.0,-5.0,20.0,10.0,-1.0,0.0,118.0,4.77912349311153,119.0,4.787491742782046,-0.48480962024633695,-0.8746197071393959,1.0,0.0,4.77912349311153,0.0,22.40000000000004,5,62.0,57.0,54.0,61.0,59.0,62.0,0.0
2025-05-22,62.0,57.66666666666666,57.0,54.0,61.0,59.0,62.0,21.0,24,13.9,11.6,301,32.8,87,33.0,42.0,3.0,57.0,5.0,3.0,5.0,7.0,4.0,5.0,131.0,4.882801922586371,120.0,4.795790545596741,-0.8571673007021123,0.5150380749100542,0.0,0.0,0.0,0.0,27.700000000000045,5,63.0,57.0,55.0,61.0,60.0,63.0,0.0
2025-05-23,63.0,60.04166666666666,57.0,55.0,61.0,60.0,63.0,22.0,24,1.0,14.1,278,32.9,79,7.0,65.0,5.0,62.0,1.0,0.0,1.0,0.0,1.0,1.0,105.0,4.663439094112067,159.0,5.075173815233827,-0.9902680687415704,0.13917310096006547,1.0,0.0,4.663439094112067,0.0,18.200000000000045,5,63.0,52.0,63.0,55.0,53.0,52.0,0.0
2025-05-24,63.0,54.5,52.0,63.0,55.0,53.0,52.0,22.0,24,4.6,10.9,269,33.6,79,19.0,39.0,1.0,63.0,0.0,-5.0,8.0,-6.0,-7.0,-11.0,59.0,4.0943445622221,146.0,4.990432586778736,-0.9998476951563913,-0.017452406437283498,1.0,0.0,4.0943445622221,0.0,19.500000000000043,5,63.0,46.0,63.0,55.0,52.0,52.0,0.0
2025-05-25,63.0,59.29166666666666,46.0,63.0,55.0,52.0,52.0,23.0,24,1.9,10.3,2,34.0,85,40.0,94.0,5.0,63.0,0.0,-6.0,0.0,0.0,-1.0,0.0,66.0,4.204692619390966,198.0,5.293304824724492,0.03489949670250097,0.9993908270190958,0.0,0.0,0.0,0.0,7.500000000000044,5,51.0,42.0,47.0,50.0,51.0,51.0,0.0
2025-05-26,51.0,49.458333333333336,42.0,47.0,50.0,51.0,51.0,12.0,24,0.1,11.5,348,34.0,77,56.0,82.0,7.0,63.0,-12.0,-4.0,-16.0,-5.0,-1.0,-1.0,115.0,4.7535901911063645,215.0,5.375278407684165,-0.20791169081775987,0.9781476007338056,0.0,0.0,0.0,0.0,6.600000000000044,5,59.0,54.0,51.0,51.0,56.0,59.0,0.0
2025-05-27,59.0,53.375,54.0,51.0,51.0,56.0,59.0,19.0,24,10.7,7.9,41,32.9,86,156.0,26.0,4.0,51.0,8.0,12.0,4.0,1.0,5.0,8.0,252.0,5.53338948872752,202.0,5.313205979041787,0.6560590289905073,0.754709580222772,0.0,0.0,0.0,0.0,12.700000000000044,5,86.0,86.0,55.0,57.0,60.0,60.0,0.0
2025-05-28,86.0,62.625,86.0,55.0,57.0,60.0,60.0,20.0,24,2.2,8.0,92,33.6,81,152.0,3.0,26.0,59.0,27.0,32.0,4.0,6.0,4.0,1.0,364.0,5.8998973535824915,111.0,4.718498871295094,0.9993908270190958,-0.034899496702500955,0.0,1.0,0.0,4.718498871295094,13.000000000000043,5,60.0,52.0,53.0,54.0,60.0,56.0,0.0
2025-05-29,60.0,57.083333333333336,52.0,53.0,54.0,60.0,56.0,20.0,24,1.7,10.0,342,30.4,81,66.0,46.0,0.0,86.0,-26.0,-34.0,-2.0,-3.0,0.0,-4.0,374.0,5.926926025970411,75.0,4.330733340286331,-0.3090169943749477,0.9510565162951535,0.0,0.0,0.0,0.0,14.600000000000044,5,60.0,55.0,55.0,53.0,60.0,59.0,0.0
2025-05-30,60.0,58.083333333333336,55.0,55.0,53.0,60.0,59.0,20.0,24,11.7,12.5,91,30.9,87,22.0,38.0,5.0,60.0,0.0,3.0,2.0,-1.0,0.0,3.0,240.0,5.484796933490655,87.0,4.477336814478207,0.9998476951563913,-0.017452406437283477,0.0,1.0,0.0,4.477336814478207,15.600000000000044,5,58.0,53.0,50.0,52.0,58.0,56.0,0.0
2025-05-31,58.0,55.708333333333336,53.0,50.0,52.0,58.0,56.0,18.0,24,1.0,12.5,157,33.6,81,60.0,33.0,9.0,60.0,-2.0,-2.0,-5.0,-1.0,-2.0,-3.0,148.0,5.003946305945459,117.0,4.770684624465665,0.39073112848927377,-0.9205048534524404,0.0,1.0,0.0,4.770684624465665,14.400000000000045,5,54.0,52.0,43.0,48.0,54.0,52.0,0.0
2025-06-01,54.0,51.708333333333336,52.0,43.0,48.0,54.0,52.0,15.0,24,0.0,10.4,161,32.8,82,151.0,7.0,9.0,58.0,-4.0,-1.0,-7.0,-4.0,-4.0,-4.0,233.0,5.455321115357702,78.0,4.3694478524670215,0.3255681544571566,-0.9455185755993168,0.0,0.0,0.0,0.0,12.700000000000044,6,51.0,47.0,33.0,46.0,51.0,51.0,0.0
2025-06-02,51.0,45.75,47.0,33.0,46.0,51.0,51.0,12.0,24,0.0,9.4,162,33.6,76,263.0,12.0,40.0,54.0,-3.0,-5.0,-10.0,-2.0,-3.0,-1.0,474.0,6.163314804034641,52.0,3.970291913552122,0.3090169943749475,-0.9510565162951535,0.0,0.0,0.0,0.0,1.0000000000000444,6,57.0,51.0,45.0,52.0,57.0,54.0,0.0
2025-06-03,57.0,54.708333333333336,51.0,45.0,52.0,57.0,54.0,18.0,24,6.6,10.3,163,32.2,78,127.0,35.0,5.0,51.0,6.0,4.0,12.0,6.0,6.0,3.0,541.0,6.295266001439646,54.0,4.007333185232471,0.2923717047227366,-0.9563047559630355,0.0,0.0,0.0,0.0,6.600000000000044,6,66.0,57.0,54.0,58.0,66.0,62.0,0.0
2025-06-04,66.0,63.375,57.0,54.0,58.0,66.0,62.0,25.0,24,0.3,11.4,193,32.3,82,63.0,48.0,12.0,57.0,9.0,6.0,9.0,6.0,9.0,8.0,453.0,6.118097198041348,95.0,4.564348191467836,-0.22495105434386498,-0.9743700647852352,0.0,0.0,0.0,0.0,6.900000000000044,6,65.0,60.0,55.0,59.0,65.0,64.0,0.0
2025-06-05,65.0,64.0,60.0,55.0,59.0,65.0,64.0,25.0,24,23.5,13.2,165,30.6,86,32.0,57.0,3.0,66.0,-1.0,3.0,1.0,1.0,-1.0,2.0,222.0,5.407171771460119,140.0,4.948759890378168,0.258819045102521,-0.9659258262890682,0.0,0.0,0.0,0.0,30.400000000000045,6,63.0,60.0,54.0,56.0,63.0,60.0,0.0
2025-06-06,63.0,57.625,60.0,54.0,56.0,63.0,60.0,23.0,24,10.9,17.3,218,28.7,89,36.0,33.0,1.0,65.0,-2.0,0.0,-1.0,-3.0,-2.0,-4.0,131.0,4.882801922586371,138.0,4.9344739331306915,-0.6156614753256582,-0.788010753606722,1.0,0.0,4.882801922586371,0.0,34.700000000000045,6,52.0,52.0,40.0,45.0,52.0,51.0,0.0
2025-06-07,52.0,47.708333333333336,52.0,40.0,45.0,52.0,51.0,13.0,24,0.3,13.3,209,31.7,76,24.0,30.0,4.0,63.0,-11.0,-8.0,-14.0,-11.0,-11.0,-9.0,92.0,4.532599493153256,120.0,4.795790545596741,-0.48480962024633695,-0.8746197071393959,1.0,0.0,4.532599493153256,0.0,34.700000000000045,6,55.0,39.0,29.0,42.0,55.0,42.0,0.0
2025-06-08,55.0,53.75,39.0,29.0,42.0,55.0,42.0,16.0,24,0.4,9.8,204,31.7,85,84.0,68.0,11.0,52.0,3.0,-13.0,-11.0,-3.0,3.0,-9.0,144.0,4.976733742420574,131.0,4.882801922586371,-0.4067366430758002,-0.9135454576426009,1.0,0.0,4.976733742420574,0.0,11.600000000000046,6,59.0,52.0,38.0,52.0,55.0,59.0,0.0
2025-06-09,59.0,55.0,52.0,38.0,52.0,55.0,59.0,19.0,24,1.0,9.8,192,32.1,83,59.0,58.0,7.0,55.0,4.0,13.0,9.0,10.0,0.0,17.0,167.0,5.123963979403259,156.0,5.056245805348308,-0.2079116908177595,-0.9781476007338056,0.0,0.0,0.0,0.0,1.7000000000000461,6,59.0,52.0,41.0,53.0,54.0,59.0,0.0
2025-06-10,59.0,51.625,52.0,41.0,53.0,54.0,59.0,19.0,24,15.6,14.0,247,31.2,84,28.0,65.0,2.0,59.0,0.0,0.0,3.0,1.0,-1.0,0.0,171.0,5.147494476813453,191.0,5.2574953720277815,-0.9205048534524403,-0.3907311284892738,1.0,0.0,5.147494476813453,0.0,17.000000000000046,6,50.0,46.0,37.0,44.0,48.0,50.0,0.0
2025-06-11,50.0,36.583333333333336,46.0,37.0,44.0,48.0,50.0,12.0,24,0.2,9.9,189,31.8,82,59.0,52.0,9.0,59.0,-9.0,-6.0,-4.0,-9.0,-6.0,-9.0,146.0,4.990432586778736,175.0,5.170483995038151,-0.15643446504023073,-0.9876883405951378,0.0,0.0,0.0,0.0,16.800000000000047,6,61.0,59.0,51.0,58.0,61.0,61.0,0.0
2025-06-12,61.0,57.54166666666666,59.0,51.0,58.0,61.0,61.0,21.0,24,0.8,11.7,153,32.3,80,84.0,93.0,20.0,50.0,11.0,13.0,14.0,14.0,13.0,11.0,171.0,5.147494476813453,210.0,5.351858133476067,0.45399049973954686,-0.8910065241883678,0.0,1.0,0.0,5.351858133476067,16.600000000000044,6,60.0,59.0,51.0,57.0,60.0,60.0,0.0
2025-06-13,60.0,55.708333333333336,59.0,51.0,57.0,60.0,60.0,20.0,24,0.4,12.6,153,33.1,76,100.0,88.0,35.0,61.0,-1.0,0.0,0.0,-1.0,-1.0,-1.0,243.0,5.497168225293202,233.0,5.455321115357702,0.45399049973954686,-0.8910065241883678,0.0,1.0,0.0,5.455321115357702,1.400000000000046,6,51.0,40.0,34.0,42.0,51.0,45.0,0.0
2025-06-14,51.0,44.79166666666666,40.0,34.0,42.0,51.0,45.0,12.0,24,3.7,9.3,146,32.8,79,66.0,79.0,28.0,60.0,-9.0,-19.0,-17.0,-15.0,-9.0,-15.0,250.0,5.5254529391317835,260.0,5.564520407322694,0.5591929034707469,-0.8290375725550416,0.0,1.0,0.0,5.564520407322694,4.9000000000000465,6,39.0,34.0,28.0,38.0,39.0,33.0,0.0
2025-06-15,39.0,33.833333333333336,34.0,28.0,38.0,39.0,33.0,9.0,24,5.1,9.6,66,32.9,84,53.0,142.0,23.0,51.0,-12.0,-6.0,-6.0,-4.0,-12.0,-12.0,219.0,5.393627546352362,309.0,5.736572297479192,0.9135454576426009,0.4067366430758002,0.0,0.0,0.0,0.0,9.200000000000045,6,49.0,46.0,37.0,42.0,49.0,48.0,0.0
2025-06-16,49.0,41.41666666666666,46.0,37.0,42.0,49.0,48.0,12.0,24,6.1,8.1,11,33.7,85,12.0,42.0,10.0,39.0,10.0,12.0,9.0,4.0,10.0,15.0,131.0,4.882801922586371,263.0,5.575949103146316,0.1908089953765448,0.981627183447664,0.0,0.0,0.0,0.0,14.900000000000045,6,58.0,56.0,53.0,56.0,52.0,58.0,0.0
2025-06-17,58.0,55.5,56.0,53.0,56.0,52.0,58.0,18.0,24,27.6,11.5,274,30.0,90,4.0,47.0,9.0,49.0,9.0,10.0,16.0,14.0,3.0,10.0,69.0,4.248495242049359,231.0,5.44673737166631,-0.9975640502598243,0.06975647374412522,1.0,0.0,4.248495242049359,0.0,38.80000000000005,6,57.0,55.0,52.0,54.0,47.0,57.0,0.0
2025-06-18,57.0,48.04166666666666,55.0,52.0,54.0,47.0,57.0,17.0,24,0.8,8.3,299,31.9,85,20.0,11.0,1.0,58.0,-1.0,-1.0,-1.0,-2.0,-5.0,-1.0,36.0,3.6109179126442243,100.0,4.61512051684126,-0.8746197071393956,0.4848096202463373,0.0,0.0,0.0,0.0,34.50000000000004,6,53.0,48.0,48.0,53.0,51.0,52.0,0.0
2025-06-19,53.0,51.29166666666666,48.0,48.0,53.0,51.0,52.0,13.0,24,0.0,7.6,313,31.2,79,51.0,3.0,2.0,57.0,-4.0,-7.0,-4.0,-1.0,4.0,-5.0,75.0,4.330733340286331,61.0,4.127134385045092,-0.7313537016191703,0.6819983600624986,0.0,0.0,0.0,0.0,28.40000000000005,6,63.0,59.0,53.0,55.0,63.0,59.0,0.0
2025-06-20,63.0,59.625,59.0,53.0,55.0,63.0,59.0,23.0,24,9.6,12.6,260,29.9,86,49.0,9.0,3.0,53.0,10.0,11.0,5.0,2.0,12.0,7.0,120.0,4.795790545596741,23.0,3.1780538303479458,-0.984807753012208,-0.17364817766693033,1.0,0.0,4.795790545596741,0.0,10.400000000000047,6,64.0,60.0,58.0,60.0,63.0,64.0,0.0
2025-06-21,64.0,62.583333333333336,60.0,58.0,60.0,63.0,64.0,23.0,24,0.6,13.3,182,31.4,81,98.0,13.0,15.0,63.0,1.0,1.0,5.0,5.0,0.0,5.0,198.0,5.293304824724492,25.0,3.258096538021482,-0.0348994967025009,-0.9993908270190958,0.0,0.0,0.0,0.0,10.200000000000045,6,63.0,59.0,56.0,57.0,62.0,63.0,0.0
2025-06-22,63.0,59.41666666666666,59.0,56.0,57.0,62.0,63.0,23.0,24,1.0,9.4,165,32.4,77,183.0,29.0,23.0,64.0,-1.0,-1.0,-2.0,-3.0,-1.0,-1.0,330.0,5.802118375377063,51.0,3.9512437185814275,0.258819045102521,-0.9659258262890682,0.0,0.0,0.0,0.0,11.200000000000045,6,58.0,54.0,50.0,51.0,56.0,58.0,0.0
2025-06-23,58.0,55.958333333333336,54.0,50.0,51.0,56.0,58.0,18.0,24,0.0,8.5,207,31.9,80,83.0,36.0,13.0,63.0,-5.0,-5.0,-6.0,-6.0,-6.0,-5.0,364.0,5.8998973535824915,78.0,4.3694478524670215,-0.45399049973954664,-0.8910065241883679,1.0,0.0,5.8998973535824915,0.0,1.6000000000000463,6,59.0,51.0,49.0,52.0,58.0,59.0,0.0
2025-06-24,59.0,56.75,51.0,49.0,52.0,58.0,59.0,19.0,24,3.5,12.7,169,31.3,82,166.0,58.0,25.0,58.0,1.0,-3.0,-1.0,1.0,2.0,1.0,432.0,6.07073772800249,123.0,4.820281565605037,0.19080899537654497,-0.981627183447664,0.0,0.0,0.0,0.0,4.500000000000046,6,54.0,52.0,45.0,47.0,53.0,54.0,0.0
2025-06-25,54.0,51.833333333333336,52.0,45.0,47.0,53.0,54.0,15.0,24,1.6,13.4,168,31.6,78,36.0,47.0,6.0,59.0,-5.0,1.0,-4.0,-5.0,-5.0,-5.0,285.0,5.655991810819852,141.0,4.955827057601261,0.20791169081775931,-0.9781476007338057,0.0,0.0,0.0,0.0,5.100000000000046,6,55.0,46.0,41.0,48.0,55.0,53.0,0.0
2025-06-26,55.0,51.91666666666666,46.0,41.0,48.0,55.0,53.0,15.0,24,0.6,16.3,151,32.8,76,98.0,76.0,8.0,54.0,1.0,-6.0,-4.0,1.0,2.0,-1.0,300.0,5.707110264748875,181.0,5.204006687076795,0.48480962024633717,-0.8746197071393957,0.0,1.0,0.0,5.204006687076795,5.700000000000046,6,67.0,59.0,57.0,62.0,67.0,67.0,0.0
2025-06-27,67.0,60.458333333333336,59.0,57.0,62.0,67.0,67.0,26.0,24,3.7,13.5,154,31.9,78,68.0,63.0,10.0,55.0,12.0,13.0,16.0,14.0,12.0,14.0,202.0,5.313205979041787,186.0,5.231108616854587,0.4383711467890773,-0.898794046299167,0.0,1.0,0.0,5.231108616854587,5.9000000000000465,6,71.0,62.0,57.0,63.0,71.0,69.0,0.0
2025-06-28,71.0,68.33333333333333,62.0,57.0,63.0,71.0,69.0,29.0,24,6.2,11.5,171,31.6,83,142.0,60.0,5.0,67.0,4.0,3.0,0.0,1.0,4.0,2.0,308.0,5.733341276897746,199.0,5.298317366548036,0.15643446504023098,-0.9876883405951377,0.0,0.0,0.0,0.0,10.500000000000046,6,64.0,57.0,52.0,57.0,64.0,59.0,0.0
2025-06-29,64.0,56.125,57.0,52.0,57.0,64.0,59.0,23.0,24,0.7,11.2,240,31.5,80,90.0,46.0,23.0,71.0,-7.0,-5.0,-5.0,-6.0,-7.0,-10.0,300.0,5.707110264748875,169.0,5.135798437050262,-0.8660254037844385,-0.5000000000000004,1.0,0.0,5.707110264748875,0.0,10.600000000000048,6,57.0,54.0,52.0,52.0,57.0,56.0,0.0
2025-06-30,57.0,52.0,54.0,52.0,52.0,57.0,56.0,17.0,24,1.9,9.8,173,30.9,82,178.0,42.0,23.0,64.0,-7.0,-3.0,0.0,-5.0,-7.0,-3.0,410.0,6.018593214496234,148.0,5.003946305945459,0.12186934340514755,-0.992546151641322,0.0,0.0,0.0,0.0,8.800000000000047,6,58.0,54.0,52.0,53.0,58.0,57.0,0.0
2025-07-01,58.0,56.583333333333336,54.0,52.0,53.0,58.0,57.0,18.0,24,1.6,9.6,173,32.7,78,197.0,88.0,9.0,57.0,1.0,0.0,0.0,1.0,1.0,1.0,465.0,6.144185634125646,176.0,5.176149732573829,0.12186934340514755,-0.992546151641322,0.0,0.0,0.0,0.0,4.200000000000046,7,55.0,48.0,48.0,44.0,55.0,52.0,0.0
2025-07-02,55.0,52.29166666666666,48.0,48.0,44.0,55.0,52.0,16.0,24,14.5,8.7,160,30.9,83,57.0,132.0,2.0,58.0,-3.0,-6.0,-4.0,-9.0,-3.0,-5.0,432.0,6.07073772800249,262.0,5.572154032177765,0.3420201433256689,-0.9396926207859083,0.0,1.0,0.0,5.572154032177765,18.000000000000046,7,65.0,55.0,60.0,61.0,65.0,62.0,0.0
2025-07-03,65.0,60.91666666666666,55.0,60.0,61.0,65.0,62.0,25.0,24,12.1,9.6,115,30.9,88,113.0,93.0,12.0,55.0,10.0,7.0,12.0,17.0,10.0,10.0,367.0,5.908082938168931,313.0,5.749392985908253,0.90630778703665,-0.42261826174069933,0.0,1.0,0.0,5.749392985908253,28.200000000000045,7,62.0,55.0,57.0,59.0,62.0,61.0,0.0
2025-07-04,62.0,61.16666666666666,55.0,57.0,59.0,62.0,61.0,22.0,24,10.4,9.7,188,30.0,87,86.0,18.0,14.0,65.0,-3.0,0.0,-3.0,-2.0,-3.0,-1.0,256.0,5.54907608489522,243.0,5.497168225293202,-0.13917310096006552,-0.9902680687415703,0.0,0.0,0.0,0.0,37.00000000000004,7,59.0,52.0,52.0,52.0,59.0,57.0,0.0
2025-07-05,59.0,56.208333333333336,52.0,52.0,52.0,59.0,57.0,19.0,24,1.7,13.8,186,30.6,86,81.0,47.0,13.0,62.0,-3.0,-3.0,-5.0,-7.0,-3.0,-4.0,280.0,5.638354669333745,158.0,5.0689042022202315,-0.1045284632676535,-0.9945218953682733,0.0,0.0,0.0,0.0,24.200000000000045,7,58.0,53.0,52.0,52.0,58.0,57.0,0.0
2025-07-06,58.0,55.91666666666666,53.0,52.0,52.0,58.0,57.0,18.0,24,0.4,11.5,180,31.6,77,61.0,141.0,9.0,59.0,-1.0,1.0,0.0,0.0,-1.0,0.0,228.0,5.43372200355424,206.0,5.332718793265369,1.2246467991473532e-16,-1.0,0.0,0.0,0.0,0.0,12.500000000000046,7,54.0,53.0,35.0,42.0,54.0,53.0,0.0
2025-07-07,54.0,53.54166666666666,53.0,35.0,42.0,54.0,53.0,15.0,24,0.7,13.8,164,31.0,77,0.0,25.0,6.0,58.0,-4.0,0.0,-17.0,-10.0,-4.0,-4.0,142.0,4.962844630259907,213.0,5.365976015021851,0.2756373558169992,-0.9612616959383189,0.0,0.0,0.0,0.0,2.800000000000046,7,54.0,37.0,38.0,40.0,54.0,40.0,0.0
2025-07-08,54.0,52.79166666666666,37.0,38.0,40.0,54.0,40.0,15.0,24,5.3,11.1,160,31.8,77,47.0,98.0,16.0,54.0,0.0,-16.0,3.0,-2.0,0.0,-13.0,108.0,4.6913478822291435,264.0,5.579729825986222,0.3420201433256689,-0.9396926207859083,0.0,1.0,0.0,5.579729825986222,6.400000000000046,7,55.0,46.0,42.0,45.0,55.0,52.0,0.0
2025-07-09,55.0,51.91666666666666,46.0,42.0,45.0,55.0,52.0,15.0,24,6.8,11.8,204,31.8,79,93.0,33.0,27.0,54.0,1.0,9.0,4.0,5.0,1.0,12.0,140.0,4.948759890378168,156.0,5.056245805348308,-0.4067366430758002,-0.9135454576426009,1.0,0.0,4.948759890378168,0.0,12.800000000000045,7,54.0,48.0,45.0,43.0,54.0,53.0,0.0
2025-07-10,54.0,53.25,48.0,45.0,43.0,54.0,53.0,15.0,24,11.7,13.7,189,31.7,81,117.0,37.0,28.0,55.0,-1.0,2.0,3.0,-2.0,-1.0,1.0,257.0,5.552959584921617,168.0,5.1298987149230735,-0.15643446504023073,-0.9876883405951378,0.0,0.0,0.0,0.0,23.800000000000047,7,55.0,52.0,51.0,54.0,55.0,55.0,0.0
2025-07-11,55.0,53.75,52.0,51.0,54.0,55.0,55.0,16.0,24,4.4,13.1,206,31.9,79,78.0,70.0,18.0,54.0,1.0,4.0,6.0,11.0,1.0,2.0,288.0,5.666426688112432,140.0,4.948759890378168,-0.43837114678907746,-0.8987940462991669,1.0,0.0,5.666426688112432,0.0,22.900000000000045,7,57.0,48.0,51.0,55.0,57.0,56.0,0.0
2025-07-12,57.0,55.375,48.0,51.0,55.0,57.0,56.0,18.0,24,13.6,12.3,191,28.9,87,22.0,124.0,12.0,55.0,2.0,-4.0,0.0,1.0,2.0,1.0,217.0,5.384495062789089,231.0,5.44673737166631,-0.19080899537654472,-0.981627183447664,0.0,0.0,0.0,0.0,29.700000000000045,7,58.0,56.0,47.0,52.0,58.0,56.0,0.0
2025-07-13,58.0,56.208333333333336,56.0,47.0,52.0,58.0,56.0,18.0,24,1.2,10.1,173,30.9,84,81.0,137.0,15.0,57.0,1.0,8.0,-4.0,-3.0,1.0,0.0,181.0,5.204006687076795,331.0,5.805134968916488,0.12186934340514755,-0.992546151641322,0.0,0.0,0.0,0.0,19.20000000000005,7,57.0,54.0,42.0,47.0,57.0,55.0,0.0
2025-07-14,57.0,52.5,54.0,42.0,47.0,57.0,55.0,17.0,24,4.0,13.3,193,30.5,85,19.0,50.0,18.0,58.0,-1.0,-2.0,-5.0,-5.0,-1.0,-1.0,122.0,4.812184355372417,311.0,5.7430031878094825,-0.22495105434386498,-0.9743700647852352,0.0,0.0,0.0,0.0,18.800000000000047,7,60.0,53.0,45.0,51.0,60.0,57.0,0.0
2025-07-15,60.0,57.66666666666666,53.0,45.0,51.0,60.0,57.0,20.0,24,1.1,18.4,180,29.9,83,29.0,31.0,20.0,57.0,3.0,-1.0,3.0,4.0,3.0,2.0,129.0,4.867534450455582,218.0,5.389071729816501,1.2246467991473532e-16,-1.0,0.0,0.0,0.0,0.0,6.300000000000047,7,67.0,56.0,52.0,55.0,67.0,61.0,0.0
2025-07-16,67.0,63.875,56.0,52.0,55.0,67.0,61.0,26.0,24,1.8,13.2,165,31.7,77,224.0,58.0,14.0,60.0,7.0,3.0,7.0,4.0,7.0,4.0,272.0,5.60947179518496,139.0,4.941642422609304,0.258819045102521,-0.9659258262890682,0.0,0.0,0.0,0.0,6.9000000000000465,7,61.0,56.0,52.0,55.0,61.0,60.0,0.0
2025-07-17,61.0,57.54166666666666,56.0,52.0,55.0,61.0,60.0,21.0,24,0.3,11.6,162,32.1,80,214.0,30.0,26.0,67.0,-6.0,0.0,0.0,0.0,-6.0,-1.0,467.0,6.148468295917647,119.0,4.787491742782046,0.3090169943749475,-0.9510565162951535,0.0,0.0,0.0,0.0,3.2000000000000464,7,67.0,67.0,53.0,54.0,58.0,56.0,0.0
2025-07-18,67.0,57.04166666666666,67.0,53.0,54.0,58.0,56.0,18.0,24,0.0,12.9,185,32.9,77,789.0,49.0,38.0,61.0,6.0,11.0,1.0,-1.0,-3.0,-4.0,1227.0,7.113142108707088,137.0,4.927253685157205,-0.08715574274765794,-0.9961946980917455,0.0,0.0,0.0,0.0,2.1000000000000463,7,62.0,59.0,58.0,57.0,62.0,61.0,0.0
2025-07-19,62.0,60.625,59.0,58.0,57.0,62.0,61.0,22.0,24,0.6,15.3,170,31.8,78,1254.0,150.0,45.0,67.0,-5.0,-8.0,5.0,3.0,4.0,5.0,2257.0,7.722234744709607,229.0,5.438079308923196,0.17364817766693028,-0.984807753012208,0.0,0.0,0.0,0.0,0.9000000000000461,7,63.0,58.0,60.0,56.0,63.0,61.0,0.0
2025-07-20,63.0,61.875,58.0,60.0,56.0,63.0,61.0,23.0,24,5.2,14.5,166,31.6,80,509.0,430.0,52.0,62.0,1.0,-1.0,2.0,-1.0,1.0,0.0,2552.0,7.845024417241484,629.0,6.4457198193855785,0.24192189559966773,-0.9702957262759965,0.0,0.0,0.0,0.0,5.800000000000046,7,61.0,55.0,56.0,56.0,61.0,60.0,0.0
2025-07-21,61.0,60.333333333333336,55.0,56.0,56.0,61.0,60.0,21.0,24,1.1,12.9,152,31.0,80,559.0,480.0,26.0,63.0,-2.0,-3.0,-4.0,0.0,-2.0,-1.0,2322.0,7.750614732770409,1060.0,6.966967138613983,0.4694715627858907,-0.882947592858927,0.0,1.0,0.0,6.966967138613983,6.9000000000000465,7,67.0,57.0,54.0,55.0,67.0,61.0,0.0
2025-07-22,67.0,63.91666666666666,57.0,54.0,55.0,67.0,61.0,26.0,24,7.7,9.6,156,30.7,84,445.0,572.0,20.0,61.0,6.0,2.0,-2.0,-1.0,6.0,1.0,1513.0,7.322510433997394,1482.0,7.301822342137932,0.40673664307580043,-0.9135454576426008,0.0,1.0,0.0,7.301822342137932,14.000000000000046,7,69.0,61.0,57.0,65.0,69.0,66.0,0.0
2025-07-23,69.0,66.375,61.0,57.0,65.0,69.0,66.0,28.0,24,1.4,11.9,154,30.8,81,362.0,772.0,42.0,67.0,2.0,4.0,3.0,10.0,2.0,5.0,1366.0,7.220373836723949,1824.0,7.509335266016592,0.4383711467890773,-0.898794046299167,0.0,1.0,0.0,7.509335266016592,10.200000000000047,7,68.0,62.0,58.0,65.0,68.0,66.0,0.0
2025-07-24,68.0,65.625,62.0,58.0,65.0,68.0,66.0,27.0,24,2.8,12.5,155,31.8,79,279.0,671.0,18.0,69.0,-1.0,1.0,1.0,0.0,-1.0,0.0,1086.0,6.99117688712121,2015.0,7.60887062919126,0.4226182617406995,-0.9063077870366499,0.0,1.0,0.0,7.60887062919126,11.900000000000045,7,63.0,58.0,53.0,59.0,63.0,58.0,0.0
2025-07-25,63.0,60.79166666666666,58.0,53.0,59.0,63.0,58.0,23.0,24,3.1,10.9,111,32.3,81,135.0,468.0,10.0,68.0,-5.0,-4.0,-5.0,-6.0,-5.0,-8.0,776.0,6.655440350367647,1911.0,7.555905093611346,0.9335804264972017,-0.35836794954530027,0.0,1.0,0.0,7.555905093611346,7.300000000000046,7,61.0,56.0,51.0,57.0,61.0,59.0,0.0
2025-07-26,61.0,58.79166666666666,56.0,51.0,57.0,61.0,59.0,21.0,24,10.5,13.7,197,30.7,86,182.0,657.0,8.0,63.0,-2.0,-2.0,-2.0,-2.0,-2.0,1.0,596.0,6.391917113392602,1796.0,7.493873886783559,-0.29237170472273677,-0.9563047559630354,0.0,0.0,0.0,0.0,16.40000000000005,7,55.0,52.0,44.0,54.0,54.0,55.0,0.0
2025-07-27,55.0,51.54166666666666,52.0,44.0,54.0,54.0,55.0,16.0,24,2.1,10.7,159,31.9,80,95.0,503.0,56.0,61.0,-6.0,-4.0,-7.0,-3.0,-7.0,-4.0,412.0,6.023447592961033,1628.0,7.395721608602045,0.3583679495453002,-0.9335804264972017,0.0,1.0,0.0,7.395721608602045,15.700000000000045,7,55.0,50.0,38.0,55.0,55.0,54.0,0.0
2025-07-28,55.0,53.958333333333336,50.0,38.0,55.0,55.0,54.0,15.0,24,6.9,13.9,167,33.0,78,224.0,760.0,61.0,55.0,0.0,-2.0,-6.0,1.0,1.0,-1.0,501.0,6.218600119691729,1920.0,7.560601162768557,0.2249510543438652,-0.9743700647852351,0.0,0.0,0.0,0.0,19.500000000000046,7,58.0,54.0,47.0,54.0,58.0,55.0,0.0
2025-07-29,58.0,55.583333333333336,54.0,47.0,54.0,58.0,55.0,19.0,24,0.9,14.8,159,32.3,76,273.0,1210.0,42.0,55.0,3.0,4.0,9.0,-1.0,3.0,1.0,592.0,6.385194398997726,2473.0,7.813591552952433,0.3583679495453002,-0.9335804264972017,0.0,1.0,0.0,7.813591552952433,9.900000000000047,7,62.0,54.0,53.0,57.0,62.0,60.0,0.0
2025-07-30,62.0,60.91666666666666,54.0,53.0,57.0,62.0,60.0,22.0,24,5.8,11.2,170,33.0,78,121.0,985.0,27.0,58.0,4.0,0.0,6.0,3.0,4.0,5.0,618.0,6.428105272684596,2955.0,7.991592282068092,0.17364817766693028,-0.984807753012208,0.0,0.0,0.0,0.0,13.600000000000048,7,61.0,54.0,53.0,61.0,61.0,59.0,0.0
2025-07-31,61.0,59.79166666666666,54.0,53.0,61.0,61.0,59.0,21.0,24,2.8,11.8,159,31.8,78,112.0,544.0,30.0,62.0,-1.0,0.0,0.0,4.0,-1.0,-1.0,506.0,6.2285110035911835,2739.0,7.9157131993821155,0.3583679495453002,-0.9335804264972017,0.0,1.0,0.0,7.9157131993821155,9.500000000000046,7,57.0,53.0,45.0,57.0,57.0,54.0,0.0
2025-08-01,57.0,56.208333333333336,53.0,45.0,57.0,57.0,54.0,18.0,24,13.1,9.9,163,30.8,81,109.0,661.0,24.0,61.0,-4.0,-1.0,-8.0,-4.0,-4.0,-5.0,342.0,5.8377304471659395,2190.0,7.692113339595466,0.2923717047227366,-0.9563047559630355,0.0,0.0,0.0,0.0,21.700000000000045,8,71.0,71.0,48.0,55.0,56.0,54.0,0.0
2025-08-02,71.0,56.208333333333336,71.0,48.0,55.0,56.0,54.0,17.0,24,9.6,10.9,176,31.7,82,393.0,209.0,45.0,57.0,14.0,18.0,3.0,-2.0,-1.0,0.0,614.0,6.421622267806518,1414.0,7.254884810077338,0.06975647374412552,-0.9975640502598242,0.0,0.0,0.0,0.0,25.500000000000043,8,57.0,52.0,49.0,57.0,54.0,53.0,0.0
2025-08-03,57.0,55.5,52.0,49.0,57.0,54.0,53.0,17.0,24,28.0,9.6,176,30.1,88,122.0,101.0,7.0,71.0,-14.0,-19.0,1.0,2.0,-2.0,-1.0,624.0,6.437751649736401,971.0,6.879355804460439,0.06975647374412552,-0.9975640502598242,0.0,0.0,0.0,0.0,50.700000000000045,8,58.0,56.0,48.0,52.0,58.0,52.0,0.0
2025-08-04,58.0,55.958333333333336,56.0,48.0,52.0,58.0,52.0,18.0,24,16.4,9.7,158,29.6,91,28.0,32.0,2.0,57.0,1.0,4.0,-1.0,-5.0,4.0,-1.0,543.0,6.298949246855942,342.0,5.8377304471659395,0.37460659341591224,-0.9271838545667873,0.0,1.0,0.0,5.8377304471659395,54.00000000000004,8,70.0,70.0,44.0,45.0,56.0,52.0,0.0
2025-08-05,70.0,52.458333333333336,70.0,44.0,45.0,56.0,52.0,17.0,24,3.5,10.1,205,30.3,85,29.0,85.0,11.0,58.0,12.0,14.0,-4.0,-7.0,-2.0,0.0,179.0,5.19295685089021,218.0,5.389071729816501,-0.4226182617406993,-0.90630778703665,1.0,0.0,5.19295685089021,0.0,47.90000000000004,8,49.0,38.0,34.0,38.0,49.0,39.0,0.0
2025-08-06,49.0,45.41666666666666,38.0,34.0,38.0,49.0,39.0,12.0,24,6.5,10.8,172,30.5,82,77.0,123.0,13.0,70.0,-21.0,-32.0,-10.0,-7.0,-7.0,-13.0,134.0,4.90527477843843,240.0,5.484796933490655,0.13917310096006533,-0.9902680687415704,0.0,0.0,0.0,0.0,26.40000000000004,8,64.0,55.0,54.0,62.0,64.0,60.0,0.0
2025-08-07,64.0,54.54166666666666,55.0,54.0,62.0,64.0,60.0,23.0,24,0.3,10.5,128,32.7,80,59.0,766.0,26.0,49.0,15.0,17.0,20.0,24.0,15.0,21.0,165.0,5.111987788356544,974.0,6.882437470997847,0.788010753606722,-0.6156614753256583,0.0,1.0,0.0,6.882437470997847,10.300000000000043,8,69.0,61.0,57.0,66.0,69.0,66.0,0.0
2025-08-08,69.0,67.54166666666667,61.0,57.0,66.0,69.0,66.0,28.0,24,0.5,10.7,133,32.5,78,30.0,272.0,38.0,64.0,5.0,6.0,3.0,4.0,5.0,6.0,166.0,5.117993812416755,1161.0,7.057897937411856,0.7313537016191706,-0.6819983600624984,0.0,1.0,0.0,7.057897937411856,7.3000000000000425,8,66.0,58.0,56.0,63.0,66.0,62.0,0.0
2025-08-09,66.0,63.833333333333336,58.0,56.0,63.0,66.0,62.0,25.0,24,9.7,9.5,168,33.0,80,83.0,22.0,20.0,69.0,-3.0,-3.0,-1.0,-3.0,-3.0,-4.0,172.0,5.153291594497779,1060.0,6.966967138613983,0.20791169081775931,-0.9781476007338057,0.0,0.0,0.0,0.0,10.500000000000043,8,66.0,60.0,55.0,62.0,66.0,56.0,0.0
2025-08-10,66.0,64.91666666666667,60.0,55.0,62.0,66.0,56.0,26.0,24,10.5,11.4,158,30.8,85,101.0,89.0,3.0,66.0,0.0,2.0,-1.0,-1.0,0.0,-6.0,214.0,5.3706380281276624,383.0,5.950642552587727,0.37460659341591224,-0.9271838545667873,0.0,1.0,0.0,5.950642552587727,20.700000000000042,8,65.0,59.0,52.0,63.0,65.0,52.0,0.0
2025-08-11,65.0,61.625,59.0,52.0,63.0,65.0,52.0,24.0,24,5.3,12.0,248,27.7,89,13.0,74.0,1.0,66.0,-1.0,-1.0,-3.0,1.0,-1.0,-4.0,197.0,5.288267030694535,185.0,5.225746673713202,-0.9271838545667873,-0.3746065934159123,1.0,0.0,5.288267030694535,0.0,25.500000000000043,8,59.0,55.0,45.0,59.0,59.0,53.0,0.0
2025-08-12,59.0,57.125,55.0,45.0,59.0,59.0,53.0,19.0,24,5.2,8.5,191,31.6,84,44.0,2.0,7.0,65.0,-6.0,-4.0,-7.0,-4.0,-6.0,1.0,158.0,5.0689042022202315,165.0,5.111987788356544,-0.19080899537654472,-0.981627183447664,0.0,0.0,0.0,0.0,21.000000000000043,8,55.0,53.0,40.0,55.0,55.0,53.0,0.0
2025-08-13,55.0,50.16666666666666,53.0,40.0,55.0,55.0,53.0,16.0,24,8.5,13.8,188,29.7,83,17.0,20.0,7.0,59.0,-4.0,-2.0,-5.0,-4.0,-4.0,0.0,74.0,4.31748811353631,96.0,4.574710978503383,-0.13917310096006552,-0.9902680687415703,0.0,0.0,0.0,0.0,19.000000000000043,8,46.0,43.0,34.0,46.0,45.0,43.0,0.0
2025-08-14,46.0,43.458333333333336,43.0,34.0,46.0,45.0,43.0,11.0,24,0.7,12.8,176,30.6,79,52.0,23.0,3.0,55.0,-9.0,-10.0,-6.0,-9.0,-10.0,-10.0,113.0,4.736198448394496,45.0,3.828641396489095,0.06975647374412552,-0.9975640502598242,0.0,0.0,0.0,0.0,14.400000000000041,8,48.0,43.0,31.0,47.0,45.0,48.0,0.0
2025-08-15,48.0,44.25,43.0,31.0,47.0,45.0,48.0,11.0,24,5.2,14.5,181,29.5,85,57.0,33.0,25.0,46.0,2.0,0.0,-3.0,1.0,0.0,5.0,126.0,4.844187086458591,76.0,4.343805421853684,-0.017452406437283637,-0.9998476951563913,0.0,0.0,0.0,0.0,14.400000000000043,8,58.0,47.0,49.0,54.0,58.0,55.0,0.0
2025-08-16,58.0,54.333333333333336,47.0,49.0,54.0,58.0,55.0,19.0,24,1.2,12.9,172,30.6,80,102.0,88.0,11.0,48.0,10.0,4.0,18.0,7.0,13.0,7.0,211.0,5.356586274672012,144.0,4.976733742420574,0.13917310096006533,-0.9902680687415704,0.0,0.0,0.0,0.0,7.100000000000043,8,58.0,51.0,52.0,55.0,58.0,55.0,0.0
2025-08-17,58.0,55.91666666666666,51.0,52.0,55.0,58.0,55.0,18.0,24,3.9,12.5,148,31.7,81,112.0,261.0,12.0,58.0,0.0,4.0,3.0,1.0,0.0,0.0,271.0,5.605802066295998,382.0,5.948034989180646,0.5299192642332049,-0.848048096156426,0.0,1.0,0.0,5.948034989180646,10.300000000000043,8,59.0,55.0,44.0,52.0,59.0,52.0,0.0
2025-08-18,59.0,56.583333333333336,55.0,44.0,52.0,59.0,52.0,19.0,24,27.4,10.5,166,29.6,88,268.0,141.0,23.0,58.0,1.0,4.0,-8.0,-3.0,1.0,-3.0,482.0,6.180016653652572,490.0,6.19644412779452,0.24192189559966773,-0.9702957262759965,0.0,0.0,0.0,0.0,32.50000000000004,8,59.0,55.0,37.0,52.0,59.0,40.0,0.0
2025-08-19,59.0,57.833333333333336,55.0,37.0,52.0,59.0,40.0,19.0,24,26.5,10.6,178,27.9,90,62.0,44.0,13.0,59.0,0.0,0.0,-7.0,0.0,0.0,-12.0,442.0,6.093569770045136,446.0,6.102558594613569,0.03489949670250114,-0.9993908270190958,0.0,0.0,0.0,0.0,57.80000000000004,8,55.0,51.0,35.0,47.0,55.0,45.0,0.0
2025-08-20,55.0,51.208333333333336,51.0,35.0,47.0,55.0,45.0,16.0,24,0.5,9.0,171,30.4,81,121.0,8.0,3.0,59.0,-4.0,-4.0,-2.0,-5.0,-4.0,5.0,451.0,6.113682179832232,193.0,5.267858159063328,0.15643446504023098,-0.9876883405951377,0.0,0.0,0.0,0.0,54.40000000000005,8,56.0,54.0,40.0,52.0,56.0,52.0,0.0
2025-08-21,56.0,54.66666666666666,54.0,40.0,52.0,56.0,52.0,17.0,24,0.3,7.3,173,31.4,83,168.0,6.0,3.0,55.0,1.0,3.0,5.0,5.0,1.0,7.0,351.0,5.863631175598097,58.0,4.07753744390572,0.12186934340514755,-0.992546151641322,0.0,0.0,0.0,0.0,27.300000000000047,8,67.0,59.0,54.0,56.0,67.0,60.0,0.0
2025-08-22,67.0,64.54166666666667,59.0,54.0,56.0,67.0,60.0,27.0,24,0.0,11.0,157,32.5,78,300.0,196.0,17.0,56.0,11.0,5.0,14.0,4.0,11.0,8.0,589.0,6.380122536899765,210.0,5.351858133476067,0.39073112848927377,-0.9205048534524404,0.0,1.0,0.0,5.351858133476067,0.8000000000000462,8,65.0,58.0,55.0,63.0,65.0,60.0,0.0
2025-08-23,65.0,58.875,58.0,55.0,63.0,65.0,60.0,25.0,24,11.3,15.1,309,31.8,81,107.0,684.0,20.0,67.0,-2.0,-1.0,1.0,7.0,-2.0,0.0,575.0,6.3561076606958915,886.0,6.787844982309579,-0.7771459614569708,0.6293203910498375,0.0,0.0,0.0,0.0,11.600000000000048,8,73.0,65.0,61.0,73.0,68.0,69.0,0.0
2025-08-24,73.0,68.375,65.0,61.0,73.0,68.0,69.0,32.0,24,26.5,20.0,231,27.4,89,18.0,285.0,3.0,65.0,8.0,7.0,6.0,10.0,3.0,9.0,425.0,6.054439346269371,1165.0,7.061334366910438,-0.7771459614569706,-0.6293203910498378,1.0,0.0,6.054439346269371,0.0,37.80000000000005,8,63.0,57.0,55.0,62.0,63.0,61.0,0.0
2025-08-25,63.0,55.25,57.0,55.0,62.0,63.0,61.0,22.0,24,0.3,12.2,176,31.0,80,90.0,18.0,9.0,73.0,-10.0,-8.0,-6.0,-11.0,-5.0,-8.0,215.0,5.375278407684165,987.0,6.895682697747868,0.06975647374412552,-0.9975640502598242,0.0,0.0,0.0,0.0,38.100000000000044,8,60.0,54.0,52.0,60.0,57.0,58.0,0.0
2025-08-26,60.0,54.833333333333336,54.0,52.0,60.0,57.0,58.0,20.0,24,5.1,15.7,157,31.5,84,344.0,214.0,18.0,63.0,-3.0,-3.0,-3.0,-2.0,-6.0,-3.0,452.0,6.115892125483034,517.0,6.249975242259483,0.39073112848927377,-0.9205048534524404,0.0,1.0,0.0,6.249975242259483,31.900000000000045,8,71.0,63.0,61.0,70.0,67.0,71.0,0.0
2025-08-27,71.0,66.04166666666667,63.0,61.0,70.0,67.0,71.0,30.0,24,2.3,14.1,155,31.4,81,267.0,1172.0,11.0,60.0,11.0,9.0,9.0,10.0,10.0,13.0,701.0,6.553933404025811,1404.0,7.247792581767846,0.4226182617406995,-0.9063077870366499,0.0,1.0,0.0,7.247792581767846,7.7000000000000455,8,71.0,62.0,61.0,69.0,68.0,71.0,0.0
2025-08-28,71.0,64.70833333333333,62.0,61.0,69.0,68.0,71.0,30.0,24,2.6,14.3,233,31.1,83,137.0,2702.0,2.0,71.0,0.0,-1.0,0.0,-1.0,1.0,0.0,748.0,6.618738983517219,4088.0,8.316055720364643,-0.7986355100472928,-0.6018150231520483,1.0,0.0,6.618738983517219,0.0,10.000000000000046,8,66.0,61.0,55.0,59.0,61.0,66.0,0.0
2025-08-29,66.0,59.41666666666666,61.0,55.0,59.0,61.0,66.0,25.0,24,0.6,11.9,213,31.5,79,49.0,417.0,15.0,71.0,-5.0,-1.0,-6.0,-10.0,-7.0,-5.0,453.0,6.118097198041348,4291.0,8.36450810375059,-0.5446390350150271,-0.838670567945424,1.0,0.0,6.118097198041348,0.0,5.500000000000046,8,69.0,63.0,57.0,62.0,66.0,69.0,0.0
2025-08-30,69.0,63.66666666666666,63.0,57.0,62.0,66.0,69.0,28.0,24,21.2,13.9,233,30.5,86,22.0,537.0,5.0,66.0,3.0,2.0,2.0,3.0,5.0,3.0,208.0,5.342334251964811,3656.0,8.204398418149381,-0.7986355100472928,-0.6018150231520483,1.0,0.0,5.342334251964811,0.0,24.400000000000045,8,55.0,51.0,44.0,45.0,55.0,52.0,0.0
2025-08-31,55.0,48.625,51.0,44.0,45.0,55.0,52.0,16.0,24,9.8,14.6,180,30.8,83,70.0,27.0,1.0,69.0,-14.0,-12.0,-13.0,-17.0,-11.0,-17.0,141.0,4.955827057601261,981.0,6.889591308354466,1.2246467991473532e-16,-1.0,0.0,0.0,0.0,0.0,31.600000000000044,8,58.0,53.0,48.0,52.0,58.0,53.0,0.0
2025-09-01,58.0,55.0,53.0,48.0,52.0,58.0,53.0,18.0,24,4.4,10.7,213,28.5,86,33.0,424.0,1.0,55.0,3.0,2.0,4.0,7.0,3.0,1.0,125.0,4.836281906951478,988.0,6.8966943316227125,-0.5446390350150271,-0.838670567945424,1.0,0.0,4.836281906951478,0.0,35.40000000000005,9,51.0,37.0,35.0,38.0,51.0,44.0,0.0
2025-09-02,51.0,45.458333333333336,37.0,35.0,38.0,51.0,44.0,12.0,24,4.7,11.6,187,29.7,88,3.0,171.0,3.0,58.0,-7.0,-16.0,-13.0,-14.0,-7.0,-9.0,106.0,4.672828834461906,622.0,6.434546518787453,-0.12186934340514731,-0.9925461516413221,0.0,0.0,0.0,0.0,18.90000000000005,9,42.0,41.0,30.0,31.0,41.0,42.0,0.0
2025-09-03,42.0,37.458333333333336,41.0,30.0,31.0,41.0,42.0,10.0,24,3.0,12.4,189,30.5,84,15.0,41.0,8.0,51.0,-9.0,4.0,-5.0,-7.0,-10.0,-2.0,51.0,3.9512437185814275,636.0,6.456769655572163,-0.15643446504023073,-0.9876883405951378,0.0,0.0,0.0,0.0,12.100000000000048,9,54.0,51.0,38.0,54.0,52.0,49.0,0.0
2025-09-04,54.0,50.16666666666666,51.0,38.0,54.0,52.0,49.0,15.0,24,4.9,11.2,220,30.0,87,18.0,139.0,3.0,42.0,12.0,10.0,8.0,23.0,11.0,7.0,36.0,3.6109179126442243,351.0,5.863631175598097,-0.6427876096865393,-0.766044443118978,1.0,0.0,3.6109179126442243,0.0,12.600000000000048,9,54.0,50.0,40.0,54.0,45.0,49.0,0.0
2025-09-05,54.0,49.208333333333336,50.0,40.0,54.0,45.0,49.0,15.0,24,8.4,12.6,234,30.2,85,22.0,20.0,3.0,54.0,0.0,-1.0,2.0,0.0,-7.0,0.0,55.0,4.02535169073515,200.0,5.303304908059076,-0.8090169943749473,-0.5877852522924732,1.0,0.0,4.02535169073515,0.0,16.300000000000047,9,52.0,46.0,36.0,48.0,52.0,43.0,0.0
2025-09-06,52.0,43.41666666666666,46.0,36.0,48.0,52.0,43.0,13.0,24,1.6,15.2,186,31.1,81,54.0,6.0,13.0,54.0,-2.0,-4.0,-4.0,-6.0,7.0,-6.0,94.0,4.553876891600541,165.0,5.111987788356544,-0.1045284632676535,-0.9945218953682733,0.0,0.0,0.0,0.0,14.900000000000047,9,58.0,53.0,43.0,56.0,58.0,48.0,0.0
2025-09-07,58.0,55.875,53.0,43.0,56.0,58.0,48.0,18.0,24,11.9,11.2,179,27.6,92,14.0,56.0,1.0,52.0,6.0,7.0,7.0,8.0,6.0,5.0,90.0,4.51085950651685,82.0,4.418840607796598,0.01745240643728344,-0.9998476951563913,0.0,0.0,0.0,0.0,21.90000000000005,9,60.0,58.0,54.0,60.0,55.0,55.0,0.0
2025-09-08,60.0,57.91666666666666,58.0,54.0,60.0,55.0,55.0,20.0,24,13.4,14.0,155,30.2,87,22.0,53.0,5.0,58.0,2.0,5.0,11.0,4.0,-3.0,7.0,90.0,4.51085950651685,115.0,4.7535901911063645,0.4226182617406995,-0.9063077870366499,0.0,1.0,0.0,4.7535901911063645,26.90000000000005,9,58.0,55.0,51.0,58.0,54.0,55.0,0.0
2025-09-09,58.0,55.29166666666666,55.0,51.0,58.0,54.0,55.0,18.0,24,5.8,9.0,146,29.8,89,19.0,82.0,4.0,60.0,-2.0,-3.0,-3.0,-2.0,-1.0,0.0,55.0,4.02535169073515,191.0,5.2574953720277815,0.5591929034707469,-0.8290375725550416,0.0,1.0,0.0,5.2574953720277815,31.100000000000044,9,56.0,54.0,48.0,56.0,53.0,55.0,0.0
2025-09-10,56.0,53.04166666666666,54.0,48.0,56.0,53.0,55.0,16.0,24,4.7,9.1,92,31.3,88,37.0,16.0,10.0,58.0,-2.0,-1.0,-3.0,-2.0,-1.0,0.0,78.0,4.3694478524670215,151.0,5.0238805208462765,0.9993908270190958,-0.034899496702500955,0.0,1.0,0.0,5.0238805208462765,23.90000000000005,9,62.0,56.0,56.0,62.0,55.0,58.0,0.0
2025-09-11,62.0,60.708333333333336,56.0,56.0,62.0,55.0,58.0,22.0,24,28.1,10.8,305,31.0,90,9.0,136.0,1.0,56.0,6.0,2.0,8.0,6.0,2.0,3.0,65.0,4.189654742026425,234.0,5.459585514144159,-0.8191520442889918,0.573576436351046,0.0,0.0,0.0,0.0,38.60000000000005,9,59.0,53.0,53.0,59.0,52.0,55.0,0.0
2025-09-12,59.0,54.958333333333336,53.0,53.0,59.0,52.0,55.0,19.0,24,0.8,13.5,261,30.0,83,8.0,49.0,0.0,62.0,-3.0,-3.0,-3.0,-3.0,-3.0,-3.0,54.0,4.007333185232471,201.0,5.308267697401205,-0.9876883405951377,-0.15643446504023104,1.0,0.0,4.007333185232471,0.0,33.60000000000005,9,54.0,48.0,47.0,53.0,54.0,52.0,0.0
2025-09-13,54.0,52.79166666666666,48.0,47.0,53.0,54.0,52.0,15.0,24,7.1,13.2,245,28.7,86,8.0,17.0,0.0,59.0,-5.0,-5.0,-6.0,-6.0,2.0,-3.0,25.0,3.258096538021482,202.0,5.313205979041787,-0.9063077870366502,-0.42261826174069916,1.0,0.0,3.258096538021482,0.0,36.00000000000005,9,55.0,45.0,37.0,44.0,55.0,48.0,0.0
2025-09-14,55.0,48.5,45.0,37.0,44.0,55.0,48.0,15.0,24,1.8,10.4,159,31.8,83,22.0,39.0,11.0,54.0,1.0,-3.0,-10.0,-9.0,1.0,-4.0,38.0,3.6635616461296463,105.0,4.663439094112067,0.3583679495453002,-0.9335804264972017,0.0,1.0,0.0,4.663439094112067,9.700000000000049,9,58.0,54.0,43.0,55.0,58.0,56.0,0.0
2025-09-15,58.0,56.29166666666666,54.0,43.0,55.0,58.0,56.0,18.0,24,11.7,11.8,209,29.8,80,11.0,56.0,4.0,55.0,3.0,9.0,6.0,11.0,3.0,8.0,41.0,3.7376696182833684,112.0,4.727387818712341,-0.48480962024633695,-0.8746197071393959,1.0,0.0,3.7376696182833684,0.0,20.600000000000048,9,69.0,60.0,55.0,67.0,58.0,69.0,0.0
2025-09-16,69.0,64.5,60.0,55.0,67.0,58.0,69.0,28.0,24,0.9,9.2,198,30.4,84,11.0,8.0,6.0,58.0,11.0,6.0,12.0,12.0,0.0,13.0,44.0,3.8066624897703196,103.0,4.6443908991413725,-0.3090169943749473,-0.9510565162951536,0.0,0.0,0.0,0.0,14.40000000000005,9,64.0,56.0,53.0,64.0,57.0,63.0,0.0
2025-09-17,64.0,50.79166666666666,56.0,53.0,64.0,57.0,63.0,24.0,24,11.5,8.8,210,26.4,93,12.0,7.0,0.0,69.0,-5.0,-4.0,-2.0,-3.0,-1.0,-6.0,34.0,3.5553480614894135,71.0,4.276666119016055,-0.5000000000000001,-0.8660254037844386,1.0,0.0,3.5553480614894135,0.0,24.10000000000005,9,54.0,50.0,44.0,54.0,54.0,54.0,0.0
2025-09-18,54.0,49.208333333333336,50.0,44.0,54.0,54.0,54.0,15.0,24,3.8,10.5,169,31.0,84,33.0,12.0,2.0,64.0,-10.0,-6.0,-9.0,-10.0,-3.0,-9.0,56.0,4.04305126783455,27.0,3.332204510175204,0.19080899537654497,-0.981627183447664,0.0,0.0,0.0,0.0,16.20000000000005,9,55.0,51.0,48.0,54.0,54.0,55.0,0.0
2025-09-19,55.0,53.833333333333336,51.0,48.0,54.0,54.0,55.0,15.0,24,2.7,9.1,136,31.1,86,75.0,368.0,22.0,54.0,1.0,1.0,4.0,0.0,0.0,1.0,120.0,4.795790545596741,387.0,5.961005339623274,0.6946583704589971,-0.7193398003386513,0.0,1.0,0.0,5.961005339623274,18.00000000000005,9,61.0,52.0,43.0,51.0,58.0,61.0,0.0
2025-09-20,61.0,59.083333333333336,52.0,43.0,51.0,58.0,61.0,21.0,24,1.3,9.4,113,31.3,83,88.0,251.0,24.0,55.0,6.0,1.0,-5.0,-3.0,4.0,6.0,196.0,5.2832037287379885,631.0,6.448889394146858,0.9205048534524403,-0.3907311284892738,0.0,1.0,0.0,6.448889394146858,7.80000000000005,9,59.0,44.0,42.0,47.0,57.0,59.0,0.0
2025-09-21,59.0,52.0,44.0,42.0,47.0,57.0,59.0,19.0,24,2.1,10.6,150,32.1,82,122.0,153.0,38.0,61.0,-2.0,-8.0,-1.0,-4.0,-1.0,-2.0,285.0,5.655991810819852,772.0,6.650279048587422,0.49999999999999994,-0.8660254037844387,0.0,1.0,0.0,6.650279048587422,6.10000000000005,9,45.0,44.0,35.0,32.0,45.0,36.0,0.0
2025-09-22,45.0,39.41666666666666,44.0,35.0,32.0,45.0,36.0,11.0,24,10.0,11.1,131,31.1,85,199.0,1624.0,23.0,59.0,-14.0,0.0,-7.0,-15.0,-12.0,-23.0,409.0,6.016157159698354,2028.0,7.615298339825815,0.7547095802227721,-0.6560590289905072,0.0,1.0,0.0,7.615298339825815,13.40000000000005,9,57.0,54.0,40.0,41.0,57.0,55.0,0.0
2025-09-23,57.0,54.625,54.0,40.0,41.0,57.0,55.0,17.0,24,1.6,9.0,194,32.9,79,176.0,2191.0,27.0,45.0,12.0,10.0,5.0,9.0,12.0,19.0,497.0,6.210600077024653,3968.0,8.286269452783065,-0.2419218955996675,-0.9702957262759965,0.0,0.0,0.0,0.0,13.700000000000049,9,57.0,53.0,51.0,57.0,55.0,56.0,0.0
2025-09-24,57.0,54.375,53.0,51.0,57.0,55.0,56.0,17.0,24,0.2,10.6,241,32.3,80,234.0,2894.0,30.0,57.0,0.0,-1.0,11.0,16.0,-2.0,1.0,609.0,6.413458957167357,6709.0,8.811354229965728,-0.8746197071393959,-0.48480962024633684,1.0,0.0,6.413458957167357,0.0,11.80000000000005,9,58.0,54.0,52.0,58.0,54.0,58.0,0.0
2025-09-25,58.0,57.04166666666666,54.0,52.0,58.0,54.0,58.0,18.0,24,9.9,9.1,219,33.0,81,138.0,716.0,4.0,57.0,1.0,1.0,1.0,1.0,-1.0,2.0,548.0,6.3080984415095305,5801.0,8.665957964681349,-0.6293203910498376,-0.7771459614569708,1.0,0.0,6.3080984415095305,0.0,11.70000000000005,9,71.0,61.0,61.0,69.0,68.0,71.0,0.0
2025-09-26,71.0,63.958333333333336,61.0,61.0,69.0,68.0,71.0,30.0,24,2.3,12.1,142,32.6,78,276.0,352.0,8.0,58.0,13.0,7.0,9.0,11.0,14.0,13.0,648.0,6.47543271670409,3962.0,8.284756593190435,0.6156614753256584,-0.7880107536067219,0.0,1.0,0.0,8.284756593190435,12.400000000000052,9,72.0,62.0,64.0,69.0,70.0,72.0,0.0
2025-09-27,72.0,68.25,62.0,64.0,69.0,70.0,72.0,30.0,24,15.0,9.0,157,32.0,80,205.0,341.0,5.0,71.0,1.0,1.0,3.0,0.0,2.0,1.0,619.0,6.429719478039138,1409.0,7.251344983372214,0.39073112848927377,-0.9205048534524404,0.0,1.0,0.0,7.251344983372214,27.200000000000053,9,67.0,61.0,60.0,67.0,65.0,64.0,0.0
2025-09-28,67.0,65.0,61.0,60.0,67.0,65.0,64.0,27.0,24,5.1,12.0,299,31.2,90,42.0,361.0,19.0,72.0,-5.0,-1.0,-4.0,-2.0,-5.0,-8.0,523.0,6.261491684321042,1054.0,6.961296045910167,-0.8746197071393956,0.4848096202463373,0.0,0.0,0.0,0.0,22.400000000000052,9,63.0,60.0,58.0,63.0,63.0,63.0,0.0
2025-09-29,63.0,51.04166666666666,60.0,58.0,63.0,63.0,63.0,23.0,24,0.0,12.2,205,31.0,80,1.0,85.0,3.0,67.0,-4.0,-1.0,-2.0,-4.0,-2.0,-1.0,248.0,5.517452896464707,787.0,6.669498089857879,-0.4226182617406993,-0.90630778703665,1.0,0.0,5.517452896464707,0.0,20.10000000000005,9,52.0,43.0,44.0,45.0,49.0,52.0,0.0
2025-09-30,52.0,38.75,43.0,44.0,45.0,49.0,52.0,13.0,24,1.1,8.6,134,31.6,81,6.0,12.0,6.0,63.0,-11.0,-17.0,-14.0,-18.0,-14.0,-11.0,49.0,3.912023005428146,458.0,6.129050210060545,0.7193398003386511,-0.6946583704589974,0.0,1.0,0.0,6.129050210060545,6.200000000000051,9,55.0,53.0,43.0,46.0,54.0,55.0,0.0
2025-10-01,55.0,52.583333333333336,53.0,43.0,46.0,54.0,55.0,16.0,24,15.2,11.0,72,30.9,85,9.0,94.0,31.0,52.0,3.0,10.0,-1.0,1.0,5.0,3.0,16.0,2.833213344056216,191.0,5.2574953720277815,0.9510565162951535,0.30901699437494745,0.0,1.0,0.0,5.2574953720277815,16.30000000000005,10,56.0,53.0,47.0,54.0,52.0,56.0,0.0
2025-10-02,56.0,50.708333333333336,53.0,47.0,54.0,52.0,56.0,17.0,24,1.0,10.3,8,32.9,82,36.0,195.0,12.0,55.0,1.0,0.0,4.0,8.0,-2.0,1.0,51.0,3.9512437185814275,301.0,5.71042701737487,0.13917310096006544,0.9902680687415704,0.0,0.0,0.0,0.0,17.30000000000005,10,56.0,54.0,51.0,54.0,55.0,56.0,0.0
2025-10-03,56.0,55.0,54.0,51.0,54.0,55.0,56.0,17.0,24,14.2,9.0,259,30.9,88,25.0,83.0,2.0,56.0,0.0,1.0,4.0,0.0,3.0,0.0,70.0,4.2626798770413155,372.0,5.921578419643816,-0.981627183447664,-0.1908089953765446,1.0,0.0,4.2626798770413155,0.0,30.40000000000005,10,54.0,52.0,52.0,52.0,48.0,54.0,0.0
2025-10-04,54.0,52.04166666666666,52.0,52.0,52.0,48.0,54.0,15.0,24,0.2,10.4,243,32.2,78,50.0,12.0,6.0,56.0,-2.0,-2.0,1.0,-2.0,-7.0,-2.0,111.0,4.718498871295094,290.0,5.673323267171493,-0.8910065241883678,-0.4539904997395469,1.0,0.0,4.718498871295094,0.0,15.40000000000005,10,58.0,54.0,52.0,58.0,56.0,57.0,0.0
2025-10-05,58.0,54.91666666666666,54.0,52.0,58.0,56.0,57.0,18.0,24,3.1,14.1,99,32.3,82,119.0,20.0,24.0,54.0,4.0,2.0,0.0,6.0,8.0,3.0,194.0,5.272999558563747,115.0,4.7535901911063645,0.9876883405951378,-0.1564344650402308,0.0,1.0,0.0,4.7535901911063645,17.50000000000005,10,63.0,57.0,53.0,61.0,58.0,63.0,0.0
2025-10-06,63.0,60.25,57.0,53.0,61.0,58.0,63.0,23.0,24,9.0,9.8,197,31.0,85,31.0,27.0,20.0,58.0,5.0,3.0,1.0,3.0,2.0,6.0,200.0,5.303304908059076,59.0,4.0943445622221,-0.29237170472273677,-0.9563047559630354,0.0,0.0,0.0,0.0,12.300000000000052,10,63.0,59.0,53.0,59.0,57.0,63.0,0.0
2025-10-07,63.0,60.208333333333336,59.0,53.0,59.0,57.0,63.0,23.0,24,1.8,12.4,253,30.4,82,54.0,109.0,23.0,63.0,0.0,2.0,0.0,-2.0,-1.0,0.0,204.0,5.3230099791384085,156.0,5.056245805348308,-0.9563047559630353,-0.2923717047227371,1.0,0.0,5.3230099791384085,0.0,13.900000000000054,10,62.0,59.0,53.0,59.0,56.0,62.0,0.0
2025-10-08,62.0,59.375,59.0,53.0,59.0,56.0,62.0,21.0,24,11.7,11.2,221,31.2,84,125.0,105.0,4.0,63.0,-1.0,0.0,0.0,0.0,-1.0,-1.0,210.0,5.351858133476067,241.0,5.488937726156687,-0.656059028990507,-0.7547095802227721,1.0,0.0,5.351858133476067,0.0,22.50000000000005,10,56.0,52.0,48.0,54.0,53.0,56.0,0.0
2025-10-09,56.0,53.625,52.0,48.0,54.0,53.0,56.0,17.0,24,9.8,12.0,204,28.9,85,54.0,139.0,2.0,62.0,-6.0,-7.0,-5.0,-5.0,-3.0,-6.0,233.0,5.455321115357702,353.0,5.869296913133774,-0.4067366430758002,-0.9135454576426009,1.0,0.0,5.455321115357702,0.0,23.300000000000054,10,53.0,51.0,52.0,53.0,51.0,51.0,0.0
2025-10-10,53.0,50.958333333333336,51.0,52.0,53.0,51.0,51.0,14.0,24,0.1,11.3,265,31.9,80,44.0,523.0,10.0,56.0,-3.0,-1.0,4.0,-1.0,-2.0,-5.0,223.0,5.4116460518550396,767.0,6.643789733147672,-0.9961946980917455,-0.08715574274765825,1.0,0.0,5.4116460518550396,0.0,21.60000000000005,10,60.0,56.0,55.0,60.0,52.0,56.0,0.0
2025-10-11,60.0,57.375,56.0,55.0,60.0,52.0,56.0,20.0,24,0.6,12.5,183,31.8,82,58.0,379.0,14.0,53.0,7.0,5.0,3.0,7.0,1.0,5.0,156.0,5.056245805348308,1041.0,6.948897222313312,-0.052335956242943564,-0.9986295347545738,0.0,0.0,0.0,0.0,10.500000000000052,10,62.0,58.0,58.0,61.0,56.0,62.0,0.0
2025-10-12,62.0,60.25,58.0,58.0,61.0,56.0,62.0,22.0,24,6.0,13.9,271,31.2,84,19.0,197.0,7.0,60.0,2.0,2.0,3.0,1.0,4.0,6.0,121.0,4.804021044733257,1099.0,7.003065458786462,-0.9998476951563913,0.01745240643728313,1.0,0.0,4.804021044733257,0.0,6.700000000000052,10,59.0,54.0,56.0,58.0,54.0,59.0,0.0
2025-10-13,59.0,56.208333333333336,54.0,56.0,58.0,54.0,59.0,19.0,24,0.9,9.1,144,32.3,83,15.0,186.0,28.0,62.0,-3.0,-4.0,-2.0,-3.0,-2.0,-3.0,92.0,4.532599493153256,762.0,6.637258031284457,0.5877852522924732,-0.8090169943749473,0.0,1.0,0.0,6.637258031284457,7.500000000000052,10,60.0,53.0,56.0,57.0,59.0,60.0,0.0
2025-10-14,60.0,58.375,53.0,56.0,57.0,59.0,60.0,20.0,24,6.0,11.3,91,31.6,84,43.0,179.0,20.0,59.0,1.0,-1.0,0.0,-1.0,5.0,1.0,77.0,4.356708826689592,562.0,6.333279628139691,0.9998476951563913,-0.017452406437283477,0.0,1.0,0.0,6.333279628139691,12.900000000000052,10,59.0,53.0,49.0,51.0,59.0,55.0,0.0
2025-10-15,59.0,56.75,53.0,49.0,51.0,59.0,55.0,19.0,24,3.0,13.3,68,32.3,82,35.0,253.0,28.0,60.0,-1.0,0.0,-7.0,-6.0,0.0,-5.0,93.0,4.543294782270004,618.0,6.428105272684596,0.9271838545667874,0.37460659341591196,0.0,0.0,0.0,0.0,9.900000000000052,10,54.0,48.0,49.0,53.0,54.0,53.0,0.0
2025-10-16,54.0,52.083333333333336,48.0,49.0,53.0,54.0,53.0,15.0,24,13.5,9.7,11,33.6,84,14.0,273.0,14.0,59.0,-5.0,-5.0,0.0,2.0,-5.0,-2.0,92.0,4.532599493153256,705.0,6.559615237493242,0.1908089953765448,0.981627183447664,0.0,0.0,0.0,0.0,22.50000000000005,10,62.0,51.0,54.0,58.0,56.0,62.0,0.0
2025-10-17,62.0,56.625,51.0,54.0,58.0,56.0,62.0,22.0,24,20.0,9.5,350,31.8,88,12.0,157.0,8.0,54.0,8.0,3.0,5.0,5.0,2.0,9.0,61.0,4.127134385045092,683.0,6.52795791762255,-0.1736481776669304,0.984807753012208,0.0,0.0,0.0,0.0,36.50000000000005,10,63.0,53.0,59.0,61.0,56.0,63.0,0.0
2025-10-18,63.0,59.125,53.0,59.0,61.0,56.0,63.0,23.0,24,0.8,10.2,263,33.0,79,36.0,116.0,8.0,62.0,1.0,2.0,5.0,3.0,0.0,1.0,62.0,4.143134726391533,546.0,6.304448802421981,-0.9925461516413221,-0.12186934340514717,1.0,0.0,4.143134726391533,0.0,34.30000000000005,10,53.0,50.0,52.0,53.0,53.0,52.0,0.0
2025-10-19,53.0,52.625,50.0,52.0,53.0,53.0,52.0,14.0,24,2.4,10.6,268,31.6,83,13.0,50.0,5.0,63.0,-10.0,-3.0,-7.0,-8.0,-3.0,-11.0,61.0,4.127134385045092,323.0,5.780743515792329,-0.9993908270190958,-0.03489949670250076,1.0,0.0,4.127134385045092,0.0,23.20000000000005,10,52.0,45.0,46.0,52.0,38.0,45.0,0.0
2025-10-20,52.0,45.66666666666666,45.0,46.0,52.0,38.0,45.0,13.0,24,12.6,15.5,286,31.8,84,1.0,26.0,11.0,53.0,-1.0,-5.0,-6.0,-1.0,-15.0,-7.0,50.0,3.9318256327243257,192.0,5.262690188904886,-0.9612616959383188,0.2756373558169994,1.0,0.0,3.9318256327243257,0.0,15.80000000000005,10,54.0,47.0,51.0,54.0,54.0,52.0,0.0
2025-10-21,54.0,46.625,47.0,51.0,54.0,54.0,52.0,15.0,24,0.2,10.0,340,31.6,84,1.0,63.0,6.0,52.0,2.0,2.0,5.0,2.0,16.0,7.0,15.0,2.772588722239781,139.0,4.941642422609304,-0.3420201433256686,0.9396926207859084,0.0,0.0,0.0,0.0,15.200000000000049,10,55.0,41.0,52.0,55.0,54.0,54.0,0.0
2025-10-22,55.0,50.54166666666666,41.0,52.0,55.0,54.0,54.0,15.0,24,8.8,16.9,303,29.7,84,0.0,14.0,0.0,54.0,1.0,-6.0,1.0,1.0,0.0,2.0,2.0,1.0986122886681098,103.0,4.6443908991413725,-0.8386705679454243,0.5446390350150266,0.0,0.0,0.0,0.0,21.60000000000005,10,43.0,34.0,37.0,43.0,24.0,31.0,0.0
2025-10-23,43.0,35.875,34.0,37.0,43.0,24.0,31.0,10.0,24,16.0,14.0,284,31.6,78,5.0,16.0,0.0,55.0,-12.0,-7.0,-15.0,-12.0,-30.0,-23.0,6.0,1.9459101490553132,93.0,4.543294782270004,-0.9702957262759966,0.24192189559966742,1.0,0.0,1.9459101490553132,0.0,25.00000000000005,10,39.0,36.0,39.0,34.0,28.0,32.0,0.0
2025-10-24,39.0,35.916666666666664,36.0,39.0,34.0,28.0,32.0,9.0,24,2.6,18.6,277,32.5,76,1.0,13.0,1.0,43.0,-4.0,2.0,2.0,-9.0,4.0,1.0,6.0,1.9459101490553132,43.0,3.784189633918261,-0.992546151641322,0.12186934340514768,1.0,0.0,1.9459101490553132,0.0,27.400000000000052,10,39.0,32.0,39.0,35.0,31.0,32.0,0.0
2025-10-25,39.0,35.541666666666664,32.0,39.0,35.0,31.0,32.0,9.0,24,1.3,14.7,239,31.6,76,5.0,19.0,1.0,39.0,0.0,-4.0,0.0,1.0,3.0,0.0,11.0,2.4849066497880004,48.0,3.8918202981106265,-0.8571673007021121,-0.5150380749100544,1.0,0.0,2.4849066497880004,0.0,19.90000000000005,10,53.0,44.0,52.0,53.0,41.0,44.0,0.0
2025-10-26,53.0,46.833333333333336,44.0,52.0,53.0,41.0,44.0,14.0,24,0.1,11.8,252,32.9,75,28.0,8.0,5.0,39.0,14.0,12.0,13.0,18.0,10.0,12.0,34.0,3.5553480614894135,40.0,3.713572066704308,-0.9510565162951535,-0.30901699437494756,1.0,0.0,3.5553480614894135,0.0,4.00000000000005,10,54.0,53.0,53.0,54.0,53.0,53.0,0.0
2025-10-27,54.0,53.66666666666666,53.0,53.0,54.0,53.0,53.0,15.0,24,0.4,11.2,253,32.2,78,61.0,25.0,3.0,53.0,1.0,9.0,1.0,1.0,12.0,9.0,94.0,4.553876891600541,52.0,3.970291913552122,-0.9563047559630353,-0.2923717047227371,1.0,0.0,4.553876891600541,0.0,1.8000000000000498,10,66.0,59.0,61.0,66.0,59.0,59.0,0.0
2025-10-28,66.0,61.625,59.0,61.0,66.0,59.0,59.0,26.0,24,0.1,13.8,265,33.1,75,200.0,18.0,9.0,54.0,12.0,6.0,8.0,12.0,6.0,6.0,289.0,5.66988092298052,51.0,3.9512437185814275,-0.9961946980917455,-0.08715574274765825,1.0,0.0,5.66988092298052,0.0,0.6000000000000497,10,69.0,58.0,62.0,69.0,59.0,58.0,0.0
2025-10-29,69.0,64.25,58.0,62.0,69.0,59.0,58.0,28.0,24,0.1,14.6,251,31.9,81,210.0,13.0,4.0,66.0,3.0,-1.0,1.0,3.0,0.0,-1.0,471.0,6.156978985585555,56.0,4.04305126783455,-0.9455185755993168,-0.32556815445715664,1.0,0.0,6.156978985585555,0.0,0.6000000000000498,10,64.0,56.0,63.0,64.0,56.0,63.0,0.0
2025-10-30,64.0,60.375,56.0,63.0,64.0,56.0,63.0,24.0,24,0.1,11.1,242,33.6,75,222.0,96.0,27.0,69.0,-5.0,-2.0,1.0,-5.0,-3.0,5.0,632.0,6.450470422144176,127.0,4.852030263919617,-0.882947592858927,-0.46947156278589075,1.0,0.0,6.450470422144176,0.0,0.30000000000000004,10,66.0,59.0,63.0,65.0,63.0,66.0,0.0
2025-10-31,66.0,65.16666666666667,59.0,63.0,65.0,63.0,66.0,26.0,24,3.8,11.4,191,32.7,80,162.0,50.0,18.0,64.0,2.0,3.0,0.0,1.0,7.0,3.0,594.0,6.38856140554563,159.0,5.075173815233827,-0.19080899537654472,-0.981627183447664,0.0,0.0,0.0,0.0,4.00000000000005,10,66.0,57.0,58.0,58.0,63.0,66.0,0.0
2025-11-01,66.0,61.16666666666666,57.0,58.0,58.0,63.0,66.0,25.0,24,2.0,8.5,160,33.1,81,207.0,272.0,13.0,66.0,0.0,-2.0,-5.0,-7.0,0.0,0.0,591.0,6.3835066348840055,418.0,6.037870919922137,0.3420201433256689,-0.9396926207859083,0.0,1.0,0.0,6.037870919922137,5.90000000000005,11,58.0,55.0,54.0,56.0,56.0,58.0,0.0
2025-11-02,58.0,55.458333333333336,55.0,54.0,56.0,56.0,58.0,18.0,24,14.4,7.0,55,33.6,84,185.0,148.0,13.0,66.0,-8.0,-2.0,-4.0,-2.0,-7.0,-8.0,554.0,6.318968113746434,470.0,6.154858094016418,0.8191520442889918,0.573576436351046,0.0,0.0,0.0,0.0,20.200000000000053,11,57.0,52.0,51.0,57.0,56.0,56.0,0.0
2025-11-03,57.0,55.29166666666666,52.0,51.0,57.0,56.0,56.0,17.0,24,5.0,11.9,290,31.5,83,288.0,98.0,6.0,58.0,-1.0,-3.0,-3.0,1.0,0.0,-2.0,680.0,6.523562306149512,518.0,6.251903883165888,-0.9396926207859083,0.342020143325669,1.0,0.0,6.523562306149512,0.0,21.40000000000005,11,66.0,56.0,59.0,66.0,57.0,62.0,0.0
2025-11-04,66.0,60.41666666666666,56.0,59.0,66.0,57.0,62.0,25.0,24,1.4,14.8,323,31.5,85,54.0,41.0,6.0,57.0,9.0,4.0,8.0,9.0,1.0,6.0,527.0,6.269096283706261,287.0,5.662960480135946,-0.6018150231520483,0.7986355100472928,0.0,0.0,0.0,0.0,20.80000000000005,11,65.0,56.0,58.0,65.0,57.0,62.0,0.0
2025-11-05,65.0,63.833333333333336,56.0,58.0,65.0,57.0,62.0,25.0,24,0.2,11.2,324,32.9,81,35.0,16.0,5.0,66.0,-1.0,0.0,-1.0,-1.0,0.0,0.0,377.0,5.934894195619588,155.0,5.049856007249537,-0.5877852522924734,0.8090169943749473,0.0,0.0,0.0,0.0,6.600000000000049,11,65.0,57.0,59.0,65.0,56.0,62.0,0.0
2025-11-06,65.0,62.91666666666666,57.0,59.0,65.0,56.0,62.0,24.0,24,1.7,14.2,269,33.1,77,36.0,61.0,1.0,65.0,0.0,1.0,1.0,0.0,-1.0,0.0,125.0,4.836281906951478,118.0,4.77912349311153,-0.9998476951563913,-0.017452406437283498,1.0,0.0,4.836281906951478,0.0,3.3000000000000496,11,59.0,54.0,58.0,59.0,53.0,56.0,0.0
2025-11-07,59.0,55.66666666666666,54.0,58.0,59.0,53.0,56.0,19.0,24,0.2,12.7,267,32.5,76,28.0,33.0,4.0,65.0,-6.0,-3.0,-1.0,-6.0,-3.0,-6.0,99.0,4.605170185988092,110.0,4.709530201312334,-0.9986295347545738,-0.052335956242944306,1.0,0.0,4.605170185988092,0.0,2.10000000000005,11,58.0,57.0,57.0,58.0,57.0,57.0,0.0
2025-11-08,58.0,56.375,57.0,57.0,58.0,57.0,57.0,18.0,24,0.0,14.3,274,33.6,74,104.0,110.0,11.0,59.0,-1.0,3.0,-1.0,-1.0,4.0,1.0,168.0,5.1298987149230735,204.0,5.3230099791384085,-0.9975640502598243,0.06975647374412522,1.0,0.0,5.1298987149230735,0.0,1.9000000000000496,11,65.0,58.0,62.0,64.0,60.0,65.0,0.0
2025-11-09,65.0,62.333333333333336,58.0,62.0,64.0,60.0,65.0,24.0,24,0.7,13.2,306,32.7,78,43.0,24.0,1.0,58.0,7.0,1.0,5.0,6.0,3.0,8.0,175.0,5.170483995038151,167.0,5.123963979403259,-0.8090169943749476,0.5877852522924729,0.0,0.0,0.0,0.0,0.9000000000000496,11,66.0,54.0,63.0,65.0,60.0,66.0,0.0
2025-11-10,66.0,60.458333333333336,54.0,63.0,65.0,60.0,66.0,26.0,24,12.2,14.2,282,30.8,86,62.0,39.0,11.0,65.0,1.0,-4.0,1.0,1.0,0.0,1.0,209.0,5.3471075307174685,173.0,5.159055299214529,-0.9781476007338056,0.20791169081775943,1.0,0.0,5.3471075307174685,0.0,12.900000000000048,11,74.0,74.0,57.0,64.0,57.0,61.0,0.0
2025-11-11,74.0,59.333333333333336,74.0,57.0,64.0,57.0,61.0,23.0,24,10.7,15.9,302,31.2,87,5.0,62.0,0.0,66.0,8.0,20.0,-6.0,-1.0,-3.0,-5.0,110.0,4.709530201312334,125.0,4.836281906951478,-0.8480480961564261,0.5299192642332047,0.0,0.0,0.0,0.0,23.600000000000048,11,64.0,57.0,59.0,64.0,59.0,63.0,0.0
2025-11-12,64.0,59.833333333333336,57.0,59.0,64.0,59.0,63.0,23.0,24,1.5,14.4,299,29.2,89,0.0,0.0,0.0,74.0,-10.0,-17.0,2.0,0.0,2.0,2.0,67.0,4.219507705176107,101.0,4.624972813284271,-0.8746197071393956,0.4848096202463373,0.0,0.0,0.0,0.0,24.40000000000005,11,61.0,53.0,56.0,61.0,61.0,59.0,0.0
2025-11-13,61.0,58.625,53.0,56.0,61.0,61.0,59.0,21.0,24,6.5,7.1,340,31.2,88,17.0,22.0,9.0,64.0,-3.0,-4.0,-3.0,-3.0,2.0,-4.0,22.0,3.1354942159291497,84.0,4.442651256490317,-0.3420201433256686,0.9396926207859084,0.0,0.0,0.0,0.0,18.70000000000005,11,62.0,54.0,55.0,59.0,59.0,62.0,0.0
2025-11-14,62.0,59.708333333333336,54.0,55.0,59.0,59.0,62.0,22.0,24,18.6,10.9,335,32.0,90,66.0,41.0,0.0,61.0,1.0,1.0,-1.0,-2.0,-2.0,3.0,83.0,4.430816798843313,63.0,4.1588830833596715,-0.4226182617406992,0.90630778703665,0.0,0.0,0.0,0.0,26.60000000000005,11,55.0,52.0,54.0,54.0,51.0,55.0,0.0
2025-11-15,55.0,47.458333333333336,52.0,54.0,54.0,51.0,55.0,16.0,24,3.3,14.9,4,30.9,85,25.0,17.0,3.0,62.0,-7.0,-2.0,-1.0,-5.0,-8.0,-7.0,108.0,4.6913478822291435,80.0,4.394449154672439,0.0697564737441253,0.9975640502598242,0.0,0.0,0.0,0.0,28.400000000000052,11,53.0,45.0,47.0,53.0,42.0,52.0,0.0
2025-11-16,53.0,50.66666666666666,45.0,47.0,53.0,42.0,52.0,14.0,24,8.3,10.2,335,29.6,92,0.0,14.0,7.0,55.0,-2.0,-7.0,-7.0,-1.0,-9.0,-3.0,91.0,4.5217885770490405,72.0,4.290459441148391,-0.4226182617406992,0.90630778703665,0.0,0.0,0.0,0.0,30.200000000000053,11,54.0,49.0,54.0,54.0,41.0,50.0,0.0
2025-11-17,54.0,51.208333333333336,49.0,54.0,54.0,41.0,50.0,14.0,24,24.9,6.3,347,31.8,89,4.0,18.0,9.0,53.0,1.0,4.0,7.0,1.0,-1.0,-2.0,29.0,3.4011973816621555,49.0,3.912023005428146,-0.22495105434386534,0.9743700647852351,0.0,0.0,0.0,0.0,36.50000000000005,11,58.0,53.0,55.0,55.0,51.0,58.0,0.0
2025-11-18,58.0,54.95652173913044,53.0,55.0,55.0,51.0,58.0,18.0,23,10.5,14.0,328,31.4,87,3.0,11.0,7.0,54.0,4.0,4.0,1.0,1.0,10.0,8.0,7.0,2.0794415416798357,43.0,3.784189633918261,-0.529919264233205,0.8480480961564258,0.0,0.0,0.0,0.0,43.70000000000005,11,58.0,53.0,56.0,56.0,54.0,58.0,0.0
2025-11-19,58.0,54.04166666666666,53.0,56.0,56.0,54.0,58.0,18.0,24,3.9,13.5,320,31.7,84,2.0,10.0,0.0,58.0,0.0,0.0,1.0,1.0,3.0,0.0,9.0,2.302585092994046,39.0,3.6888794541139363,-0.6427876096865396,0.7660444431189778,0.0,0.0,0.0,0.0,39.30000000000005,11,52.0,41.0,44.0,48.0,49.0,52.0,0.0
2025-11-20,52.0,46.54166666666666,41.0,44.0,48.0,49.0,52.0,13.0,24,10.3,12.4,297,30.1,90,11.0,5.0,0.0,58.0,-6.0,-12.0,-12.0,-8.0,-5.0,-6.0,16.0,2.833213344056216,26.0,3.295836866004329,-0.891006524188368,0.45399049973954664,0.0,0.0,0.0,0.0,24.700000000000053,11,52.0,41.0,45.0,52.0,41.0,46.0,0.0
2025-11-21,52.0,50.04166666666666,41.0,45.0,52.0,41.0,46.0,13.0,24,0.8,9.0,294,30.5,86,2.0,10.0,0.0,52.0,0.0,0.0,1.0,4.0,-8.0,-6.0,15.0,2.772588722239781,25.0,3.258096538021482,-0.9135454576426011,0.40673664307579976,0.0,0.0,0.0,0.0,15.000000000000052,11,51.0,38.0,42.0,51.0,41.0,42.0,0.0
2025-11-22,51.0,42.833333333333336,38.0,42.0,51.0,41.0,42.0,12.0,24,17.0,12.1,293,30.6,87,3.0,4.0,7.0,52.0,-1.0,-3.0,-3.0,-1.0,0.0,-4.0,16.0,2.833213344056216,19.0,2.995732273553991,-0.9205048534524405,0.3907311284892735,0.0,0.0,0.0,0.0,28.10000000000005,11,42.0,35.0,32.0,42.0,28.0,31.0,0.0
2025-11-23,42.0,36.708333333333336,35.0,32.0,42.0,28.0,31.0,10.0,24,6.1,14.8,282,32.2,79,4.0,25.0,10.0,51.0,-9.0,-3.0,-10.0,-9.0,-13.0,-11.0,9.0,2.302585092994046,39.0,3.6888794541139363,-0.9781476007338056,0.20791169081775943,1.0,0.0,2.302585092994046,0.0,23.90000000000005,11,44.0,30.0,33.0,44.0,28.0,31.0,0.0
2025-11-24,44.0,38.458333333333336,30.0,33.0,44.0,28.0,31.0,11.0,24,3.1,9.8,263,31.1,85,12.0,9.0,1.0,42.0,2.0,-5.0,1.0,2.0,0.0,0.0,19.0,2.995732273553991,38.0,3.6635616461296463,-0.9925461516413221,-0.12186934340514717,1.0,0.0,2.995732273553991,0.0,26.20000000000005,11,47.0,37.0,39.0,47.0,28.0,41.0,0.0
2025-11-25,47.0,42.958333333333336,37.0,39.0,47.0,28.0,41.0,11.0,24,8.2,9.6,247,30.5,87,6.0,29.0,0.0,44.0,3.0,7.0,6.0,3.0,0.0,10.0,22.0,3.1354942159291497,63.0,4.1588830833596715,-0.9205048534524403,-0.3907311284892738,1.0,0.0,3.1354942159291497,0.0,17.40000000000005,11,56.0,51.0,51.0,56.0,45.0,54.0,0.0
2025-11-26,56.0,50.583333333333336,51.0,51.0,56.0,45.0,54.0,16.0,24,11.5,12.8,262,31.7,85,23.0,7.0,0.0,47.0,9.0,14.0,12.0,9.0,17.0,13.0,41.0,3.7376696182833684,45.0,3.828641396489095,-0.9902680687415703,-0.13917310096006583,1.0,0.0,3.7376696182833684,0.0,22.800000000000047,11,56.0,45.0,52.0,56.0,49.0,54.0,0.0
2025-11-27,56.0,53.54166666666666,45.0,52.0,56.0,49.0,54.0,16.0,24,15.0,14.6,229,30.5,87,4.0,19.0,0.0,56.0,0.0,-6.0,1.0,0.0,4.0,0.0,33.0,3.5263605246161616,55.0,4.02535169073515,-0.754709580222772,-0.6560590289905073,1.0,0.0,3.5263605246161616,0.0,34.700000000000045,11,51.0,39.0,38.0,39.0,39.0,51.0,0.0
2025-11-28,51.0,38.208333333333336,39.0,38.0,39.0,39.0,51.0,12.0,24,20.1,18.9,269,28.9,90,5.0,65.0,0.0,56.0,-5.0,-6.0,-14.0,-17.0,-10.0,-3.0,32.0,3.4965075614664802,91.0,4.5217885770490405,-0.9998476951563913,-0.017452406437283498,1.0,0.0,3.4965075614664802,0.0,46.60000000000005,11,46.0,44.0,38.0,46.0,31.0,40.0,0.0
2025-11-29,46.0,41.125,44.0,38.0,46.0,31.0,40.0,11.0,24,0.2,11.4,292,32.3,77,16.0,5.0,9.0,51.0,-5.0,5.0,0.0,7.0,-8.0,-11.0,25.0,3.258096538021482,89.0,4.499809670330265,-0.9271838545667874,0.37460659341591196,0.0,0.0,0.0,0.0,35.300000000000054,11,114.0,114.0,56.0,59.0,57.0,62.0,1.0
2025-11-30,114.0,66.83333333333333,114.0,56.0,59.0,57.0,62.0,22.0,24,1.1,8.4,47,32.0,81,49.0,19.0,11.0,46.0,68.0,70.0,18.0,13.0,26.0,22.0,70.0,4.2626798770413155,89.0,4.499809670330265,0.7313537016191705,0.6819983600624985,0.0,0.0,0.0,0.0,21.400000000000052,11,69.0,57.0,60.0,59.0,60.0,69.0,0.0
2025-12-01,69.0,66.0,57.0,60.0,59.0,60.0,69.0,28.0,24,5.6,10.6,109,31.8,88,5.0,11.0,3.0,114.0,-45.0,-57.0,4.0,0.0,3.0,7.0,70.0,4.2626798770413155,35.0,3.58351893845611,0.9455185755993168,-0.32556815445715664,0.0,1.0,0.0,3.58351893845611,6.900000000000049,12,69.0,55.0,60.0,59.0,60.0,69.0,0.0
2025-12-02,69.0,63.0,55.0,60.0,59.0,60.0,69.0,28.0,24,12.1,12.5,219,25.6,95,5.0,12.0,17.0,69.0,0.0,-2.0,0.0,0.0,0.0,0.0,59.0,4.0943445622221,42.0,3.7612001156935624,-0.6293203910498376,-0.7771459614569708,1.0,0.0,4.0943445622221,0.0,18.800000000000047,12,68.0,62.0,59.0,66.0,56.0,68.0,0.0
2025-12-03,68.0,61.583333333333336,62.0,59.0,66.0,56.0,68.0,27.0,24,1.3,9.5,32,33.1,84,9.0,30.0,17.0,69.0,-1.0,7.0,-1.0,7.0,-4.0,-1.0,19.0,2.995732273553991,53.0,3.9889840465642745,0.5299192642332049,0.848048096156426,0.0,0.0,0.0,0.0,19.000000000000046,12,66.0,55.0,58.0,63.0,57.0,66.0,0.0
2025-12-04,66.0,58.5,55.0,58.0,63.0,57.0,66.0,26.0,24,22.8,9.3,331,31.3,91,5.0,43.0,25.0,68.0,-2.0,-7.0,-1.0,-3.0,1.0,-2.0,19.0,2.995732273553991,85.0,4.454347296253507,-0.4848096202463369,0.8746197071393959,0.0,0.0,0.0,0.0,36.200000000000045,12,55.0,45.0,51.0,55.0,46.0,55.0,0.0
2025-12-05,55.0,53.958333333333336,45.0,51.0,55.0,46.0,55.0,16.0,24,2.6,9.1,15,32.7,83,5.0,4.0,14.0,66.0,-11.0,-10.0,-7.0,-8.0,-11.0,-11.0,19.0,2.995732273553991,77.0,4.356708826689592,0.25881904510252074,0.9659258262890683,0.0,0.0,0.0,0.0,26.70000000000005,12,55.0,41.0,51.0,55.0,42.0,55.0,0.0
2025-12-06,55.0,48.25,41.0,51.0,55.0,42.0,55.0,15.0,24,3.5,17.4,11,30.2,84,14.0,16.0,2.0,55.0,0.0,-4.0,0.0,0.0,-4.0,0.0,24.0,3.2188758248682006,63.0,4.1588830833596715,0.1908089953765448,0.981627183447664,0.0,0.0,0.0,0.0,28.900000000000052,12,53.0,41.0,51.0,53.0,43.0,45.0,0.0
2025-12-07,53.0,49.66666666666666,41.0,51.0,53.0,43.0,45.0,13.0,24,0.2,15.5,1,31.5,79,1.0,21.0,7.0,55.0,-2.0,0.0,0.0,-2.0,1.0,-10.0,20.0,3.044522437723423,41.0,3.7376696182833684,0.01745240643728351,0.9998476951563913,0.0,0.0,0.0,0.0,6.30000000000005,12,53.0,52.0,52.0,53.0,44.0,52.0,0.0
2025-12-08,53.0,50.79166666666666,52.0,52.0,53.0,44.0,52.0,14.0,24,0.1,15.5,13,29.5,78,3.0,5.0,12.0,53.0,0.0,11.0,1.0,0.0,1.0,7.0,18.0,2.9444389791664403,42.0,3.7612001156935624,0.224951054343865,0.9743700647852352,0.0,0.0,0.0,0.0,3.8000000000000496,12,58.0,54.0,58.0,58.0,53.0,56.0,0.0
2025-12-09,58.0,56.583333333333336,54.0,58.0,58.0,53.0,56.0,18.0,24,0.8,14.5,13,30.6,78,5.0,22.0,3.0,53.0,5.0,2.0,6.0,5.0,9.0,4.0,9.0,2.302585092994046,48.0,3.8918202981106265,0.224951054343865,0.9743700647852352,0.0,0.0,0.0,0.0,1.1000000000000498,12,55.0,53.0,54.0,55.0,52.0,54.0,0.0
2025-12-10,55.0,51.16666666666666,53.0,54.0,55.0,52.0,54.0,16.0,24,7.4,11.2,8,31.6,84,1.0,19.0,14.0,58.0,-3.0,-1.0,-4.0,-3.0,-1.0,-2.0,9.0,2.302585092994046,46.0,3.8501476017100584,0.13917310096006544,0.9902680687415704,0.0,0.0,0.0,0.0,8.30000000000005,12,58.0,54.0,57.0,58.0,53.0,56.0,0.0
2025-12-11,58.0,52.25,54.0,57.0,58.0,53.0,56.0,19.0,24,3.8,6.0,321,30.4,88,4.0,34.0,6.0,55.0,3.0,1.0,3.0,3.0,1.0,2.0,10.0,2.3978952727983707,75.0,4.330733340286331,-0.6293203910498378,0.7771459614569706,0.0,0.0,0.0,0.0,12.00000000000005,12,61.0,54.0,57.0,61.0,56.0,56.0,0.0
2025-12-12,61.0,58.458333333333336,54.0,57.0,61.0,56.0,56.0,21.0,24,18.2,11.1,15,31.9,88,1.0,18.0,2.0,58.0,3.0,0.0,0.0,3.0,3.0,0.0,6.0,1.9459101490553132,71.0,4.276666119016055,0.25881904510252074,0.9659258262890683,0.0,0.0,0.0,0.0,29.40000000000005,12,55.0,49.0,52.0,55.0,54.0,54.0,0.0
2025-12-13,55.0,50.41666666666666,49.0,52.0,55.0,54.0,54.0,16.0,24,3.1,8.5,17,30.3,90,0.0,4.0,1.0,61.0,-6.0,-5.0,-5.0,-6.0,-2.0,-2.0,5.0,1.791759469228055,56.0,4.04305126783455,0.29237170472273677,0.9563047559630354,0.0,0.0,0.0,0.0,25.10000000000005,12,48.0,34.0,48.0,40.0,31.0,38.0,0.0
2025-12-14,48.0,39.208333333333336,34.0,48.0,40.0,31.0,38.0,10.0,24,27.1,11.6,12,28.8,91,0.0,9.0,3.0,55.0,-7.0,-15.0,-4.0,-15.0,-23.0,-16.0,1.0,0.6931471805599453,31.0,3.4657359027997265,0.20791169081775934,0.9781476007338057,0.0,0.0,0.0,0.0,48.40000000000005,12,54.0,28.0,54.0,35.0,24.0,29.0,0.0
2025-12-15,54.0,46.04166666666666,28.0,54.0,35.0,24.0,29.0,8.0,24,27.2,11.0,19,26.4,98,1.0,9.0,4.0,48.0,6.0,-6.0,6.0,-5.0,-7.0,-9.0,1.0,0.6931471805599453,22.0,3.1354942159291497,0.3255681544571567,0.9455185755993168,0.0,0.0,0.0,0.0,57.40000000000005,12,34.0,27.0,30.0,34.0,24.0,30.0,0.0
2025-12-16,34.0,31.0,27.0,30.0,34.0,24.0,30.0,8.0,24,37.6,11.6,356,27.4,96,0.0,10.0,1.0,54.0,-20.0,-1.0,-24.0,-1.0,0.0,1.0,1.0,0.6931471805599453,28.0,3.367295829986474,-0.06975647374412564,0.9975640502598242,0.0,0.0,0.0,0.0,91.90000000000006,12,31.0,24.0,26.0,31.0,24.0,29.0,0.0
2025-12-17,31.0,27.83333333333333,24.0,26.0,31.0,24.0,29.0,8.0,24,34.0,12.6,320,28.7,93,0.0,21.0,4.0,34.0,-3.0,-3.0,-4.0,-3.0,0.0,-1.0,1.0,0.6931471805599453,40.0,3.713572066704308,-0.6427876096865396,0.7660444431189778,0.0,0.0,0.0,0.0,98.80000000000007,12,26.0,24.0,26.0,25.0,19.0,26.0,0.0
2025-12-18,26.0,24.791666666666668,24.0,26.0,25.0,19.0,26.0,6.0,24,25.8,22.3,342,29.0,89,7.0,13.0,3.0,31.0,-5.0,0.0,0.0,-6.0,-5.0,-3.0,7.0,2.0794415416798357,44.0,3.8066624897703196,-0.3090169943749477,0.9510565162951535,0.0,0.0,0.0,0.0,97.40000000000006,12,41.0,28.0,41.0,35.0,27.0,36.0,0.0
2025-12-19,41.0,36.0,28.0,41.0,35.0,27.0,36.0,10.0,24,9.7,13.6,335,27.8,91,5.0,21.0,15.0,26.0,15.0,4.0,15.0,10.0,8.0,10.0,12.0,2.5649493574615367,55.0,4.02535169073515,-0.4226182617406992,0.90630778703665,0.0,0.0,0.0,0.0,69.50000000000006,12,51.0,37.0,45.0,51.0,37.0,46.0,0.0
2025-12-20,51.0,43.625,37.0,45.0,51.0,37.0,46.0,12.0,24,8.7,13.9,353,31.0,87,20.0,9.0,14.0,41.0,10.0,9.0,4.0,16.0,10.0,10.0,32.0,3.4965075614664802,43.0,3.784189633918261,-0.12186934340514723,0.9925461516413221,0.0,0.0,0.0,0.0,44.200000000000045,12,51.0,36.0,51.0,50.0,38.0,43.0,0.0
2025-12-21,51.0,46.25,36.0,51.0,50.0,38.0,43.0,12.0,24,1.4,15.4,1,32.0,79,5.0,7.0,4.0,51.0,0.0,-1.0,6.0,-1.0,1.0,-3.0,30.0,3.4339872044851463,37.0,3.6375861597263857,0.01745240643728351,0.9998476951563913,0.0,0.0,0.0,0.0,19.800000000000047,12,44.0,36.0,37.0,44.0,28.0,38.0,0.0
2025-12-22,44.0,40.41666666666666,36.0,37.0,44.0,28.0,38.0,10.0,24,0.0,17.6,3,32.2,77,32.0,11.0,17.0,51.0,-7.0,0.0,-14.0,-6.0,-10.0,-5.0,57.0,4.060443010546419,27.0,3.332204510175204,0.052335956242943835,0.9986295347545738,0.0,0.0,0.0,0.0,10.10000000000005,12,52.0,49.0,48.0,52.0,45.0,48.0,0.0
2025-12-23,52.0,50.41666666666666,49.0,48.0,52.0,45.0,48.0,13.0,24,1.0,15.2,358,32.3,81,11.0,6.0,28.0,44.0,8.0,13.0,11.0,8.0,17.0,10.0,48.0,3.8918202981106265,24.0,3.2188758248682006,-0.034899496702500823,0.9993908270190958,0.0,0.0,0.0,0.0,2.4000000000000496,12,53.0,49.0,46.0,53.0,45.0,44.0,0.0
2025-12-24,53.0,47.333333333333336,49.0,46.0,53.0,45.0,44.0,13.0,24,0.6,15.5,1,32.5,80,18.0,17.0,15.0,52.0,1.0,0.0,-2.0,1.0,0.0,-4.0,61.0,4.127134385045092,34.0,3.5553480614894135,0.01745240643728351,0.9998476951563913,0.0,0.0,0.0,0.0,1.6000000000000498,12,49.0,36.0,47.0,49.0,36.0,41.0,0.0
2025-12-25,49.0,44.66666666666666,36.0,47.0,49.0,36.0,41.0,12.0,24,2.6,12.0,355,31.9,84,4.0,20.0,2.0,53.0,-4.0,-13.0,1.0,-4.0,-9.0,-3.0,33.0,3.5263605246161616,43.0,3.784189633918261,-0.08715574274765832,0.9961946980917455,0.0,0.0,0.0,0.0,4.20000000000005,12,48.0,36.0,46.0,48.0,36.0,41.0,0.0
2025-12-26,48.0,41.833333333333336,36.0,46.0,48.0,36.0,41.0,11.0,24,17.9,12.2,3,32.0,87,3.0,27.0,1.0,49.0,-1.0,0.0,-1.0,-1.0,0.0,0.0,25.0,3.258096538021482,64.0,4.174387269895637,0.052335956242943835,0.9986295347545738,0.0,0.0,0.0,0.0,21.100000000000048,12,40.0,27.0,34.0,40.0,31.0,38.0,0.0
2025-12-27,40.0,36.79166666666666,27.0,34.0,40.0,31.0,38.0,10.0,24,7.0,12.5,21,30.6,90,0.0,15.0,1.0,48.0,-8.0,-9.0,-12.0,-8.0,-5.0,-3.0,7.0,2.0794415416798357,62.0,4.143134726391533,0.35836794954530027,0.9335804264972017,0.0,0.0,0.0,0.0,27.500000000000046,12,38.0,28.0,31.0,37.0,28.0,38.0,0.0
2025-12-28,38.0,34.458333333333336,28.0,31.0,37.0,28.0,38.0,9.0,24,15.9,10.1,16,30.8,89,0.0,14.0,0.0,40.0,-2.0,1.0,-3.0,-3.0,-3.0,0.0,3.0,1.3862943611198906,56.0,4.04305126783455,0.27563735581699916,0.9612616959383189,0.0,0.0,0.0,0.0,40.80000000000005,12,30.0,28.0,29.0,30.0,23.0,29.0,0.0
2025-12-29,30.0,27.58333333333333,28.0,29.0,30.0,23.0,29.0,7.0,24,10.7,14.5,17,29.5,88,1.0,9.0,8.0,38.0,-8.0,0.0,-2.0,-7.0,-5.0,-9.0,1.0,0.6931471805599453,38.0,3.6635616461296463,0.29237170472273677,0.9563047559630354,0.0,0.0,0.0,0.0,33.60000000000005,12,52.0,47.0,52.0,52.0,44.0,52.0,0.0
2025-12-30,52.0,43.875,47.0,52.0,52.0,44.0,52.0,13.0,24,0.2,15.9,18,30.9,78,0.0,5.0,14.0,30.0,22.0,19.0,23.0,22.0,21.0,23.0,1.0,0.6931471805599453,28.0,3.367295829986474,0.3090169943749474,0.9510565162951535,0.0,0.0,0.0,0.0,26.80000000000005,12,56.0,53.0,56.0,56.0,53.0,55.0,0.0
2025-12-31,56.0,55.0,53.0,56.0,56.0,53.0,55.0,17.0,24,0.5,12.2,10,30.4,80,2.0,12.0,10.0,52.0,4.0,6.0,4.0,4.0,9.0,3.0,3.0,1.3862943611198906,26.0,3.295836866004329,0.17364817766693033,0.984807753012208,0.0,0.0,0.0,0.0,11.400000000000048,12,56.0,53.0,55.0,55.0,56.0,56.0,0.0
2026-01-01,56.0,55.54166666666666,53.0,55.0,55.0,56.0,56.0,17.0,24,4.7,11.9,10,30.4,83,4.0,1.0,2.0,56.0,0.0,0.0,-1.0,-1.0,3.0,1.0,6.0,1.9459101490553132,18.0,2.9444389791664403,0.17364817766693033,0.984807753012208,0.0,0.0,0.0,0.0,5.40000000000005,1,56.0,53.0,54.0,56.0,55.0,56.0,0.0
2026-01-02,56.0,55.0,53.0,54.0,56.0,55.0,56.0,16.0,24,5.0,14.6,18,30.6,81,0.0,13.0,2.0,56.0,0.0,0.0,-1.0,1.0,-1.0,0.0,6.0,1.9459101490553132,26.0,3.295836866004329,0.3090169943749474,0.9510565162951535,0.0,0.0,0.0,0.0,10.200000000000049,1,58.0,54.0,55.0,56.0,55.0,58.0,0.0
2026-01-03,58.0,56.625,54.0,55.0,56.0,55.0,58.0,18.0,24,1.7,15.3,360,29.8,83,1.0,1.0,13.0,56.0,2.0,1.0,1.0,0.0,0.0,2.0,5.0,1.791759469228055,15.0,2.772588722239781,-2.4492935982947064e-16,1.0,0.0,0.0,0.0,0.0,11.40000000000005,1,57.0,57.0,55.0,56.0,52.0,55.0,0.0
2026-01-04,57.0,55.333333333333336,57.0,55.0,56.0,52.0,55.0,18.0,24,0.1,17.6,25,30.8,77,3.0,5.0,10.0,58.0,-1.0,3.0,0.0,0.0,-3.0,-3.0,4.0,1.6094379124341003,19.0,2.995732273553991,0.42261826174069944,0.9063077870366499,0.0,0.0,0.0,0.0,6.80000000000005,1,56.0,56.0,54.0,55.0,52.0,54.0,0.0
2026-01-05,56.0,52.708333333333336,56.0,54.0,55.0,52.0,54.0,17.0,24,1.3,11.2,16,30.8,81,7.0,7.0,5.0,57.0,-1.0,-1.0,-1.0,-1.0,0.0,-1.0,11.0,2.4849066497880004,13.0,2.6390573296152584,0.27563735581699916,0.9612616959383189,0.0,0.0,0.0,0.0,3.10000000000005,1,52.0,51.0,49.0,52.0,48.0,52.0,0.0
2026-01-06,52.0,49.91666666666666,51.0,49.0,52.0,48.0,52.0,13.0,24,0.7,19.6,23,28.9,83,37.0,0.0,1.0,56.0,-4.0,-5.0,-5.0,-3.0,-4.0,-2.0,47.0,3.871201010907891,12.0,2.5649493574615367,0.39073112848927377,0.9205048534524404,0.0,0.0,0.0,0.0,2.10000000000005,1,43.0,42.0,36.0,43.0,36.0,40.0,0.0
2026-01-07,43.0,36.083333333333336,42.0,36.0,43.0,36.0,40.0,10.0,24,27.4,16.3,32,28.9,91,54.0,6.0,1.0,52.0,-9.0,-9.0,-13.0,-9.0,-12.0,-12.0,98.0,4.59511985013459,13.0,2.6390573296152584,0.5299192642332049,0.848048096156426,0.0,0.0,0.0,0.0,29.40000000000005,1,57.0,48.0,53.0,57.0,52.0,55.0,0.0
2026-01-08,57.0,53.208333333333336,48.0,53.0,57.0,52.0,55.0,17.0,24,13.7,18.2,27,28.5,84,2.0,0.0,3.0,43.0,14.0,6.0,17.0,14.0,16.0,15.0,93.0,4.543294782270004,6.0,1.9459101490553132,0.45399049973954675,0.8910065241883679,0.0,0.0,0.0,0.0,41.80000000000005,1,56.0,51.0,53.0,56.0,51.0,56.0,0.0
2026-01-09,56.0,55.04166666666666,51.0,53.0,56.0,51.0,56.0,17.0,24,1.7,19.3,23,29.3,77,1.0,3.0,11.0,57.0,-1.0,3.0,0.0,-1.0,-1.0,1.0,57.0,4.060443010546419,9.0,2.302585092994046,0.39073112848927377,0.9205048534524404,0.0,0.0,0.0,0.0,42.800000000000054,1,59.0,55.0,54.0,59.0,56.0,59.0,0.0
2026-01-10,59.0,58.16666666666666,55.0,54.0,59.0,56.0,59.0,19.0,24,0.6,14.2,16,30.2,77,12.0,16.0,18.0,56.0,3.0,4.0,1.0,3.0,5.0,3.0,15.0,2.772588722239781,19.0,2.995732273553991,0.27563735581699916,0.9612616959383189,0.0,0.0,0.0,0.0,16.00000000000005,1,59.0,55.0,56.0,59.0,55.0,59.0,0.0
2026-01-11,59.0,57.875,55.0,56.0,59.0,55.0,59.0,19.0,24,0.0,16.8,13,30.1,76,13.0,5.0,10.0,59.0,0.0,0.0,2.0,0.0,-1.0,0.0,26.0,3.295836866004329,24.0,3.2188758248682006,0.224951054343865,0.9743700647852352,0.0,0.0,0.0,0.0,2.3000000000000496,1,57.0,53.0,53.0,54.0,53.0,57.0,0.0
2026-01-12,57.0,55.54166666666666,53.0,53.0,54.0,53.0,57.0,17.0,24,0.0,16.1,9,30.4,73,23.0,16.0,19.0,59.0,-2.0,-2.0,-3.0,-5.0,-2.0,-2.0,48.0,3.8918202981106265,37.0,3.6375861597263857,0.15643446504023087,0.9876883405951378,0.0,0.0,0.0,0.0,0.6000000000000497,1,60.0,54.0,54.0,58.0,55.0,60.0,0.0
2026-01-13,60.0,57.625,54.0,54.0,58.0,55.0,60.0,20.0,24,1.4,14.6,11,30.8,79,38.0,31.0,25.0,57.0,3.0,1.0,1.0,4.0,2.0,3.0,74.0,4.31748811353631,52.0,3.970291913552122,0.1908089953765448,0.981627183447664,0.0,0.0,0.0,0.0,1.4000000000000496,1,60.0,54.0,55.0,58.0,55.0,60.0,0.0
2026-01-14,60.0,55.79166666666666,54.0,55.0,58.0,55.0,60.0,20.0,24,0.4,14.7,20,30.7,80,16.0,57.0,25.0,60.0,0.0,0.0,1.0,0.0,0.0,0.0,77.0,4.356708826689592,104.0,4.653960350157523,0.3420201433256687,0.9396926207859084,0.0,0.0,0.0,0.0,1.8000000000000496,1,62.0,56.0,54.0,59.0,55.0,62.0,0.0
2026-01-15,62.0,58.625,56.0,54.0,59.0,55.0,62.0,21.0,24,0.4,11.9,24,30.5,81,46.0,72.0,17.0,60.0,2.0,2.0,-1.0,1.0,0.0,2.0,100.0,4.61512051684126,160.0,5.081404364984463,0.4067366430758002,0.9135454576426009,0.0,0.0,0.0,0.0,2.20000000000005,1,61.0,56.0,54.0,59.0,54.0,61.0,0.0
2026-01-16,61.0,58.583333333333336,56.0,54.0,59.0,54.0,61.0,21.0,24,1.1,14.4,18,31.1,81,20.0,99.0,24.0,62.0,-1.0,0.0,0.0,0.0,-1.0,-1.0,82.0,4.418840607796598,228.0,5.43372200355424,0.3090169943749474,0.9510565162951535,0.0,0.0,0.0,0.0,1.9000000000000499,1,58.0,51.0,51.0,58.0,54.0,58.0,0.0
2026-01-17,58.0,57.41666666666666,51.0,51.0,58.0,54.0,58.0,18.0,24,1.4,15.0,14,30.7,80,65.0,127.0,27.0,61.0,-3.0,-5.0,-3.0,-1.0,0.0,-3.0,131.0,4.882801922586371,298.0,5.700443573390687,0.24192189559966773,0.9702957262759965,0.0,0.0,0.0,0.0,2.9000000000000496,1,60.0,53.0,53.0,60.0,55.0,59.0,0.0
2026-01-18,60.0,59.333333333333336,53.0,53.0,60.0,55.0,59.0,20.0,24,0.3,13.8,22,31.7,75,68.0,196.0,21.0,58.0,2.0,2.0,2.0,2.0,1.0,1.0,153.0,5.0369526024136295,422.0,6.0473721790462776,0.374606593415912,0.9271838545667874,0.0,0.0,0.0,0.0,2.8000000000000496,1,59.0,52.0,53.0,56.0,53.0,59.0,0.0
2026-01-19,59.0,55.91666666666666,52.0,53.0,56.0,53.0,59.0,19.0,24,0.2,13.5,20,31.4,74,9.0,164.0,15.0,60.0,-1.0,-1.0,0.0,-4.0,-2.0,0.0,142.0,4.962844630259907,487.0,6.1903154058531475,0.3420201433256687,0.9396926207859084,0.0,0.0,0.0,0.0,1.9000000000000496,1,60.0,52.0,52.0,60.0,56.0,58.0,0.0
2026-01-20,60.0,59.25,52.0,52.0,60.0,56.0,58.0,20.0,24,0.4,13.0,16,31.4,78,26.0,201.0,18.0,59.0,1.0,0.0,-1.0,4.0,3.0,-1.0,103.0,4.6443908991413725,561.0,6.331501849893691,0.27563735581699916,0.9612616959383189,0.0,0.0,0.0,0.0,0.9000000000000498,1,59.0,51.0,52.0,59.0,55.0,56.0,0.0
2026-01-21,59.0,56.458333333333336,51.0,52.0,59.0,55.0,56.0,19.0,24,0.2,13.0,19,31.3,76,42.0,146.0,11.0,60.0,-1.0,-1.0,0.0,-1.0,-1.0,-2.0,77.0,4.356708826689592,511.0,6.238324625039508,0.3255681544571567,0.9455185755993168,0.0,0.0,0.0,0.0,0.8000000000000498,1,58.0,51.0,53.0,58.0,54.0,57.0,0.0
2026-01-22,58.0,56.708333333333336,51.0,53.0,58.0,54.0,57.0,18.0,24,0.0,16.0,10,31.2,73,96.0,273.0,25.0,59.0,-1.0,0.0,1.0,-1.0,-1.0,1.0,164.0,5.10594547390058,620.0,6.431331081933479,0.17364817766693033,0.984807753012208,0.0,0.0,0.0,0.0,0.6000000000000498,1,57.0,52.0,54.0,55.0,53.0,57.0,0.0
2026-01-23,57.0,55.16666666666666,52.0,54.0,55.0,53.0,57.0,17.0,24,0.6,18.4,14,31.2,74,103.0,138.0,54.0,58.0,-1.0,1.0,1.0,-3.0,-1.0,0.0,241.0,5.488937726156687,557.0,6.324358962381311,0.24192189559966773,0.9702957262759965,0.0,0.0,0.0,0.0,0.8000000000000497,1,58.0,43.0,43.0,58.0,43.0,50.0,0.0
2026-01-24,58.0,52.66666666666666,43.0,43.0,58.0,43.0,50.0,18.0,24,0.2,18.1,15,32.1,74,210.0,93.0,50.0,57.0,1.0,-9.0,-11.0,3.0,-10.0,-7.0,409.0,6.016157159698354,504.0,6.22455842927536,0.25881904510252074,0.9659258262890683,0.0,0.0,0.0,0.0,0.8000000000000496,1,59.0,47.0,45.0,59.0,39.0,57.0,0.0
2026-01-25,59.0,56.458333333333336,47.0,45.0,59.0,39.0,57.0,19.0,24,0.6,16.4,27,30.7,76,258.0,80.0,40.0,58.0,1.0,4.0,2.0,1.0,-4.0,7.0,571.0,6.349138991379798,311.0,5.7430031878094825,0.45399049973954675,0.8910065241883679,0.0,0.0,0.0,0.0,1.4000000000000496,1,60.0,52.0,53.0,57.0,45.0,60.0,0.0
2026-01-26,60.0,58.54166666666666,52.0,53.0,57.0,45.0,60.0,20.0,24,0.0,17.5,30,31.5,73,179.0,81.0,45.0,59.0,1.0,5.0,8.0,-2.0,6.0,3.0,647.0,6.473890696352274,254.0,5.541263545158426,0.49999999999999994,0.8660254037844387,0.0,0.0,0.0,0.0,0.8000000000000498,1,61.0,45.0,55.0,61.0,46.0,54.0,0.0
2026-01-27,61.0,59.79166666666666,45.0,55.0,61.0,46.0,54.0,21.0,24,0.0,16.1,20,30.8,72,203.0,73.0,43.0,60.0,1.0,-7.0,2.0,4.0,1.0,-6.0,640.0,6.46302945692067,234.0,5.459585514144159,0.3420201433256687,0.9396926207859084,0.0,0.0,0.0,0.0,0.6000000000000498,1,56.0,45.0,54.0,56.0,42.0,49.0,0.0
2026-01-28,56.0,55.16666666666666,45.0,54.0,56.0,42.0,49.0,17.0,24,0.3,14.7,21,31.4,76,70.0,36.0,13.0,61.0,-5.0,0.0,-1.0,-5.0,-4.0,-5.0,452.0,6.115892125483034,190.0,5.25227342804663,0.35836794954530027,0.9335804264972017,0.0,0.0,0.0,0.0,0.3000000000000497,1,52.0,43.0,49.0,52.0,45.0,49.0,0.0
2026-01-29,52.0,49.0,43.0,49.0,52.0,45.0,49.0,13.0,24,1.1,14.6,24,30.4,78,33.0,112.0,16.0,56.0,-4.0,-2.0,-5.0,-4.0,3.0,0.0,306.0,5.726847747587197,221.0,5.402677381872279,0.4067366430758002,0.9135454576426009,0.0,0.0,0.0,0.0,1.4000000000000499,1,53.0,36.0,44.0,53.0,48.0,44.0,0.0
2026-01-30,53.0,52.333333333333336,36.0,44.0,53.0,48.0,44.0,14.0,24,2.1,15.7,26,30.9,77,27.0,130.0,64.0,52.0,1.0,-7.0,-5.0,1.0,3.0,-5.0,130.0,4.875197323201151,278.0,5.631211781821365,0.4383711467890774,0.898794046299167,0.0,0.0,0.0,0.0,3.5000000000000497,1,53.0,41.0,47.0,53.0,48.0,51.0,0.0
2026-01-31,53.0,52.875,41.0,47.0,53.0,48.0,51.0,14.0,24,0.2,15.2,25,32.2,76,47.0,67.0,83.0,53.0,0.0,5.0,3.0,0.0,0.0,7.0,107.0,4.68213122712422,309.0,5.736572297479192,0.42261826174069944,0.9063077870366499,0.0,0.0,0.0,0.0,3.4000000000000505,1,55.0,45.0,48.0,55.0,48.0,53.0,0.0
2026-02-01,55.0,54.0,45.0,48.0,55.0,48.0,53.0,15.0,24,0.9,17.4,26,31.6,77,51.0,106.0,73.0,53.0,2.0,4.0,1.0,2.0,0.0,2.0,125.0,4.836281906951478,303.0,5.717027701406222,0.4383711467890774,0.898794046299167,0.0,0.0,0.0,0.0,3.2000000000000504,2,59.0,52.0,54.0,54.0,53.0,59.0,0.0
2026-02-02,59.0,56.083333333333336,52.0,54.0,54.0,53.0,59.0,19.0,24,0.0,19.6,25,31.5,70,69.0,46.0,60.0,55.0,4.0,7.0,6.0,-1.0,5.0,6.0,167.0,5.123963979403259,219.0,5.393627546352362,0.42261826174069944,0.9063077870366499,0.0,0.0,0.0,0.0,1.1000000000000498,2,61.0,52.0,54.0,61.0,53.0,58.0,0.0
2026-02-03,61.0,59.583333333333336,52.0,54.0,61.0,53.0,58.0,21.0,24,0.1,16.4,23,31.7,73,82.0,65.0,66.0,59.0,2.0,0.0,0.0,7.0,0.0,-1.0,202.0,5.313205979041787,217.0,5.384495062789089,0.39073112848927377,0.9205048534524404,0.0,0.0,0.0,0.0,1.00000000000005,2,59.0,47.0,54.0,59.0,44.0,57.0,0.0
2026-02-04,59.0,54.75,47.0,54.0,59.0,44.0,57.0,19.0,24,2.5,17.6,11,33.0,77,52.0,9.0,30.0,61.0,-2.0,-5.0,0.0,-2.0,-9.0,-1.0,203.0,5.318119993844216,120.0,4.795790545596741,0.1908089953765448,0.981627183447664,0.0,0.0,0.0,0.0,2.60000000000005,2,54.0,42.0,42.0,54.0,35.0,47.0,0.0
2026-02-05,54.0,52.25,42.0,42.0,54.0,35.0,47.0,15.0,24,3.1,16.1,14,32.8,81,94.0,10.0,46.0,59.0,-5.0,-5.0,-12.0,-5.0,-9.0,-10.0,228.0,5.43372200355424,84.0,4.442651256490317,0.24192189559966773,0.9702957262759965,0.0,0.0,0.0,0.0,5.70000000000005,2,60.0,52.0,51.0,60.0,44.0,51.0,0.0
2026-02-06,60.0,58.29166666666666,52.0,51.0,60.0,44.0,51.0,20.0,24,0.6,11.4,13,31.4,79,40.0,14.0,34.0,54.0,6.0,10.0,9.0,6.0,9.0,4.0,186.0,5.231108616854587,33.0,3.5263605246161616,0.224951054343865,0.9743700647852352,0.0,0.0,0.0,0.0,6.20000000000005,2,59.0,53.0,54.0,58.0,58.0,59.0,0.0
2026-02-07,59.0,56.41666666666666,53.0,54.0,58.0,58.0,59.0,19.0,24,6.4,12.5,1,31.0,85,73.0,63.0,20.0,60.0,-1.0,1.0,3.0,-2.0,14.0,8.0,207.0,5.337538079701318,87.0,4.477336814478207,0.01745240643728351,0.9998476951563913,0.0,0.0,0.0,0.0,10.10000000000005,2,68.0,56.0,59.0,63.0,58.0,68.0,0.0
2026-02-08,68.0,64.375,56.0,59.0,63.0,58.0,68.0,27.0,24,0.1,14.7,34,31.5,78,63.0,55.0,50.0,59.0,9.0,3.0,5.0,5.0,0.0,9.0,176.0,5.176149732573829,132.0,4.890349128221754,0.5591929034707469,0.8290375725550417,0.0,0.0,0.0,0.0,7.100000000000049,2,69.0,58.0,58.0,63.0,54.0,69.0,0.0
2026-02-09,69.0,63.54166666666666,58.0,58.0,63.0,54.0,69.0,28.0,24,0.0,18.4,25,31.4,69,92.0,67.0,69.0,68.0,1.0,2.0,-1.0,0.0,-4.0,1.0,228.0,5.43372200355424,185.0,5.225746673713202,0.42261826174069944,0.9063077870366499,0.0,0.0,0.0,0.0,6.500000000000049,2,54.0,52.0,50.0,54.0,47.0,53.0,0.0
2026-02-10,54.0,53.29166666666666,52.0,50.0,54.0,47.0,53.0,15.0,24,1.1,15.7,12,31.9,77,218.0,4.0,58.0,69.0,-15.0,-6.0,-8.0,-9.0,-7.0,-16.0,373.0,5.924255797414532,126.0,4.844187086458591,0.20791169081775934,0.9781476007338057,0.0,0.0,0.0,0.0,1.200000000000049,2,52.0,42.0,42.0,52.0,39.0,41.0,0.0
2026-02-11,52.0,42.75,42.0,42.0,52.0,39.0,41.0,13.0,24,1.3,16.4,12,31.8,80,130.0,42.0,22.0,54.0,-2.0,-10.0,-8.0,-2.0,-8.0,-12.0,440.0,6.089044875446846,113.0,4.736198448394496,0.20791169081775934,0.9781476007338057,0.0,0.0,0.0,0.0,2.400000000000049,2,48.0,40.0,38.0,40.0,41.0,48.0,0.0
2026-02-12,48.0,38.458333333333336,40.0,38.0,40.0,41.0,48.0,12.0,24,3.0,16.3,15,30.3,80,16.0,3.0,1.0,52.0,-4.0,-2.0,-4.0,-12.0,2.0,7.0,364.0,5.8998973535824915,49.0,3.912023005428146,0.25881904510252074,0.9659258262890683,0.0,0.0,0.0,0.0,5.400000000000049,2,54.0,44.0,53.0,54.0,41.0,51.0,0.0
2026-02-13,54.0,50.41666666666666,44.0,53.0,54.0,41.0,51.0,15.0,24,4.5,15.1,25,30.2,83,78.0,13.0,9.0,48.0,6.0,4.0,15.0,14.0,0.0,3.0,224.0,5.41610040220442,58.0,4.07753744390572,0.42261826174069944,0.9063077870366499,0.0,0.0,0.0,0.0,8.800000000000049,2,59.0,51.0,54.0,59.0,42.0,55.0,0.0
2026-02-14,59.0,54.958333333333336,51.0,54.0,59.0,42.0,55.0,19.0,24,4.2,14.9,27,31.9,82,28.0,70.0,15.0,54.0,5.0,7.0,1.0,5.0,1.0,4.0,122.0,4.812184355372417,86.0,4.465908118654584,0.45399049973954675,0.8910065241883679,0.0,0.0,0.0,0.0,11.700000000000049,2,60.0,49.0,55.0,60.0,38.0,54.0,0.0
2026-02-15,60.0,57.083333333333336,49.0,55.0,60.0,38.0,54.0,20.0,24,2.7,12.4,20,30.9,82,11.0,88.0,9.0,59.0,1.0,-2.0,1.0,1.0,-4.0,-1.0,117.0,4.770684624465665,171.0,5.147494476813453,0.3420201433256687,0.9396926207859084,0.0,0.0,0.0,0.0,11.400000000000048,2,41.0,30.0,36.0,41.0,29.0,38.0,0.0
2026-02-16,41.0,30.875,30.0,36.0,41.0,29.0,38.0,10.0,24,29.1,13.2,14,29.9,89,1.0,79.0,3.0,60.0,-19.0,-19.0,-19.0,-19.0,-9.0,-16.0,40.0,3.713572066704308,237.0,5.472270673671475,0.24192189559966773,0.9702957262759965,0.0,0.0,0.0,0.0,36.00000000000005,2,56.0,56.0,39.0,39.0,40.0,53.0,0.0
2026-02-17,56.0,51.29166666666666,56.0,39.0,39.0,40.0,53.0,17.0,24,54.5,13.4,336,25.4,98,0.0,24.0,2.0,41.0,15.0,26.0,3.0,-2.0,11.0,15.0,12.0,2.5649493574615367,191.0,5.2574953720277815,-0.40673664307580015,0.913545457642601,0.0,0.0,0.0,0.0,86.30000000000005,2,54.0,54.0,34.0,30.0,39.0,52.0,0.0
2026-02-18,54.0,29.541666666666668,54.0,34.0,30.0,39.0,52.0,15.0,24,11.0,18.3,12,28.6,91,2.0,16.0,4.0,56.0,-2.0,-2.0,-5.0,-9.0,-1.0,-1.0,3.0,1.3862943611198906,119.0,4.787491742782046,0.20791169081775934,0.9781476007338057,0.0,0.0,0.0,0.0,94.60000000000005,2,43.0,36.0,35.0,43.0,32.0,37.0,0.0
2026-02-19,43.0,38.333333333333336,36.0,35.0,43.0,32.0,37.0,10.0,24,26.1,15.9,8,27.6,94,0.0,5.0,0.0,54.0,-11.0,-18.0,1.0,13.0,-7.0,-15.0,2.0,1.0986122886681098,45.0,3.828641396489095,0.13917310096006544,0.9902680687415704,0.0,0.0,0.0,0.0,91.60000000000005,2,52.0,52.0,38.0,47.0,32.0,46.0,0.0
2026-02-20,52.0,40.125,52.0,38.0,47.0,32.0,46.0,13.0,24,0.2,19.2,16,29.4,87,2.0,15.0,17.0,43.0,9.0,16.0,3.0,4.0,0.0,9.0,4.0,1.6094379124341003,36.0,3.6109179126442243,0.27563735581699916,0.9612616959383189,0.0,0.0,0.0,0.0,37.300000000000054,2,54.0,54.0,52.0,53.0,50.0,54.0,0.0
2026-02-21,54.0,53.333333333333336,54.0,52.0,53.0,50.0,54.0,15.0,24,0.5,16.1,20,31.0,83,30.0,5.0,36.0,52.0,2.0,2.0,14.0,6.0,18.0,8.0,32.0,3.4965075614664802,25.0,3.258096538021482,0.3420201433256687,0.9396926207859084,0.0,0.0,0.0,0.0,26.80000000000005,2,54.0,51.0,48.0,54.0,51.0,52.0,0.0
2026-02-22,54.0,53.41666666666666,51.0,48.0,54.0,51.0,52.0,15.0,24,1.0,15.4,8,31.2,80,43.0,9.0,12.0,54.0,0.0,-3.0,-4.0,1.0,1.0,-2.0,75.0,4.330733340286331,29.0,3.4011973816621555,0.13917310096006544,0.9902680687415704,0.0,0.0,0.0,0.0,1.7000000000000497,2,63.0,56.0,53.0,60.0,56.0,63.0,0.0
2026-02-23,63.0,56.208333333333336,56.0,53.0,60.0,56.0,63.0,22.0,24,3.7,12.0,342,31.4,86,48.0,9.0,2.0,54.0,9.0,5.0,5.0,6.0,5.0,11.0,121.0,4.804021044733257,23.0,3.1780538303479458,-0.3090169943749477,0.9510565162951535,0.0,0.0,0.0,0.0,5.20000000000005,2,65.0,56.0,54.0,62.0,58.0,65.0,0.0
2026-02-24,65.0,62.208333333333336,56.0,54.0,62.0,58.0,65.0,25.0,24,3.3,9.3,14,32.2,82,6.0,0.0,14.0,63.0,2.0,0.0,1.0,2.0,2.0,2.0,97.0,4.584967478670572,18.0,2.9444389791664403,0.24192189559966773,0.9702957262759965,0.0,0.0,0.0,0.0,8.00000000000005,2,67.0,57.0,46.0,55.0,67.0,57.0,0.0
2026-02-25,67.0,64.5,57.0,46.0,55.0,67.0,57.0,27.0,24,9.4,11.1,34,31.7,84,45.0,6.0,27.0,65.0,2.0,1.0,-8.0,-7.0,9.0,-8.0,99.0,4.605170185988092,15.0,2.772588722239781,0.5591929034707469,0.8290375725550417,0.0,0.0,0.0,0.0,16.40000000000005,2,64.0,55.0,45.0,55.0,64.0,55.0,0.0
2026-02-26,64.0,56.41666666666666,55.0,45.0,55.0,64.0,55.0,24.0,24,4.0,11.6,289,31.2,84,12.0,18.0,31.0,67.0,-3.0,-2.0,-1.0,0.0,-3.0,-2.0,63.0,4.1588830833596715,24.0,3.2188758248682006,-0.945518575599317,0.3255681544571563,1.0,0.0,4.1588830833596715,0.0,16.700000000000053,2,58.0,58.0,45.0,55.0,45.0,54.0,0.0
2026-02-27,58.0,54.708333333333336,58.0,45.0,55.0,45.0,54.0,18.0,24,12.0,10.1,298,31.8,86,21.0,16.0,17.0,64.0,-6.0,3.0,0.0,0.0,-19.0,-1.0,78.0,4.3694478524670215,40.0,3.713572066704308,-0.8829475928589271,0.4694715627858904,0.0,0.0,0.0,0.0,25.40000000000005,2,65.0,52.0,54.0,59.0,57.0,65.0,0.0
2026-02-28,65.0,59.5,52.0,54.0,59.0,57.0,65.0,24.0,24,1.2,9.7,28,32.6,83,106.0,116.0,29.0,58.0,7.0,-6.0,9.0,4.0,12.0,11.0,139.0,4.941642422609304,150.0,5.017279836814924,0.4694715627858908,0.882947592858927,0.0,0.0,0.0,0.0,17.200000000000053,2,62.0,51.0,53.0,58.0,56.0,62.0,0.0
2026-03-01,62.0,60.41666666666666,51.0,53.0,58.0,56.0,62.0,22.0,24,0.8,8.4,23,33.2,82,82.0,141.0,56.0,65.0,-3.0,-1.0,-1.0,-1.0,-1.0,-3.0,209.0,5.3471075307174685,273.0,5.6131281063880705,0.39073112848927377,0.9205048534524404,0.0,0.0,0.0,0.0,14.00000000000005,3,61.0,53.0,48.0,54.0,54.0,61.0,0.0
2026-03-02,61.0,59.29166666666666,53.0,48.0,54.0,54.0,61.0,21.0,24,9.9,11.5,13,32.9,85,29.0,142.0,15.0,62.0,-1.0,2.0,-5.0,-4.0,-2.0,-1.0,217.0,5.384495062789089,399.0,5.991464547107982,0.224951054343865,0.9743700647852352,0.0,0.0,0.0,0.0,11.90000000000005,3,62.0,58.0,54.0,60.0,55.0,62.0,0.0
2026-03-03,62.0,59.66666666666666,58.0,54.0,60.0,55.0,62.0,22.0,24,3.8,14.1,343,32.9,86,22.0,106.0,40.0,61.0,1.0,5.0,6.0,6.0,1.0,1.0,133.0,4.897839799950911,389.0,5.966146739123692,-0.29237170472273716,0.9563047559630353,0.0,0.0,0.0,0.0,14.50000000000005,3,62.0,59.0,55.0,59.0,55.0,62.0,0.0
2026-03-04,62.0,59.0,59.0,55.0,59.0,55.0,62.0,21.0,24,3.5,15.4,353,31.1,87,24.0,101.0,31.0,62.0,0.0,1.0,1.0,-1.0,0.0,0.0,75.0,4.330733340286331,349.0,5.857933154483459,-0.12186934340514723,0.9925461516413221,0.0,0.0,0.0,0.0,17.20000000000005,3,57.0,54.0,52.0,56.0,51.0,57.0,0.0
2026-03-05,57.0,55.833333333333336,54.0,52.0,56.0,51.0,57.0,17.0,24,1.4,11.8,359,32.1,82,56.0,48.0,30.0,62.0,-5.0,-5.0,-3.0,-3.0,-4.0,-5.0,102.0,4.634728988229636,255.0,5.545177444479562,-0.01745240643728356,0.9998476951563913,0.0,0.0,0.0,0.0,8.700000000000049,3,56.0,51.0,46.0,55.0,52.0,56.0,0.0
2026-03-06,56.0,54.333333333333336,51.0,46.0,55.0,52.0,56.0,16.0,24,0.7,12.5,7,32.3,82,34.0,32.0,7.0,57.0,-1.0,-3.0,-6.0,-1.0,1.0,-1.0,114.0,4.74493212836325,181.0,5.204006687076795,0.12186934340514748,0.992546151641322,0.0,0.0,0.0,0.0,5.600000000000049,3,52.0,45.0,35.0,52.0,50.0,52.0,0.0
2026-03-07,52.0,50.875,45.0,35.0,52.0,50.0,52.0,13.0,24,5.2,13.5,13,31.6,81,103.0,67.0,19.0,56.0,-4.0,-6.0,-11.0,-3.0,-2.0,-4.0,193.0,5.267858159063328,147.0,4.997212273764115,0.224951054343865,0.9743700647852352,0.0,0.0,0.0,0.0,7.30000000000005,3,54.0,50.0,41.0,54.0,47.0,53.0,0.0
2026-03-08,54.0,53.375,50.0,41.0,54.0,47.0,53.0,15.0,24,1.0,13.8,21,32.5,76,54.0,37.0,68.0,52.0,2.0,5.0,6.0,2.0,-3.0,1.0,191.0,5.2574953720277815,136.0,4.919980925828125,0.35836794954530027,0.9335804264972017,0.0,0.0,0.0,0.0,6.90000000000005,3,57.0,53.0,54.0,54.0,54.0,57.0,0.0
2026-03-09,57.0,55.25,53.0,54.0,54.0,54.0,57.0,18.0,24,0.0,13.4,28,32.3,77,21.0,5.0,23.0,54.0,3.0,3.0,13.0,0.0,7.0,4.0,178.0,5.187385805840755,109.0,4.700480365792417,0.4694715627858908,0.882947592858927,0.0,0.0,0.0,0.0,6.20000000000005,3,59.0,54.0,53.0,59.0,55.0,57.0,0.0
2026-03-10,59.0,58.29166666666666,54.0,53.0,59.0,55.0,57.0,19.0,24,0.0,14.3,28,32.8,74,0.0,0.0,0.0,57.0,2.0,1.0,-1.0,5.0,1.0,0.0,75.0,4.330733340286331,42.0,3.7612001156935624,0.4694715627858908,0.882947592858927,0.0,0.0,0.0,0.0,1.0000000000000497,3,59.0,52.0,52.0,59.0,55.0,58.0,0.0
2026-03-11,59.0,57.375,52.0,52.0,59.0,55.0,58.0,19.0,24,0.0,12.6,27,32.7,75,0.0,0.0,0.0,59.0,0.0,-2.0,-1.0,0.0,0.0,1.0,21.0,3.091042453358316,5.0,1.791759469228055,0.45399049973954675,0.8910065241883679,0.0,0.0,0.0,0.0,0.0,3,60.0,52.0,53.0,60.0,54.0,59.0,0.0
2026-03-12,60.0,58.625,52.0,53.0,60.0,54.0,59.0,20.0,24,8.6,13.2,34,32.1,82,0.0,0.0,0.0,59.0,1.0,0.0,1.0,1.0,-1.0,1.0,0.0,0.0,0.0,0.0,0.5591929034707469,0.8290375725550417,0.0,0.0,0.0,0.0,8.60000000000005,3,56.0,52.0,47.0,55.0,51.0,56.0,0.0
2026-03-13,56.0,53.66666666666666,52.0,47.0,55.0,51.0,56.0,17.0,24,0.7,14.9,37,31.6,78,97.0,171.0,25.0,60.0,-4.0,0.0,-6.0,-5.0,-3.0,-3.0,97.0,4.584967478670572,171.0,5.147494476813453,0.6018150231520483,0.7986355100472928,0.0,0.0,0.0,0.0,9.300000000000049,3,52.0,45.0,47.0,48.0,47.0,52.0,0.0
2026-03-14,52.0,49.083333333333336,45.0,47.0,48.0,47.0,52.0,13.0,24,2.0,16.1,35,31.1,77,62.0,207.0,20.0,56.0,-4.0,-7.0,0.0,-7.0,-4.0,-4.0,159.0,5.075173815233827,378.0,5.937536205082426,0.573576436351046,0.8191520442889918,0.0,0.0,0.0,0.0,11.30000000000005,3,54.0,51.0,47.0,54.0,47.0,53.0,0.0
2026-03-15,54.0,52.41666666666666,51.0,47.0,54.0,47.0,53.0,15.0,24,20.7,15.9,33,31.9,81,39.0,196.0,19.0,52.0,2.0,6.0,0.0,6.0,0.0,1.0,198.0,5.293304824724492,574.0,6.354370040797351,0.5446390350150271,0.838670567945424,0.0,0.0,0.0,0.0,23.40000000000005,3,60.0,52.0,51.0,60.0,54.0,57.0,0.0
2026-03-16,60.0,58.29166666666666,52.0,51.0,60.0,54.0,57.0,20.0,24,1.0,13.5,27,32.4,77,80.0,104.0,57.0,54.0,6.0,1.0,4.0,6.0,7.0,4.0,181.0,5.204006687076795,507.0,6.230481447578482,0.45399049973954675,0.8910065241883679,0.0,0.0,0.0,0.0,23.700000000000053,3,61.0,54.0,50.0,56.0,54.0,61.0,0.0
2026-03-17,61.0,58.833333333333336,54.0,50.0,56.0,54.0,61.0,21.0,24,2.7,13.0,34,32.7,77,93.0,71.0,73.0,60.0,1.0,2.0,-1.0,-4.0,0.0,4.0,212.0,5.3612921657094255,371.0,5.918893854273146,0.5591929034707469,0.8290375725550417,0.0,0.0,0.0,0.0,24.400000000000052,3,62.0,54.0,51.0,51.0,55.0,62.0,0.0
2026-03-18,62.0,60.458333333333336,54.0,51.0,51.0,55.0,62.0,22.0,24,2.1,11.9,34,32.8,78,114.0,29.0,45.0,61.0,1.0,0.0,1.0,-5.0,1.0,1.0,287.0,5.662960480135946,204.0,5.3230099791384085,0.5591929034707469,0.8290375725550417,0.0,0.0,0.0,0.0,5.800000000000054,3,66.0,53.0,51.0,52.0,54.0,66.0,0.0
2026-03-19,66.0,63.208333333333336,53.0,51.0,52.0,54.0,66.0,25.0,24,2.2,12.9,30,32.7,74,123.0,52.0,105.0,62.0,4.0,-1.0,0.0,1.0,-1.0,4.0,330.0,5.802118375377063,152.0,5.030437921392435,0.49999999999999994,0.8660254037844387,0.0,0.0,0.0,0.0,7.000000000000053,3,65.0,52.0,50.0,57.0,53.0,65.0,0.0
2026-03-20,65.0,59.54166666666666,52.0,50.0,57.0,53.0,65.0,24.0,24,2.5,11.3,19,33.1,76,80.0,65.0,83.0,66.0,-1.0,-1.0,-1.0,5.0,-1.0,-1.0,317.0,5.762051382780177,146.0,4.990432586778736,0.3255681544571567,0.9455185755993168,0.0,0.0,0.0,0.0,6.800000000000054,3,60.0,55.0,53.0,58.0,52.0,60.0,0.0
2026-03-21,60.0,59.29166666666666,55.0,53.0,58.0,52.0,60.0,20.0,24,0.2,13.7,19,33.6,73,101.0,77.0,161.0,65.0,-5.0,3.0,3.0,1.0,-1.0,-5.0,304.0,5.720311776607412,194.0,5.272999558563747,0.3255681544571567,0.9455185755993168,0.0,0.0,0.0,0.0,4.900000000000054,3,62.0,54.0,52.0,62.0,49.0,56.0,0.0
2026-03-22,62.0,59.91666666666666,54.0,52.0,62.0,49.0,56.0,22.0,24,0.0,15.5,23,32.5,72,166.0,102.0,142.0,60.0,2.0,-1.0,-1.0,4.0,-3.0,-4.0,347.0,5.8522024797744745,244.0,5.501258210544727,0.39073112848927377,0.9205048534524404,0.0,0.0,0.0,0.0,2.7000000000000535,3,63.0,43.0,52.0,63.0,40.0,54.0,0.0
2026-03-23,63.0,59.79166666666666,43.0,52.0,63.0,40.0,54.0,23.0,24,0.1,14.1,18,33.5,70,152.0,250.0,143.0,62.0,1.0,-11.0,0.0,1.0,-9.0,-2.0,419.0,6.040254711277414,429.0,6.063785208687608,0.3090169943749474,0.9510565162951535,0.0,0.0,0.0,0.0,0.30000000000005334,3,71.0,43.0,53.0,71.0,48.0,57.0,0.0
2026-03-24,71.0,67.375,43.0,53.0,71.0,48.0,57.0,30.0,24,0.1,16.1,18,33.4,73,263.0,342.0,160.0,63.0,8.0,0.0,1.0,8.0,8.0,3.0,581.0,6.366470447731438,694.0,6.543911845564792,0.3090169943749474,0.9510565162951535,0.0,0.0,0.0,0.0,0.2000000000000533,3,71.0,45.0,56.0,71.0,47.0,59.0,0.0
2026-03-25,71.0,66.70833333333333,45.0,56.0,71.0,47.0,59.0,30.0,24,0.1,14.2,14,33.5,69,238.0,267.0,135.0,71.0,0.0,2.0,3.0,0.0,-1.0,2.0,653.0,6.483107351457199,859.0,6.756932389247553,0.24192189559966773,0.9702957262759965,0.0,0.0,0.0,0.0,0.30000000000000004,3,65.0,50.0,55.0,65.0,51.0,63.0,0.0
2026-03-26,65.0,62.708333333333336,50.0,55.0,65.0,51.0,63.0,25.0,24,0.7,14.3,22,32.9,73,189.0,481.0,129.0,71.0,-6.0,5.0,-1.0,-6.0,4.0,4.0,690.0,6.53813982376767,1090.0,6.994849985833071,0.374606593415912,0.9271838545667874,0.0,0.0,0.0,0.0,0.9000000000000533,3,66.0,55.0,57.0,62.0,55.0,66.0,0.0
2026-03-27,66.0,63.79166666666666,55.0,57.0,62.0,55.0,66.0,25.0,24,4.6,12.7,27,33.4,75,69.0,199.0,36.0,65.0,1.0,5.0,2.0,-3.0,4.0,3.0,496.0,6.208590026096629,947.0,6.854354502255021,0.45399049973954675,0.8910065241883679,0.0,0.0,0.0,0.0,5.400000000000053,3,64.0,58.0,54.0,55.0,59.0,64.0,0.0
2026-03-28,64.0,62.625,58.0,54.0,55.0,59.0,64.0,24.0,24,1.8,12.5,44,32.2,76,91.0,159.0,38.0,66.0,-2.0,3.0,-3.0,-7.0,4.0,-2.0,349.0,5.857933154483459,839.0,6.733401891837359,0.6946583704589973,0.7193398003386512,0.0,0.0,0.0,0.0,7.100000000000053,3,63.0,57.0,52.0,51.0,57.0,63.0,0.0
2026-03-29,63.0,62.125,57.0,52.0,51.0,57.0,63.0,23.0,24,8.7,8.6,38,32.8,83,23.0,101.0,22.0,64.0,-1.0,-1.0,-2.0,-4.0,-2.0,-1.0,183.0,5.214935757608986,459.0,6.131226489483141,0.6156614753256583,0.7880107536067219,0.0,0.0,0.0,0.0,15.100000000000051,3,73.0,62.0,58.0,59.0,64.0,73.0,0.0
2026-03-30,73.0,67.79166666666667,62.0,58.0,59.0,64.0,73.0,32.0,24,6.4,9.5,56,33.4,84,10.0,57.0,47.0,63.0,10.0,5.0,6.0,8.0,7.0,10.0,124.0,4.8283137373023015,317.0,5.762051382780177,0.8290375725550417,0.5591929034707468,0.0,0.0,0.0,0.0,16.900000000000052,3,76.0,62.0,58.0,64.0,65.0,76.0,0.0
2026-03-31,76.0,72.41666666666667,62.0,58.0,64.0,65.0,76.0,34.0,24,13.6,7.2,67,30.8,84,147.0,50.0,22.0,73.0,3.0,0.0,0.0,5.0,1.0,3.0,180.0,5.198497031265826,208.0,5.342334251964811,0.9205048534524404,0.3907311284892737,0.0,0.0,0.0,0.0,28.700000000000053,3,66.0,56.0,52.0,58.0,57.0,66.0,0.0
2026-04-01,66.0,61.0,56.0,52.0,58.0,57.0,66.0,25.0,24,1.0,11.4,41,33.4,80,54.0,83.0,46.0,76.0,-10.0,-6.0,-6.0,-6.0,-8.0,-10.0,211.0,5.356586274672012,190.0,5.25227342804663,0.6560590289905073,0.754709580222772,0.0,0.0,0.0,0.0,21.00000000000005,4,65.0,50.0,56.0,60.0,59.0,65.0,0.0
2026-04-02,65.0,62.91666666666666,50.0,56.0,60.0,59.0,65.0,25.0,24,2.7,9.9,104,32.2,82,166.0,14.0,112.0,66.0,-1.0,-6.0,4.0,2.0,2.0,-1.0,367.0,5.908082938168931,147.0,4.997212273764115,0.9702957262759965,-0.24192189559966779,0.0,1.0,0.0,4.997212273764115,17.30000000000005,4,65.0,51.0,55.0,61.0,60.0,65.0,0.0
2026-04-03,65.0,63.66666666666666,51.0,55.0,61.0,60.0,65.0,24.0,24,0.4,9.5,75,33.3,77,120.0,34.0,64.0,65.0,0.0,1.0,-1.0,1.0,1.0,0.0,340.0,5.831882477283517,131.0,4.882801922586371,0.9659258262890683,0.25881904510252074,0.0,1.0,0.0,4.882801922586371,4.100000000000052,4,63.0,52.0,52.0,56.0,57.0,63.0,0.0
2026-04-04,63.0,62.625,52.0,52.0,56.0,57.0,63.0,23.0,24,12.1,9.9,155,33.0,86,65.0,52.0,80.0,65.0,-2.0,1.0,-3.0,-5.0,-3.0,-2.0,351.0,5.863631175598097,100.0,4.61512051684126,0.4226182617406995,-0.9063077870366499,0.0,1.0,0.0,4.61512051684126,15.200000000000053,4,71.0,56.0,53.0,60.0,65.0,71.0,0.0
2026-04-05,71.0,66.41666666666667,56.0,53.0,60.0,65.0,71.0,29.0,24,17.0,7.8,62,33.4,83,9.0,78.0,47.0,63.0,8.0,4.0,1.0,4.0,8.0,8.0,194.0,5.272999558563747,164.0,5.10594547390058,0.8829475928589269,0.46947156278589086,0.0,0.0,0.0,0.0,29.500000000000053,4,70.0,56.0,50.0,58.0,66.0,70.0,0.0
2026-04-06,70.0,61.958333333333336,56.0,50.0,58.0,66.0,70.0,29.0,24,2.0,12.3,222,32.7,78,66.0,33.0,45.0,71.0,-1.0,0.0,-3.0,-2.0,1.0,-1.0,140.0,4.948759890378168,163.0,5.099866427824199,-0.6691306063588582,-0.7431448254773942,1.0,0.0,4.948759890378168,0.0,31.10000000000005,4,62.0,55.0,47.0,51.0,58.0,62.0,0.0
2026-04-07,62.0,57.5,55.0,47.0,51.0,58.0,62.0,22.0,24,20.6,9.4,281,29.8,92,21.0,65.0,69.0,70.0,-8.0,-1.0,-3.0,-7.0,-8.0,-8.0,96.0,4.574710978503383,176.0,5.176149732573829,-0.9816271834476639,0.1908089953765451,1.0,0.0,4.574710978503383,0.0,39.60000000000005,4,72.0,59.0,58.0,67.0,60.0,72.0,0.0
2026-04-08,72.0,65.45833333333333,59.0,58.0,67.0,60.0,72.0,30.0,24,5.7,10.2,73,32.3,88,19.0,49.0,46.0,62.0,10.0,4.0,11.0,16.0,2.0,10.0,106.0,4.672828834461906,147.0,4.997212273764115,0.9563047559630354,0.29237170472273677,0.0,1.0,0.0,4.997212273764115,28.300000000000054,4,70.0,60.0,57.0,67.0,57.0,70.0,0.0
2026-04-09,70.0,64.75,60.0,57.0,67.0,57.0,70.0,29.0,24,11.0,7.7,328,31.7,89,4.0,80.0,30.0,72.0,-2.0,1.0,-1.0,0.0,-3.0,-2.0,44.0,3.8066624897703196,194.0,5.272999558563747,-0.529919264233205,0.8480480961564258,0.0,0.0,0.0,0.0,37.300000000000054,4,67.0,60.0,57.0,63.0,60.0,67.0,0.0
2026-04-10,67.0,65.625,60.0,57.0,63.0,60.0,67.0,27.0,24,6.5,11.3,33,31.9,87,16.0,17.0,40.0,70.0,-3.0,0.0,0.0,-4.0,3.0,-3.0,39.0,3.6888794541139363,146.0,4.990432586778736,0.5446390350150271,0.838670567945424,0.0,0.0,0.0,0.0,23.200000000000053,4,64.0,56.0,54.0,60.0,55.0,64.0,0.0
2026-04-11,64.0,62.875,56.0,54.0,60.0,55.0,64.0,24.0,24,10.6,14.6,92,31.6,87,24.0,59.0,48.0,67.0,-3.0,-4.0,-3.0,-3.0,-5.0,-3.0,44.0,3.8066624897703196,156.0,5.056245805348308,0.9993908270190958,-0.034899496702500955,0.0,1.0,0.0,5.056245805348308,28.10000000000005,4,64.0,55.0,44.0,55.0,56.0,64.0,0.0
2026-04-12,64.0,60.91666666666666,55.0,44.0,55.0,56.0,64.0,23.0,24,18.3,8.1,65,31.4,86,43.0,20.0,52.0,64.0,0.0,-1.0,-10.0,-5.0,1.0,0.0,83.0,4.430816798843313,96.0,4.574710978503383,0.9063077870366499,0.42261826174069944,0.0,0.0,0.0,0.0,35.400000000000055,4,56.0,48.0,37.0,48.0,55.0,56.0,0.0
2026-04-13,56.0,54.333333333333336,48.0,37.0,48.0,55.0,56.0,16.0,24,1.1,10.3,101,32.2,83,30.0,44.0,41.0,64.0,-8.0,-7.0,-7.0,-7.0,-1.0,-8.0,97.0,4.584967478670572,123.0,4.820281565605037,0.981627183447664,-0.1908089953765448,0.0,1.0,0.0,4.820281565605037,30.000000000000057,4,57.0,51.0,41.0,54.0,51.0,57.0,0.0
2026-04-14,57.0,52.5,51.0,41.0,54.0,51.0,57.0,17.0,24,3.9,13.3,131,32.4,84,9.0,71.0,15.0,56.0,1.0,3.0,4.0,6.0,-4.0,1.0,82.0,4.418840607796598,135.0,4.912654885736052,0.7547095802227721,-0.6560590289905072,0.0,1.0,0.0,4.912654885736052,23.300000000000054,4,60.0,54.0,49.0,58.0,54.0,60.0,0.0
2026-04-15,60.0,58.54166666666666,54.0,49.0,58.0,54.0,60.0,20.0,24,2.9,12.0,208,31.6,86,15.0,75.0,41.0,57.0,3.0,3.0,8.0,4.0,3.0,3.0,54.0,4.007333185232471,190.0,5.25227342804663,-0.46947156278589086,-0.8829475928589269,1.0,0.0,4.007333185232471,0.0,7.900000000000057,4,58.0,54.0,40.0,54.0,56.0,58.0,0.0
2026-04-16,58.0,56.5,54.0,40.0,54.0,56.0,58.0,18.0,24,1.4,10.4,124,32.5,82,10.0,110.0,30.0,60.0,-2.0,0.0,-9.0,-4.0,2.0,-2.0,34.0,3.5553480614894135,256.0,5.54907608489522,0.8290375725550417,-0.5591929034707467,0.0,1.0,0.0,5.54907608489522,8.200000000000056,4,57.0,52.0,36.0,46.0,55.0,57.0,0.0
2026-04-17,57.0,49.16666666666666,52.0,36.0,46.0,55.0,57.0,17.0,24,6.6,11.3,130,31.6,81,21.0,146.0,20.0,58.0,-1.0,-2.0,-4.0,-8.0,-1.0,-1.0,46.0,3.8501476017100584,331.0,5.805134968916488,0.766044443118978,-0.6427876096865394,0.0,1.0,0.0,5.805134968916488,10.900000000000055,4,55.0,47.0,37.0,49.0,55.0,54.0,0.0
2026-04-18,55.0,53.5,47.0,37.0,49.0,55.0,54.0,16.0,24,9.4,10.4,48,33.8,83,18.0,186.0,41.0,57.0,-2.0,-5.0,1.0,3.0,0.0,-3.0,49.0,3.912023005428146,442.0,6.093569770045136,0.7431448254773942,0.6691306063588582,0.0,0.0,0.0,0.0,17.400000000000055,4,60.0,53.0,41.0,54.0,57.0,60.0,0.0
2026-04-19,60.0,58.54166666666666,53.0,41.0,54.0,57.0,60.0,20.0,24,1.2,7.6,62,32.3,87,23.0,132.0,34.0,55.0,5.0,6.0,4.0,5.0,2.0,6.0,62.0,4.143134726391533,464.0,6.142037405587356,0.8829475928589269,0.46947156278589086,0.0,0.0,0.0,0.0,17.20000000000006,4,59.0,48.0,43.0,55.0,56.0,59.0,0.0
2026-04-20,59.0,56.25,48.0,43.0,55.0,56.0,59.0,19.0,24,4.9,11.8,40,32.4,87,16.0,158.0,54.0,60.0,-1.0,-5.0,2.0,1.0,-1.0,-1.0,57.0,4.060443010546419,476.0,6.1675164908883415,0.6427876096865393,0.766044443118978,0.0,0.0,0.0,0.0,15.500000000000057,4,55.0,34.0,41.0,52.0,38.0,55.0,0.0
2026-04-21,55.0,52.458333333333336,34.0,41.0,52.0,38.0,55.0,15.0,24,29.0,7.0,299,31.4,92,9.0,137.0,38.0,59.0,-4.0,-14.0,-2.0,-3.0,-18.0,-4.0,48.0,3.8918202981106265,427.0,6.059123195581797,-0.8746197071393956,0.4848096202463373,0.0,0.0,0.0,0.0,35.10000000000006,4,80.0,80.0,52.0,63.0,54.0,66.0,0.0
2026-04-22,80.0,58.79166666666666,80.0,52.0,63.0,54.0,66.0,25.0,24,18.1,6.4,83,31.9,86,17.0,86.0,73.0,55.0,25.0,46.0,11.0,11.0,16.0,11.0,42.0,3.7612001156935624,381.0,5.945420608606575,0.992546151641322,0.12186934340514749,0.0,1.0,0.0,5.945420608606575,52.00000000000006,4,66.0,54.0,52.0,63.0,57.0,66.0,0.0
2026-04-23,66.0,62.16666666666666,54.0,52.0,63.0,57.0,66.0,26.0,24,9.1,8.6,91,31.9,86,35.0,93.0,88.0,80.0,-14.0,-26.0,0.0,0.0,3.0,0.0,61.0,4.127134385045092,316.0,5.75890177387728,0.9998476951563913,-0.017452406437283477,0.0,1.0,0.0,5.75890177387728,56.20000000000006,4,57.0,54.0,43.0,57.0,54.0,54.0,0.0
2026-04-24,57.0,53.66666666666666,54.0,43.0,57.0,54.0,54.0,17.0,24,9.1,11.3,71,31.5,85,35.0,152.0,85.0,66.0,-9.0,0.0,-9.0,-6.0,-3.0,-12.0,87.0,4.477336814478207,331.0,5.805134968916488,0.9455185755993167,0.32556815445715676,0.0,1.0,0.0,5.805134968916488,36.300000000000054,4,56.0,51.0,36.0,51.0,52.0,56.0,0.0
2026-04-25,56.0,54.708333333333336,51.0,36.0,51.0,52.0,56.0,17.0,24,6.3,10.7,45,32.9,86,12.0,209.0,73.0,57.0,-1.0,-3.0,-7.0,-6.0,-2.0,2.0,82.0,4.418840607796598,454.0,6.12029741895095,0.7071067811865476,0.7071067811865476,0.0,0.0,0.0,0.0,24.500000000000057,4,56.0,41.0,40.0,54.0,49.0,56.0,0.0
2026-04-26,56.0,53.25,41.0,40.0,54.0,49.0,56.0,17.0,24,4.1,11.7,46,31.8,89,40.0,217.0,73.0,56.0,0.0,-10.0,4.0,3.0,-3.0,0.0,87.0,4.477336814478207,578.0,6.361302477572996,0.7193398003386512,0.6946583704589973,0.0,0.0,0.0,0.0,19.500000000000057,4,60.0,51.0,48.0,56.0,43.0,60.0,0.0
2026-04-27,60.0,58.458333333333336,51.0,48.0,56.0,43.0,60.0,20.0,24,15.4,9.1,73,32.7,89,39.0,80.0,26.0,56.0,4.0,10.0,8.0,2.0,-6.0,4.0,91.0,4.5217885770490405,506.0,6.2285110035911835,0.9563047559630354,0.29237170472273677,0.0,1.0,0.0,6.2285110035911835,25.800000000000054,4,56.0,52.0,43.0,56.0,53.0,55.0,0.0
2026-04-28,56.0,55.0,52.0,43.0,56.0,53.0,55.0,16.0,24,1.7,9.5,63,32.4,86,0.0,0.0,0.0,60.0,-4.0,1.0,-5.0,0.0,10.0,-5.0,79.0,4.382026634673881,297.0,5.697093486505405,0.8910065241883678,0.4539904997395468,0.0,0.0,0.0,0.0,21.200000000000056,4,56.0,52.0,43.0,56.0,55.0,56.0,0.0
2026-04-29,56.0,55.25,52.0,43.0,56.0,55.0,56.0,17.0,24,2.5,8.1,58,32.9,84,0.0,0.0,0.0,56.0,0.0,0.0,0.0,0.0,2.0,1.0,39.0,3.6888794541139363,80.0,4.394449154672439,0.8480480961564261,0.5299192642332049,0.0,0.0,0.0,0.0,19.60000000000006,4,57.0,52.0,48.0,56.0,57.0,57.0,0.0
2026-04-30,57.0,55.875,52.0,48.0,56.0,57.0,57.0,18.0,24,6.9,7.4,32,32.6,86,0.0,0.0,0.0,56.0,1.0,0.0,5.0,0.0,2.0,1.0,0.0,0.0,0.0,0.0,0.5299192642332049,0.848048096156426,0.0,0.0,0.0,0.0,11.100000000000055,4,58.0,48.0,54.0,56.0,58.0,58.0,0.0
2026-05-01,58.0,56.91666666666666,48.0,54.0,56.0,58.0,58.0,18.0,24,14.0,8.3,73,32.3,87,0.0,0.0,0.0,57.0,1.0,-4.0,6.0,0.0,1.0,1.0,0.0,0.0,0.0,0.0,0.9563047559630354,0.29237170472273677,0.0,1.0,0.0,0.0,23.400000000000055,5,56.0,47.0,53.0,54.0,52.0,56.0,0.0
2026-05-02,56.0,54.208333333333336,47.0,53.0,54.0,52.0,56.0,17.0,24,8.3,8.2,48,31.8,88,0.0,0.0,0.0,58.0,-2.0,-1.0,-1.0,-2.0,-6.0,-2.0,0.0,0.0,0.0,0.0,0.7431448254773942,0.6691306063588582,0.0,0.0,0.0,0.0,29.200000000000056,5,54.0,52.0,47.0,53.0,52.0,54.0,0.0
2026-05-03,54.0,53.41666666666666,52.0,47.0,53.0,52.0,54.0,15.0,24,40.3,10.2,16,32.5,91,0.0,0.0,0.0,56.0,-2.0,5.0,-6.0,-1.0,0.0,-2.0,0.0,0.0,0.0,0.0,0.27563735581699916,0.9612616959383189,0.0,0.0,0.0,0.0,62.60000000000005,5,65.0,56.0,53.0,60.0,48.0,65.0,0.0
2026-05-04,65.0,56.79166666666666,56.0,53.0,60.0,48.0,65.0,24.0,24,16.9,6.3,353,30.3,91,0.0,0.0,0.0,54.0,11.0,4.0,6.0,7.0,-4.0,11.0,0.0,0.0,0.0,0.0,-0.12186934340514723,0.9925461516413221,0.0,0.0,0.0,0.0,65.50000000000006,5,70.0,56.0,63.0,65.0,54.0,70.0,0.0
2026-05-05,70.0,68.41666666666667,56.0,63.0,65.0,54.0,70.0,29.0,24,8.7,6.2,69,32.5,89,0.0,0.0,0.0,65.0,5.0,0.0,10.0,5.0,6.0,5.0,0.0,0.0,0.0,0.0,0.9335804264972017,0.3583679495453004,0.0,0.0,0.0,0.0,65.90000000000005,5,66.0,55.0,62.0,61.0,60.0,66.0,0.0
2026-05-06,66.0,60.875,55.0,62.0,61.0,60.0,66.0,25.0,24,6.2,4.8,130,31.6,91,0.0,0.0,0.0,70.0,-4.0,-1.0,-1.0,-4.0,6.0,-4.0,0.0,0.0,0.0,0.0,0.766044443118978,-0.6427876096865394,0.0,1.0,0.0,0.0,31.800000000000054,5,70.0,59.0,62.0,68.0,62.0,70.0,0.0
2026-05-07,70.0,67.25,59.0,62.0,68.0,62.0,70.0,29.0,24,12.4,8.3,131,30.6,91,0.0,0.0,0.0,66.0,4.0,4.0,0.0,7.0,2.0,4.0,0.0,0.0,0.0,0.0,0.7547095802227721,-0.6560590289905072,0.0,1.0,0.0,0.0,27.300000000000058,5,64.0,55.0,59.0,60.0,56.0,64.0,0.0
2026-05-08,64.0,57.5,55.0,59.0,60.0,56.0,64.0,23.0,24,23.1,8.5,224,28.9,95,0.0,0.0,0.0,70.0,-6.0,-4.0,-3.0,-8.0,-6.0,-6.0,0.0,0.0,0.0,0.0,-0.6946583704589973,-0.7193398003386511,1.0,0.0,0.0,0.0,41.70000000000006,5,53.0,41.0,45.0,40.0,48.0,53.0,0.0
2026-05-09,53.0,43.708333333333336,41.0,45.0,40.0,48.0,53.0,14.0,24,5.9,8.9,166,30.6,88,0.0,0.0,0.0,64.0,-11.0,-14.0,-14.0,-20.0,-8.0,-11.0,0.0,0.0,0.0,0.0,0.24192189559966773,-0.9702957262759965,0.0,0.0,0.0,0.0,41.400000000000055,5,53.0,51.0,47.0,49.0,42.0,53.0,0.0
2026-05-10,53.0,50.79166666666666,51.0,47.0,49.0,42.0,53.0,14.0,24,1.7,10.2,112,32.6,87,0.0,0.0,0.0,53.0,0.0,10.0,2.0,9.0,-6.0,0.0,0.0,0.0,0.0,0.0,0.9271838545667874,-0.37460659341591207,0.0,1.0,0.0,0.0,30.70000000000006,5,61.0,54.0,43.0,55.0,53.0,61.0,0.0
2026-05-11,61.0,56.41666666666666,54.0,43.0,55.0,53.0,61.0,21.0,24,4.8,6.5,2,32.3,86,0.0,0.0,0.0,53.0,8.0,3.0,-4.0,6.0,11.0,8.0,0.0,0.0,0.0,0.0,0.03489949670250097,0.9993908270190958,0.0,0.0,0.0,0.0,12.400000000000057,5,63.0,56.0,43.0,55.0,53.0,63.0,0.0
2026-05-12,63.0,61.04166666666666,56.0,43.0,55.0,53.0,63.0,23.0,24,18.9,8.2,138,31.8,91,0.0,0.0,0.0,61.0,2.0,2.0,0.0,0.0,0.0,2.0,0.0,0.0,0.0,0.0,0.6691306063588583,-0.7431448254773941,0.0,1.0,0.0,0.0,25.400000000000055,5,56.0,53.0,41.0,38.0,52.0,56.0,0.0
2026-05-13,56.0,45.458333333333336,53.0,41.0,38.0,52.0,56.0,17.0,24,3.0,13.0,254,30.1,89,0.0,0.0,0.0,63.0,-7.0,-3.0,-2.0,-17.0,-1.0,-7.0,0.0,0.0,0.0,0.0,-0.961261695938319,-0.2756373558169989,1.0,0.0,0.0,0.0,26.700000000000056,5,48.0,43.0,34.0,37.0,34.0,48.0,0.0
2026-05-14,48.0,42.25,43.0,34.0,37.0,34.0,48.0,12.0,24,5.1,9.7,221,31.8,84,0.0,0.0,0.0,56.0,-8.0,-10.0,-7.0,-1.0,-18.0,-8.0,0.0,0.0,0.0,0.0,-0.656059028990507,-0.7547095802227721,1.0,0.0,0.0,0.0,27.000000000000057,5,54.0,53.0,41.0,54.0,51.0,53.0,0.0
2026-05-15,54.0,51.333333333333336,53.0,41.0,54.0,51.0,53.0,14.0,24,35.3,9.8,267,28.4,94,0.0,0.0,0.0,48.0,6.0,10.0,7.0,17.0,17.0,5.0,0.0,0.0,0.0,0.0,-0.9986295347545738,-0.052335956242944306,1.0,0.0,0.0,0.0,43.400000000000055,5,53.0,51.0,44.0,53.0,46.0,52.0,0.0
2026-05-16,53.0,41.083333333333336,51.0,44.0,53.0,46.0,52.0,14.0,24,22.7,9.4,266,26.4,99,0.0,0.0,0.0,54.0,-1.0,-2.0,3.0,-1.0,-5.0,-1.0,0.0,0.0,0.0,0.0,-0.9975640502598242,-0.06975647374412558,1.0,0.0,0.0,0.0,63.10000000000005,5,59.0,59.0,25.0,52.0,37.0,52.0,0.0
2026-05-17,59.0,46.25,59.0,25.0,52.0,37.0,52.0,13.0,24,1.8,9.1,203,31.7,85,0.0,0.0,0.0,53.0,6.0,8.0,-19.0,-1.0,-9.0,0.0,0.0,0.0,0.0,0.0,-0.39073112848927355,-0.9205048534524404,1.0,0.0,0.0,0.0,59.800000000000054,5,67.0,57.0,55.0,56.0,60.0,67.0,0.0
2026-05-18,67.0,61.16666666666666,57.0,55.0,56.0,60.0,67.0,26.0,24,27.5,10.1,47,31.8,94,0.0,0.0,0.0,59.0,8.0,-2.0,30.0,4.0,23.0,15.0,0.0,0.0,0.0,0.0,0.7313537016191705,0.6819983600624985,0.0,0.0,0.0,0.0,52.00000000000006,5,66.0,58.0,60.0,57.0,60.0,66.0,0.0
2026-05-19,66.0,63.958333333333336,58.0,60.0,57.0,60.0,66.0,25.0,24,6.7,9.1,51,31.4,91,0.0,0.0,0.0,67.0,-1.0,1.0,5.0,1.0,0.0,-1.0,0.0,0.0,0.0,0.0,0.7771459614569709,0.6293203910498375,0.0,0.0,0.0,0.0,36.00000000000006,5,63.0,57.0,53.0,56.0,55.0,63.0,0.0
2026-05-20,63.0,56.79166666666666,57.0,53.0,56.0,55.0,63.0,23.0,24,8.1,7.7,53,33.0,87,0.0,0.0,0.0,66.0,-3.0,-1.0,-7.0,-1.0,-5.0,-3.0,0.0,0.0,0.0,0.0,0.7986355100472928,0.6018150231520484,0.0,0.0,0.0,0.0,42.30000000000006,5,54.0,51.0,52.0,53.0,54.0,54.0,0.0
2026-05-21,54.0,53.125,51.0,52.0,53.0,54.0,54.0,15.0,24,8.5,8.5,251,32.2,85,0.0,0.0,0.0,63.0,-9.0,-6.0,-1.0,-3.0,-1.0,-9.0,0.0,0.0,0.0,0.0,-0.9455185755993168,-0.32556815445715664,1.0,0.0,0.0,0.0,23.300000000000058,5,58.0,54.0,54.0,55.0,46.0,58.0,0.0
2026-05-22,58.0,53.54166666666666,54.0,54.0,55.0,46.0,58.0,18.0,24,0.7,8.4,231,32.5,80,0.0,0.0,0.0,54.0,4.0,3.0,2.0,2.0,-8.0,4.0,0.0,0.0,0.0,0.0,-0.7771459614569706,-0.6293203910498378,1.0,0.0,0.0,0.0,17.300000000000058,5,65.0,57.0,55.0,62.0,64.0,65.0,0.0
2026-05-23,65.0,62.79166666666666,57.0,55.0,62.0,64.0,65.0,25.0,24,7.8,7.5,27,32.3,88,0.0,0.0,0.0,58.0,7.0,3.0,1.0,7.0,18.0,7.0,0.0,0.0,0.0,0.0,0.45399049973954675,0.8910065241883679,0.0,0.0,0.0,0.0,17.000000000000057,5,74.0,74.0,63.0,66.0,64.0,67.0,0.0
2026-05-24,74.0,65.95833333333333,74.0,63.0,66.0,64.0,67.0,26.0,24,8.5,7.5,8,29.3,93,0.0,0.0,0.0,65.0,9.0,17.0,8.0,4.0,0.0,2.0,0.0,0.0,0.0,0.0,0.13917310096006544,0.9902680687415704,0.0,0.0,0.0,0.0,17.000000000000057,5,71.0,56.0,64.0,66.0,60.0,71.0,0.0
2026-05-25,71.0,67.58333333333333,56.0,64.0,66.0,60.0,71.0,30.0,24,21.9,7.6,349,28.8,94,0.0,0.0,0.0,74.0,-3.0,-18.0,1.0,0.0,-4.0,4.0,0.0,0.0,0.0,0.0,-0.19080899537654467,0.981627183447664,0.0,0.0,0.0,0.0,38.20000000000006,5,72.0,60.0,63.0,68.0,66.0,72.0,0.0
2026-05-26,72.0,70.25,60.0,63.0,68.0,66.0,72.0,31.0,24,0.5,9.6,238,32.5,83,0.0,0.0,0.0,71.0,1.0,4.0,-1.0,2.0,6.0,1.0,0.0,0.0,0.0,0.0,-0.848048096156426,-0.529919264233205,1.0,0.0,0.0,0.0,30.900000000000055,5,70.0,61.0,62.0,62.0,61.0,70.0,0.0
2026-05-27,70.0,68.625,61.0,62.0,62.0,61.0,70.0,29.0,24,1.1,9.9,230,33.3,79,0.0,0.0,0.0,72.0,-2.0,1.0,-1.0,-6.0,-5.0,-2.0,0.0,0.0,0.0,0.0,-0.7660444431189779,-0.6427876096865395,1.0,0.0,0.0,0.0,23.500000000000057,5,67.0,57.0,57.0,61.0,55.0,67.0,0.0
2026-05-28,67.0,59.125,57.0,57.0,61.0,55.0,67.0,26.0,24,2.0,13.3,235,31.8,81,0.0,0.0,0.0,70.0,-3.0,-4.0,-5.0,-1.0,-6.0,-3.0,0.0,0.0,0.0,0.0,-0.8191520442889916,-0.5735764363510464,1.0,0.0,0.0,0.0,3.600000000000057,5,60.0,53.0,55.0,57.0,52.0,60.0,0.0
2026-05-29,60.0,58.125,53.0,55.0,57.0,52.0,60.0,20.0,24,13.0,13.5,196,31.0,87,0.0,0.0,0.0,67.0,-7.0,-4.0,-2.0,-4.0,-3.0,-7.0,0.0,0.0,0.0,0.0,-0.275637355816999,-0.9612616959383189,0.0,0.0,0.0,0.0,16.10000000000006,5,57.0,52.0,54.0,55.0,48.0,57.0,0.0
2026-05-30,57.0,52.41666666666666,52.0,54.0,55.0,48.0,57.0,18.0,24,3.7,8.3,230,31.9,83,0.0,0.0,0.0,60.0,-3.0,-1.0,-1.0,-2.0,-4.0,-3.0,0.0,0.0,0.0,0.0,-0.7660444431189779,-0.6427876096865395,1.0,0.0,0.0,0.0,18.700000000000056,5,60.0,52.0,57.0,55.0,51.0,60.0,0.0
2026-05-31,60.0,55.708333333333336,52.0,57.0,55.0,51.0,60.0,20.0,24,6.9,8.1,153,32.4,85,0.0,0.0,0.0,57.0,3.0,0.0,3.0,0.0,3.0,3.0,0.0,0.0,0.0,0.0,0.45399049973954686,-0.8910065241883678,0.0,1.0,0.0,0.0,23.60000000000006,5,65.0,54.0,62.0,60.0,57.0,65.0,0.0
2026-06-01,65.0,62.54166666666666,54.0,62.0,60.0,57.0,65.0,24.0,24,3.4,10.4,197,31.8,83,0.0,0.0,0.0,60.0,5.0,2.0,5.0,5.0,6.0,5.0,0.0,0.0,0.0,0.0,-0.29237170472273677,-0.9563047559630354,0.0,0.0,0.0,0.0,14.000000000000057,6,60.0,51.0,60.0,57.0,57.0,58.0,0.0
2026-06-02,60.0,56.083333333333336,51.0,60.0,57.0,57.0,58.0,20.0,24,1.3,11.0,176,32.5,75,0.0,0.0,0.0,65.0,-5.0,-3.0,-2.0,-3.0,0.0,-7.0,0.0,0.0,0.0,0.0,0.06975647374412552,-0.9975640502598242,0.0,0.0,0.0,0.0,11.600000000000058,6,64.0,54.0,63.0,61.0,61.0,64.0,0.0
2026-06-03,64.0,62.0,54.0,63.0,61.0,61.0,64.0,24.0,24,4.0,12.1,162,32.2,80,67.0,94.0,5.0,60.0,4.0,3.0,3.0,4.0,4.0,6.0,67.0,4.219507705176107,94.0,4.553876891600541,0.3090169943749475,-0.9510565162951535,0.0,0.0,0.0,0.0,8.700000000000056,6,63.0,54.0,60.0,61.0,57.0,63.0,0.0
2026-06-04,63.0,59.75,54.0,60.0,61.0,57.0,63.0,23.0,24,3.6,13.9,154,33.1,79,106.0,58.0,12.0,64.0,-1.0,0.0,-3.0,0.0,-4.0,-1.0,173.0,5.159055299214529,152.0,5.030437921392435,0.4383711467890773,-0.898794046299167,0.0,1.0,0.0,5.030437921392435,8.900000000000057,6,65.0,54.0,62.0,61.0,55.0,65.0,0.0
2026-06-05,65.0,63.375,54.0,62.0,61.0,55.0,65.0,24.0,24,4.7,15.3,145,33.1,81,100.0,147.0,17.0,63.0,2.0,0.0,2.0,0.0,-2.0,2.0,273.0,5.6131281063880705,299.0,5.703782474656201,0.5735764363510459,-0.8191520442889919,0.0,1.0,0.0,5.703782474656201,12.300000000000058,6,60.0,51.0,57.0,56.0,53.0,60.0,0.0
2026-06-06,60.0,54.958333333333336,51.0,57.0,56.0,53.0,60.0,20.0,24,3.8,11.0,156,33.4,79,109.0,153.0,14.0,65.0,-5.0,-3.0,-5.0,-5.0,-2.0,-5.0,315.0,5.755742213586912,358.0,5.883322388488279,0.40673664307580043,-0.9135454576426008,0.0,1.0,0.0,5.883322388488279,12.100000000000056,6,52.0,45.0,50.0,49.0,40.0,52.0,0.0
2026-06-07,52.0,46.29166666666666,45.0,50.0,49.0,40.0,52.0,13.0,24,8.3,12.1,147,32.6,84,31.0,115.0,32.0,60.0,-8.0,-6.0,-7.0,-7.0,-13.0,-8.0,240.0,5.484796933490655,415.0,6.030685260261263,0.5446390350150273,-0.8386705679454239,0.0,1.0,0.0,6.030685260261263,16.800000000000058,6,46.0,35.0,37.0,34.0,35.0,46.0,0.0
2026-06-08,46.0,36.458333333333336,35.0,37.0,34.0,35.0,46.0,11.0,24,13.9,10.9,161,30.9,89,31.0,44.0,27.0,52.0,-6.0,-10.0,-13.0,-15.0,-5.0,-6.0,171.0,5.147494476813453,312.0,5.746203190540153,0.3255681544571566,-0.9455185755993168,0.0,0.0,0.0,0.0,26.000000000000057,6,54.0,51.0,49.0,52.0,43.0,54.0,0.0
2026-06-09,54.0,47.875,51.0,49.0,52.0,43.0,54.0,15.0,24,3.3,10.7,236,31.2,87,39.0,67.0,5.0,46.0,8.0,16.0,12.0,18.0,8.0,8.0,101.0,4.624972813284271,226.0,5.424950017481403,-0.8290375725550418,-0.5591929034707466,1.0,0.0,4.624972813284271,0.0,25.500000000000057,6,57.0,52.0,53.0,55.0,52.0,57.0,0.0
2026-06-10,57.0,55.04166666666666,52.0,53.0,55.0,52.0,57.0,17.0,24,18.1,10.9,238,31.2,86,29.0,36.0,1.0,54.0,3.0,1.0,4.0,3.0,9.0,3.0,99.0,4.605170185988092,147.0,4.997212273764115,-0.848048096156426,-0.529919264233205,1.0,0.0,4.605170185988092,0.0,35.300000000000054,6,53.0,46.0,46.0,53.0,42.0,53.0,0.0
2026-06-11,53.0,52.16666666666666,46.0,46.0,53.0,42.0,53.0,14.0,24,18.5,11.2,76,29.9,93,57.0,28.0,2.0,57.0,-4.0,-6.0,-7.0,-2.0,-10.0,-4.0,125.0,4.836281906951478,131.0,4.882801922586371,0.9702957262759965,0.24192189559966767,0.0,1.0,0.0,4.882801922586371,39.90000000000006,6,61.0,53.0,54.0,60.0,53.0,61.0,0.0
2026-06-12,61.0,57.958333333333336,53.0,54.0,60.0,53.0,61.0,21.0,24,12.5,9.4,77,28.1,91,34.0,5.0,9.0,53.0,8.0,7.0,8.0,7.0,11.0,8.0,120.0,4.795790545596741,69.0,4.248495242049359,0.9743700647852352,0.22495105434386492,0.0,1.0,0.0,4.248495242049359,49.10000000000005,6,69.0,59.0,57.0,63.0,55.0,69.0,0.0
2026-06-13,69.0,62.458333333333336,59.0,57.0,63.0,55.0,69.0,28.0,24,0.7,8.1,131,32.1,83,43.0,17.0,28.0,61.0,8.0,6.0,3.0,3.0,2.0,8.0,134.0,4.90527477843843,50.0,3.9318256327243257,0.7547095802227721,-0.6560590289905072,0.0,1.0,0.0,3.9318256327243257,31.700000000000056,6,70.0,59.0,57.0,63.0,54.0,70.0,0.0
2026-06-14,70.0,64.79166666666667,59.0,57.0,63.0,54.0,70.0,29.0,24,2.7,10.2,119,31.3,81,38.0,55.0,11.0,69.0,1.0,0.0,0.0,0.0,-1.0,1.0,115.0,4.7535901911063645,77.0,4.356708826689592,0.8746197071393959,-0.484809620246337,0.0,1.0,0.0,4.356708826689592,15.900000000000057,6,61.0,53.0,52.0,57.0,53.0,61.0,0.0
2026-06-15,61.0,58.833333333333336,53.0,52.0,57.0,53.0,61.0,21.0,24,5.6,9.6,211,31.6,87,12.0,11.0,23.0,70.0,-9.0,-6.0,-5.0,-6.0,-1.0,-9.0,93.0,4.543294782270004,83.0,4.430816798843313,-0.5150380749100542,-0.8571673007021123,1.0,0.0,4.543294782270004,0.0,9.000000000000057,6,60.0,53.0,51.0,56.0,47.0,60.0,0.0
2026-06-16,60.0,52.91666666666666,53.0,51.0,56.0,47.0,60.0,20.0,24,1.7,11.9,136,31.3,84,69.0,31.0,51.0,61.0,-1.0,0.0,-1.0,-1.0,-6.0,-1.0,119.0,4.787491742782046,97.0,4.584967478670572,0.6946583704589971,-0.7193398003386513,0.0,1.0,0.0,4.584967478670572,10.000000000000057,6,46.0,37.0,36.0,33.0,34.0,46.0,0.0
2026-06-17,46.0,41.333333333333336,37.0,36.0,33.0,34.0,46.0,11.0,24,9.2,9.8,135,30.8,87,30.0,54.0,3.0,60.0,-14.0,-16.0,-15.0,-23.0,-13.0,-14.0,111.0,4.718498871295094,96.0,4.574710978503383,0.7071067811865476,-0.7071067811865475,0.0,1.0,0.0,4.574710978503383,16.500000000000057,6,53.0,50.0,46.0,48.0,46.0,53.0,0.0
2026-06-18,53.0,49.0,50.0,46.0,48.0,46.0,53.0,14.0,24,2.6,9.3,123,31.8,84,29.0,40.0,13.0,46.0,7.0,13.0,10.0,15.0,12.0,7.0,128.0,4.859812404361672,125.0,4.836281906951478,0.838670567945424,-0.5446390350150271,0.0,1.0,0.0,4.836281906951478,13.500000000000055,6,52.0,50.0,44.0,48.0,44.0,52.0,0.0
2026-06-19,52.0,42.41666666666666,50.0,44.0,48.0,44.0,52.0,13.0,24,6.4,10.5,135,31.8,82,24.0,103.0,16.0,53.0,-1.0,0.0,-2.0,0.0,-2.0,-1.0,83.0,4.430816798843313,197.0,5.288267030694535,0.7071067811865476,-0.7071067811865475,0.0,1.0,0.0,5.288267030694535,18.200000000000056,6,53.0,42.0,36.0,52.0,40.0,53.0,0.0
2026-06-20,53.0,46.04166666666666,42.0,36.0,52.0,40.0,53.0,14.0,24,6.6,7.8,220,30.6,88,57.0,71.0,15.0,52.0,1.0,-8.0,-8.0,4.0,-4.0,1.0,110.0,4.709530201312334,214.0,5.3706380281276624,-0.6427876096865393,-0.766044443118978,1.0,0.0,4.709530201312334,0.0,15.600000000000056,6,52.0,44.0,36.0,52.0,37.0,52.0,0.0
2026-06-21,52.0,46.875,44.0,36.0,52.0,37.0,52.0,13.0,24,9.3,7.9,128,31.1,90,53.0,83.0,17.0,53.0,-1.0,2.0,0.0,0.0,-3.0,-1.0,134.0,4.90527477843843,257.0,5.552959584921617,0.788010753606722,-0.6156614753256583,0.0,1.0,0.0,5.552959584921617,22.300000000000058,6,53.0,49.0,34.0,51.0,29.0,53.0,0.0
2026-06-22,53.0,51.54166666666666,49.0,34.0,51.0,29.0,53.0,13.0,24,7.9,10.5,259,29.9,93,32.0,44.0,14.0,52.0,1.0,5.0,-2.0,-1.0,-8.0,1.0,142.0,4.962844630259907,198.0,5.293304824724492,-0.981627183447664,-0.1908089953765446,1.0,0.0,4.962844630259907,0.0,23.800000000000058,6,57.0,50.0,38.0,54.0,46.0,57.0,0.0
2026-06-23,57.0,54.083333333333336,50.0,38.0,54.0,46.0,57.0,17.0,24,0.6,9.6,164,31.8,83,29.0,65.0,11.0,53.0,4.0,1.0,4.0,3.0,17.0,4.0,114.0,4.74493212836325,192.0,5.262690188904886,0.2756373558169992,-0.9612616959383189,0.0,0.0,0.0,0.0,17.80000000000006,6,56.0,51.0,41.0,52.0,45.0,56.0,0.0
2026-06-24,56.0,54.625,51.0,41.0,52.0,45.0,56.0,17.0,24,29.0,9.8,256,30.3,94,4.0,107.0,4.0,57.0,-1.0,1.0,3.0,-2.0,-1.0,-1.0,65.0,4.189654742026425,216.0,5.37989735354046,-0.9702957262759965,-0.24192189559966779,1.0,0.0,4.189654742026425,0.0,37.50000000000006,6,55.0,49.0,42.0,53.0,39.0,55.0,0.0
2026-06-25,55.0,53.708333333333336,49.0,42.0,53.0,39.0,55.0,15.0,24,2.2,14.1,172,31.1,85,38.0,105.0,16.0,56.0,-1.0,-2.0,1.0,1.0,-6.0,-1.0,71.0,4.276666119016055,277.0,5.627621113690637,0.13917310096006533,-0.9902680687415704,0.0,0.0,0.0,0.0,31.800000000000058,6,52.0,47.0,40.0,52.0,38.0,52.0,0.0
2026-06-26,52.0,51.083333333333336,47.0,40.0,52.0,38.0,52.0,13.0,24,1.0,13.0,157,31.9,83,66.0,111.0,20.0,55.0,-3.0,-2.0,-2.0,-1.0,-1.0,-3.0,108.0,4.6913478822291435,323.0,5.780743515792329,0.39073112848927377,-0.9205048534524404,0.0,1.0,0.0,5.780743515792329,32.20000000000006,6,51.0,46.0,41.0,50.0,38.0,51.0,0.0
2026-06-27,51.0,45.54166666666666,46.0,41.0,50.0,38.0,51.0,12.0,24,0.3,11.0,171,32.3,79,91.0,134.0,36.0,52.0,-1.0,-1.0,1.0,-2.0,0.0,-1.0,195.0,5.278114659230517,350.0,5.860786223465865,0.15643446504023098,-0.9876883405951377,0.0,0.0,0.0,0.0,3.500000000000057,6,48.0,44.0,35.0,48.0,46.0,48.0,0.0
2026-06-28,48.0,45.375,44.0,35.0,48.0,46.0,48.0,11.0,24,0.9,11.5,143,32.0,81,41.0,101.0,13.0,51.0,-3.0,-2.0,-6.0,-2.0,8.0,-3.0,198.0,5.293304824724492,346.0,5.849324779946859,0.6018150231520482,-0.7986355100472929,0.0,1.0,0.0,5.849324779946859,2.200000000000057,6,51.0,42.0,39.0,51.0,42.0,45.0,0.0
2026-06-29,51.0,47.333333333333336,42.0,39.0,51.0,42.0,45.0,12.0,24,8.0,11.6,150,32.0,83,43.0,82.0,7.0,48.0,3.0,-2.0,4.0,3.0,-4.0,-3.0,175.0,5.170483995038151,317.0,5.762051382780177,0.49999999999999994,-0.8660254037844387,0.0,1.0,0.0,5.762051382780177,9.200000000000056,6,42.0,42.0,37.0,42.0,35.0,42.0,0.0
2026-06-30,42.0,40.04166666666666,42.0,37.0,42.0,35.0,42.0,10.0,24,7.0,9.3,239,29.9,88,38.0,60.0,6.0,51.0,-9.0,0.0,-2.0,-9.0,-7.0,-3.0,122.0,4.812184355372417,243.0,5.497168225293202,-0.8571673007021121,-0.5150380749100544,1.0,0.0,4.812184355372417,0.0,15.900000000000055,6,59.0,53.0,48.0,54.0,54.0,59.0,0.0
2026-07-01,59.0,51.583333333333336,53.0,48.0,54.0,54.0,59.0,19.0,24,2.4,14.6,166,31.3,83,45.0,39.0,1.0,42.0,17.0,11.0,11.0,12.0,19.0,17.0,126.0,4.844187086458591,181.0,5.204006687076795,0.24192189559966773,-0.9702957262759965,0.0,0.0,0.0,0.0,17.40000000000006,7,62.0,54.0,53.0,58.0,60.0,62.0,0.0
2026-07-02,62.0,60.29166666666666,54.0,53.0,58.0,60.0,62.0,22.0,24,1.7,10.3,170,30.0,87,64.0,75.0,14.0,59.0,3.0,1.0,5.0,4.0,6.0,3.0,147.0,4.997212273764115,174.0,5.1647859739235145,0.17364817766693028,-0.984807753012208,0.0,0.0,0.0,0.0,11.100000000000058,7,71.0,61.0,58.0,66.0,65.0,71.0,0.0
2026-07-03,71.0,62.458333333333336,61.0,58.0,66.0,65.0,71.0,30.0,24,4.9,9.5,126,30.7,87,53.0,56.0,10.0,62.0,9.0,7.0,5.0,8.0,5.0,9.0,162.0,5.093750200806762,170.0,5.14166355650266,0.8090169943749475,-0.587785252292473,0.0,1.0,0.0,5.14166355650266,9.000000000000057,7,73.0,61.0,59.0,65.0,68.0,73.0,0.0
2026-07-04,73.0,67.33333333333333,61.0,59.0,65.0,68.0,73.0,31.0,24,1.5,11.6,115,32.5,81,83.0,142.0,11.0,71.0,2.0,0.0,1.0,-1.0,3.0,2.0,200.0,5.303304908059076,273.0,5.6131281063880705,0.90630778703665,-0.42261826174069933,0.0,1.0,0.0,5.6131281063880705,8.100000000000058,7,60.0,48.0,54.0,54.0,59.0,60.0,0.0
2026-07-05,60.0,56.91666666666666,48.0,54.0,54.0,59.0,60.0,20.0,24,8.4,9.4,116,31.7,84,53.0,153.0,21.0,73.0,-13.0,-13.0,-5.0,-11.0,-9.0,-13.0,189.0,5.247024072160486,351.0,5.863631175598097,0.8987940462991669,-0.4383711467890775,0.0,1.0,0.0,5.863631175598097,14.800000000000058,7,55.0,54.0,53.0,54.0,55.0,55.0,0.0
2026-07-06,55.0,54.583333333333336,54.0,53.0,54.0,55.0,55.0,16.0,24,11.8,8.8,148,31.6,90,107.0,134.0,24.0,60.0,-5.0,6.0,-1.0,0.0,-4.0,-5.0,243.0,5.497168225293202,429.0,6.063785208687608,0.5299192642332049,-0.848048096156426,0.0,1.0,0.0,6.063785208687608,21.70000000000006,7,59.0,53.0,52.0,54.0,59.0,57.0,0.0
2026-07-07,59.0,54.625,53.0,52.0,54.0,59.0,57.0,19.0,24,8.8,13.7,152,31.4,81,114.0,116.0,22.0,55.0,4.0,-1.0,-1.0,0.0,4.0,2.0,274.0,5.616771097666572,403.0,6.0014148779611505,0.4694715627858907,-0.882947592858927,0.0,1.0,0.0,6.0014148779611505,29.000000000000057,7,60.0,54.0,53.0,59.0,60.0,60.0,0.0
2026-07-08,60.0,59.208333333333336,54.0,53.0,59.0,60.0,60.0,20.0,24,9.8,10.0,154,30.8,86,143.0,192.0,20.0,59.0,1.0,1.0,1.0,5.0,1.0,3.0,364.0,5.8998973535824915,442.0,6.093569770045136,0.4383711467890773,-0.898794046299167,0.0,1.0,0.0,6.093569770045136,30.400000000000063,7,66.0,58.0,57.0,63.0,66.0,65.0,0.0
2026-07-09,66.0,62.75,58.0,57.0,63.0,66.0,65.0,25.0,24,11.8,12.2,166,29.6,89,119.0,300.0,20.0,60.0,6.0,4.0,4.0,4.0,6.0,5.0,376.0,5.932245187448011,608.0,6.411818267709897,0.24192189559966773,-0.9702957262759965,0.0,0.0,0.0,0.0,30.400000000000055,7,64.0,57.0,55.0,61.0,61.0,64.0,0.0
2026-07-10,64.0,59.04166666666666,57.0,55.0,61.0,61.0,64.0,23.0,24,1.6,10.6,163,31.8,79,46.0,258.0,1.0,66.0,-2.0,-1.0,-2.0,-2.0,-5.0,-1.0,308.0,5.733341276897746,750.0,6.621405651764134,0.2923717047227366,-0.9563047559630355,0.0,0.0,0.0,0.0,23.20000000000006,7,71.0,61.0,63.0,66.0,67.0,71.0,0.0
2026-07-11,71.0,68.375,61.0,63.0,66.0,67.0,71.0,30.0,24,5.4,14.6,166,31.1,80,0.0,0.0,0.0,64.0,7.0,4.0,8.0,5.0,6.0,7.0,165.0,5.111987788356544,558.0,6.326149473155099,0.24192189559966773,-0.9702957262759965,0.0,0.0,0.0,0.0,18.800000000000058,7,71.0,59.0,61.0,67.0,65.0,71.0,0.0
2026-07-12,71.0,68.25,59.0,61.0,67.0,65.0,71.0,30.0,24,1.3,16.6,173,30.6,79,0.0,0.0,0.0,71.0,0.0,-2.0,-2.0,1.0,-2.0,0.0,46.0,3.8501476017100584,258.0,5.556828061699537,0.12186934340514755,-0.992546151641322,0.0,0.0,0.0,0.0,8.300000000000058,7,75.0,62.0,61.0,68.0,65.0,75.0,0.0
2026-07-13,75.0,73.45833333333333,62.0,61.0,68.0,65.0,75.0,33.0,24,1.2,13.8,148,31.8,75,0.0,0.0,0.0,71.0,4.0,3.0,0.0,1.0,0.0,4.0,0.0,0.0,0.0,0.0,0.5299192642332049,-0.848048096156426,0.0,1.0,0.0,0.0,7.900000000000057,7,72.0,61.0,60.0,65.0,64.0,72.0,0.0
2026-07-14,72.0,68.25,61.0,60.0,65.0,64.0,72.0,31.0,24,1.4,14.0,149,32.2,75,0.0,0.0,0.0,75.0,-3.0,-1.0,-1.0,-3.0,-1.0,-3.0,0.0,0.0,0.0,0.0,0.5150380749100544,-0.8571673007021122,0.0,1.0,0.0,0.0,3.9000000000000568,7,65.0,57.0,54.0,60.0,62.0,65.0,0.0
2026-07-15,65.0,61.333333333333336,57.0,54.0,60.0,62.0,65.0,24.0,24,4.9,11.0,143,32.2,79,0.0,0.0,0.0,72.0,-7.0,-4.0,-6.0,-5.0,-2.0,-7.0,0.0,0.0,0.0,0.0,0.6018150231520482,-0.7986355100472929,0.0,1.0,0.0,0.0,7.500000000000057,7,60.0,57.0,51.0,60.0,56.0,59.0,0.0
2026-07-16,60.0,59.25,57.0,51.0,60.0,56.0,59.0,20.0,24,2.5,10.9,136,32.8,79,0.0,0.0,0.0,65.0,-5.0,0.0,-3.0,0.0,-6.0,-6.0,0.0,0.0,0.0,0.0,0.6946583704589971,-0.7193398003386513,0.0,1.0,0.0,0.0,8.800000000000058,7,61.0,54.0,52.0,61.0,55.0,60.0,0.0
2026-07-17,61.0,58.75,54.0,52.0,61.0,55.0,60.0,21.0,24,5.4,12.1,125,30.0,84,137.0,219.0,9.0,60.0,1.0,-3.0,1.0,1.0,-1.0,1.0,137.0,4.927253685157205,219.0,5.393627546352362,0.8191520442889917,-0.5735764363510462,0.0,1.0,0.0,5.393627546352362,12.800000000000058,7,57.0,51.0,52.0,53.0,54.0,57.0,0.0
2026-07-18,57.0,55.66666666666666,51.0,52.0,53.0,54.0,57.0,17.0,24,3.7,9.5,113,32.5,84,178.0,289.0,16.0,61.0,-4.0,-3.0,0.0,-8.0,-1.0,-3.0,315.0,5.755742213586912,508.0,6.2324480165505225,0.9205048534524403,-0.3907311284892738,0.0,1.0,0.0,6.2324480165505225,11.600000000000058,7,58.0,55.0,52.0,56.0,55.0,58.0,0.0
2026-07-19,58.0,56.375,55.0,52.0,56.0,55.0,58.0,18.0,24,0.2,11.4,159,32.7,78,199.0,368.0,25.0,57.0,1.0,4.0,0.0,3.0,1.0,1.0,514.0,6.244166900663736,876.0,6.776506992372183,0.3583679495453002,-0.9335804264972017,0.0,1.0,0.0,6.776506992372183,9.300000000000058,7,63.0,55.0,56.0,60.0,60.0,63.0,0.0
2026-07-20,63.0,61.16666666666666,55.0,56.0,60.0,60.0,63.0,22.0,24,7.0,9.8,129,32.0,80,88.0,427.0,21.0,58.0,5.0,0.0,4.0,4.0,5.0,5.0,465.0,6.144185634125646,1084.0,6.98933526597456,0.777145961456971,-0.6293203910498373,0.0,1.0,0.0,6.98933526597456,10.900000000000057,7,68.0,58.0,57.0,62.0,64.0,68.0,0.0
2026-07-21,68.0,66.0,58.0,57.0,62.0,64.0,68.0,27.0,24,3.3,9.6,143,32.6,83,65.0,234.0,15.0,63.0,5.0,3.0,1.0,2.0,4.0,5.0,352.0,5.8664680569332965,1029.0,6.937314081223682,0.6018150231520482,-0.7986355100472929,0.0,1.0,0.0,6.937314081223682,10.500000000000057,7,68.0,58.0,57.0,62.0,63.0,68.0,0.0
2026-07-22,68.0,64.66666666666667,58.0,57.0,62.0,63.0,68.0,27.0,24,15.5,12.0,167,29.7,87,57.0,337.0,8.0,68.0,0.0,0.0,0.0,0.0,-1.0,0.0,210.0,5.351858133476067,998.0,6.906754778648554,0.2249510543438652,-0.9743700647852351,0.0,0.0,0.0,0.0,25.800000000000058,7,62.0,53.0,52.0,58.0,58.0,62.0,0.0
2026-07-23,62.0,60.0,53.0,52.0,58.0,58.0,62.0,22.0,24,5.9,14.4,181,29.4,86,99.0,481.0,18.0,68.0,-6.0,-5.0,-5.0,-4.0,-5.0,-6.0,221.0,5.402677381872279,1052.0,6.959398512133975,-0.017452406437283637,-0.9998476951563913,0.0,0.0,0.0,0.0,24.70000000000006,7,70.0,59.0,60.0,65.0,63.0,70.0,0.0
2026-07-24,70.0,67.58333333333333,59.0,60.0,65.0,63.0,70.0,29.0,24,4.3,12.7,145,32.0,83,82.0,468.0,8.0,62.0,8.0,6.0,8.0,7.0,5.0,8.0,238.0,5.476463551931511,1286.0,7.160069207596127,0.5735764363510459,-0.8191520442889919,0.0,1.0,0.0,7.160069207596127,25.700000000000056,7,66.0,57.0,60.0,61.0,61.0,66.0,0.0
2026-07-25,66.0,63.16666666666666,57.0,60.0,61.0,61.0,66.0,25.0,24,7.9,11.6,156,29.7,85,62.0,1035.0,8.0,70.0,-4.0,-2.0,0.0,-4.0,-2.0,-4.0,243.0,5.497168225293202,1984.0,7.59337419312129,0.40673664307580043,-0.9135454576426008,0.0,1.0,0.0,7.59337419312129,18.10000000000006,7,64.0,55.0,55.0,59.0,58.0,64.0,0.0
2026-07-26,64.0,63.708333333333336,55.0,55.0,59.0,58.0,64.0,24.0,24,16.8,12.9,159,28.6,91,92.0,665.0,5.0,66.0,-2.0,-2.0,-5.0,-2.0,-3.0,-2.0,236.0,5.4680601411351315,2168.0,7.682021510826875,0.3583679495453002,-0.9335804264972017,0.0,1.0,0.0,7.682021510826875,29.000000000000057,7,69.0,56.0,60.0,61.0,60.0,69.0,0.0
2026-07-27,69.0,63.41666666666666,56.0,60.0,61.0,60.0,69.0,28.0,24,1.4,12.2,152,31.2,78,98.0,112.0,0.0,64.0,5.0,1.0,5.0,2.0,2.0,5.0,252.0,5.53338948872752,1812.0,7.502738210754851,0.4694715627858907,-0.882947592858927,0.0,1.0,0.0,7.502738210754851,26.10000000000006,7,70.0,57.0,60.0,61.0,62.0,70.0,0.0
2026-07-28,70.0,67.66666666666667,57.0,60.0,61.0,62.0,70.0,29.0,24,2.0,9.8,136,31.6,81,162.0,256.0,9.0,69.0,1.0,1.0,0.0,0.0,2.0,1.0,352.0,5.8664680569332965,1033.0,6.9411900550683745,0.6946583704589971,-0.7193398003386513,0.0,1.0,0.0,6.9411900550683745,20.20000000000006,7,62.0,55.0,52.0,57.0,57.0,62.0,0.0
2026-07-29,62.0,60.25,55.0,52.0,57.0,57.0,62.0,22.0,24,3.6,10.6,149,31.3,83,112.0,202.0,3.0,70.0,-8.0,-2.0,-8.0,-4.0,-5.0,-8.0,372.0,5.921578419643816,570.0,6.3473892096560105,0.5150380749100544,-0.8571673007021122,0.0,1.0,0.0,6.3473892096560105,7.00000000000006,7,60.0,53.0,53.0,56.0,57.0,60.0,0.0
2026-07-30,60.0,59.16666666666666,53.0,53.0,56.0,57.0,60.0,20.0,24,16.8,10.3,134,30.7,83,69.0,342.0,10.0,62.0,-2.0,-2.0,1.0,-1.0,0.0,-2.0,343.0,5.840641657373398,800.0,6.68586094706836,0.7193398003386511,-0.6946583704589974,0.0,1.0,0.0,6.68586094706836,22.400000000000063,7,59.0,53.0,53.0,54.0,55.0,59.0,0.0
2026-07-31,59.0,57.54166666666666,53.0,53.0,54.0,55.0,59.0,19.0,24,3.2,11.8,117,31.9,81,102.0,497.0,19.0,60.0,-1.0,0.0,0.0,-2.0,-2.0,-1.0,283.0,5.648974238161206,1041.0,6.948897222313312,0.8910065241883679,-0.45399049973954675,0.0,1.0,0.0,6.948897222313312,23.60000000000006,7,62.0,56.0,56.0,57.0,56.0,62.0,0.0
2026-08-01,62.0,60.79166666666666,56.0,56.0,57.0,56.0,62.0,22.0,24,5.1,13.2,128,32.2,80,133.0,726.0,17.0,59.0,3.0,3.0,3.0,3.0,1.0,3.0,304.0,5.720311776607412,1565.0,7.356279876550748,0.788010753606722,-0.6156614753256583,0.0,1.0,0.0,7.356279876550748,25.10000000000006,8,61.0,56.0,55.0,58.0,59.0,61.0,0.0
2026-08-02,61.0,60.75,56.0,55.0,58.0,59.0,61.0,21.0,24,0.3,11.1,135,32.6,78,217.0,915.0,18.0,62.0,-1.0,0.0,-1.0,1.0,3.0,-1.0,452.0,6.115892125483034,2138.0,7.668093709082406,0.7071067811865476,-0.7071067811865475,0.0,1.0,0.0,7.668093709082406,8.60000000000006,8,67.0,56.0,56.0,59.0,62.0,67.0,0.0
2026-08-03,67.0,63.583333333333336,56.0,56.0,59.0,62.0,67.0,26.0,24,0.5,12.4,149,32.9,77,0.0,0.0,0.0,61.0,6.0,0.0,1.0,1.0,3.0,6.0,350.0,5.860786223465865,1641.0,7.403670290012373,0.5150380749100544,-0.8571673007021122,0.0,1.0,0.0,7.403670290012373,5.90000000000006,8,67.0,56.0,56.0,60.0,62.0,67.0,0.0
2026-08-04,67.0,63.708333333333336,56.0,56.0,60.0,62.0,67.0,26.0,24,4.2,13.9,169,32.1,78,69.0,340.0,13.0,67.0,0.0,0.0,0.0,1.0,0.0,0.0,286.0,5.659482215759621,1255.0,7.135687347028144,0.19080899537654497,-0.981627183447664,0.0,0.0,0.0,0.0,5.00000000000006,8,62.0,55.0,55.0,59.0,59.0,62.0,0.0
2026-08-05,62.0,60.0,55.0,55.0,59.0,59.0,62.0,22.0,24,0.5,12.4,151,32.8,76,178.0,1729.0,19.0,67.0,-5.0,-1.0,-1.0,-1.0,-3.0,-5.0,247.0,5.5134287461649825,2069.0,7.635303886259415,0.48480962024633717,-0.8746197071393957,0.0,1.0,0.0,7.635303886259415,5.200000000000061,8,74.0,59.0,62.0,67.0,66.0,74.0,0.0
2026-08-06,74.0,69.54166666666667,59.0,62.0,67.0,66.0,74.0,33.0,24,4.8,14.8,158,31.7,80,195.0,1998.0,25.0,62.0,12.0,4.0,7.0,8.0,7.0,12.0,442.0,6.093569770045136,4067.0,8.31090675716845,0.37460659341591224,-0.9271838545667873,0.0,1.0,0.0,8.31090675716845,9.50000000000006,8,74.0,58.0,62.0,67.0,66.0,74.0,0.0
2026-08-07,74.0,67.25,58.0,62.0,67.0,66.0,74.0,32.0,24,1.8,15.1,162,32.1,79,372.0,1942.0,23.0,74.0,0.0,-1.0,0.0,0.0,0.0,0.0,745.0,6.61472560020376,5669.0,8.642944396721798,0.3090169943749475,-0.9510565162951535,0.0,0.0,0.0,0.0,7.10000000000006,8,71.0,60.0,59.0,63.0,61.0,71.0,0.0
2026-08-08,71.0,65.83333333333333,60.0,59.0,63.0,61.0,71.0,30.0,24,0.7,15.2,155,32.2,74,501.0,2696.0,28.0,74.0,-3.0,2.0,-3.0,-4.0,-5.0,-3.0,1068.0,6.974478911025045,6636.0,8.800415333145924,0.4226182617406995,-0.9063077870366499,0.0,1.0,0.0,8.800415333145924,7.30000000000006,8,81.0,65.0,64.0,71.0,71.0,81.0,0.0
2026-08-09,81.0,76.54166666666667,65.0,64.0,71.0,71.0,81.0,38.0,24,0.0,14.1,152,32.4,71,299.0,2541.0,11.0,71.0,10.0,5.0,5.0,8.0,10.0,10.0,1172.0,7.067319848653476,7179.0,8.87905466204227,0.4694715627858907,-0.882947592858927,0.0,1.0,0.0,8.87905466204227,2.5000000000000604,8,80.0,64.0,61.0,72.0,74.0,80.0,0.0
2026-08-10,80.0,72.125,64.0,61.0,72.0,74.0,80.0,37.0,24,0.0,14.4,159,32.0,73,214.0,3000.0,4.0,81.0,-1.0,-1.0,-3.0,1.0,3.0,-1.0,1014.0,6.922643891475888,8237.0,9.016512874996026,0.3583679495453002,-0.9335804264972017,0.0,1.0,0.0,9.016512874996026,0.7000000000000604,8,80.0,65.0,62.0,72.0,74.0,80.0,0.0
2026-08-11,80.0,79.45833333333333,65.0,62.0,72.0,74.0,80.0,38.0,24,0.3,14.4,155,31.9,73,363.0,2019.0,15.0,80.0,0.0,1.0,1.0,0.0,0.0,0.0,876.0,6.776506992372183,7560.0,8.93075873555827,0.4226182617406995,-0.9063077870366499,0.0,1.0,0.0,8.93075873555827,0.3000000000000604,8,78.0,62.0,62.0,69.0,71.0,78.0,0.0
2026-08-12,78.0,75.5,62.0,62.0,69.0,71.0,78.0,36.0,24,0.0,12.8,153,32.3,72,315.0,1787.0,7.0,80.0,-2.0,-3.0,0.0,-3.0,-3.0,-2.0,892.0,6.794586580876499,6806.0,8.825706773447951,0.45399049973954686,-0.8910065241883678,0.0,1.0,0.0,8.825706773447951,0.3000000000000604,8,77.0,63.0,63.0,68.0,69.0,77.0,0.0
2026-08-13,77.0,74.79166666666667,63.0,63.0,68.0,69.0,77.0,35.0,24,0.1,13.3,159,31.6,74,200.0,965.0,6.0,78.0,-1.0,1.0,1.0,-1.0,-2.0,-1.0,878.0,6.778784897685177,4771.0,8.470520783217808,0.3583679495453002,-0.9335804264972017,0.0,1.0,0.0,8.470520783217808,0.4000000000000604,8,77.0,63.0,66.0,70.0,67.0,77.0,0.0
2026-08-14,77.0,76.375,63.0,66.0,70.0,67.0,77.0,35.0,24,0.4,12.6,160,32.9,73,110.0,1485.0,18.0,77.0,0.0,0.0,3.0,2.0,-2.0,0.0,625.0,6.439350371100098,4237.0,8.351846738828245,0.3420201433256689,-0.9396926207859083,0.0,1.0,0.0,8.351846738828245,0.5000000000000604,8,81.0,63.0,68.0,69.0,70.0,81.0,0.0
2026-08-15,81.0,78.91666666666667,63.0,68.0,69.0,70.0,81.0,39.0,24,2.8,10.4,158,32.7,77,384.0,2025.0,18.0,77.0,4.0,0.0,2.0,-1.0,3.0,4.0,694.0,6.543911845564792,4475.0,8.406485069431817,0.37460659341591224,-0.9271838545667873,0.0,1.0,0.0,8.406485069431817,3.30000000000006,8,78.0,61.0,63.0,67.0,68.0,78.0,0.0
2026-08-16,78.0,74.5,61.0,63.0,67.0,68.0,78.0,36.0,24,7.3,13.7,138,33.7,81,169.0,2481.0,19.0,81.0,-3.0,-2.0,-5.0,-2.0,-2.0,-3.0,663.0,6.498282149476434,5991.0,8.698180525197055,0.6691306063588583,-0.7431448254773941,0.0,1.0,0.0,8.698180525197055,10.50000000000006,8,73.0,60.0,61.0,65.0,66.0,73.0,0.0
2026-08-17,73.0,70.875,60.0,61.0,65.0,66.0,73.0,32.0,24,9.3,12.4,155,32.2,83,218.0,2654.0,16.0,78.0,-5.0,-1.0,-2.0,-2.0,-2.0,-5.0,771.0,6.648984550024776,7160.0,8.87640491500694,0.4226182617406995,-0.9063077870366499,0.0,1.0,0.0,8.87640491500694,19.400000000000063,8,72.0,59.0,60.0,65.0,63.0,72.0,0.0
2026-08-18,72.0,69.16666666666667,59.0,60.0,65.0,63.0,72.0,30.0,24,5.4,11.8,147,32.4,78,296.0,4990.0,7.0,73.0,-1.0,-1.0,-1.0,0.0,-3.0,-1.0,683.0,6.52795791762255,10125.0,9.222861652529854,0.5446390350150273,-0.8386705679454239,0.0,1.0,0.0,9.222861652529854,22.00000000000006,8,75.0,61.0,62.0,67.0,65.0,75.0,0.0
2026-08-19,75.0,74.08333333333333,61.0,62.0,67.0,65.0,75.0,34.0,24,3.6,14.9,207,32.6,80,298.0,3784.0,13.0,72.0,3.0,2.0,2.0,2.0,2.0,3.0,812.0,6.70073110954781,11428.0,9.343909263897597,-0.45399049973954664,-0.8910065241883679,1.0,0.0,6.70073110954781,0.0,18.30000000000006,8,76.0,63.0,60.0,68.0,65.0,76.0,0.0
2026-08-20,76.0,71.875,63.0,60.0,68.0,65.0,76.0,34.0,24,2.0,15.5,162,32.4,79,340.0,3461.0,9.0,75.0,1.0,2.0,-2.0,1.0,0.0,1.0,934.0,6.840546529288687,12235.0,9.412137705270794,0.3090169943749475,-0.9510565162951535,0.0,0.0,0.0,0.0,11.00000000000006,8,74.0,60.0,63.0,64.0,64.0,74.0,0.0
2026-08-21,74.0,70.54166666666667,60.0,63.0,64.0,64.0,74.0,32.0,24,0.5,17.0,155,32.6,73,616.0,3143.0,50.0,76.0,-2.0,-3.0,3.0,-4.0,-1.0,-2.0,1254.0,7.134890851565884,10388.0,9.248502833070532,0.4226182617406995,-0.9063077870366499,0.0,1.0,0.0,9.248502833070532,6.10000000000006,8,80.0,62.0,67.0,70.0,70.0,80.0,0.0
2026-08-22,80.0,76.70833333333333,62.0,67.0,70.0,70.0,80.0,38.0,24,0.1,14.1,161,33.0,71,1323.0,2189.0,59.0,74.0,6.0,2.0,4.0,6.0,6.0,6.0,2279.0,7.731930721948486,8793.0,9.081824949740755,0.3255681544571566,-0.9455185755993168,0.0,0.0,0.0,0.0,2.6000000000000605,8,82.0,64.0,66.0,71.0,71.0,82.0,0.0
2026-08-23,82.0,79.375,64.0,66.0,71.0,71.0,82.0,39.0,24,0.0,15.0,154,32.7,70,1326.0,1570.0,62.0,80.0,2.0,2.0,-1.0,1.0,1.0,2.0,3265.0,8.09132127353041,6902.0,8.839711378703475,0.4383711467890773,-0.898794046299167,0.0,1.0,0.0,8.839711378703475,0.6000000000000604,8,98.0,72.0,75.0,87.0,79.0,98.0,0.0
2026-08-24,98.0,88.33333333333333,72.0,75.0,87.0,79.0,98.0,54.0,24,0.0,14.9,160,32.6,75,1196.0,2585.0,66.0,82.0,16.0,8.0,9.0,16.0,8.0,16.0,3845.0,8.254788926148725,6344.0,8.755422380148488,0.3420201433256689,-0.9396926207859083,0.0,1.0,0.0,8.755422380148488,0.1000000000000604,8,99.0,71.0,74.0,87.0,80.0,99.0,0.0
2026-08-25,99.0,94.33333333333331,71.0,74.0,87.0,80.0,99.0,54.0,24,7.2,13.2,156,32.7,75,745.0,2982.0,18.0,98.0,1.0,-1.0,-1.0,0.0,1.0,1.0,3267.0,8.091933455979893,7137.0,8.873187904050106,0.40673664307580043,-0.9135454576426008,0.0,1.0,0.0,8.873187904050106,7.200000000000061,8,89.0,65.0,73.0,74.0,73.0,89.0,0.0
2026-08-26,89.0,78.41666666666667,65.0,73.0,74.0,73.0,89.0,46.0,24,4.4,11.1,171,29.8,83,734.0,3849.0,17.0,99.0,-10.0,-6.0,-1.0,-13.0,-7.0,-10.0,2675.0,7.892078421248119,9416.0,9.150271845510064,0.15643446504023098,-0.9876883405951377,0.0,0.0,0.0,0.0,11.600000000000062,8,75.0,63.0,63.0,66.0,68.0,75.0,0.0
2026-08-27,75.0,66.58333333333333,63.0,63.0,66.0,68.0,75.0,33.0,24,2.5,14.2,149,31.9,80,927.0,3736.0,11.0,89.0,-14.0,-2.0,-10.0,-8.0,-5.0,-14.0,2406.0,7.786136437783072,10567.0,9.26558584620216,0.5150380749100544,-0.8571673007021122,0.0,1.0,0.0,9.26558584620216,14.100000000000062,8,79.0,63.0,67.0,67.0,70.0,79.0,0.0
2026-08-28,79.0,76.25,63.0,67.0,67.0,70.0,79.0,37.0,24,3.1,15.6,146,32.3,75,739.0,8641.0,20.0,75.0,4.0,0.0,4.0,1.0,2.0,4.0,2400.0,7.783640596221253,16226.0,9.694431800539537,0.5591929034707469,-0.8290375725550416,0.0,1.0,0.0,9.694431800539537,10.00000000000006,8,84.0,63.0,71.0,71.0,72.0,84.0,0.0
2026-08-29,84.0,80.95833333333333,63.0,71.0,71.0,72.0,84.0,41.0,24,0.1,14.3,149,32.7,74,729.0,9438.0,15.0,79.0,5.0,0.0,4.0,4.0,2.0,5.0,2395.0,7.78155595923534,21815.0,9.990398924525424,0.5150380749100544,-0.8571673007021122,0.0,1.0,0.0,9.990398924525424,5.700000000000061,8,78.0,63.0,67.0,68.0,68.0,78.0,0.0
2026-08-30,78.0,74.04166666666667,63.0,67.0,68.0,68.0,78.0,36.0,24,0.2,11.5,171,32.1,78,563.0,5597.0,9.0,84.0,-6.0,0.0,-4.0,-3.0,-4.0,-6.0,2031.0,7.616775808698373,23676.0,10.072259391783,0.15643446504023098,-0.9876883405951377,0.0,0.0,0.0,0.0,3.4000000000000603,8,69.0,58.0,62.0,64.0,64.0,69.0,0.0
2026-08-31,69.0,65.375,58.0,62.0,64.0,64.0,69.0,28.0,24,2.1,9.3,161,30.3,81,412.0,4791.0,20.0,78.0,-9.0,-5.0,-5.0,-4.0,-4.0,-9.0,1704.0,7.4413203897176174,19826.0,9.894799924138562,0.3255681544571566,-0.9455185755993168,0.0,0.0,0.0,0.0,2.4000000000000603,8,76.0,62.0,62.0,66.0,68.0,76.0,0.0
2026-09-01,76.0,68.125,62.0,62.0,66.0,68.0,76.0,34.0,24,3.7,15.8,142,32.9,79,605.0,6586.0,19.0,69.0,7.0,4.0,0.0,2.0,4.0,7.0,1580.0,7.365812837209472,16974.0,9.739496952426897,0.6156614753256584,-0.7880107536067219,0.0,1.0,0.0,9.739496952426897,6.00000000000006,9,77.0,62.0,65.0,68.0,69.0,77.0,0.0
2026-09-02,77.0,74.54166666666667,62.0,65.0,68.0,69.0,77.0,35.0,24,0.4,14.7,149,32.8,74,1132.0,4626.0,18.0,76.0,1.0,0.0,3.0,2.0,1.0,1.0,2149.0,7.673223121121708,16003.0,9.680593969977126,0.5150380749100544,-0.8571673007021122,0.0,1.0,0.0,9.680593969977126,6.200000000000061,9,88.0,69.0,72.0,76.0,80.0,88.0,0.0
2026-09-03,88.0,79.83333333333333,69.0,72.0,76.0,80.0,88.0,45.0,24,0.1,13.5,154,32.6,73,1282.0,5001.0,21.0,77.0,11.0,7.0,7.0,8.0,11.0,11.0,3019.0,8.013012110368916,16213.0,9.693630345547652,0.4383711467890773,-0.898794046299167,0.0,1.0,0.0,9.693630345547652,4.200000000000061,9,123.0,88.0,87.0,104.0,99.0,123.0,1.0
2026-09-04,123.0,105.70833333333331,88.0,87.0,104.0,99.0,123.0,76.0,24,1.0,14.6,165,32.4,75,1751.0,3751.0,32.0,88.0,35.0,19.0,15.0,28.0,19.0,35.0,4165.0,8.334711621820917,13378.0,9.50144159247362,0.258819045102521,-0.9659258262890682,0.0,0.0,0.0,0.0,1.5000000000000604,9,123.0,87.0,88.0,104.0,103.0,123.0,1.0
2026-09-05,123.0,111.83333333333331,87.0,88.0,104.0,103.0,123.0,76.0,24,0.1,13.4,150,33.0,73,1036.0,4109.0,19.0,123.0,0.0,-1.0,1.0,0.0,4.0,0.0,4069.0,8.311398278436641,12861.0,9.462032506694808,0.49999999999999994,-0.8660254037844387,0.0,1.0,0.0,9.462032506694808,1.2000000000000606,9,93.0,75.0,79.0,91.0,86.0,93.0,0.0
2026-09-06,93.0,87.70833333333333,75.0,79.0,91.0,86.0,93.0,49.0,24,0.1,13.9,165,32.6,72,1147.0,2963.0,59.0,123.0,-30.0,-12.0,-9.0,-13.0,-17.0,-30.0,3934.0,8.277666160851503,10823.0,9.289521169850625,0.258819045102521,-0.9659258262890682,0.0,0.0,0.0,0.0,1.2000000000000604,9,98.0,74.0,81.0,93.0,90.0,98.0,0.0
2026-09-07,98.0,90.125,74.0,81.0,93.0,90.0,98.0,53.0,24,0.7,12.8,139,32.8,73,968.0,1383.0,63.0,93.0,5.0,-1.0,2.0,2.0,4.0,5.0,3151.0,8.05579245097777,8455.0,9.042631527550073,0.6560590289905073,-0.754709580222772,0.0,1.0,0.0,9.042631527550073,0.9000000000000603,9,83.0,66.0,69.0,75.0,76.0,83.0,0.0
2026-09-08,83.0,72.41666666666667,66.0,69.0,75.0,76.0,83.0,40.0,24,0.1,10.8,159,32.7,74,990.0,2288.0,29.0,98.0,-15.0,-8.0,-12.0,-18.0,-14.0,-15.0,3105.0,8.041091003708633,6634.0,8.800113946766308,0.3583679495453002,-0.9335804264972017,0.0,1.0,0.0,8.800113946766308,0.9000000000000603,9,102.0,76.0,81.0,83.0,87.0,102.0,1.0
2026-09-09,102.0,93.70833333333331,76.0,81.0,83.0,87.0,102.0,56.0,24,3.2,12.1,150,33.0,76,955.0,2049.0,23.0,83.0,19.0,10.0,12.0,8.0,11.0,19.0,2913.0,7.97728198675515,5720.0,8.651898894268529,0.49999999999999994,-0.8660254037844387,0.0,1.0,0.0,8.651898894268529,4.00000000000006,9,106.0,77.0,80.0,87.0,87.0,106.0,1.0
2026-09-10,106.0,103.75,77.0,80.0,87.0,87.0,106.0,60.0,24,13.2,14.3,152,32.8,85,415.0,2268.0,0.0,102.0,4.0,1.0,-1.0,4.0,0.0,4.0,2360.0,7.766840537085513,6605.0,8.795733605950735,0.4694715627858907,-0.882947592858927,0.0,1.0,0.0,8.795733605950735,16.50000000000006,9,99.0,76.0,77.0,86.0,85.0,99.0,0.0
2026-09-11,99.0,93.04166666666669,76.0,77.0,86.0,85.0,99.0,55.0,24,36.9,7.6,126,29.6,93,246.0,6249.0,2.0,106.0,-7.0,-1.0,-3.0,-1.0,-2.0,-7.0,1616.0,7.388327859577107,10566.0,9.265491216441031,0.8090169943749475,-0.587785252292473,0.0,1.0,0.0,9.265491216441031,53.300000000000054,9,82.0,70.0,72.0,80.0,79.0,82.0,0.0
2026-09-12,82.0,78.125,70.0,72.0,80.0,79.0,82.0,39.0,24,6.9,8.8,192,29.9,87,695.0,2406.0,7.0,99.0,-17.0,-6.0,-5.0,-6.0,-6.0,-17.0,1356.0,7.213031659834869,10923.0,9.298717482593595,-0.2079116908177595,-0.9781476007338056,0.0,0.0,0.0,0.0,57.000000000000064,9,84.0,69.0,71.0,80.0,75.0,84.0,0.0
2026-09-13,84.0,80.79166666666667,69.0,71.0,80.0,75.0,84.0,41.0,24,0.5,13.1,145,32.3,78,1097.0,4178.0,18.0,82.0,2.0,-1.0,-1.0,0.0,-4.0,2.0,2038.0,7.620214770574455,12833.0,9.45985317831046,0.5735764363510459,-0.8191520442889919,0.0,1.0,0.0,9.45985317831046,44.30000000000006,9,141.0,97.0,106.0,121.0,117.0,141.0,1.0
2026-09-14,141.0,103.54166666666669,97.0,106.0,121.0,117.0,141.0,93.0,24,2.6,13.2,147,32.0,81,1924.0,8082.0,29.0,84.0,57.0,28.0,35.0,41.0,42.0,57.0,3716.0,8.220672170297252,14666.0,9.593355351246755,0.5446390350150273,-0.8386705679454239,0.0,1.0,0.0,9.593355351246755,10.000000000000064,9,154.0,104.0,111.0,128.0,128.0,154.0,1.0
2026-09-15,154.0,139.95833333333334,104.0,111.0,128.0,128.0,154.0,106.0,24,1.5,11.8,148,32.5,81,2633.0,3545.0,10.0,141.0,13.0,7.0,5.0,7.0,11.0,13.0,5654.0,8.640295388550221,15805.0,9.668144893764921,0.5299192642332049,-0.848048096156426,0.0,1.0,0.0,9.668144893764921,4.600000000000064,9,112.0,83.0,80.0,93.0,96.0,112.0,1.0
2026-09-16,112.0,97.41666666666669,83.0,80.0,93.0,96.0,112.0,66.0,24,0.0,12.1,156,32.3,75,1215.0,1059.0,15.0,154.0,-42.0,-21.0,-31.0,-35.0,-32.0,-42.0,5772.0,8.660947155060933,12686.0,9.448333126140598,0.40673664307580043,-0.9135454576426008,0.0,1.0,0.0,9.448333126140598,4.100000000000064,9,103.0,75.0,70.0,81.0,95.0,103.0,1.0
2026-09-17,103.0,90.16666666666669,75.0,70.0,81.0,95.0,103.0,58.0,24,0.8,11.7,154,32.0,75,1615.0,1649.0,6.0,112.0,-9.0,-8.0,-10.0,-12.0,-1.0,-9.0,5463.0,8.605936401250625,6253.0,8.740976538017787,0.4383711467890773,-0.898794046299167,0.0,1.0,0.0,8.740976538017787,2.3000000000000638,9,102.0,74.0,70.0,80.0,93.0,102.0,1.0
2026-09-18,102.0,90.58333333333331,74.0,70.0,80.0,93.0,102.0,56.0,24,2.5,10.7,147,33.0,76,577.0,4498.0,3.0,103.0,-1.0,-1.0,0.0,-1.0,-2.0,-1.0,3407.0,8.133880887949207,7206.0,8.88280805492444,0.5446390350150273,-0.8386705679454239,0.0,1.0,0.0,8.88280805492444,3.3000000000000638,9,113.0,84.0,82.0,97.0,96.0,113.0,1.0
2026-09-19,113.0,94.5,84.0,82.0,97.0,96.0,113.0,67.0,24,17.5,11.3,144,31.7,86,544.0,8815.0,5.0,102.0,11.0,10.0,12.0,17.0,3.0,11.0,2736.0,7.914617709040679,14962.0,9.61333576618342,0.5877852522924732,-0.8090169943749473,0.0,1.0,0.0,9.61333576618342,20.800000000000065,9,123.0,85.0,89.0,102.0,106.0,123.0,1.0
2026-09-20,123.0,110.70833333333331,85.0,89.0,102.0,106.0,123.0,77.0,24,12.7,11.4,141,31.9,85,859.0,8042.0,13.0,113.0,10.0,1.0,7.0,5.0,10.0,10.0,1980.0,7.591357046698551,21355.0,9.969088009620076,0.6293203910498374,-0.7771459614569709,0.0,1.0,0.0,9.969088009620076,32.70000000000006,9,93.0,68.0,70.0,73.0,90.0,93.0,0.0
2026-09-21,93.0,84.375,68.0,70.0,73.0,90.0,93.0,49.0,24,17.1,9.0,105,31.9,87,311.0,4404.0,3.0,123.0,-30.0,-17.0,-19.0,-29.0,-16.0,-30.0,1714.0,7.44716835960004,21261.0,9.964676720848551,0.9659258262890683,-0.25881904510252085,0.0,1.0,0.0,9.964676720848551,47.30000000000007,9,84.0,65.0,69.0,74.0,77.0,84.0,0.0
2026-09-22,84.0,79.45833333333333,65.0,69.0,74.0,77.0,84.0,41.0,24,21.9,13.0,9,28.9,95,121.0,5497.0,4.0,93.0,-9.0,-3.0,-1.0,1.0,-13.0,-9.0,1291.0,7.163946684342547,17943.0,9.795011076200044,0.15643446504023087,0.9876883405951378,0.0,0.0,0.0,0.0,51.70000000000006,9,73.0,62.0,62.0,70.0,73.0,67.0,0.0
2026-09-23,73.0,62.708333333333336,62.0,62.0,70.0,73.0,67.0,31.0,24,10.3,10.6,153,31.6,86,346.0,3697.0,0.0,84.0,-11.0,-3.0,-7.0,-4.0,-4.0,-17.0,778.0,6.658011045870748,13598.0,9.517751539608959,0.45399049973954686,-0.8910065241883678,0.0,1.0,0.0,9.517751539608959,49.30000000000006,9,84.0,68.0,69.0,79.0,84.0,78.0,0.0
2026-09-24,84.0,78.79166666666667,68.0,69.0,79.0,84.0,78.0,41.0,24,2.0,9.7,166,31.2,87,310.0,4098.0,3.0,73.0,11.0,6.0,7.0,9.0,11.0,11.0,777.0,6.656726524178391,13292.0,9.4949928598676,0.24192189559966773,-0.9702957262759965,0.0,0.0,0.0,0.0,34.20000000000006,9,81.0,64.0,63.0,72.0,77.0,81.0,0.0
2026-09-25,81.0,76.625,64.0,63.0,72.0,77.0,81.0,39.0,24,4.4,10.2,127,33.3,83,420.0,2553.0,7.0,84.0,-3.0,-4.0,-6.0,-7.0,-7.0,3.0,1076.0,6.981934677156389,10348.0,9.244645175668174,0.7986355100472927,-0.6018150231520484,0.0,1.0,0.0,9.244645175668174,16.700000000000067,9,115.0,80.0,84.0,99.0,97.0,115.0,1.0
2026-09-26,115.0,90.625,80.0,84.0,99.0,97.0,115.0,69.0,24,3.8,12.2,98,33.2,79,868.0,1955.0,5.0,81.0,34.0,16.0,21.0,27.0,20.0,34.0,1598.0,7.377133712833954,8606.0,9.060331104649475,0.9902680687415704,-0.13917310096006535,0.0,1.0,0.0,9.060331104649475,10.200000000000063,9,132.0,92.0,97.0,119.0,106.0,132.0,1.0
2026-09-27,132.0,123.875,92.0,97.0,119.0,106.0,132.0,85.0,24,31.6,9.8,287,28.8,96,144.0,1253.0,5.0,115.0,17.0,12.0,13.0,20.0,9.0,17.0,1432.0,7.267525427828172,5761.0,8.659039915644474,-0.9563047559630354,0.2923717047227367,1.0,0.0,7.267525427828172,0.0,39.80000000000007,9,117.0,79.0,111.0,98.0,107.0,117.0,1.0
2026-09-28,117.0,86.91666666666667,79.0,111.0,98.0,107.0,117.0,71.0,24,3.3,10.4,146,31.1,86,1193.0,1619.0,22.0,132.0,-15.0,-13.0,14.0,-21.0,1.0,-15.0,2205.0,7.698936199813447,4827.0,8.482187582217422,0.5591929034707469,-0.8290375725550416,0.0,1.0,0.0,8.482187582217422,38.70000000000007,9,167.0,109.0,133.0,139.0,150.0,167.0,1.0
2026-09-29,167.0,151.29166666666666,109.0,133.0,139.0,150.0,167.0,119.0,24,0.3,11.9,91,32.6,82,1688.0,1663.0,18.0,117.0,50.0,30.0,22.0,41.0,43.0,50.0,3025.0,8.014996894348302,4535.0,8.419800845407588,0.9998476951563913,-0.017452406437283477,0.0,1.0,0.0,8.419800845407588,35.20000000000006,9,138.0,104.0,112.0,128.0,135.0,138.0,1.0
2026-09-30,138.0,117.58333333333331,104.0,112.0,128.0,135.0,138.0,91.0,24,21.3,10.1,6,31.8,90,1000.0,1634.0,7.0,167.0,-29.0,-5.0,-21.0,-11.0,-15.0,-29.0,3881.0,8.264105763728956,4916.0,8.50045386741194,0.10452846326765347,0.9945218953682733,0.0,0.0,0.0,0.0,24.900000000000066,9,96.0,79.0,89.0,95.0,96.0,96.0,0.0
2026-10-01,96.0,80.33333333333333,79.0,89.0,95.0,96.0,96.0,52.0,24,2.7,9.1,39,32.1,87,2003.0,3351.0,13.0,138.0,-42.0,-25.0,-23.0,-33.0,-39.0,-42.0,4691.0,8.453614209773367,6648.0,8.802221746402456,0.6293203910498374,0.7771459614569709,0.0,0.0,0.0,0.0,24.300000000000065,10,91.0,71.0,77.0,80.0,80.0,91.0,0.0
2026-10-02,91.0,78.04166666666667,71.0,77.0,80.0,80.0,91.0,47.0,24,1.7,9.8,133,33.0,82,740.0,4113.0,26.0,96.0,-5.0,-8.0,-12.0,-15.0,-16.0,-5.0,3743.0,8.227909837597483,9098.0,9.11591979635669,0.7313537016191706,-0.6819983600624984,0.0,1.0,0.0,9.11591979635669,25.700000000000063,10,105.0,79.0,87.0,96.0,94.0,105.0,1.0
2026-10-03,105.0,99.54166666666669,79.0,87.0,96.0,94.0,105.0,60.0,24,2.9,10.8,158,33.0,82,1163.0,2096.0,35.0,91.0,14.0,8.0,10.0,16.0,14.0,14.0,3906.0,8.27052509505507,9560.0,9.165447603085447,0.37460659341591224,-0.9271838545667873,0.0,1.0,0.0,9.165447603085447,7.300000000000064,10,103.0,79.0,83.0,94.0,89.0,103.0,1.0
2026-10-04,103.0,98.875,79.0,83.0,94.0,89.0,103.0,57.0,24,1.9,11.4,183,32.8,80,1503.0,2886.0,24.0,105.0,-2.0,0.0,-4.0,-2.0,-5.0,-2.0,3406.0,8.133587417660966,9095.0,9.115590035430372,-0.052335956242943564,-0.9986295347545738,0.0,0.0,0.0,0.0,6.500000000000064,10,134.0,106.0,104.0,112.0,127.0,134.0,1.0
2026-10-05,134.0,116.04166666666669,106.0,104.0,112.0,127.0,134.0,87.0,24,0.7,10.5,155,32.8,78,1264.0,5839.0,32.0,103.0,31.0,27.0,21.0,18.0,38.0,31.0,3930.0,8.27664912542186,10821.0,9.28933637820268,0.4226182617406995,-0.9063077870366499,0.0,1.0,0.0,9.28933637820268,5.500000000000063,10,136.0,111.0,103.0,119.0,125.0,136.0,1.0
2026-10-06,136.0,131.91666666666666,111.0,103.0,119.0,125.0,136.0,89.0,24,0.3,11.1,144,33.3,75,2449.0,4032.0,18.0,134.0,2.0,5.0,-1.0,7.0,-2.0,2.0,5216.0,8.559677803022392,12757.0,9.4539138048019,0.5877852522924732,-0.8090169943749473,0.0,1.0,0.0,9.4539138048019,2.900000000000064,10,150.0,109.0,120.0,132.0,150.0,144.0,1.0
2026-10-07,150.0,134.25,109.0,120.0,132.0,150.0,144.0,103.0,24,2.7,10.5,124,32.8,78,1579.0,4245.0,13.0,136.0,14.0,-2.0,17.0,13.0,25.0,8.0,5292.0,8.574140471857987,14116.0,9.5551350238842,0.8290375725550417,-0.5591929034707467,0.0,1.0,0.0,9.5551350238842,3.700000000000064,10,162.0,114.0,124.0,133.0,162.0,148.0,1.0
2026-10-08,162.0,152.20833333333334,114.0,124.0,133.0,162.0,148.0,114.0,24,1.2,9.4,149,33.1,77,2087.0,4236.0,27.0,150.0,12.0,5.0,4.0,1.0,12.0,4.0,6115.0,8.718663567048953,12513.0,9.43460329655831,0.5150380749100544,-0.8571673007021122,0.0,1.0,0.0,9.43460329655831,4.200000000000064,10,,,,,,,
