date,psi_max,psi_mean,psi_north,psi_south,psi_east,psi_west,psi_central,pm25_24h_max,n_readings
2019-01-01,40.0,38.125,40.0,39.0,36.0,25.0,33.0,10.0,8
2019-01-02,55.0,51.4375,54.0,55.0,55.0,46.0,53.0,16.0,16
2019-01-03,61.0,58.583333333333336,57.0,61.0,59.0,54.0,59.0,21.0,24
2019-01-04,60.0,56.875,55.0,60.0,58.0,53.0,58.0,20.0,24
2019-01-05,61.0,57.25,57.0,61.0,59.0,55.0,56.0,21.0,8
2019-01-06,61.0,54.8125,56.0,61.0,56.0,59.0,57.0,21.0,16
2019-01-07,53.0,50.791666666666664,43.0,53.0,49.0,40.0,52.0,14.0,24
2019-01-08,52.0,49.625,36.0,52.0,46.0,30.0,50.0,13.0,24
2019-01-09,53.0,52.375,34.0,53.0,49.0,33.0,47.0,14.0,8
2019-01-10,52.0,49.73913043478261,42.0,52.0,50.0,37.0,48.0,13.0,23
2019-01-11,46.0,44.0,40.0,46.0,45.0,31.0,45.0,11.0,23
2019-01-12,50.0,48.625,37.0,49.0,50.0,39.0,43.0,12.0,16
2019-01-13,52.0,49.958333333333336,41.0,52.0,48.0,37.0,43.0,13.0,24
2019-01-14,52.0,51.375,40.0,52.0,51.0,33.0,45.0,13.0,8
2019-01-15,54.0,52.91304347826087,51.0,54.0,53.0,44.0,52.0,15.0,23
2019-01-16,53.0,51.69565217391305,49.0,53.0,53.0,46.0,51.0,14.0,23
2019-01-17,50.0,45.1875,34.0,43.0,50.0,34.0,35.0,12.0,16
2019-01-18,37.0,34.375,28.0,31.0,37.0,17.0,23.0,9.0,8
2019-01-19,54.0,51.6,54.0,52.0,54.0,40.0,53.0,15.0,20
2019-01-20,54.0,53.0625,51.0,52.0,54.0,53.0,52.0,14.0,16
2019-01-21,53.0,52.0,49.0,52.0,53.0,52.0,45.0,14.0,24
2019-01-22,52.0,51.75,45.0,47.0,51.0,52.0,44.0,13.0,8
2019-01-23,54.0,50.75,54.0,52.0,52.0,35.0,49.0,15.0,16
2019-01-24,55.0,54.375,54.0,55.0,54.0,42.0,53.0,16.0,8
2019-01-25,61.0,59.26086956521739,53.0,61.0,55.0,54.0,59.0,21.0,23
2019-01-26,59.0,57.95652173913044,54.0,59.0,55.0,54.0,57.0,19.0,23
2019-01-27,55.0,54.3,51.0,55.0,53.0,47.0,55.0,16.0,10
2019-01-28,52.0,51.0,44.0,52.0,45.0,38.0,49.0,13.0,4
2019-01-29,54.0,52.69565217391305,49.0,54.0,53.0,41.0,42.0,15.0,23
2019-01-30,54.0,51.785714285714285,44.0,52.0,54.0,34.0,46.0,14.0,14
2019-01-31,55.0,54.125,40.0,52.0,55.0,34.0,46.0,15.0,8
2019-02-01,57.0,53.8125,46.0,52.0,57.0,40.0,48.0,17.0,16
2019-02-02,52.0,51.625,42.0,52.0,47.0,30.0,39.0,13.0,8
2019-02-03,51.0,50.4375,35.0,51.0,42.0,22.0,43.0,13.0,16
2019-02-04,53.0,52.75,35.0,53.0,51.0,23.0,41.0,14.0,8
2019-02-05,54.0,52.78260869565217,46.0,54.0,47.0,30.0,51.0,15.0,23
2019-02-06,51.0,47.95652173913044,43.0,51.0,44.0,26.0,43.0,12.0,23
2019-02-07,52.0,52.0,49.0,52.0,46.0,24.0,48.0,13.0,1
2019-02-08,67.0,65.625,35.0,54.0,67.0,26.0,47.0,26.0,8
2019-02-09,68.0,60.78260869565217,41.0,54.0,68.0,38.0,44.0,27.0,23
2019-02-10,57.0,55.75,36.0,53.0,57.0,32.0,45.0,17.0,16
2019-02-11,55.0,54.5,34.0,49.0,55.0,26.0,45.0,16.0,8
2019-02-12,53.0,52.6875,53.0,51.0,53.0,44.0,49.0,14.0,16
2019-02-13,53.0,52.083333333333336,52.0,53.0,49.0,47.0,49.0,14.0,24
2019-02-14,53.0,49.375,44.0,53.0,42.0,36.0,52.0,13.0,24
2019-02-15,56.0,54.916666666666664,45.0,56.0,45.0,40.0,52.0,17.0,24
2019-02-16,55.0,54.25,50.0,55.0,45.0,35.0,49.0,15.0,8
2019-02-17,54.0,53.5,54.0,54.0,52.0,51.0,52.0,15.0,16
2019-02-18,55.0,54.25,55.0,54.0,54.0,49.0,54.0,15.0,8
2019-02-19,55.0,53.375,54.0,55.0,51.0,53.0,52.0,15.0,16
2019-02-20,54.0,53.166666666666664,53.0,53.0,49.0,53.0,54.0,15.0,24
2019-02-21,56.0,54.625,47.0,54.0,51.0,53.0,56.0,16.0,8
2019-02-22,54.0,54.0,50.0,54.0,54.0,47.0,54.0,15.0,23
2019-02-23,57.0,56.416666666666664,51.0,54.0,47.0,52.0,57.0,18.0,12
2019-02-24,56.0,54.5,46.0,56.0,54.0,52.0,55.0,16.0,24
2019-02-25,55.0,53.625,52.0,54.0,55.0,49.0,53.0,15.0,8
2019-02-26,57.0,56.30434782608695,52.0,56.0,52.0,50.0,57.0,18.0,23
2019-02-27,53.0,52.17391304347826,40.0,53.0,51.0,33.0,53.0,14.0,23
2019-02-28,58.0,57.0625,53.0,56.0,55.0,52.0,58.0,18.0,16
2019-03-01,58.0,57.5,53.0,57.0,55.0,53.0,58.0,18.0,8
2019-03-02,55.0,53.9375,49.0,55.0,52.0,51.0,53.0,16.0,16
2019-03-03,57.0,55.375,50.0,57.0,53.0,52.0,56.0,17.0,24
2019-03-04,60.0,57.416666666666664,54.0,60.0,57.0,55.0,59.0,20.0,24
2019-03-05,59.0,58.875,53.0,59.0,56.0,55.0,58.0,19.0,8
2019-03-06,67.0,64.43478260869566,54.0,67.0,61.0,57.0,61.0,26.0,23
2019-03-07,57.0,54.56521739130435,52.0,57.0,54.0,54.0,55.0,17.0,23
2019-03-08,70.0,62.04347826086956,56.0,64.0,64.0,55.0,70.0,29.0,23
2019-03-09,68.0,63.375,57.0,64.0,61.0,58.0,68.0,27.0,16
2019-03-10,57.0,55.208333333333336,56.0,56.0,51.0,55.0,57.0,18.0,24
2019-03-11,54.0,53.25,54.0,50.0,48.0,47.0,54.0,15.0,8
2019-03-12,63.0,60.21739130434783,55.0,61.0,63.0,47.0,58.0,22.0,23
2019-03-13,60.0,56.90909090909091,52.0,59.0,60.0,55.0,53.0,20.0,22
2019-03-14,58.0,55.34782608695652,51.0,58.0,54.0,54.0,56.0,19.0,23
2019-03-15,57.0,57.0,53.0,57.0,57.0,53.0,57.0,18.0,16
2019-03-16,58.0,56.375,53.0,58.0,56.0,53.0,57.0,18.0,24
2019-03-17,57.0,55.875,52.0,56.0,57.0,52.0,55.0,17.0,8
2019-03-18,63.0,61.69565217391305,56.0,63.0,63.0,60.0,60.0,23.0,23
2019-03-19,61.0,60.5625,56.0,61.0,61.0,53.0,59.0,21.0,16
2019-03-20,61.0,59.875,54.0,61.0,60.0,53.0,59.0,21.0,8
2019-03-21,57.0,55.625,56.0,57.0,56.0,53.0,55.0,17.0,16
2019-03-22,56.0,55.625,52.0,55.0,56.0,37.0,53.0,16.0,8
2019-03-23,74.0,71.04761904761905,61.0,74.0,68.0,65.0,64.0,33.0,21
2019-03-24,62.0,60.1875,55.0,62.0,61.0,59.0,62.0,22.0,16
2019-03-25,71.0,66.45833333333333,56.0,71.0,65.0,61.0,63.0,29.0,24
2019-03-26,64.0,60.25,54.0,64.0,63.0,57.0,60.0,24.0,8
2019-03-27,60.0,58.26086956521739,56.0,55.0,54.0,52.0,60.0,20.0,23
2019-03-28,69.0,66.9375,57.0,69.0,61.0,56.0,63.0,28.0,16
2019-03-29,66.0,62.5,55.0,66.0,61.0,54.0,58.0,25.0,8
2019-03-30,63.0,59.25,60.0,63.0,60.0,58.0,62.0,23.0,16
2019-03-31,77.0,71.66666666666667,72.0,77.0,74.0,58.0,67.0,35.0,24
2019-04-01,71.0,61.541666666666664,68.0,71.0,70.0,58.0,66.0,30.0,24
2019-04-02,57.0,55.875,53.0,54.0,57.0,37.0,55.0,17.0,8
2019-04-03,62.0,58.52173913043478,56.0,59.0,62.0,54.0,62.0,22.0,23
2019-04-04,53.0,51.5,47.0,50.0,53.0,31.0,51.0,13.0,16
2019-04-05,52.0,50.875,48.0,52.0,52.0,52.0,51.0,13.0,24
2019-04-06,54.0,52.833333333333336,51.0,53.0,52.0,54.0,52.0,15.0,24
2019-04-07,53.0,52.0,47.0,53.0,52.0,52.0,53.0,14.0,8
2019-04-08,54.0,53.0,44.0,54.0,52.0,53.0,53.0,14.0,16
2019-04-09,58.0,55.458333333333336,47.0,58.0,53.0,48.0,55.0,18.0,24
2019-04-10,61.0,59.25,55.0,61.0,60.0,53.0,57.0,21.0,24
2019-04-11,68.0,65.16666666666667,62.0,68.0,66.0,64.0,64.0,27.0,24
2019-04-12,68.0,67.0,62.0,68.0,65.0,64.0,64.0,27.0,8
2019-04-13,60.0,57.9375,59.0,60.0,59.0,57.0,59.0,20.0,16
2019-04-14,53.0,50.708333333333336,53.0,52.0,47.0,53.0,51.0,14.0,24
2019-04-15,45.0,43.75,44.0,43.0,36.0,45.0,38.0,11.0,8
2019-04-16,52.0,47.47826086956522,52.0,46.0,44.0,51.0,44.0,13.0,23
2019-04-17,57.0,54.23809523809524,56.0,57.0,56.0,54.0,56.0,17.0,21
2019-04-18,63.0,60.43478260869565,61.0,63.0,58.0,59.0,60.0,23.0,23
2019-04-19,58.0,57.1875,58.0,58.0,55.0,58.0,55.0,18.0,16
2019-04-20,60.0,58.0,57.0,60.0,58.0,57.0,55.0,20.0,8
2019-04-21,64.0,63.1875,63.0,62.0,59.0,64.0,61.0,23.0,16
2019-04-22,61.0,56.041666666666664,59.0,58.0,54.0,61.0,57.0,21.0,24
2019-04-23,59.0,56.25,55.0,59.0,56.0,56.0,58.0,19.0,8
2019-04-24,59.0,57.0,57.0,57.0,59.0,45.0,56.0,19.0,15
2019-04-25,64.0,61.1875,56.0,64.0,57.0,61.0,61.0,24.0,16
2019-04-26,69.0,64.16666666666667,58.0,69.0,60.0,60.0,62.0,28.0,24
2019-04-27,56.0,55.125,53.0,56.0,54.0,43.0,53.0,17.0,8
2019-04-28,60.0,50.25,51.0,60.0,56.0,53.0,52.0,20.0,16
2019-04-29,60.0,59.375,52.0,60.0,57.0,54.0,54.0,20.0,8
2019-04-30,59.0,55.0,54.0,59.0,47.0,52.0,58.0,19.0,16
2019-05-01,69.0,64.25,63.0,69.0,57.0,60.0,66.0,28.0,24
2019-05-02,73.0,66.04166666666667,67.0,73.0,64.0,67.0,72.0,32.0,24
2019-05-03,81.0,78.0,74.0,76.0,70.0,78.0,81.0,39.0,24
2019-05-04,74.0,68.04166666666667,70.0,64.0,67.0,74.0,72.0,32.0,24
2019-05-05,63.0,60.708333333333336,63.0,58.0,60.0,61.0,61.0,23.0,24
2019-05-06,57.0,46.416666666666664,57.0,56.0,56.0,52.0,54.0,17.0,24
2019-05-07,49.0,46.75,43.0,45.0,49.0,35.0,44.0,12.0,8
2019-05-08,56.0,54.0,53.0,55.0,55.0,48.0,56.0,16.0,22
2019-05-09,53.0,51.875,52.0,51.0,53.0,39.0,53.0,14.0,8
2019-05-10,57.0,55.52173913043478,53.0,55.0,57.0,42.0,54.0,17.0,23
2019-05-11,64.0,63.625,61.0,64.0,64.0,60.0,63.0,24.0,16
2019-05-12,64.0,62.5,63.0,63.0,64.0,62.0,63.0,24.0,24
2019-05-13,66.0,64.125,66.0,56.0,61.0,61.0,66.0,26.0,24
2019-05-14,64.0,63.208333333333336,64.0,55.0,60.0,63.0,61.0,24.0,24
2019-05-15,60.0,56.083333333333336,60.0,54.0,58.0,59.0,58.0,20.0,24
2019-05-16,56.0,54.041666666666664,55.0,55.0,56.0,53.0,53.0,16.0,24
2019-05-17,58.0,57.25,56.0,58.0,56.0,45.0,52.0,18.0,8
2019-05-18,55.0,52.56521739130435,55.0,54.0,52.0,45.0,54.0,16.0,23
2019-05-19,54.0,47.82608695652174,54.0,53.0,51.0,46.0,52.0,15.0,23
2019-05-20,54.0,52.25,52.0,54.0,53.0,53.0,51.0,15.0,16
2019-05-21,53.0,52.0,52.0,53.0,53.0,52.0,49.0,14.0,8
2019-05-22,57.0,55.9375,56.0,51.0,53.0,55.0,57.0,17.0,16
2019-05-23,55.0,54.625,54.0,40.0,46.0,55.0,53.0,15.0,8
2019-05-24,52.0,50.375,52.0,43.0,45.0,51.0,34.0,13.0,16
2019-05-25,52.0,51.5,52.0,44.0,36.0,50.0,36.0,13.0,8
2019-05-26,37.0,33.608695652173914,36.0,36.0,30.0,37.0,30.0,9.0,23
2019-05-27,37.0,34.0625,30.0,37.0,32.0,36.0,29.0,9.0,16
2019-05-28,33.0,32.333333333333336,29.0,33.0,30.0,28.0,30.0,8.0,3
2019-05-29,40.0,36.5625,35.0,35.0,40.0,40.0,36.0,10.0,16
2019-05-30,52.0,48.916666666666664,52.0,41.0,51.0,39.0,51.0,13.0,24
2019-05-31,52.0,52.0,52.0,42.0,42.0,51.0,51.0,13.0,8
2019-06-01,53.0,52.5625,53.0,36.0,35.0,39.0,48.0,14.0,16
2019-06-02,52.0,51.875,52.0,35.0,37.0,35.0,46.0,13.0,8
2019-06-03,53.0,50.47826086956522,53.0,44.0,39.0,42.0,52.0,14.0,23
2019-06-04,55.0,49.82608695652174,53.0,55.0,48.0,48.0,54.0,16.0,23
2019-06-05,54.0,50.875,54.0,53.0,42.0,51.0,53.0,15.0,16
2019-06-06,53.0,51.875,52.0,40.0,35.0,53.0,41.0,13.0,24
2019-06-07,52.0,45.875,46.0,40.0,37.0,52.0,41.0,13.0,8
2019-06-08,56.0,53.52173913043478,56.0,56.0,55.0,52.0,55.0,17.0,23
2019-06-09,55.0,49.73913043478261,55.0,53.0,53.0,51.0,54.0,15.0,23
2019-06-10,52.0,50.30434782608695,48.0,52.0,44.0,52.0,52.0,13.0,23
2019-06-11,52.0,48.47826086956522,48.0,51.0,44.0,52.0,52.0,13.0,23
2019-06-12,32.0,29.6875,32.0,32.0,30.0,31.0,28.0,8.0,16
2019-06-13,33.0,31.125,32.0,33.0,27.0,31.0,31.0,8.0,8
2019-06-14,39.0,36.05263157894737,32.0,36.0,32.0,33.0,39.0,9.0,19
2019-06-15,46.0,42.06666666666667,46.0,42.0,35.0,28.0,41.0,11.0,15
2019-06-16,50.0,46.166666666666664,49.0,50.0,47.0,34.0,49.0,12.0,24
2019-06-17,42.0,38.125,39.0,38.0,42.0,30.0,34.0,10.0,8
2019-06-18,42.0,40.625,42.0,35.0,36.0,39.0,42.0,10.0,16
2019-06-19,51.0,45.291666666666664,48.0,51.0,42.0,51.0,51.0,13.0,24
2019-06-20,52.0,47.833333333333336,49.0,50.0,42.0,52.0,52.0,13.0,24
2019-06-21,40.0,38.75,38.0,36.0,34.0,36.0,40.0,10.0,8
2019-06-22,47.0,43.95,47.0,46.0,39.0,37.0,43.0,11.0,20
2019-06-23,47.0,42.43478260869565,43.0,47.0,40.0,43.0,44.0,11.0,23
2019-06-24,49.0,39.608695652173914,42.0,46.0,48.0,40.0,49.0,12.0,23
2019-06-25,60.0,58.1875,56.0,60.0,57.0,60.0,57.0,20.0,16
2019-06-26,59.0,57.291666666666664,56.0,59.0,57.0,59.0,56.0,20.0,24
2019-06-27,62.0,58.73913043478261,58.0,59.0,56.0,62.0,57.0,21.0,23
2019-06-28,57.0,53.166666666666664,57.0,57.0,55.0,57.0,54.0,18.0,24
2019-06-29,61.0,56.291666666666664,55.0,61.0,57.0,56.0,56.0,21.0,24
2019-06-30,61.0,57.291666666666664,55.0,61.0,55.0,56.0,56.0,21.0,24
2019-07-01,53.0,52.375,52.0,52.0,53.0,51.0,51.0,13.0,8
2019-07-02,59.0,56.4375,55.0,59.0,57.0,56.0,56.0,19.0,16
2019-07-03,64.0,62.0,60.0,64.0,61.0,61.0,60.0,24.0,24
2019-07-04,64.0,63.166666666666664,60.0,64.0,61.0,62.0,63.0,24.0,24
2019-07-05,61.0,59.75,60.0,61.0,58.0,58.0,59.0,21.0,8
2019-07-06,52.0,51.75,39.0,42.0,52.0,42.0,36.0,13.0,16
2019-07-07,54.0,51.458333333333336,54.0,46.0,52.0,48.0,47.0,14.0,24
2019-07-08,56.0,54.583333333333336,56.0,47.0,46.0,45.0,49.0,16.0,24
2019-07-09,57.0,54.333333333333336,57.0,52.0,55.0,54.0,50.0,17.0,24
2019-07-10,55.0,54.25,55.0,51.0,55.0,53.0,51.0,15.0,8
2019-07-11,51.0,50.125,49.0,51.0,50.0,51.0,51.0,12.0,16
2019-07-12,51.0,50.125,44.0,51.0,44.0,48.0,50.0,12.0,8
2019-07-13,52.0,51.3125,44.0,52.0,48.0,45.0,45.0,13.0,16
2019-07-14,52.0,51.208333333333336,49.0,52.0,52.0,48.0,50.0,13.0,24
2019-07-15,58.0,55.25,54.0,58.0,56.0,55.0,54.0,18.0,8
2019-07-16,57.0,55.95652173913044,55.0,57.0,57.0,56.0,56.0,18.0,23
2019-07-17,59.0,57.82608695652174,57.0,59.0,58.0,59.0,57.0,19.0,23
2019-07-18,59.0,58.21739130434783,57.0,58.0,57.0,59.0,57.0,19.0,23
2019-07-19,56.0,54.1,52.0,55.0,56.0,56.0,55.0,17.0,10
2019-07-20,54.0,52.57142857142857,52.0,54.0,53.0,54.0,53.0,15.0,21
2019-07-21,57.0,55.75,57.0,56.0,56.0,56.0,55.0,18.0,24
2019-07-22,57.0,56.375,57.0,53.0,56.0,56.0,54.0,18.0,8
2019-07-23,54.0,53.04347826086956,51.0,40.0,51.0,54.0,50.0,15.0,23
2019-07-24,57.0,56.1875,57.0,45.0,53.0,57.0,55.0,17.0,16
2019-07-25,56.0,54.75,56.0,49.0,54.0,54.0,53.0,17.0,8
2019-07-26,55.0,54.125,52.0,52.0,55.0,54.0,53.0,16.0,16
2019-07-27,55.0,55.0,52.0,52.0,55.0,54.0,52.0,16.0,8
2019-07-28,56.0,54.26086956521739,53.0,52.0,52.0,56.0,54.0,17.0,23
2019-07-29,57.0,53.4375,52.0,57.0,55.0,55.0,55.0,17.0,16
2019-07-30,59.0,57.625,54.0,59.0,58.0,59.0,58.0,20.0,8
2019-07-31,64.0,62.06666666666667,60.0,62.0,62.0,61.0,64.0,24.0,15
2019-08-01,59.0,57.666666666666664,58.0,58.0,59.0,57.0,59.0,19.0,24
2019-08-02,59.0,58.375,58.0,59.0,58.0,59.0,59.0,19.0,24
2019-08-03,58.0,57.5,57.0,57.0,58.0,58.0,57.0,18.0,8
2019-08-04,58.0,56.6875,54.0,58.0,55.0,54.0,56.0,18.0,16
2019-08-05,55.0,54.75,53.0,54.0,55.0,54.0,55.0,16.0,8
2019-08-06,70.0,68.6875,65.0,70.0,66.0,66.0,65.0,29.0,16
2019-08-07,69.0,67.33333333333333,64.0,69.0,66.0,64.0,63.0,28.0,24
2019-08-08,69.0,68.0,63.0,69.0,65.0,65.0,65.0,28.0,8
2019-08-09,68.0,67.6086956521739,64.0,68.0,67.0,66.0,65.0,27.0,23
2019-08-10,68.0,66.875,62.0,68.0,66.0,65.0,63.0,27.0,16
2019-08-11,64.0,62.083333333333336,61.0,64.0,63.0,63.0,60.0,24.0,24
2019-08-12,63.0,62.125,59.0,62.0,62.0,63.0,59.0,22.0,8
2019-08-13,61.0,60.25,59.0,61.0,60.0,61.0,59.0,21.0,16
2019-08-14,59.0,58.125,59.0,59.0,59.0,58.0,59.0,19.0,8
2019-08-15,61.0,59.21739130434783,60.0,59.0,58.0,61.0,60.0,21.0,23
2019-08-16,61.0,59.9375,60.0,59.0,61.0,57.0,58.0,21.0,16
2019-08-17,66.0,62.458333333333336,60.0,66.0,63.0,63.0,64.0,25.0,24
2019-08-18,66.0,64.41666666666667,59.0,66.0,62.0,62.0,63.0,25.0,24
2019-08-19,60.0,57.791666666666664,57.0,60.0,58.0,57.0,59.0,20.0,24
2019-08-20,62.0,60.875,59.0,62.0,61.0,61.0,59.0,22.0,24
2019-08-21,62.0,61.875,58.0,62.0,60.0,59.0,59.0,22.0,8
2019-08-22,60.0,58.0,55.0,60.0,57.0,56.0,56.0,20.0,15
2019-08-23,56.0,55.125,54.0,56.0,56.0,54.0,56.0,17.0,24
2019-08-24,61.0,58.38095238095238,56.0,61.0,60.0,59.0,59.0,21.0,21
2019-08-25,64.0,61.916666666666664,61.0,64.0,60.0,62.0,62.0,24.0,24
2019-08-26,81.0,75.16666666666667,76.0,75.0,68.0,81.0,73.0,39.0,24
2019-08-27,76.0,70.75,68.0,67.0,64.0,76.0,68.0,34.0,8
2019-08-28,63.0,60.625,60.0,61.0,59.0,60.0,63.0,22.0,16
2019-08-29,61.0,59.75,55.0,61.0,58.0,59.0,60.0,21.0,8
2019-08-30,60.0,59.4375,56.0,60.0,60.0,60.0,58.0,20.0,16
2019-08-31,61.0,59.416666666666664,58.0,59.0,61.0,58.0,57.0,21.0,24
2019-09-01,63.0,62.125,60.0,62.0,63.0,62.0,59.0,23.0,8
2019-09-02,67.0,66.5,61.0,67.0,64.0,64.0,63.0,26.0,16
2019-09-03,67.0,65.75,63.0,67.0,63.0,65.0,63.0,26.0,24
2019-09-04,65.0,62.333333333333336,62.0,65.0,61.0,64.0,62.0,24.0,24
2019-09-05,61.0,60.125,57.0,60.0,60.0,61.0,59.0,21.0,8
2019-09-06,70.0,69.08695652173913,64.0,70.0,67.0,69.0,66.0,29.0,23
2019-09-07,73.0,71.6875,67.0,73.0,68.0,71.0,68.0,31.0,16
2019-09-08,72.0,70.66666666666667,66.0,72.0,68.0,70.0,69.0,30.0,24
2019-09-09,79.0,75.875,70.0,79.0,75.0,74.0,74.0,36.0,8
2019-09-10,99.0,93.75,87.0,99.0,95.0,90.0,87.0,54.0,20
2019-09-11,92.0,80.21739130434783,83.0,92.0,87.0,85.0,82.0,48.0,23
2019-09-12,93.0,82.875,78.0,93.0,88.0,83.0,82.0,49.0,16
2019-09-13,97.0,96.125,83.0,97.0,92.0,89.0,89.0,53.0,8
2019-09-14,114.0,99.3913043478261,99.0,110.0,102.0,114.0,96.0,68.0,23
2019-09-15,124.0,114.78260869565217,111.0,121.0,108.0,124.0,109.0,78.0,23
2019-09-16,88.0,84.875,80.0,85.0,79.0,88.0,81.0,45.0,16
2019-09-17,104.0,94.91666666666667,92.0,102.0,93.0,104.0,91.0,58.0,24
2019-09-18,145.0,122.16666666666667,122.0,145.0,137.0,127.0,124.0,98.0,24
2019-09-19,154.0,128.5,131.0,154.0,145.0,135.0,131.0,106.0,24
2019-09-20,81.0,71.75,76.0,81.0,76.0,81.0,74.0,39.0,8
2019-09-21,109.0,98.0,96.0,109.0,103.0,102.0,100.0,63.0,23
2019-09-22,126.0,117.1875,115.0,126.0,121.0,113.0,114.0,79.0,16
2019-09-23,129.0,118.41666666666667,118.0,129.0,123.0,118.0,119.0,82.0,24
2019-09-24,105.0,101.125,88.0,105.0,95.0,96.0,91.0,59.0,8
2019-09-25,88.0,74.73913043478261,75.0,88.0,80.0,77.0,78.0,45.0,23
2019-09-26,74.0,68.3913043478261,65.0,74.0,72.0,69.0,70.0,32.0,23
2019-09-27,76.0,75.0625,69.0,75.0,76.0,76.0,75.0,34.0,16
2019-09-28,75.0,73.0,73.0,75.0,73.0,74.0,73.0,33.0,24
2019-09-29,76.0,75.5,74.0,75.0,73.0,76.0,73.0,34.0,8
2019-09-30,62.0,58.9375,58.0,62.0,60.0,57.0,60.0,22.0,16
2019-10-01,62.0,60.625,58.0,61.0,62.0,55.0,62.0,22.0,8
2019-10-02,64.0,61.95652173913044,62.0,61.0,61.0,64.0,61.0,23.0,23
2019-10-03,65.0,63.3125,59.0,58.0,65.0,60.0,59.0,24.0,16
2019-10-04,62.0,60.625,58.0,53.0,62.0,61.0,58.0,22.0,8
2019-10-05,52.0,50.375,48.0,51.0,51.0,52.0,43.0,13.0,16
2019-10-06,55.0,53.25,53.0,53.0,53.0,55.0,53.0,15.0,24
2019-10-07,58.0,56.625,56.0,56.0,54.0,58.0,57.0,18.0,8
2019-10-08,57.0,56.0625,56.0,55.0,53.0,57.0,56.0,17.0,16
2019-10-09,60.0,58.416666666666664,59.0,58.0,55.0,57.0,60.0,20.0,24
2019-10-10,67.0,59.833333333333336,62.0,66.0,64.0,60.0,67.0,26.0,24
2019-10-11,69.0,67.875,64.0,67.0,64.0,61.0,69.0,28.0,8
2019-10-12,60.0,58.8125,57.0,51.0,53.0,60.0,55.0,20.0,16
2019-10-13,67.0,64.54166666666667,62.0,56.0,57.0,67.0,61.0,26.0,24
2019-10-14,62.0,57.333333333333336,59.0,54.0,55.0,62.0,58.0,22.0,24
2019-10-15,62.0,60.625,60.0,57.0,62.0,58.0,59.0,22.0,24
2019-10-16,61.0,60.125,60.0,57.0,61.0,59.0,59.0,21.0,8
2019-10-17,55.0,53.869565217391305,52.0,49.0,51.0,54.0,55.0,16.0,23
2019-10-18,60.0,59.17391304347826,58.0,60.0,59.0,55.0,60.0,20.0,23
2019-10-19,64.0,62.375,64.0,62.0,63.0,64.0,63.0,24.0,16
2019-10-20,67.0,66.0,65.0,65.0,67.0,65.0,66.0,26.0,8
2019-10-21,57.0,56.142857142857146,57.0,51.0,51.0,55.0,52.0,18.0,14
2019-10-22,57.0,55.625,57.0,53.0,51.0,52.0,57.0,17.0,24
2019-10-23,61.0,56.166666666666664,57.0,57.0,61.0,55.0,55.0,21.0,24
2019-10-24,66.0,63.75,62.0,61.0,66.0,65.0,62.0,25.0,8
2019-10-25,63.0,59.25,61.0,62.0,63.0,62.0,60.0,22.0,16
2019-10-26,58.0,57.5,54.0,58.0,56.0,57.0,56.0,18.0,8
2019-10-27,56.0,55.1875,55.0,52.0,56.0,36.0,55.0,17.0,16
2019-10-28,56.0,52.0,54.0,53.0,56.0,35.0,55.0,16.0,24
2019-10-29,71.0,60.458333333333336,62.0,64.0,71.0,61.0,62.0,30.0,24
2019-10-30,71.0,70.5,65.0,65.0,71.0,65.0,64.0,30.0,8
2019-10-31,73.0,70.375,72.0,73.0,71.0,69.0,71.0,31.0,16
2019-11-01,73.0,71.375,73.0,73.0,73.0,69.0,72.0,32.0,8
2019-11-02,75.0,72.625,74.0,75.0,71.0,73.0,73.0,33.0,16
2019-11-03,73.0,71.0,73.0,72.0,67.0,71.0,71.0,32.0,8
2019-11-04,76.0,68.69565217391305,73.0,76.0,76.0,60.0,72.0,35.0,23
2019-11-05,88.0,84.26086956521739,80.0,85.0,88.0,80.0,76.0,44.0,23
2019-11-06,86.0,78.26086956521739,78.0,86.0,84.0,81.0,78.0,43.0,23
2019-11-07,81.0,77.8695652173913,77.0,81.0,80.0,76.0,78.0,39.0,23
2019-11-08,79.0,70.21052631578948,76.0,79.0,79.0,76.0,75.0,37.0,19
2019-11-09,,,,,,,,,0
2019-11-10,68.0,65.33333333333333,63.0,68.0,68.0,60.0,68.0,27.0,12
2019-11-11,68.0,64.625,61.0,62.0,68.0,53.0,59.0,27.0,8
2019-11-12,81.0,73.375,74.0,79.0,81.0,69.0,74.0,39.0,16
2019-11-13,95.0,89.625,87.0,92.0,95.0,81.0,84.0,51.0,8
2019-11-14,90.0,75.0,78.0,90.0,78.0,80.0,81.0,47.0,16
2019-11-15,61.0,58.375,56.0,61.0,57.0,59.0,59.0,21.0,8
2019-11-16,54.0,52.21739130434783,49.0,54.0,54.0,42.0,52.0,15.0,23
2019-11-17,57.0,56.5,55.0,57.0,56.0,56.0,57.0,18.0,16
2019-11-18,57.0,56.208333333333336,53.0,56.0,57.0,56.0,56.0,17.0,24
2019-11-19,57.0,56.5,54.0,55.0,57.0,55.0,53.0,17.0,8
2019-11-20,53.0,52.43478260869565,52.0,53.0,53.0,45.0,52.0,14.0,23
2019-11-21,53.0,52.82608695652174,43.0,52.0,53.0,36.0,51.0,14.0,23
2019-11-22,52.0,38.65217391304348,35.0,38.0,52.0,33.0,38.0,13.0,23
2019-11-23,41.0,38.25,27.0,36.0,41.0,25.0,36.0,10.0,12
2019-11-24,38.0,34.5,29.0,27.0,38.0,25.0,28.0,9.0,8
2019-11-25,58.0,53.0,51.0,53.0,58.0,34.0,48.0,18.0,23
2019-11-26,56.0,46.34782608695652,51.0,53.0,56.0,30.0,47.0,16.0,23
2019-11-27,44.0,41.0625,38.0,38.0,44.0,26.0,44.0,11.0,16
2019-11-28,46.0,45.25,40.0,42.0,44.0,29.0,46.0,11.0,8
2019-11-29,46.0,45.25,40.0,43.0,46.0,29.0,33.0,11.0,16
2019-11-30,47.0,42.208333333333336,47.0,37.0,44.0,30.0,33.0,11.0,24
2019-12-01,48.0,46.625,48.0,41.0,45.0,28.0,37.0,11.0,8
2019-12-02,40.0,36.4375,32.0,34.0,40.0,25.0,30.0,10.0,16
2019-12-03,34.0,32.375,25.0,34.0,33.0,23.0,28.0,8.0,8
2019-12-04,56.0,53.391304347826086,53.0,56.0,55.0,51.0,54.0,16.0,23
2019-12-05,55.0,55.0,53.0,55.0,55.0,53.0,54.0,16.0,16
2019-12-06,56.0,55.041666666666664,52.0,55.0,55.0,53.0,56.0,16.0,24
2019-12-07,55.0,54.5,51.0,54.0,55.0,50.0,55.0,16.0,24
2019-12-08,54.0,51.833333333333336,49.0,54.0,52.0,51.0,54.0,15.0,24
2019-12-09,43.0,32.041666666666664,36.0,40.0,33.0,36.0,43.0,10.0,24
2019-12-10,36.0,30.625,27.0,36.0,35.0,20.0,26.0,9.0,8
2019-12-11,52.0,42.375,45.0,44.0,51.0,36.0,52.0,13.0,16
2019-12-12,32.0,30.125,29.0,29.0,32.0,14.0,28.0,8.0,8
2019-12-13,57.0,54.65217391304348,55.0,55.0,53.0,52.0,57.0,17.0,23
2019-12-14,34.0,27.4375,30.0,31.0,34.0,28.0,33.0,8.0,16
2019-12-15,31.0,29.5,26.0,31.0,27.0,22.0,29.0,7.0,8
2019-12-16,27.0,26.333333333333332,25.0,27.0,27.0,21.0,23.0,7.0,6
2019-12-17,,,,,,,,,0
2019-12-18,,,,,,,,,0
2019-12-19,46.0,45.5,30.0,38.0,46.0,24.0,40.0,11.0,2
2019-12-20,,,,,,,,,0
2019-12-21,44.0,44.0,32.0,44.0,35.0,36.0,41.0,10.0,1
2019-12-22,,,,,,,,,0
2019-12-23,42.0,41.5,36.0,40.0,41.0,37.0,42.0,10.0,2
2019-12-24,45.0,43.916666666666664,33.0,44.0,39.0,45.0,45.0,11.0,12
2019-12-25,49.0,45.78260869565217,41.0,46.0,43.0,42.0,49.0,12.0,23
2019-12-26,51.0,48.65217391304348,45.0,49.0,43.0,46.0,51.0,12.0,23
2019-12-27,45.0,44.22222222222222,38.0,45.0,41.0,44.0,45.0,11.0,18
2019-12-28,54.0,53.4375,40.0,54.0,52.0,34.0,52.0,15.0,16
2019-12-29,54.0,53.291666666666664,40.0,54.0,52.0,47.0,52.0,15.0,24
2019-12-30,53.0,49.0,41.0,53.0,50.0,46.0,52.0,14.0,24
2019-12-31,44.0,42.75,36.0,42.0,44.0,32.0,42.0,11.0,8
2020-01-01,40.0,38.5,38.0,36.0,40.0,32.0,39.0,9.0,16
2020-01-02,45.0,41.708333333333336,37.0,42.0,45.0,32.0,43.0,11.0,24
2020-01-03,47.0,45.875,43.0,47.0,47.0,44.0,46.0,11.0,24
2020-01-04,47.0,45.291666666666664,42.0,47.0,46.0,42.0,46.0,11.0,24
2020-01-05,48.0,46.166666666666664,44.0,47.0,45.0,42.0,48.0,11.0,24
2020-01-06,51.0,46.166666666666664,51.0,44.0,49.0,40.0,43.0,12.0,24
2020-01-07,40.0,31.291666666666668,30.0,37.0,40.0,31.0,35.0,10.0,24
2020-01-08,38.0,33.666666666666664,32.0,31.0,34.0,34.0,38.0,9.0,24
2020-01-09,48.0,43.041666666666664,38.0,45.0,43.0,34.0,48.0,12.0,24
2020-01-10,52.0,49.375,44.0,46.0,46.0,39.0,52.0,13.0,24
2020-01-11,53.0,51.958333333333336,49.0,51.0,51.0,43.0,53.0,14.0,24
2020-01-12,56.0,53.125,52.0,54.0,53.0,52.0,56.0,16.0,24
2020-01-13,57.0,55.458333333333336,52.0,55.0,55.0,55.0,57.0,17.0,24
2020-01-14,53.0,51.0,47.0,51.0,52.0,51.0,53.0,14.0,24
2020-01-15,50.0,48.17391304347826,42.0,50.0,48.0,50.0,49.0,12.0,23
2020-01-16,64.0,55.125,57.0,62.0,62.0,56.0,64.0,24.0,24
2020-01-17,76.0,72.25,65.0,69.0,71.0,66.0,76.0,34.0,24
2020-01-18,70.0,60.291666666666664,61.0,64.0,65.0,64.0,70.0,29.0,24
2020-01-19,53.0,49.791666666666664,52.0,53.0,50.0,48.0,53.0,14.0,24
2020-01-20,55.0,53.5,51.0,55.0,53.0,52.0,55.0,16.0,24
2020-01-21,53.0,49.041666666666664,44.0,53.0,47.0,50.0,53.0,14.0,24
2020-01-22,57.0,55.375,38.0,57.0,49.0,45.0,52.0,18.0,24
2020-01-23,52.0,48.5,38.0,52.0,46.0,39.0,50.0,13.0,24
2020-01-24,51.0,45.666666666666664,34.0,51.0,40.0,41.0,46.0,12.0,24
2020-01-25,54.0,52.333333333333336,37.0,54.0,38.0,41.0,45.0,15.0,24
2020-01-26,55.0,53.875,34.0,55.0,51.0,44.0,45.0,15.0,24
2020-01-27,55.0,49.625,33.0,55.0,49.0,42.0,45.0,15.0,24
2020-01-28,51.0,47.458333333333336,37.0,44.0,41.0,36.0,51.0,12.0,24
2020-01-29,52.0,49.30434782608695,39.0,41.0,38.0,40.0,52.0,13.0,23
2020-01-30,37.0,31.666666666666668,28.0,34.0,31.0,30.0,37.0,9.0,24
2020-01-31,52.0,46.208333333333336,33.0,39.0,36.0,36.0,52.0,13.0,24
2020-02-01,52.0,49.34782608695652,36.0,42.0,40.0,39.0,52.0,13.0,23
2020-02-02,59.0,54.458333333333336,52.0,54.0,59.0,51.0,57.0,19.0,24
2020-02-03,61.0,59.416666666666664,52.0,54.0,61.0,52.0,56.0,21.0,24
2020-02-04,57.0,56.625,51.0,53.0,57.0,56.0,57.0,17.0,24
2020-02-05,57.0,54.625,52.0,54.0,56.0,56.0,57.0,17.0,24
2020-02-06,53.0,49.666666666666664,43.0,53.0,51.0,52.0,52.0,14.0,24
2020-02-07,53.0,49.583333333333336,46.0,47.0,51.0,46.0,53.0,14.0,24
2020-02-08,56.0,55.208333333333336,53.0,52.0,53.0,53.0,56.0,17.0,24
2020-02-09,55.0,52.166666666666664,52.0,49.0,52.0,52.0,55.0,15.0,24
2020-02-10,44.0,30.0,36.0,34.0,38.0,33.0,44.0,10.0,24
2020-02-11,42.0,37.5,33.0,34.0,37.0,29.0,42.0,10.0,24
2020-02-12,41.0,37.625,34.0,36.0,39.0,36.0,41.0,10.0,24
2020-02-13,53.0,49.416666666666664,40.0,45.0,40.0,43.0,53.0,14.0,24
2020-02-14,58.0,55.75,41.0,46.0,43.0,48.0,58.0,18.0,24
2020-02-15,55.0,50.666666666666664,34.0,52.0,39.0,51.0,55.0,15.0,24
2020-02-16,56.0,53.916666666666664,37.0,53.0,51.0,56.0,56.0,17.0,24
2020-02-17,57.0,54.916666666666664,39.0,53.0,52.0,57.0,57.0,18.0,24
2020-02-18,50.0,41.416666666666664,26.0,28.0,50.0,38.0,42.0,12.0,24
2020-02-19,54.0,46.125,42.0,49.0,54.0,41.0,51.0,14.0,24
2020-02-20,53.0,51.833333333333336,41.0,45.0,53.0,39.0,49.0,14.0,24
2020-02-21,52.0,45.875,40.0,42.0,52.0,41.0,49.0,13.0,24
2020-02-22,55.0,52.22727272727273,45.0,41.0,55.0,42.0,46.0,16.0,22
2020-02-23,56.0,54.416666666666664,41.0,47.0,56.0,45.0,48.0,17.0,24
2020-02-24,56.0,53.833333333333336,43.0,46.0,56.0,43.0,47.0,17.0,24
2020-02-25,53.0,52.416666666666664,44.0,52.0,53.0,51.0,53.0,14.0,24
2020-02-26,53.0,51.791666666666664,42.0,49.0,53.0,48.0,53.0,14.0,24
2020-02-27,52.0,47.791666666666664,48.0,40.0,52.0,43.0,46.0,13.0,24
2020-02-28,54.0,48.75,47.0,45.0,48.0,39.0,54.0,14.0,24
2020-02-29,54.0,52.833333333333336,39.0,53.0,51.0,44.0,54.0,15.0,24
2020-03-01,53.0,52.125,44.0,52.0,53.0,51.0,53.0,14.0,24
2020-03-02,51.0,40.916666666666664,34.0,42.0,51.0,42.0,45.0,12.0,24
2020-03-03,45.0,42.625,35.0,39.0,45.0,37.0,41.0,11.0,24
2020-03-04,52.0,48.388888888888886,32.0,39.0,46.0,37.0,52.0,13.0,18
2020-03-05,54.0,52.63636363636363,47.0,52.0,52.0,48.0,54.0,15.0,11
2020-03-06,57.0,56.208333333333336,49.0,53.0,53.0,52.0,57.0,17.0,24
2020-03-07,54.0,44.75,41.0,52.0,52.0,51.0,54.0,14.0,24
2020-03-08,52.0,47.875,47.0,52.0,51.0,46.0,52.0,13.0,24
2020-03-09,61.0,55.833333333333336,57.0,58.0,60.0,61.0,61.0,21.0,24
2020-03-10,63.0,62.458333333333336,60.0,58.0,60.0,63.0,62.0,23.0,24
2020-03-11,64.0,62.041666666666664,56.0,57.0,57.0,62.0,64.0,24.0,24
2020-03-12,64.0,62.083333333333336,56.0,59.0,61.0,58.0,64.0,23.0,24
2020-03-13,59.0,53.958333333333336,54.0,55.0,59.0,57.0,58.0,19.0,24
2020-03-14,52.0,49.583333333333336,32.0,42.0,43.0,41.0,52.0,13.0,24
2020-03-15,55.0,52.833333333333336,34.0,39.0,39.0,49.0,55.0,15.0,24
2020-03-16,53.0,41.041666666666664,31.0,38.0,39.0,37.0,53.0,14.0,24
2020-03-17,53.0,50.291666666666664,35.0,51.0,48.0,50.0,53.0,14.0,24
2020-03-18,54.0,53.5,47.0,54.0,52.0,53.0,54.0,15.0,24
2020-03-19,55.0,53.375,45.0,53.0,51.0,55.0,54.0,15.0,24
2020-03-20,56.0,54.625,38.0,51.0,41.0,54.0,56.0,16.0,24
2020-03-21,54.0,52.588235294117645,38.0,45.0,44.0,53.0,54.0,15.0,17
2020-03-22,54.0,52.391304347826086,39.0,45.0,50.0,49.0,54.0,15.0,23
2020-03-23,55.0,52.958333333333336,42.0,55.0,51.0,40.0,53.0,15.0,24
2020-03-24,53.0,51.583333333333336,44.0,52.0,46.0,53.0,52.0,14.0,24
2020-03-25,54.0,51.958333333333336,43.0,46.0,48.0,52.0,54.0,14.0,24
2020-03-26,56.0,55.291666666666664,49.0,47.0,49.0,52.0,56.0,17.0,24
2020-03-27,53.0,47.95454545454545,48.0,40.0,51.0,38.0,53.0,14.0,22
2020-03-28,54.0,53.1764705882353,48.0,40.0,51.0,52.0,54.0,15.0,17
2020-03-29,55.0,54.375,50.0,39.0,52.0,51.0,55.0,16.0,24
2020-03-30,56.0,54.416666666666664,52.0,39.0,52.0,49.0,56.0,17.0,24
2020-03-31,57.0,55.791666666666664,53.0,42.0,52.0,51.0,57.0,17.0,24
2020-04-01,57.0,56.208333333333336,54.0,48.0,53.0,53.0,57.0,17.0,24
2020-04-02,55.0,51.916666666666664,52.0,50.0,52.0,52.0,55.0,15.0,24
2020-04-03,53.0,52.375,52.0,52.0,52.0,49.0,53.0,14.0,24
2020-04-04,54.0,51.8125,47.0,45.0,49.0,54.0,53.0,15.0,16
2020-04-05,53.0,51.958333333333336,45.0,49.0,49.0,53.0,53.0,14.0,24
2020-04-06,56.0,54.125,53.0,54.0,52.0,52.0,56.0,17.0,24
2020-04-07,54.0,44.458333333333336,53.0,53.0,49.0,47.0,54.0,15.0,24
2020-04-08,55.0,52.25,44.0,39.0,41.0,55.0,52.0,16.0,24
2020-04-09,54.0,52.916666666666664,48.0,52.0,53.0,54.0,52.0,15.0,24
2020-04-10,52.0,50.541666666666664,51.0,49.0,52.0,51.0,52.0,13.0,24
2020-04-11,57.0,54.875,52.0,47.0,52.0,52.0,57.0,17.0,24
2020-04-12,55.0,50.5,51.0,43.0,44.0,44.0,55.0,16.0,24
2020-04-13,53.0,50.416666666666664,48.0,45.0,50.0,44.0,53.0,14.0,24
2020-04-14,56.0,54.958333333333336,51.0,45.0,51.0,49.0,56.0,17.0,24
2020-04-15,57.0,56.1,53.0,51.0,53.0,53.0,57.0,18.0,20
2020-04-16,57.0,55.625,52.0,47.0,51.0,51.0,57.0,17.0,24
2020-04-17,55.0,52.541666666666664,52.0,47.0,52.0,51.0,55.0,16.0,24
2020-04-18,53.0,51.583333333333336,53.0,47.0,51.0,50.0,53.0,14.0,24
2020-04-19,52.0,50.916666666666664,52.0,47.0,51.0,51.0,52.0,13.0,24
2020-04-20,51.0,49.625,51.0,46.0,45.0,37.0,47.0,12.0,24
2020-04-21,53.0,50.791666666666664,53.0,43.0,49.0,40.0,45.0,13.0,24
2020-04-22,52.0,49.75,52.0,45.0,51.0,42.0,46.0,13.0,24
2020-04-23,50.0,47.875,50.0,39.0,49.0,47.0,42.0,12.0,24
2020-04-24,53.0,51.625,51.0,48.0,49.0,45.0,53.0,14.0,24
2020-04-25,51.0,45.23809523809524,47.0,43.0,50.0,35.0,51.0,12.0,21
2020-04-26,53.0,49.5,44.0,52.0,53.0,39.0,51.0,13.0,24
2020-04-27,53.0,40.541666666666664,40.0,51.0,53.0,35.0,47.0,14.0,24
2020-04-28,50.0,44.916666666666664,37.0,44.0,50.0,29.0,35.0,12.0,24
2020-04-29,47.0,38.583333333333336,39.0,38.0,47.0,33.0,36.0,11.0,24
2020-04-30,47.0,44.166666666666664,47.0,46.0,43.0,42.0,47.0,11.0,24
2020-05-01,45.0,37.875,40.0,45.0,35.0,35.0,44.0,11.0,24
2020-05-02,51.0,44.041666666666664,37.0,43.0,51.0,33.0,42.0,12.0,24
2020-05-03,44.0,39.416666666666664,35.0,42.0,44.0,34.0,41.0,11.0,24
2020-05-04,52.0,47.25,35.0,52.0,49.0,35.0,39.0,13.0,24
2020-05-05,54.0,52.583333333333336,44.0,53.0,51.0,54.0,53.0,15.0,24
2020-05-06,54.0,52.25,46.0,53.0,53.0,54.0,53.0,14.0,24
2020-05-07,53.0,49.916666666666664,53.0,53.0,53.0,52.0,51.0,14.0,24
2020-05-08,57.0,54.708333333333336,56.0,54.0,54.0,54.0,57.0,17.0,24
2020-05-09,49.0,32.666666666666664,39.0,34.0,36.0,35.0,49.0,12.0,24
2020-05-10,32.0,29.375,32.0,29.0,29.0,28.0,26.0,8.0,24
2020-05-11,28.0,27.125,28.0,27.0,27.0,28.0,24.0,7.0,24
2020-05-12,31.0,28.541666666666668,31.0,25.0,29.0,27.0,25.0,7.0,24
2020-05-13,46.0,40.458333333333336,46.0,33.0,36.0,35.0,33.0,11.0,24
2020-05-14,55.0,53.166666666666664,52.0,42.0,55.0,39.0,52.0,16.0,24
2020-05-15,58.0,56.125,53.0,50.0,56.0,52.0,58.0,19.0,24
2020-05-16,53.0,37.666666666666664,48.0,43.0,53.0,47.0,53.0,14.0,24
2020-05-17,48.0,42.541666666666664,48.0,37.0,33.0,36.0,34.0,12.0,24
2020-05-18,47.0,38.208333333333336,47.0,35.0,38.0,32.0,36.0,11.0,24
2020-05-19,54.0,49.333333333333336,54.0,51.0,47.0,43.0,54.0,15.0,24
2020-05-20,55.0,53.458333333333336,55.0,48.0,46.0,47.0,53.0,16.0,24
2020-05-21,55.0,52.875,53.0,52.0,54.0,42.0,55.0,15.0,24
2020-05-22,65.0,60.958333333333336,57.0,57.0,65.0,56.0,59.0,25.0,24
2020-05-23,59.0,51.333333333333336,53.0,51.0,59.0,54.0,54.0,19.0,24
2020-05-24,61.0,59.166666666666664,61.0,49.0,56.0,52.0,57.0,21.0,24
2020-05-25,60.0,55.0,60.0,47.0,50.0,56.0,55.0,20.0,24
2020-05-26,58.0,55.5,54.0,55.0,57.0,54.0,58.0,18.0,24
2020-05-27,58.0,52.708333333333336,55.0,55.0,58.0,52.0,58.0,18.0,24
2020-05-28,53.0,49.583333333333336,53.0,43.0,51.0,41.0,53.0,14.0,24
2020-05-29,53.0,40.541666666666664,53.0,40.0,47.0,41.0,47.0,13.0,24
2020-05-30,56.0,52.458333333333336,56.0,51.0,55.0,46.0,52.0,16.0,24
2020-05-31,58.0,55.916666666666664,55.0,51.0,58.0,51.0,56.0,18.0,24
2020-06-01,59.0,58.0,50.0,51.0,59.0,45.0,56.0,19.0,24
2020-06-02,56.0,46.791666666666664,48.0,43.0,56.0,42.0,47.0,16.0,24
2020-06-03,52.0,50.208333333333336,52.0,31.0,37.0,51.0,43.0,13.0,24
2020-06-04,48.0,32.125,48.0,30.0,28.0,41.0,38.0,12.0,24
2020-06-05,30.0,28.0,28.0,30.0,25.0,24.0,25.0,7.0,24
2020-06-06,44.0,30.958333333333332,41.0,44.0,31.0,34.0,44.0,11.0,24
2020-06-07,58.0,54.958333333333336,58.0,52.0,43.0,54.0,55.0,18.0,24
2020-06-08,57.0,52.833333333333336,57.0,47.0,36.0,47.0,54.0,17.0,24
2020-06-09,53.0,51.875,53.0,46.0,31.0,48.0,52.0,14.0,24
2020-06-10,51.0,41.875,51.0,42.0,35.0,36.0,40.0,12.0,24
2020-06-11,54.0,49.125,54.0,33.0,35.0,48.0,35.0,15.0,24
2020-06-12,54.0,48.041666666666664,54.0,42.0,34.0,48.0,42.0,15.0,24
2020-06-13,52.0,48.791666666666664,52.0,44.0,37.0,37.0,44.0,13.0,24
2020-06-14,53.0,46.5,53.0,52.0,40.0,40.0,52.0,13.0,24
2020-06-15,53.0,48.25,53.0,52.0,42.0,43.0,52.0,14.0,24
2020-06-16,53.0,49.291666666666664,52.0,49.0,36.0,43.0,53.0,14.0,24
2020-06-17,51.0,43.25,48.0,45.0,37.0,38.0,51.0,12.0,24
2020-06-18,53.0,52.041666666666664,53.0,45.0,40.0,40.0,50.0,14.0,24
2020-06-19,51.0,38.666666666666664,51.0,43.0,40.0,30.0,46.0,12.0,24
2020-06-20,38.0,34.47826086956522,38.0,35.0,33.0,26.0,31.0,9.0,23
2020-06-21,42.0,38.791666666666664,42.0,38.0,39.0,28.0,27.0,10.0,24
2020-06-22,51.0,45.291666666666664,51.0,44.0,44.0,34.0,37.0,12.0,24
2020-06-23,50.0,41.458333333333336,50.0,43.0,43.0,32.0,36.0,12.0,24
2020-06-24,34.0,30.833333333333332,34.0,27.0,28.0,22.0,24.0,8.0,24
2020-06-25,47.0,41.833333333333336,47.0,37.0,40.0,33.0,33.0,11.0,24
2020-06-26,48.0,41.625,48.0,47.0,43.0,34.0,37.0,11.0,24
2020-06-27,54.0,53.125,54.0,51.0,51.0,40.0,42.0,15.0,24
2020-06-28,53.0,47.458333333333336,53.0,45.0,50.0,41.0,41.0,14.0,24
2020-06-29,52.0,45.75,45.0,46.0,52.0,35.0,39.0,13.0,24
2020-06-30,53.0,52.25,52.0,51.0,53.0,41.0,46.0,14.0,24
2020-07-01,51.0,46.0,51.0,42.0,45.0,34.0,38.0,12.0,23
2020-07-02,44.0,39.416666666666664,44.0,39.0,43.0,34.0,34.0,11.0,24
2020-07-03,35.0,31.791666666666668,35.0,31.0,33.0,29.0,31.0,8.0,24
2020-07-04,32.0,29.25,29.0,32.0,30.0,23.0,29.0,8.0,24
2020-07-05,50.0,43.958333333333336,50.0,34.0,34.0,33.0,30.0,12.0,24
2020-07-06,51.0,47.416666666666664,51.0,35.0,35.0,40.0,33.0,12.0,24
2020-07-07,52.0,49.541666666666664,52.0,36.0,45.0,35.0,35.0,13.0,24
2020-07-08,49.0,45.25,49.0,39.0,44.0,28.0,35.0,12.0,24
2020-07-09,44.0,37.541666666666664,44.0,40.0,40.0,21.0,35.0,11.0,24
2020-07-10,49.0,39.208333333333336,38.0,35.0,49.0,30.0,28.0,12.0,24
2020-07-11,52.0,48.583333333333336,51.0,38.0,52.0,31.0,36.0,13.0,24
2020-07-12,51.0,47.0,51.0,43.0,48.0,44.0,37.0,12.0,24
2020-07-13,48.0,42.5,48.0,37.0,37.0,40.0,36.0,12.0,24
2020-07-14,36.0,33.166666666666664,36.0,31.0,34.0,25.0,28.0,9.0,24
2020-07-15,40.0,37.208333333333336,40.0,30.0,28.0,23.0,33.0,10.0,24
2020-07-16,45.0,40.541666666666664,45.0,32.0,32.0,25.0,41.0,11.0,24
2020-07-17,52.0,49.125,52.0,32.0,32.0,39.0,42.0,13.0,24
2020-07-18,51.0,43.0,51.0,30.0,31.0,36.0,40.0,12.0,24
2020-07-19,44.0,41.125,43.0,43.0,43.0,39.0,44.0,10.0,24
2020-07-20,43.0,33.041666666666664,43.0,39.0,42.0,33.0,41.0,10.0,24
2020-07-21,33.0,28.958333333333332,31.0,32.0,29.0,21.0,33.0,8.0,24
2020-07-22,40.0,34.708333333333336,40.0,35.0,30.0,39.0,33.0,10.0,24
2020-07-23,51.0,48.583333333333336,51.0,39.0,42.0,40.0,43.0,12.0,24
2020-07-24,44.0,41.625,43.0,37.0,41.0,44.0,39.0,10.0,24
2020-07-25,41.0,38.041666666666664,39.0,38.0,35.0,41.0,35.0,10.0,24
2020-07-26,51.0,43.666666666666664,47.0,51.0,48.0,47.0,41.0,12.0,24
2020-07-27,55.0,53.833333333333336,55.0,54.0,55.0,53.0,53.0,16.0,24
2020-07-28,57.0,56.208333333333336,57.0,53.0,53.0,47.0,51.0,18.0,24
2020-07-29,57.0,53.916666666666664,56.0,55.0,55.0,53.0,57.0,17.0,24
2020-07-30,65.0,62.208333333333336,64.0,62.0,64.0,59.0,65.0,24.0,24
2020-07-31,61.0,57.583333333333336,60.0,60.0,61.0,57.0,60.0,21.0,24
2020-08-01,60.0,58.61904761904762,58.0,60.0,59.0,54.0,57.0,20.0,21
2020-08-02,66.0,62.791666666666664,61.0,63.0,66.0,57.0,62.0,26.0,24
2020-08-03,65.0,60.416666666666664,60.0,63.0,65.0,56.0,61.0,25.0,24
2020-08-04,57.0,52.875,54.0,57.0,55.0,53.0,53.0,17.0,24
2020-08-05,43.0,37.458333333333336,34.0,43.0,39.0,30.0,32.0,10.0,24
2020-08-06,49.0,44.208333333333336,40.0,49.0,45.0,35.0,37.0,12.0,24
2020-08-07,54.0,52.583333333333336,52.0,54.0,53.0,44.0,49.0,15.0,24
2020-08-08,54.0,53.333333333333336,51.0,54.0,52.0,44.0,50.0,15.0,24
2020-08-09,56.0,54.416666666666664,53.0,56.0,56.0,47.0,55.0,17.0,24
2020-08-10,62.0,59.958333333333336,58.0,61.0,62.0,56.0,58.0,21.0,24
2020-08-11,64.0,61.5,60.0,64.0,63.0,58.0,60.0,23.0,24
2020-08-12,64.0,60.958333333333336,62.0,64.0,64.0,59.0,61.0,24.0,24
2020-08-13,56.0,55.125,56.0,55.0,55.0,53.0,55.0,17.0,24
2020-08-14,54.0,49.625,52.0,52.0,54.0,38.0,52.0,15.0,24
2020-08-15,58.0,56.208333333333336,55.0,56.0,58.0,53.0,54.0,18.0,24
2020-08-16,58.0,55.208333333333336,58.0,54.0,55.0,54.0,55.0,18.0,24
2020-08-17,52.0,46.791666666666664,52.0,48.0,45.0,35.0,46.0,13.0,24
2020-08-18,52.0,49.333333333333336,49.0,49.0,52.0,34.0,40.0,13.0,24
2020-08-19,57.0,55.0,57.0,51.0,54.0,49.0,51.0,17.0,24
2020-08-20,57.0,54.791666666666664,57.0,51.0,52.0,51.0,52.0,17.0,24
2020-08-21,53.0,49.958333333333336,53.0,52.0,51.0,52.0,51.0,14.0,24
2020-08-22,54.0,52.25,52.0,54.0,52.0,48.0,50.0,15.0,24
2020-08-23,59.0,56.291666666666664,59.0,53.0,56.0,54.0,55.0,19.0,24
2020-08-24,56.0,53.75,56.0,51.0,52.0,45.0,52.0,17.0,24
2020-08-25,52.0,47.666666666666664,52.0,41.0,48.0,42.0,45.0,13.0,24
2020-08-26,48.0,39.5,44.0,37.0,48.0,45.0,38.0,12.0,24
2020-08-27,51.0,41.583333333333336,51.0,44.0,43.0,40.0,40.0,12.0,24
2020-08-28,55.0,53.333333333333336,55.0,53.0,55.0,51.0,53.0,15.0,24
2020-08-29,55.0,54.041666666666664,55.0,54.0,55.0,53.0,54.0,16.0,24
2020-08-30,54.0,52.583333333333336,53.0,54.0,52.0,54.0,53.0,15.0,24
2020-08-31,51.0,45.708333333333336,47.0,51.0,51.0,40.0,43.0,12.0,24
2020-09-01,53.0,52.625,52.0,52.0,53.0,46.0,49.0,14.0,24
2020-09-02,53.0,52.083333333333336,52.0,52.0,53.0,51.0,48.0,14.0,24
2020-09-03,55.0,53.458333333333336,55.0,49.0,51.0,53.0,53.0,16.0,24
2020-09-04,55.0,44.416666666666664,55.0,43.0,49.0,53.0,52.0,15.0,24
2020-09-05,57.0,53.416666666666664,57.0,52.0,54.0,36.0,52.0,17.0,24
2020-09-06,54.0,48.0,54.0,49.0,52.0,34.0,50.0,15.0,24
2020-09-07,53.0,51.75,53.0,53.0,52.0,46.0,52.0,14.0,24
2020-09-08,54.0,51.875,49.0,54.0,54.0,47.0,53.0,15.0,24
2020-09-09,50.0,46.791666666666664,50.0,47.0,44.0,41.0,43.0,12.0,24
2020-09-10,53.0,51.75,52.0,45.0,41.0,52.0,53.0,14.0,24
2020-09-11,49.0,42.25,49.0,45.0,41.0,45.0,49.0,12.0,24
2020-09-12,50.0,46.291666666666664,50.0,49.0,41.0,34.0,40.0,12.0,24
2020-09-13,57.0,54.708333333333336,56.0,57.0,56.0,53.0,54.0,17.0,24
2020-09-14,58.0,56.041666666666664,56.0,58.0,56.0,54.0,55.0,18.0,24
2020-09-15,57.0,55.041666666666664,57.0,55.0,55.0,55.0,55.0,17.0,24
2020-09-16,57.0,54.083333333333336,57.0,57.0,56.0,55.0,56.0,18.0,24
2020-09-17,55.0,52.75,55.0,51.0,44.0,49.0,52.0,15.0,24
2020-09-18,56.0,52.083333333333336,52.0,56.0,55.0,47.0,52.0,16.0,24
2020-09-19,58.0,54.333333333333336,53.0,58.0,55.0,51.0,53.0,18.0,24
2020-09-20,55.0,52.291666666666664,52.0,55.0,52.0,47.0,52.0,16.0,24
2020-09-21,54.0,47.916666666666664,51.0,54.0,51.0,41.0,52.0,14.0,24
2020-09-22,50.0,42.125,50.0,33.0,39.0,35.0,44.0,12.0,24
2020-09-23,56.0,53.916666666666664,55.0,51.0,55.0,55.0,56.0,16.0,24
2020-09-24,54.0,51.125,54.0,51.0,53.0,53.0,53.0,15.0,24
2020-09-25,54.0,51.041666666666664,52.0,54.0,52.0,53.0,52.0,15.0,24
2020-09-26,55.0,50.75,53.0,55.0,52.0,53.0,53.0,15.0,24
2020-09-27,50.0,42.458333333333336,43.0,50.0,39.0,28.0,40.0,12.0,24
2020-09-28,53.0,51.25,52.0,53.0,50.0,47.0,48.0,14.0,24
2020-09-29,52.0,49.041666666666664,52.0,52.0,51.0,46.0,47.0,13.0,24
2020-09-30,48.0,44.625,46.0,48.0,43.0,45.0,42.0,12.0,24
2020-10-01,54.0,51.083333333333336,54.0,47.0,43.0,44.0,42.0,15.0,24
2020-10-02,57.0,55.416666666666664,57.0,47.0,49.0,39.0,52.0,18.0,24
2020-10-03,53.0,43.125,53.0,48.0,47.0,36.0,53.0,14.0,24
2020-10-04,54.0,42.833333333333336,53.0,54.0,53.0,43.0,52.0,14.0,24
2020-10-05,61.0,59.083333333333336,60.0,61.0,60.0,55.0,60.0,21.0,24
2020-10-06,60.0,58.416666666666664,59.0,60.0,59.0,56.0,59.0,20.0,24
2020-10-07,57.0,54.5,57.0,56.0,56.0,56.0,56.0,18.0,24
2020-10-08,52.0,42.375,40.0,48.0,52.0,36.0,39.0,13.0,24
2020-10-09,46.0,43.083333333333336,43.0,46.0,41.0,29.0,40.0,11.0,24
2020-10-10,48.0,44.25,47.0,48.0,45.0,31.0,43.0,12.0,24
2020-10-11,52.0,47.333333333333336,50.0,52.0,45.0,30.0,51.0,13.0,24
2020-10-12,40.0,34.833333333333336,34.0,39.0,40.0,30.0,33.0,10.0,24
2020-10-13,51.0,40.833333333333336,48.0,51.0,49.0,33.0,48.0,12.0,24
2020-10-14,60.0,57.041666666666664,56.0,59.0,60.0,53.0,57.0,20.0,24
2020-10-15,59.0,54.791666666666664,56.0,58.0,59.0,52.0,56.0,19.0,24
2020-10-16,61.0,60.17391304347826,57.0,59.0,61.0,53.0,58.0,21.0,23
2020-10-17,71.0,66.16666666666667,64.0,69.0,71.0,58.0,64.0,30.0,24
2020-10-18,67.0,60.708333333333336,62.0,66.0,67.0,57.0,63.0,26.0,24
2020-10-19,84.0,56.869565217391305,84.0,55.0,54.0,54.0,52.0,16.0,23
2020-10-20,58.0,55.958333333333336,58.0,54.0,53.0,56.0,56.0,18.0,24
2020-10-21,68.0,63.291666666666664,62.0,61.0,68.0,60.0,64.0,28.0,24
2020-10-22,67.0,58.958333333333336,59.0,61.0,67.0,58.0,63.0,27.0,24
2020-10-23,57.0,50.333333333333336,51.0,57.0,51.0,30.0,52.0,17.0,24
2020-10-24,61.0,59.75,57.0,61.0,60.0,51.0,58.0,21.0,24
2020-10-25,60.0,55.416666666666664,56.0,57.0,60.0,48.0,55.0,20.0,24
2020-10-26,55.0,52.041666666666664,49.0,55.0,52.0,29.0,47.0,15.0,24
2020-10-27,57.0,55.583333333333336,53.0,57.0,55.0,33.0,51.0,17.0,24
2020-10-28,65.0,61.666666666666664,58.0,65.0,61.0,53.0,55.0,25.0,24
2020-10-29,65.0,58.958333333333336,58.0,65.0,61.0,52.0,55.0,24.0,24
2020-10-30,55.0,54.291666666666664,53.0,55.0,52.0,49.0,52.0,16.0,24
2020-10-31,55.0,53.0,53.0,55.0,50.0,47.0,52.0,16.0,24
2020-11-01,57.0,54.666666666666664,52.0,57.0,53.0,53.0,53.0,17.0,24
2020-11-02,55.0,54.375,51.0,54.0,55.0,43.0,51.0,16.0,24
2020-11-03,55.0,54.041666666666664,52.0,53.0,55.0,40.0,52.0,16.0,24
2020-11-04,53.0,52.333333333333336,52.0,53.0,52.0,48.0,52.0,14.0,24
2020-11-05,58.0,55.833333333333336,56.0,58.0,55.0,52.0,55.0,18.0,24
2020-11-06,56.0,54.625,55.0,56.0,53.0,53.0,55.0,16.0,24
2020-11-07,54.0,53.541666666666664,54.0,54.0,43.0,45.0,47.0,15.0,24
2020-11-08,57.0,55.541666666666664,53.0,57.0,54.0,35.0,53.0,17.0,24
2020-11-09,60.0,58.125,53.0,60.0,55.0,33.0,54.0,20.0,24
2020-11-10,59.0,56.375,53.0,59.0,55.0,39.0,53.0,19.0,24
2020-11-11,63.0,59.291666666666664,58.0,60.0,63.0,53.0,61.0,22.0,24
2020-11-12,59.0,52.041666666666664,56.0,59.0,59.0,53.0,57.0,19.0,24
2020-11-13,53.0,50.458333333333336,52.0,53.0,43.0,42.0,51.0,14.0,24
2020-11-14,55.0,54.666666666666664,51.0,55.0,53.0,42.0,52.0,16.0,24
2020-11-15,56.0,54.666666666666664,48.0,56.0,53.0,40.0,48.0,16.0,24
2020-11-16,52.0,47.291666666666664,37.0,52.0,41.0,39.0,50.0,13.0,24
2020-11-17,53.0,52.208333333333336,37.0,53.0,41.0,32.0,52.0,14.0,24
2020-11-18,57.0,54.083333333333336,56.0,57.0,54.0,36.0,55.0,17.0,24
2020-11-19,58.0,56.583333333333336,57.0,58.0,55.0,49.0,57.0,18.0,24
2020-11-20,55.0,53.875,53.0,55.0,53.0,37.0,54.0,15.0,24
2020-11-21,56.0,54.8,54.0,56.0,55.0,37.0,52.0,16.0,10
2020-11-22,42.0,42.0,42.0,33.0,36.0,21.0,37.0,10.0,5
2020-11-23,42.0,39.125,42.0,40.0,38.0,22.0,37.0,10.0,24
2020-11-24,53.0,49.26086956521739,52.0,53.0,53.0,32.0,52.0,14.0,23
2020-11-25,54.0,53.291666666666664,50.0,54.0,52.0,32.0,51.0,15.0,24
2020-11-26,54.0,52.916666666666664,46.0,54.0,53.0,32.0,42.0,15.0,24
2020-11-27,59.0,56.666666666666664,44.0,59.0,54.0,42.0,42.0,19.0,24
2020-11-28,55.0,49.541666666666664,44.0,55.0,47.0,39.0,39.0,16.0,24
2020-11-29,53.0,52.083333333333336,50.0,53.0,49.0,25.0,39.0,14.0,24
2020-11-30,55.0,53.291666666666664,52.0,55.0,49.0,37.0,45.0,16.0,24
2020-12-01,55.0,54.625,53.0,55.0,55.0,47.0,53.0,16.0,24
2020-12-02,59.0,57.541666666666664,53.0,59.0,58.0,39.0,53.0,19.0,24
2020-12-03,56.0,54.473684210526315,55.0,56.0,56.0,47.0,52.0,17.0,19
2020-12-04,,,,,,,,,0
2020-12-05,,,,,,,,,0
2020-12-06,58.0,57.3,48.0,58.0,48.0,36.0,48.0,18.0,10
2020-12-07,57.0,56.18181818181818,53.0,57.0,53.0,52.0,51.0,18.0,22
2020-12-08,56.0,55.708333333333336,53.0,56.0,52.0,51.0,52.0,17.0,24
2020-12-09,54.0,49.041666666666664,44.0,54.0,48.0,36.0,43.0,15.0,24
2020-12-10,59.0,53.875,51.0,55.0,57.0,59.0,51.0,19.0,24
2020-12-11,58.0,55.208333333333336,48.0,54.0,58.0,52.0,47.0,18.0,24
2020-12-12,58.0,56.25,53.0,55.0,58.0,41.0,49.0,18.0,24
2020-12-13,55.0,49.625,49.0,53.0,55.0,34.0,44.0,16.0,24
2020-12-14,54.0,52.958333333333336,40.0,53.0,54.0,37.0,48.0,15.0,24
2020-12-15,54.0,52.25,35.0,44.0,54.0,31.0,39.0,14.0,24
2020-12-16,55.0,54.0,48.0,53.0,55.0,26.0,37.0,16.0,24
2020-12-17,54.0,53.1578947368421,44.0,54.0,54.0,28.0,43.0,15.0,19
2020-12-18,53.0,51.0,35.0,48.0,53.0,27.0,39.0,13.0,2
2020-12-19,46.0,43.55555555555556,33.0,46.0,43.0,25.0,30.0,11.0,9
2020-12-20,52.0,50.65217391304348,41.0,52.0,52.0,30.0,37.0,13.0,23
2020-12-21,55.0,53.875,43.0,53.0,55.0,32.0,39.0,16.0,24
2020-12-22,58.0,56.26086956521739,50.0,58.0,55.0,38.0,47.0,18.0,23
2020-12-23,59.0,57.44444444444444,53.0,59.0,59.0,53.0,52.0,19.0,18
2020-12-24,59.0,57.6,53.0,57.0,59.0,51.0,52.0,20.0,5
2020-12-25,60.0,58.333333333333336,60.0,58.0,59.0,53.0,58.0,19.0,6
2020-12-26,,,,,,,,,0
2020-12-27,,,,,,,,,0
2020-12-28,55.0,55.0,34.0,55.0,48.0,25.0,35.0,16.0,4
2020-12-29,56.0,54.916666666666664,47.0,56.0,53.0,32.0,38.0,17.0,24
2020-12-30,55.0,53.875,48.0,54.0,55.0,45.0,38.0,16.0,24
2020-12-31,56.0,54.166666666666664,52.0,55.0,56.0,40.0,49.0,16.0,24
2021-01-01,55.0,53.75,52.0,55.0,55.0,37.0,50.0,16.0,8
2021-01-02,,,,,,,,,0
2021-01-03,,,,,,,,,0
2021-01-04,,,,,,,,,0
2021-01-05,37.0,37.0,28.0,37.0,35.0,18.0,30.0,9.0,4
2021-01-06,46.0,43.541666666666664,29.0,46.0,35.0,26.0,29.0,11.0,24
2021-01-07,38.0,33.833333333333336,28.0,38.0,29.0,21.0,28.0,9.0,24
2021-01-08,53.0,46.5,36.0,53.0,40.0,31.0,34.0,14.0,24
2021-01-09,57.0,55.375,39.0,57.0,39.0,33.0,36.0,17.0,24
2021-01-10,53.0,36.75,34.0,53.0,34.0,21.0,29.0,14.0,24
2021-01-11,53.0,36.833333333333336,34.0,53.0,28.0,19.0,30.0,14.0,24
2021-01-12,54.0,53.041666666666664,41.0,54.0,41.0,24.0,33.0,15.0,24
2021-01-13,56.0,53.416666666666664,44.0,56.0,51.0,23.0,33.0,17.0,24
2021-01-14,57.0,56.625,48.0,57.0,53.0,37.0,44.0,18.0,24
2021-01-15,66.0,63.5,55.0,66.0,59.0,56.0,56.0,25.0,24
2021-01-16,62.0,58.416666666666664,55.0,62.0,58.0,56.0,56.0,22.0,24
2021-01-17,59.0,57.458333333333336,48.0,59.0,48.0,57.0,52.0,19.0,24
2021-01-18,58.0,56.958333333333336,53.0,58.0,55.0,57.0,51.0,18.0,24
2021-01-19,60.0,57.791666666666664,56.0,56.0,60.0,55.0,54.0,20.0,24
2021-01-20,59.0,57.416666666666664,57.0,57.0,59.0,53.0,55.0,19.0,24
2021-01-21,62.0,59.583333333333336,59.0,58.0,62.0,56.0,57.0,22.0,24
2021-01-22,61.0,54.625,59.0,58.0,61.0,56.0,57.0,21.0,24
2021-01-23,55.0,53.791666666666664,54.0,53.0,55.0,54.0,55.0,16.0,24
2021-01-24,54.0,39.458333333333336,52.0,49.0,54.0,52.0,52.0,14.0,24
2021-01-25,42.0,39.375,39.0,33.0,42.0,25.0,34.0,10.0,24
2021-01-26,45.0,43.375,45.0,39.0,39.0,34.0,36.0,11.0,24
2021-01-27,44.0,42.791666666666664,44.0,38.0,44.0,38.0,37.0,11.0,24
2021-01-28,45.0,40.666666666666664,45.0,44.0,45.0,36.0,37.0,11.0,24
2021-01-29,52.0,49.291666666666664,50.0,49.0,52.0,43.0,40.0,13.0,24
2021-01-30,55.0,53.25,53.0,53.0,55.0,41.0,52.0,16.0,24
2021-01-31,57.0,55.708333333333336,54.0,55.0,57.0,51.0,53.0,18.0,24
2021-02-01,53.0,52.458333333333336,52.0,53.0,53.0,50.0,47.0,14.0,24
2021-02-02,53.0,52.833333333333336,50.0,53.0,53.0,48.0,46.0,14.0,24
2021-02-03,52.0,50.916666666666664,51.0,52.0,52.0,45.0,43.0,13.0,24
2021-02-04,54.0,52.875,53.0,54.0,54.0,51.0,52.0,14.0,24
2021-02-05,52.0,49.541666666666664,49.0,51.0,52.0,39.0,43.0,13.0,24
2021-02-06,53.0,51.958333333333336,44.0,52.0,53.0,38.0,52.0,14.0,24
2021-02-07,54.0,53.25,48.0,52.0,54.0,39.0,45.0,15.0,24
2021-02-08,52.0,48.291666666666664,47.0,49.0,52.0,33.0,38.0,13.0,24
2021-02-09,54.0,52.291666666666664,47.0,54.0,54.0,42.0,39.0,15.0,24
2021-02-10,54.0,52.625,47.0,54.0,53.0,42.0,45.0,14.0,24
2021-02-11,51.0,48.0,42.0,49.0,51.0,37.0,45.0,12.0,24
2021-02-12,48.0,46.125,47.0,48.0,46.0,37.0,38.0,11.0,24
2021-02-13,53.0,51.791666666666664,51.0,53.0,52.0,38.0,50.0,14.0,24
2021-02-14,57.0,55.041666666666664,54.0,55.0,57.0,52.0,56.0,17.0,24
2021-02-15,61.0,59.333333333333336,57.0,58.0,61.0,52.0,58.0,21.0,24
2021-02-16,67.0,64.58333333333333,62.0,60.0,67.0,59.0,67.0,27.0,24
2021-02-17,67.0,64.375,62.0,60.0,67.0,59.0,67.0,26.0,24
2021-02-18,64.0,59.166666666666664,57.0,56.0,64.0,56.0,57.0,24.0,24
2021-02-19,56.0,53.5,54.0,52.0,56.0,43.0,48.0,16.0,24
2021-02-20,58.0,57.291666666666664,56.0,54.0,58.0,50.0,53.0,19.0,24
2021-02-21,57.0,56.083333333333336,54.0,57.0,57.0,52.0,53.0,17.0,24
2021-02-22,58.0,56.833333333333336,55.0,55.0,58.0,51.0,54.0,18.0,24
2021-02-23,58.0,57.0,53.0,54.0,58.0,55.0,54.0,19.0,24
2021-02-24,60.0,57.333333333333336,57.0,58.0,60.0,57.0,58.0,20.0,24
2021-02-25,71.0,64.04347826086956,62.0,62.0,71.0,62.0,64.0,30.0,23
2021-02-26,76.0,73.5,70.0,62.0,76.0,63.0,75.0,34.0,24
2021-02-27,108.0,75.66666666666667,108.0,63.0,72.0,61.0,68.0,31.0,24
2021-02-28,72.0,70.08333333333333,71.0,62.0,72.0,65.0,69.0,31.0,24
2021-03-01,70.0,68.08333333333333,63.0,60.0,69.0,64.0,70.0,29.0,24
2021-03-02,74.0,70.95833333333333,63.0,64.0,74.0,63.0,70.0,33.0,24
2021-03-03,69.0,59.095238095238095,56.0,59.0,69.0,58.0,61.0,28.0,21
2021-03-04,58.0,56.208333333333336,52.0,51.0,58.0,46.0,54.0,18.0,24
2021-03-05,57.0,52.75,52.0,49.0,57.0,45.0,52.0,17.0,24
2021-03-06,52.0,49.125,51.0,49.0,52.0,42.0,52.0,13.0,24
2021-03-07,55.0,53.791666666666664,51.0,52.0,55.0,33.0,53.0,16.0,24
2021-03-08,57.0,54.083333333333336,39.0,45.0,57.0,30.0,42.0,18.0,24
2021-03-09,64.0,60.458333333333336,52.0,53.0,64.0,40.0,51.0,24.0,24
2021-03-10,65.0,63.875,54.0,55.0,65.0,51.0,54.0,25.0,24
2021-03-11,65.0,60.666666666666664,53.0,55.0,65.0,52.0,54.0,24.0,24
2021-03-12,55.0,53.958333333333336,44.0,51.0,55.0,35.0,43.0,16.0,24
2021-03-13,54.0,52.208333333333336,43.0,49.0,54.0,29.0,41.0,15.0,24
2021-03-14,56.0,54.833333333333336,52.0,53.0,56.0,40.0,45.0,16.0,24
2021-03-15,55.0,54.333333333333336,55.0,50.0,55.0,45.0,54.0,16.0,24
2021-03-16,54.0,52.73913043478261,54.0,52.0,53.0,53.0,53.0,15.0,23
2021-03-17,55.0,54.458333333333336,54.0,54.0,55.0,53.0,54.0,16.0,24
2021-03-18,55.0,54.333333333333336,53.0,55.0,55.0,54.0,55.0,16.0,24
2021-03-19,62.0,58.083333333333336,56.0,54.0,62.0,55.0,56.0,22.0,24
2021-03-20,61.0,57.541666666666664,58.0,53.0,61.0,55.0,55.0,21.0,24
2021-03-21,58.0,55.625,56.0,56.0,51.0,53.0,58.0,18.0,24
2021-03-22,54.0,50.333333333333336,53.0,53.0,50.0,53.0,54.0,15.0,24
2021-03-23,51.0,47.875,48.0,51.0,43.0,42.0,50.0,12.0,24
2021-03-24,50.0,44.875,38.0,42.0,50.0,24.0,43.0,12.0,24
2021-03-25,51.0,44.458333333333336,40.0,38.0,51.0,32.0,40.0,12.0,24
2021-03-26,39.0,36.916666666666664,37.0,39.0,37.0,31.0,39.0,9.0,24
2021-03-27,46.0,37.21739130434783,38.0,41.0,31.0,27.0,46.0,11.0,23
2021-03-28,124.0,66.04166666666667,124.0,56.0,51.0,56.0,75.0,19.0,24
2021-03-29,57.0,52.083333333333336,55.0,54.0,51.0,56.0,57.0,18.0,24
2021-03-30,56.0,52.791666666666664,55.0,53.0,56.0,48.0,56.0,17.0,24
2021-03-31,57.0,53.791666666666664,54.0,53.0,55.0,51.0,57.0,17.0,24
2021-04-01,49.0,45.458333333333336,46.0,41.0,49.0,28.0,48.0,12.0,24
2021-04-02,55.0,51.083333333333336,52.0,55.0,53.0,53.0,53.0,16.0,24
2021-04-03,56.0,54.5,53.0,56.0,53.0,53.0,55.0,17.0,24
2021-04-04,56.0,52.666666666666664,53.0,55.0,48.0,53.0,56.0,16.0,24
2021-04-05,57.0,53.791666666666664,53.0,57.0,54.0,52.0,56.0,17.0,24
2021-04-06,55.0,53.458333333333336,50.0,53.0,55.0,44.0,53.0,16.0,24
2021-04-07,58.0,54.958333333333336,47.0,49.0,58.0,45.0,49.0,18.0,24
2021-04-08,58.0,56.458333333333336,52.0,51.0,58.0,40.0,52.0,18.0,24
2021-04-09,58.0,55.5,53.0,55.0,58.0,54.0,55.0,18.0,24
2021-04-10,59.0,57.041666666666664,59.0,58.0,56.0,57.0,58.0,20.0,24
2021-04-11,64.0,62.0,62.0,61.0,58.0,61.0,64.0,23.0,8
2021-04-12,62.0,59.625,61.0,59.0,59.0,59.0,62.0,22.0,16
2021-04-13,60.0,59.041666666666664,59.0,55.0,56.0,60.0,57.0,20.0,24
2021-04-14,59.0,57.166666666666664,59.0,57.0,58.0,59.0,57.0,20.0,24
2021-04-15,58.0,55.375,57.0,54.0,54.0,54.0,58.0,18.0,24
2021-04-16,62.0,59.625,62.0,59.0,59.0,58.0,60.0,22.0,24
2021-04-17,64.0,61.708333333333336,64.0,59.0,62.0,62.0,60.0,23.0,24
2021-04-18,66.0,58.875,60.0,58.0,66.0,53.0,61.0,25.0,24
2021-04-19,65.0,63.416666666666664,60.0,57.0,65.0,58.0,65.0,25.0,24
2021-04-20,72.0,66.20833333333333,67.0,65.0,72.0,58.0,64.0,31.0,24
2021-04-21,72.0,59.916666666666664,66.0,64.0,72.0,58.0,63.0,30.0,24
2021-04-22,62.0,59.583333333333336,62.0,56.0,54.0,58.0,61.0,22.0,24
2021-04-23,58.0,43.333333333333336,58.0,53.0,45.0,53.0,56.0,18.0,24
2021-04-24,46.0,42.36363636363637,44.0,41.0,46.0,27.0,38.0,11.0,22
2021-04-25,56.0,51.0,56.0,52.0,50.0,52.0,52.0,17.0,24
2021-04-26,60.0,59.291666666666664,60.0,52.0,53.0,60.0,57.0,20.0,24
2021-04-27,62.0,59.166666666666664,62.0,54.0,58.0,59.0,62.0,22.0,24
2021-04-28,64.0,63.0,62.0,58.0,64.0,60.0,64.0,24.0,24
2021-04-29,61.0,57.916666666666664,58.0,55.0,59.0,59.0,61.0,21.0,24
2021-04-30,61.0,58.208333333333336,61.0,55.0,60.0,55.0,59.0,21.0,24
2021-05-01,62.0,58.375,62.0,58.0,59.0,54.0,59.0,21.0,24
2021-05-02,54.0,41.708333333333336,54.0,53.0,53.0,44.0,53.0,15.0,24
2021-05-03,50.0,43.5,50.0,33.0,31.0,37.0,39.0,12.0,24
2021-05-04,55.0,52.541666666666664,55.0,46.0,34.0,46.0,53.0,15.0,24
2021-05-05,53.0,49.95652173913044,53.0,46.0,38.0,50.0,52.0,14.0,23
2021-05-06,55.0,49.75,55.0,53.0,50.0,51.0,54.0,15.0,24
2021-05-07,62.0,60.208333333333336,62.0,61.0,56.0,58.0,62.0,22.0,24
2021-05-08,57.0,51.4,54.0,57.0,53.0,53.0,56.0,18.0,20
2021-05-09,53.0,52.041666666666664,49.0,53.0,43.0,52.0,53.0,14.0,24
2021-05-10,56.0,54.42857142857143,56.0,53.0,48.0,52.0,55.0,16.0,21
2021-05-11,47.0,44.07142857142857,47.0,40.0,27.0,39.0,36.0,11.0,14
2021-05-12,55.0,51.25,55.0,52.0,52.0,52.0,53.0,16.0,24
2021-05-13,70.0,66.0,66.0,60.0,62.0,59.0,70.0,29.0,24
2021-05-14,65.0,57.041666666666664,62.0,56.0,58.0,55.0,65.0,24.0,24
2021-05-15,57.0,52.75,57.0,44.0,38.0,52.0,47.0,17.0,24
2021-05-16,47.0,43.041666666666664,47.0,36.0,29.0,40.0,45.0,11.0,24
2021-05-17,45.0,38.083333333333336,45.0,38.0,26.0,33.0,44.0,11.0,24
2021-05-18,51.0,49.0,51.0,39.0,34.0,30.0,51.0,12.0,24
2021-05-19,52.0,45.0,52.0,41.0,45.0,36.0,47.0,13.0,24
2021-05-20,62.0,58.5,62.0,52.0,56.0,59.0,61.0,22.0,24
2021-05-21,61.0,54.0,61.0,51.0,54.0,56.0,58.0,21.0,24
2021-05-22,57.0,55.333333333333336,57.0,53.0,50.0,55.0,55.0,17.0,21
2021-05-23,56.0,54.375,56.0,48.0,41.0,54.0,53.0,16.0,24
2021-05-24,56.0,53.166666666666664,56.0,48.0,51.0,49.0,52.0,16.0,24
2021-05-25,53.0,52.5,53.0,46.0,47.0,46.0,50.0,14.0,24
2021-05-26,52.0,51.458333333333336,52.0,48.0,39.0,41.0,44.0,13.0,24
2021-05-27,53.0,51.666666666666664,53.0,47.0,36.0,46.0,46.0,13.0,24
2021-05-28,59.0,56.458333333333336,58.0,57.0,54.0,55.0,59.0,19.0,24
2021-05-29,59.0,58.125,59.0,55.0,54.0,56.0,59.0,19.0,24
2021-05-30,56.0,52.5,56.0,40.0,37.0,48.0,53.0,17.0,24
2021-05-31,55.0,53.916666666666664,55.0,45.0,38.0,54.0,49.0,16.0,24
2021-06-01,58.0,54.125,58.0,44.0,43.0,54.0,48.0,18.0,24
2021-06-02,60.0,56.666666666666664,60.0,45.0,46.0,52.0,50.0,20.0,24
2021-06-03,56.0,54.666666666666664,56.0,46.0,45.0,51.0,56.0,17.0,24
2021-06-04,53.0,48.708333333333336,53.0,44.0,51.0,43.0,53.0,14.0,24
2021-06-05,59.0,55.708333333333336,58.0,54.0,59.0,53.0,56.0,19.0,24
2021-06-06,66.0,63.75,66.0,58.0,64.0,57.0,65.0,25.0,24
2021-06-07,64.0,60.416666666666664,64.0,57.0,56.0,55.0,62.0,24.0,24
2021-06-08,69.0,65.95833333333333,69.0,58.0,50.0,61.0,64.0,28.0,24
2021-06-09,67.0,62.5,67.0,57.0,45.0,59.0,62.0,26.0,24
2021-06-10,73.0,69.95833333333333,73.0,64.0,52.0,64.0,70.0,31.0,24
2021-06-11,70.0,64.04166666666667,70.0,62.0,52.0,63.0,69.0,29.0,24
2021-06-12,63.0,61.958333333333336,63.0,57.0,43.0,60.0,63.0,23.0,24
2021-06-13,62.0,57.791666666666664,62.0,54.0,44.0,58.0,59.0,22.0,24
2021-06-14,52.0,42.875,52.0,36.0,31.0,39.0,48.0,13.0,24
2021-06-15,57.0,54.75,55.0,35.0,31.0,45.0,57.0,17.0,24
2021-06-16,58.0,55.375,57.0,50.0,58.0,47.0,57.0,18.0,24
2021-06-17,62.0,60.166666666666664,62.0,51.0,58.0,52.0,55.0,22.0,24
2021-06-18,57.0,52.416666666666664,57.0,51.0,32.0,47.0,43.0,18.0,24
2021-06-19,57.0,55.041666666666664,57.0,44.0,31.0,46.0,53.0,18.0,24
2021-06-20,61.0,59.333333333333336,61.0,54.0,42.0,55.0,60.0,21.0,24
2021-06-21,59.0,55.291666666666664,59.0,57.0,43.0,54.0,57.0,19.0,24
2021-06-22,61.0,59.25,61.0,58.0,51.0,57.0,57.0,21.0,24
2021-06-23,58.0,54.875,58.0,57.0,45.0,53.0,54.0,18.0,24
2021-06-24,56.0,49.916666666666664,56.0,50.0,37.0,48.0,53.0,17.0,24
2021-06-25,61.0,58.958333333333336,61.0,53.0,36.0,54.0,61.0,21.0,24
2021-06-26,61.0,58.583333333333336,61.0,56.0,41.0,55.0,61.0,21.0,24
2021-06-27,55.0,53.041666666666664,54.0,55.0,37.0,41.0,54.0,16.0,24
2021-06-28,59.0,57.25,59.0,45.0,30.0,47.0,54.0,19.0,24
2021-06-29,56.0,46.083333333333336,56.0,39.0,42.0,37.0,51.0,16.0,24
2021-06-30,48.0,44.25,48.0,42.0,47.0,25.0,40.0,12.0,24
2021-07-01,39.0,37.833333333333336,39.0,35.0,37.0,26.0,33.0,9.0,24
2021-07-02,40.0,34.208333333333336,40.0,32.0,26.0,31.0,34.0,10.0,24
2021-07-03,52.0,50.083333333333336,52.0,27.0,38.0,43.0,45.0,13.0,24
2021-07-04,65.0,52.0,52.0,30.0,65.0,32.0,45.0,13.0,24
2021-07-05,50.0,46.875,50.0,34.0,49.0,39.0,43.0,12.0,24
2021-07-06,61.0,50.625,60.0,53.0,61.0,54.0,60.0,21.0,24
2021-07-07,71.0,69.75,71.0,57.0,71.0,66.0,70.0,30.0,24
2021-07-08,71.0,69.41666666666667,70.0,57.0,59.0,66.0,71.0,30.0,24
2021-07-09,63.0,55.583333333333336,63.0,52.0,42.0,58.0,63.0,23.0,24
2021-07-10,51.0,48.625,51.0,41.0,38.0,42.0,51.0,12.0,24
2021-07-11,51.0,46.458333333333336,51.0,39.0,46.0,42.0,44.0,12.0,24
2021-07-12,47.0,40.208333333333336,39.0,33.0,47.0,28.0,38.0,11.0,24
2021-07-13,35.0,30.666666666666668,32.0,31.0,35.0,19.0,31.0,8.0,24
2021-07-14,52.0,44.041666666666664,52.0,41.0,31.0,39.0,52.0,13.0,24
2021-07-15,58.0,55.75,58.0,51.0,37.0,53.0,57.0,18.0,24
2021-07-16,57.0,55.333333333333336,57.0,50.0,36.0,53.0,57.0,18.0,24
2021-07-17,58.0,57.208333333333336,57.0,51.0,37.0,54.0,58.0,18.0,24
2021-07-18,61.0,59.791666666666664,60.0,52.0,40.0,57.0,61.0,21.0,24
2021-07-19,60.0,57.75,59.0,52.0,43.0,55.0,60.0,20.0,24
2021-07-20,58.0,57.125,58.0,47.0,55.0,52.0,56.0,18.0,24
2021-07-21,59.0,57.333333333333336,57.0,49.0,59.0,50.0,56.0,19.0,24
2021-07-22,56.0,55.208333333333336,56.0,48.0,54.0,52.0,56.0,17.0,24
2021-07-23,59.0,57.666666666666664,59.0,51.0,36.0,54.0,58.0,19.0,24
2021-07-24,56.0,53.583333333333336,56.0,49.0,37.0,49.0,55.0,17.0,24
2021-07-25,54.0,53.125,53.0,41.0,34.0,51.0,54.0,14.0,24
2021-07-26,54.0,53.291666666666664,54.0,46.0,34.0,50.0,53.0,15.0,24
2021-07-27,54.0,53.208333333333336,54.0,50.0,36.0,49.0,54.0,15.0,24
2021-07-28,55.0,54.208333333333336,55.0,51.0,36.0,50.0,55.0,16.0,24
2021-07-29,60.0,56.166666666666664,60.0,53.0,43.0,55.0,60.0,20.0,24
2021-07-30,63.0,61.916666666666664,61.0,54.0,46.0,57.0,63.0,23.0,24
2021-07-31,65.0,62.375,65.0,54.0,47.0,58.0,62.0,24.0,24
2021-08-01,59.0,55.041666666666664,59.0,51.0,39.0,52.0,56.0,19.0,24
2021-08-02,55.0,46.708333333333336,55.0,38.0,32.0,39.0,55.0,15.0,24
2021-08-03,57.0,55.208333333333336,56.0,48.0,32.0,52.0,57.0,17.0,24
2021-08-04,53.0,49.958333333333336,52.0,46.0,34.0,49.0,53.0,14.0,24
2021-08-05,52.0,45.958333333333336,52.0,40.0,43.0,44.0,52.0,13.0,24
2021-08-06,55.0,52.75,53.0,44.0,38.0,48.0,55.0,15.0,24
2021-08-07,57.0,54.625,54.0,43.0,30.0,51.0,57.0,17.0,24
2021-08-08,60.0,57.25,51.0,48.0,30.0,57.0,60.0,20.0,24
2021-08-09,56.0,53.25,39.0,45.0,27.0,53.0,56.0,16.0,24
2021-08-10,54.0,50.208333333333336,35.0,40.0,25.0,37.0,54.0,14.0,24
2021-08-11,46.0,42.125,45.0,37.0,27.0,46.0,45.0,11.0,24
2021-08-12,52.0,50.291666666666664,52.0,42.0,39.0,49.0,52.0,13.0,24
2021-08-13,55.0,53.833333333333336,55.0,45.0,40.0,50.0,53.0,15.0,24
2021-08-14,54.0,50.083333333333336,54.0,39.0,29.0,46.0,51.0,14.0,24
2021-08-15,51.0,48.875,49.0,36.0,51.0,50.0,44.0,12.0,24
2021-08-16,51.0,42.0,47.0,27.0,51.0,41.0,40.0,12.0,24
2021-08-17,52.0,44.708333333333336,51.0,37.0,32.0,42.0,52.0,13.0,24
2021-08-18,52.0,44.083333333333336,52.0,37.0,26.0,40.0,52.0,13.0,24
2021-08-19,42.0,36.875,42.0,33.0,21.0,21.0,40.0,10.0,24
2021-08-20,49.0,38.958333333333336,49.0,38.0,27.0,37.0,45.0,12.0,24
2021-08-21,55.0,53.25,55.0,41.0,33.0,44.0,52.0,15.0,24
2021-08-22,53.0,46.45,53.0,32.0,27.0,38.0,51.0,14.0,20
2021-08-23,53.0,50.208333333333336,53.0,43.0,25.0,32.0,53.0,14.0,24
2021-08-24,53.0,44.625,53.0,43.0,24.0,32.0,52.0,14.0,24
2021-08-25,48.0,44.625,48.0,35.0,20.0,42.0,47.0,11.0,24
2021-08-26,55.0,51.541666666666664,55.0,44.0,33.0,52.0,55.0,16.0,24
2021-08-27,60.0,58.25,60.0,46.0,34.0,55.0,60.0,20.0,24
2021-08-28,57.0,53.166666666666664,57.0,43.0,37.0,54.0,57.0,18.0,24
2021-08-29,52.0,49.166666666666664,52.0,47.0,40.0,47.0,49.0,13.0,24
2021-08-30,52.0,49.5,52.0,41.0,36.0,36.0,44.0,13.0,24
2021-08-31,46.0,37.833333333333336,46.0,32.0,28.0,32.0,43.0,11.0,24
2021-09-01,51.0,47.125,51.0,41.0,24.0,37.0,47.0,12.0,24
2021-09-02,49.0,41.25,49.0,36.0,25.0,34.0,45.0,12.0,24
2021-09-03,46.0,38.208333333333336,46.0,33.0,20.0,35.0,40.0,11.0,24
2021-09-04,52.0,51.375,52.0,37.0,34.0,47.0,52.0,13.0,24
2021-09-05,51.0,46.666666666666664,51.0,34.0,34.0,49.0,51.0,12.0,24
2021-09-06,56.0,51.458333333333336,56.0,34.0,31.0,45.0,53.0,16.0,24
2021-09-07,58.0,56.916666666666664,58.0,41.0,35.0,46.0,57.0,18.0,24
2021-09-08,56.0,53.541666666666664,56.0,42.0,32.0,43.0,56.0,17.0,24
2021-09-09,54.0,49.5,53.0,33.0,33.0,46.0,54.0,15.0,24
2021-09-10,58.0,55.166666666666664,56.0,40.0,38.0,54.0,58.0,18.0,24
2021-09-11,58.0,51.791666666666664,57.0,44.0,41.0,56.0,58.0,19.0,24
2021-09-12,59.0,56.708333333333336,58.0,45.0,42.0,57.0,59.0,19.0,24
2021-09-13,53.0,52.0,53.0,33.0,34.0,42.0,53.0,14.0,24
2021-09-14,59.0,56.291666666666664,57.0,41.0,36.0,58.0,59.0,19.0,24
2021-09-15,59.0,56.125,57.0,44.0,32.0,59.0,58.0,19.0,24
2021-09-16,51.0,41.833333333333336,49.0,31.0,25.0,47.0,51.0,12.0,24
2021-09-17,39.0,36.208333333333336,39.0,25.0,26.0,38.0,36.0,9.0,24
2021-09-18,40.0,37.0,40.0,24.0,25.0,34.0,40.0,10.0,24
2021-09-19,49.0,46.375,49.0,26.0,29.0,41.0,49.0,12.0,24
2021-09-20,55.0,51.791666666666664,55.0,36.0,35.0,42.0,54.0,15.0,24
2021-09-21,58.0,54.791666666666664,58.0,42.0,40.0,54.0,57.0,18.0,24
2021-09-22,60.0,58.5,60.0,44.0,40.0,54.0,58.0,20.0,24
2021-09-23,56.0,54.125,56.0,35.0,35.0,53.0,55.0,17.0,24
2021-09-24,54.0,46.75,51.0,30.0,45.0,44.0,54.0,15.0,24
2021-09-25,61.0,58.625,59.0,36.0,52.0,58.0,61.0,21.0,24
2021-09-26,64.0,62.041666666666664,59.0,42.0,58.0,57.0,64.0,24.0,24
2021-09-27,59.0,50.166666666666664,53.0,35.0,54.0,51.0,59.0,19.0,24
2021-09-28,54.0,52.541666666666664,54.0,35.0,45.0,36.0,53.0,15.0,24
2021-09-29,59.0,56.875,59.0,40.0,56.0,52.0,59.0,20.0,24
2021-09-30,60.0,57.0,60.0,39.0,56.0,49.0,60.0,20.0,19
2021-10-01,,,,,,,,,0
2021-10-02,,,,,,,,,0
2021-10-03,,,,,,,,,0
2021-10-04,,,,,,,,,0
2021-10-05,59.0,58.875,59.0,42.0,56.0,57.0,59.0,19.0,8
2021-10-06,58.0,55.333333333333336,57.0,42.0,55.0,55.0,58.0,19.0,24
2021-10-07,54.0,51.75,54.0,36.0,52.0,42.0,52.0,15.0,24
2021-10-08,55.0,52.375,55.0,34.0,52.0,45.0,55.0,16.0,24
2021-10-09,56.0,54.25,56.0,36.0,54.0,52.0,56.0,16.0,24
2021-10-10,62.0,58.083333333333336,59.0,52.0,59.0,57.0,62.0,21.0,24
2021-10-11,60.0,53.208333333333336,58.0,48.0,57.0,55.0,60.0,20.0,24
2021-10-12,58.0,51.75,58.0,44.0,58.0,52.0,58.0,19.0,24
2021-10-13,63.0,61.833333333333336,63.0,51.0,62.0,56.0,63.0,23.0,24
2021-10-14,61.0,59.333333333333336,59.0,46.0,59.0,54.0,61.0,21.0,24
2021-10-15,62.0,59.916666666666664,60.0,52.0,60.0,58.0,62.0,22.0,24
2021-10-16,64.0,62.958333333333336,62.0,52.0,60.0,59.0,64.0,24.0,24
2021-10-17,65.0,63.833333333333336,61.0,51.0,58.0,65.0,65.0,25.0,24
2021-10-18,60.0,59.0,59.0,48.0,57.0,59.0,60.0,20.0,24
2021-10-19,60.0,58.083333333333336,58.0,45.0,55.0,55.0,60.0,20.0,24
2021-10-20,57.0,54.416666666666664,57.0,39.0,52.0,53.0,56.0,17.0,24
2021-10-21,49.0,42.5,49.0,26.0,40.0,36.0,47.0,12.0,24
2021-10-22,56.0,53.333333333333336,56.0,38.0,56.0,53.0,56.0,17.0,24
2021-10-23,62.0,60.791666666666664,58.0,49.0,62.0,53.0,62.0,22.0,24
2021-10-24,62.0,61.5,59.0,53.0,60.0,55.0,62.0,22.0,6
2021-10-25,,,,,,,,,0
2021-10-26,62.0,60.888888888888886,61.0,50.0,57.0,56.0,62.0,21.0,9
2021-10-27,61.0,58.375,57.0,47.0,56.0,56.0,61.0,21.0,24
2021-10-28,53.0,50.833333333333336,53.0,30.0,48.0,37.0,53.0,14.0,24
2021-10-29,52.0,46.75,52.0,25.0,39.0,35.0,47.0,13.0,24
2021-10-30,47.0,44.25,45.0,26.0,40.0,34.0,47.0,11.0,24
2021-10-31,54.0,51.083333333333336,52.0,33.0,50.0,41.0,54.0,15.0,24
2021-11-01,54.0,53.0,51.0,36.0,52.0,35.0,54.0,15.0,24
2021-11-02,52.0,51.833333333333336,52.0,33.0,52.0,31.0,52.0,13.0,24
2021-11-03,51.0,41.291666666666664,51.0,26.0,41.0,25.0,47.0,12.0,24
2021-11-04,58.0,53.833333333333336,56.0,34.0,58.0,38.0,58.0,18.0,24
2021-11-05,56.0,54.0,53.0,32.0,56.0,35.0,56.0,16.0,24
2021-11-06,59.0,55.791666666666664,59.0,39.0,55.0,43.0,57.0,20.0,24
2021-11-07,65.0,63.041666666666664,63.0,51.0,60.0,55.0,65.0,25.0,24
2021-11-08,62.0,57.083333333333336,55.0,48.0,56.0,52.0,62.0,22.0,24
2021-11-09,57.0,55.541666666666664,52.0,43.0,54.0,50.0,57.0,17.0,24
2021-11-10,54.0,47.0,44.0,43.0,51.0,41.0,54.0,14.0,24
2021-11-11,40.0,31.458333333333332,35.0,30.0,32.0,22.0,40.0,10.0,24
2021-11-12,40.0,36.208333333333336,34.0,30.0,39.0,27.0,40.0,10.0,24
2021-11-13,52.0,45.8,52.0,30.0,35.0,30.0,40.0,13.0,20
2021-11-14,52.0,49.416666666666664,52.0,31.0,50.0,33.0,51.0,13.0,24
2021-11-15,58.0,55.625,54.0,41.0,56.0,53.0,58.0,19.0,24
2021-11-16,59.0,57.541666666666664,59.0,40.0,55.0,57.0,58.0,19.0,24
2021-11-17,60.0,58.958333333333336,60.0,37.0,56.0,59.0,59.0,20.0,24
2021-11-18,61.0,58.791666666666664,58.0,43.0,58.0,54.0,61.0,21.0,24
2021-11-19,56.0,54.333333333333336,55.0,36.0,54.0,44.0,56.0,16.0,24
2021-11-20,55.0,53.333333333333336,53.0,37.0,55.0,46.0,54.0,15.0,24
2021-11-21,61.0,57.583333333333336,57.0,44.0,56.0,51.0,61.0,21.0,24
2021-11-22,59.0,55.25,54.0,44.0,56.0,45.0,59.0,20.0,24
2021-11-23,59.0,57.083333333333336,54.0,47.0,59.0,55.0,56.0,19.0,24
2021-11-24,60.0,57.208333333333336,60.0,43.0,55.0,58.0,57.0,20.0,24
2021-11-25,59.0,54.583333333333336,59.0,37.0,55.0,56.0,55.0,19.0,24
2021-11-26,52.0,45.916666666666664,51.0,38.0,52.0,45.0,45.0,13.0,24
2021-11-27,48.0,45.416666666666664,48.0,32.0,44.0,33.0,47.0,12.0,24
2021-11-28,49.0,44.18181818181818,46.0,29.0,43.0,32.0,49.0,12.0,22
2021-11-29,51.0,47.666666666666664,50.0,31.0,44.0,33.0,51.0,12.0,24
2021-11-30,53.0,49.291666666666664,52.0,32.0,52.0,37.0,53.0,13.0,24
2021-12-01,53.0,52.541666666666664,53.0,33.0,52.0,43.0,53.0,14.0,24
2021-12-02,52.0,50.583333333333336,52.0,31.0,47.0,42.0,52.0,13.0,24
2021-12-03,53.0,50.416666666666664,44.0,31.0,50.0,31.0,53.0,14.0,24
2021-12-04,53.0,46.791666666666664,51.0,39.0,51.0,43.0,53.0,14.0,24
2021-12-05,55.0,54.333333333333336,54.0,40.0,55.0,46.0,53.0,16.0,24
2021-12-06,55.0,53.25,53.0,36.0,55.0,43.0,54.0,15.0,24
2021-12-07,54.0,52.416666666666664,51.0,34.0,52.0,43.0,54.0,15.0,24
2021-12-08,53.0,51.541666666666664,51.0,41.0,53.0,44.0,51.0,14.0,24
2021-12-09,57.0,55.875,53.0,44.0,57.0,52.0,54.0,17.0,24
2021-12-10,55.0,50.25,53.0,39.0,55.0,51.0,53.0,16.0,24
2021-12-11,49.0,45.583333333333336,43.0,34.0,49.0,40.0,47.0,12.0,24
2021-12-12,52.0,49.083333333333336,46.0,38.0,52.0,29.0,48.0,13.0,24
2021-12-13,50.0,42.125,48.0,37.0,50.0,41.0,45.0,12.0,24
2021-12-14,54.0,52.25,52.0,42.0,54.0,43.0,52.0,14.0,24
2021-12-15,52.0,48.916666666666664,52.0,43.0,52.0,41.0,51.0,13.0,24
2021-12-16,55.0,53.333333333333336,52.0,46.0,54.0,47.0,55.0,16.0,24
2021-12-17,52.0,44.875,51.0,35.0,52.0,43.0,52.0,13.0,24
2021-12-18,48.0,41.958333333333336,48.0,30.0,46.0,30.0,47.0,11.0,24
2021-12-19,49.0,39.625,49.0,30.0,45.0,31.0,47.0,12.0,24
2021-12-20,52.0,40.333333333333336,44.0,29.0,52.0,28.0,48.0,13.0,24
2021-12-21,56.0,54.958333333333336,52.0,38.0,56.0,50.0,55.0,17.0,24
2021-12-22,56.0,55.166666666666664,52.0,45.0,55.0,48.0,56.0,17.0,24
2021-12-23,56.0,54.958333333333336,53.0,54.0,55.0,46.0,56.0,16.0,24
2021-12-24,57.0,55.916666666666664,52.0,56.0,57.0,51.0,54.0,17.0,24
2021-12-25,55.0,52.125,45.0,51.0,55.0,41.0,52.0,15.0,24
2021-12-26,54.0,51.5,52.0,50.0,54.0,42.0,53.0,14.0,22
2021-12-27,56.0,55.25,55.0,53.0,56.0,52.0,56.0,17.0,24
2021-12-28,54.0,51.25,54.0,52.0,54.0,50.0,54.0,15.0,24
2021-12-29,48.0,43.791666666666664,48.0,36.0,43.0,42.0,45.0,11.0,24
2021-12-30,48.0,45.125,39.0,39.0,42.0,34.0,48.0,12.0,24
2021-12-31,43.0,34.166666666666664,35.0,36.0,37.0,28.0,43.0,10.0,24
2022-01-01,32.0,30.916666666666668,31.0,27.0,32.0,30.0,32.0,8.0,24
2022-01-02,35.0,28.875,29.0,29.0,25.0,35.0,32.0,8.0,24
2022-01-03,32.0,27.625,31.0,32.0,23.0,17.0,29.0,8.0,24
2022-01-04,32.0,29.291666666666668,31.0,32.0,26.0,19.0,30.0,8.0,24
2022-01-05,44.0,38.583333333333336,36.0,32.0,44.0,25.0,38.0,11.0,24
2022-01-06,45.0,40.875,36.0,33.0,45.0,27.0,39.0,11.0,24
2022-01-07,46.0,43.833333333333336,43.0,38.0,46.0,28.0,46.0,11.0,24
2022-01-08,44.0,38.5,41.0,37.0,39.0,28.0,44.0,10.0,24
2022-01-09,53.0,49.583333333333336,50.0,45.0,53.0,36.0,52.0,14.0,24
2022-01-10,52.0,49.333333333333336,48.0,42.0,52.0,35.0,48.0,13.0,24
2022-01-11,53.0,50.541666666666664,49.0,41.0,53.0,34.0,51.0,14.0,24
2022-01-12,53.0,52.333333333333336,52.0,40.0,53.0,37.0,52.0,14.0,24
2022-01-13,52.0,51.75,49.0,40.0,52.0,36.0,51.0,13.0,24
2022-01-14,52.0,51.708333333333336,51.0,42.0,52.0,38.0,52.0,13.0,24
2022-01-15,53.0,52.041666666666664,52.0,42.0,53.0,38.0,52.0,13.0,24
2022-01-16,53.0,53.0,53.0,45.0,53.0,44.0,53.0,14.0,24
2022-01-17,58.0,55.476190476190474,54.0,53.0,58.0,46.0,55.0,19.0,21
2022-01-18,59.0,56.583333333333336,55.0,53.0,59.0,53.0,57.0,19.0,24
2022-01-19,55.0,54.666666666666664,53.0,48.0,55.0,45.0,55.0,16.0,24
2022-01-20,53.0,52.083333333333336,53.0,43.0,53.0,39.0,53.0,14.0,24
2022-01-21,54.0,51.791666666666664,52.0,41.0,54.0,34.0,52.0,14.0,24
2022-01-22,48.0,44.75,48.0,37.0,44.0,34.0,41.0,12.0,24
2022-01-23,54.0,51.333333333333336,48.0,48.0,52.0,42.0,54.0,15.0,24
2022-01-24,56.0,53.375,52.0,41.0,51.0,42.0,56.0,16.0,24
2022-01-25,54.0,50.958333333333336,51.0,43.0,52.0,44.0,54.0,14.0,24
2022-01-26,52.0,48.125,48.0,40.0,52.0,36.0,52.0,13.0,24
2022-01-27,57.0,55.541666666666664,55.0,52.0,57.0,52.0,57.0,17.0,24
2022-01-28,57.0,56.45454545454545,55.0,53.0,57.0,52.0,57.0,18.0,22
2022-01-29,56.0,55.25,54.0,52.0,56.0,52.0,56.0,17.0,24
2022-01-30,55.0,52.69565217391305,52.0,51.0,54.0,48.0,55.0,16.0,23
2022-01-31,59.0,57.125,54.0,53.0,54.0,51.0,59.0,19.0,24
2022-02-01,53.0,49.291666666666664,51.0,37.0,38.0,37.0,53.0,14.0,24
2022-02-02,47.0,43.25,41.0,31.0,32.0,30.0,47.0,11.0,24
2022-02-03,40.0,34.708333333333336,38.0,30.0,32.0,29.0,40.0,10.0,24
2022-02-04,54.0,50.083333333333336,52.0,40.0,50.0,38.0,54.0,15.0,24
2022-02-05,55.0,53.791666666666664,52.0,44.0,52.0,45.0,55.0,16.0,24
2022-02-06,51.0,46.375,44.0,39.0,48.0,34.0,51.0,12.0,24
2022-02-07,45.0,42.333333333333336,39.0,33.0,41.0,26.0,45.0,11.0,24
2022-02-08,41.0,32.875,37.0,31.0,35.0,24.0,41.0,10.0,24
2022-02-09,48.0,43.833333333333336,47.0,34.0,35.0,28.0,48.0,12.0,24
2022-02-10,47.0,36.875,46.0,32.0,32.0,27.0,47.0,11.0,24
2022-02-11,45.0,41.208333333333336,40.0,36.0,42.0,30.0,45.0,11.0,24
2022-02-12,37.0,34.375,34.0,33.0,37.0,29.0,36.0,9.0,24
2022-02-13,40.0,36.041666666666664,37.0,33.0,40.0,30.0,33.0,9.0,24
2022-02-14,43.0,39.583333333333336,43.0,34.0,36.0,34.0,35.0,10.0,24
2022-02-15,44.0,42.208333333333336,44.0,36.0,34.0,38.0,38.0,10.0,24
2022-02-16,53.0,43.916666666666664,52.0,41.0,47.0,36.0,53.0,14.0,24
2022-02-17,56.0,55.0,52.0,52.0,55.0,52.0,56.0,17.0,24
2022-02-18,54.0,50.375,40.0,45.0,49.0,51.0,54.0,15.0,24
2022-02-19,41.0,35.583333333333336,33.0,35.0,41.0,35.0,41.0,10.0,24
2022-02-20,56.0,52.52173913043478,48.0,51.0,52.0,41.0,56.0,17.0,23
2022-02-21,56.0,54.041666666666664,50.0,50.0,52.0,41.0,56.0,17.0,24
2022-02-22,52.0,48.958333333333336,44.0,39.0,52.0,41.0,52.0,13.0,24
2022-02-23,51.0,49.0,43.0,36.0,46.0,32.0,51.0,12.0,24
2022-02-24,38.0,30.666666666666668,34.0,28.0,37.0,24.0,38.0,9.0,24
2022-02-25,38.0,34.333333333333336,29.0,27.0,31.0,21.0,38.0,9.0,24
2022-02-26,42.0,39.611111111111114,42.0,27.0,42.0,24.0,40.0,10.0,18
2022-02-27,50.0,45.458333333333336,41.0,27.0,39.0,29.0,50.0,12.0,24
2022-02-28,52.0,47.625,48.0,44.0,51.0,30.0,52.0,13.0,24
2022-03-01,54.0,53.125,51.0,51.0,53.0,40.0,54.0,14.0,24
2022-03-02,52.0,51.333333333333336,48.0,40.0,52.0,41.0,52.0,13.0,24
2022-03-03,51.0,49.25,51.0,35.0,48.0,34.0,45.0,12.0,24
2022-03-04,51.0,45.708333333333336,46.0,34.0,51.0,29.0,44.0,12.0,24
2022-03-05,40.0,33.875,32.0,32.0,40.0,27.0,37.0,10.0,24
2022-03-06,51.0,47.625,44.0,33.0,51.0,33.0,51.0,12.0,24
2022-03-07,51.0,46.083333333333336,40.0,33.0,42.0,32.0,51.0,12.0,24
2022-03-08,40.0,36.625,40.0,29.0,32.0,37.0,34.0,10.0,24
2022-03-09,39.0,33.791666666666664,39.0,32.0,30.0,34.0,34.0,9.0,24
2022-03-10,49.0,41.541666666666664,44.0,35.0,45.0,34.0,49.0,12.0,24
2022-03-11,58.0,53.958333333333336,53.0,52.0,58.0,44.0,56.0,19.0,24
2022-03-12,63.0,60.541666666666664,60.0,58.0,62.0,58.0,63.0,23.0,24
2022-03-13,63.0,57.833333333333336,60.0,57.0,62.0,58.0,63.0,22.0,24
2022-03-14,52.0,50.5,48.0,39.0,52.0,47.0,52.0,13.0,24
2022-03-15,58.0,56.208333333333336,55.0,43.0,56.0,52.0,58.0,18.0,24
2022-03-16,58.0,55.708333333333336,56.0,52.0,54.0,52.0,58.0,18.0,24
2022-03-17,58.0,56.166666666666664,57.0,51.0,56.0,54.0,58.0,18.0,24
2022-03-18,54.0,52.708333333333336,52.0,44.0,53.0,48.0,54.0,15.0,24
2022-03-19,55.0,51.291666666666664,53.0,40.0,52.0,36.0,55.0,15.0,24
2022-03-20,58.0,55.65217391304348,58.0,42.0,53.0,50.0,56.0,18.0,23
2022-03-21,59.0,56.208333333333336,59.0,43.0,51.0,46.0,55.0,19.0,24
2022-03-22,56.0,53.958333333333336,55.0,45.0,52.0,46.0,56.0,17.0,24
2022-03-23,52.0,49.52173913043478,52.0,37.0,40.0,45.0,51.0,13.0,23
2022-03-24,56.0,54.416666666666664,47.0,47.0,53.0,50.0,56.0,16.0,24
2022-03-25,59.0,57.583333333333336,52.0,53.0,54.0,53.0,59.0,19.0,24
2022-03-26,58.0,55.583333333333336,50.0,52.0,55.0,52.0,58.0,18.0,24
2022-03-27,64.0,61.583333333333336,57.0,52.0,64.0,53.0,59.0,23.0,24
2022-03-28,62.0,57.958333333333336,58.0,53.0,62.0,56.0,55.0,22.0,24
2022-03-29,55.0,51.75,54.0,49.0,55.0,51.0,50.0,15.0,24
2022-03-30,52.0,50.958333333333336,52.0,52.0,52.0,43.0,51.0,13.0,24
2022-03-31,55.0,52.916666666666664,53.0,53.0,55.0,49.0,54.0,16.0,24
2022-04-01,57.0,55.083333333333336,57.0,54.0,56.0,44.0,56.0,17.0,24
2022-04-02,65.0,62.125,59.0,59.0,65.0,54.0,64.0,25.0,24
2022-04-03,67.0,63.125,60.0,57.0,67.0,55.0,65.0,26.0,24
2022-04-04,61.0,58.75,56.0,56.0,61.0,55.0,59.0,21.0,24
2022-04-05,60.0,55.916666666666664,53.0,51.0,60.0,45.0,58.0,20.0,24
2022-04-06,53.0,48.375,46.0,36.0,53.0,37.0,52.0,14.0,24
2022-04-07,53.0,48.125,52.0,33.0,53.0,37.0,51.0,14.0,24
2022-04-08,60.0,56.75,58.0,54.0,60.0,45.0,59.0,20.0,24
2022-04-09,57.0,51.458333333333336,55.0,52.0,56.0,44.0,57.0,18.0,24
2022-04-10,56.0,54.166666666666664,55.0,49.0,56.0,53.0,55.0,17.0,24
2022-04-11,57.0,55.625,57.0,46.0,53.0,52.0,56.0,18.0,24
2022-04-12,69.0,64.66666666666667,67.0,56.0,54.0,59.0,69.0,28.0,9
2022-04-13,75.0,71.75,71.0,56.0,58.0,66.0,75.0,33.0,24
2022-04-14,63.0,56.458333333333336,60.0,52.0,58.0,55.0,63.0,23.0,24
2022-04-15,56.0,54.208333333333336,56.0,50.0,53.0,45.0,55.0,17.0,24
2022-04-16,54.0,53.0,54.0,50.0,52.0,35.0,50.0,15.0,24
2022-04-17,57.0,54.5,57.0,51.0,54.0,51.0,52.0,17.0,24
2022-04-18,57.0,53.875,57.0,50.0,53.0,52.0,52.0,17.0,24
2022-04-19,61.0,57.5,57.0,56.0,61.0,47.0,59.0,21.0,24
2022-04-20,61.0,60.166666666666664,59.0,54.0,61.0,52.0,60.0,21.0,24
2022-04-21,62.0,59.666666666666664,59.0,53.0,62.0,52.0,59.0,21.0,21
2022-04-22,60.0,58.5,60.0,49.0,53.0,48.0,56.0,20.0,6
2022-04-23,57.0,52.416666666666664,57.0,42.0,51.0,44.0,54.0,17.0,24
2022-04-24,58.0,56.888888888888886,58.0,49.0,51.0,52.0,55.0,18.0,18
2022-04-25,56.0,52.75,56.0,39.0,47.0,51.0,54.0,17.0,24
2022-04-26,63.0,59.916666666666664,57.0,52.0,54.0,53.0,63.0,23.0,24
2022-04-27,61.0,59.666666666666664,59.0,54.0,57.0,59.0,61.0,21.0,24
2022-04-28,59.0,55.75,56.0,51.0,55.0,58.0,59.0,19.0,24
2022-04-29,62.0,59.0,61.0,52.0,53.0,54.0,62.0,22.0,24
2022-04-30,65.0,61.95,65.0,56.0,53.0,54.0,65.0,25.0,20
2022-05-01,64.0,62.583333333333336,64.0,56.0,57.0,53.0,62.0,24.0,24
2022-05-02,63.0,54.166666666666664,63.0,53.0,53.0,53.0,61.0,22.0,24
2022-05-03,40.0,36.041666666666664,39.0,28.0,21.0,27.0,40.0,10.0,24
2022-05-04,44.0,40.583333333333336,44.0,32.0,19.0,29.0,40.0,11.0,24
2022-05-05,47.0,44.166666666666664,47.0,32.0,28.0,27.0,41.0,11.0,24
2022-05-06,42.0,40.625,42.0,29.0,30.0,31.0,42.0,10.0,24
2022-05-07,40.0,37.041666666666664,40.0,36.0,27.0,26.0,39.0,10.0,24
2022-05-08,42.0,39.875,42.0,36.0,32.0,32.0,40.0,10.0,24
2022-05-09,36.0,33.375,36.0,25.0,26.0,25.0,33.0,9.0,24
2022-05-10,37.0,32.916666666666664,34.0,25.0,24.0,24.0,37.0,9.0,24
2022-05-11,53.0,38.333333333333336,52.0,41.0,35.0,26.0,53.0,14.0,24
2022-05-12,60.0,56.625,58.0,48.0,53.0,36.0,60.0,20.0,24
2022-05-13,64.0,57.916666666666664,56.0,53.0,64.0,54.0,61.0,24.0,24
2022-05-14,63.0,58.125,55.0,52.0,63.0,56.0,60.0,22.0,24
2022-05-15,56.0,55.5,55.0,34.0,54.0,54.0,56.0,17.0,24
2022-05-16,57.0,56.0,54.0,49.0,54.0,53.0,57.0,18.0,16
2022-05-17,52.0,51.4,49.0,32.0,34.0,36.0,52.0,13.0,10
2022-05-18,59.0,56.041666666666664,54.0,46.0,56.0,53.0,59.0,19.0,24
2022-05-19,59.0,57.833333333333336,55.0,48.0,56.0,53.0,59.0,19.0,24
2022-05-20,70.0,64.91666666666667,66.0,59.0,54.0,61.0,70.0,29.0,24
2022-05-21,70.0,68.5,66.0,62.0,53.0,61.0,70.0,29.0,24
2022-05-22,66.0,61.65217391304348,61.0,58.0,46.0,60.0,66.0,26.0,23
2022-05-23,64.0,61.875,58.0,53.0,52.0,56.0,64.0,23.0,24
2022-05-24,62.0,57.333333333333336,57.0,52.0,53.0,56.0,62.0,21.0,24
2022-05-25,56.0,55.208333333333336,54.0,37.0,54.0,51.0,56.0,17.0,24
2022-05-26,56.0,52.333333333333336,47.0,34.0,56.0,34.0,53.0,16.0,24
2022-05-27,58.0,56.416666666666664,53.0,44.0,58.0,36.0,54.0,18.0,24
2022-05-28,61.0,58.916666666666664,52.0,51.0,61.0,49.0,60.0,21.0,24
2022-05-29,59.0,53.375,47.0,49.0,59.0,45.0,57.0,19.0,24
2022-05-30,69.0,58.458333333333336,59.0,52.0,69.0,55.0,61.0,28.0,24
2022-05-31,70.0,67.0,63.0,55.0,70.0,57.0,66.0,29.0,24
2022-06-01,66.0,63.375,63.0,55.0,65.0,57.0,66.0,25.0,24
2022-06-02,62.0,59.791666666666664,59.0,54.0,62.0,56.0,61.0,22.0,24
2022-06-03,56.0,53.791666666666664,53.0,48.0,55.0,53.0,56.0,17.0,24
2022-06-04,57.0,55.208333333333336,54.0,44.0,56.0,54.0,57.0,18.0,24
2022-06-05,53.0,50.833333333333336,45.0,33.0,49.0,53.0,49.0,14.0,24
2022-06-06,50.0,45.416666666666664,38.0,32.0,48.0,50.0,34.0,12.0,24
2022-06-07,54.0,50.583333333333336,42.0,39.0,52.0,54.0,42.0,15.0,24
2022-06-08,59.0,57.0,50.0,52.0,59.0,59.0,54.0,19.0,24
2022-06-09,59.0,56.958333333333336,51.0,52.0,59.0,57.0,54.0,19.0,24
2022-06-10,60.0,57.208333333333336,59.0,53.0,60.0,60.0,54.0,20.0,24
2022-06-11,63.0,57.416666666666664,58.0,54.0,61.0,63.0,55.0,22.0,24
2022-06-12,46.0,39.625,43.0,30.0,44.0,46.0,30.0,11.0,24
2022-06-13,54.0,48.708333333333336,54.0,53.0,53.0,54.0,52.0,15.0,24
2022-06-14,59.0,57.708333333333336,55.0,53.0,55.0,59.0,53.0,19.0,24
2022-06-15,55.0,51.0,47.0,38.0,53.0,55.0,38.0,16.0,24
2022-06-16,57.0,55.75,53.0,51.0,57.0,57.0,52.0,18.0,24
2022-06-17,55.0,44.958333333333336,46.0,51.0,55.0,55.0,51.0,16.0,24
2022-06-18,53.0,47.0,45.0,36.0,53.0,52.0,52.0,14.0,24
2022-06-19,65.0,59.958333333333336,55.0,52.0,65.0,54.0,57.0,24.0,24
2022-06-20,65.0,57.625,54.0,52.0,65.0,54.0,58.0,24.0,24
2022-06-21,46.0,42.041666666666664,42.0,33.0,43.0,46.0,41.0,11.0,24
2022-06-22,43.0,34.041666666666664,37.0,25.0,32.0,43.0,37.0,10.0,24
2022-06-23,30.0,28.541666666666668,28.0,22.0,28.0,30.0,30.0,7.0,24
2022-06-24,38.0,30.625,38.0,27.0,25.0,28.0,28.0,9.0,24
2022-06-25,40.0,36.916666666666664,40.0,32.0,35.0,33.0,32.0,10.0,24
2022-06-26,41.0,36.791666666666664,29.0,26.0,41.0,36.0,35.0,10.0,24
2022-06-27,28.0,25.416666666666668,26.0,23.0,28.0,25.0,26.0,7.0,24
2022-06-28,54.0,44.208333333333336,54.0,26.0,34.0,45.0,26.0,14.0,24
2022-06-29,54.0,49.916666666666664,54.0,48.0,53.0,52.0,49.0,14.0,24
2022-06-30,54.0,49.75,41.0,47.0,54.0,51.0,49.0,14.0,24
2022-07-01,51.0,39.166666666666664,34.0,47.0,51.0,40.0,34.0,12.0,24
2022-07-02,64.0,59.25,56.0,60.0,64.0,57.0,57.0,24.0,24
2022-07-03,63.0,61.583333333333336,57.0,59.0,63.0,57.0,58.0,23.0,24
2022-07-04,61.0,58.958333333333336,58.0,59.0,61.0,56.0,57.0,21.0,24
2022-07-05,59.0,56.875,59.0,55.0,54.0,52.0,54.0,19.0,24
2022-07-06,52.0,41.25,52.0,31.0,45.0,44.0,38.0,13.0,24
2022-07-07,52.0,49.375,52.0,31.0,46.0,45.0,39.0,13.0,24
2022-07-08,51.0,42.708333333333336,51.0,39.0,40.0,37.0,37.0,12.0,24
2022-07-09,55.0,47.5,51.0,52.0,55.0,51.0,51.0,15.0,18
2022-07-10,57.0,55.375,52.0,54.0,57.0,54.0,54.0,18.0,24
2022-07-11,51.0,42.875,48.0,48.0,51.0,45.0,46.0,12.0,24
2022-07-12,55.0,53.375,51.0,51.0,55.0,52.0,51.0,15.0,24
2022-07-13,53.0,49.875,51.0,51.0,53.0,48.0,48.0,13.0,24
2022-07-14,54.0,52.291666666666664,50.0,52.0,54.0,44.0,49.0,14.0,24
2022-07-15,52.0,47.25,48.0,40.0,52.0,40.0,42.0,13.0,24
2022-07-16,42.0,39.125,40.0,32.0,42.0,37.0,31.0,10.0,24
2022-07-17,40.0,36.875,35.0,36.0,40.0,37.0,36.0,10.0,24
2022-07-18,52.0,45.5,42.0,49.0,52.0,45.0,42.0,13.0,24
2022-07-19,52.0,50.916666666666664,43.0,48.0,52.0,44.0,42.0,13.0,24
2022-07-20,47.0,44.833333333333336,41.0,40.0,47.0,37.0,38.0,11.0,24
2022-07-21,53.0,51.08695652173913,53.0,49.0,53.0,48.0,52.0,14.0,23
2022-07-22,53.0,52.166666666666664,52.0,43.0,52.0,52.0,53.0,14.0,24
2022-07-23,56.0,54.375,56.0,53.0,56.0,56.0,54.0,17.0,24
2022-07-24,56.0,54.65217391304348,55.0,53.0,56.0,56.0,55.0,17.0,23
2022-07-25,52.0,46.458333333333336,51.0,39.0,52.0,51.0,51.0,13.0,24
2022-07-26,52.0,47.25,52.0,43.0,52.0,51.0,49.0,13.0,24
2022-07-27,36.0,32.666666666666664,35.0,29.0,36.0,33.0,31.0,9.0,24
2022-07-28,60.0,52.666666666666664,55.0,58.0,60.0,55.0,55.0,20.0,24
2022-07-29,60.0,58.708333333333336,60.0,58.0,60.0,55.0,55.0,20.0,24
2022-07-30,54.0,39.166666666666664,54.0,39.0,43.0,37.0,39.0,15.0,24
2022-07-31,33.0,29.916666666666668,30.0,26.0,33.0,30.0,27.0,8.0,24
2022-08-01,43.0,38.125,41.0,36.0,43.0,39.0,41.0,10.0,24
2022-08-02,42.0,33.416666666666664,39.0,38.0,42.0,39.0,40.0,10.0,24
2022-08-03,41.0,36.958333333333336,41.0,28.0,37.0,41.0,39.0,10.0,24
2022-08-04,44.0,39.708333333333336,40.0,37.0,44.0,42.0,38.0,11.0,24
2022-08-05,54.0,52.791666666666664,53.0,50.0,54.0,54.0,52.0,15.0,24
2022-08-06,58.0,55.833333333333336,56.0,53.0,58.0,54.0,54.0,18.0,24
2022-08-07,57.0,41.708333333333336,53.0,51.0,57.0,52.0,52.0,17.0,24
2022-08-08,71.0,57.208333333333336,63.0,65.0,71.0,62.0,67.0,30.0,24
2022-08-09,73.0,68.5,64.0,66.0,73.0,64.0,67.0,32.0,24
2022-08-10,61.0,57.666666666666664,55.0,56.0,61.0,55.0,56.0,21.0,24
2022-08-11,55.0,50.0,45.0,52.0,55.0,40.0,49.0,16.0,24
2022-08-12,52.0,49.5,49.0,46.0,52.0,41.0,42.0,13.0,24
2022-08-13,53.0,51.875,53.0,40.0,46.0,53.0,52.0,14.0,24
2022-08-14,61.0,58.583333333333336,59.0,56.0,51.0,61.0,59.0,21.0,24
2022-08-15,58.0,56.416666666666664,58.0,55.0,39.0,58.0,56.0,19.0,24
2022-08-16,59.0,57.291666666666664,55.0,53.0,53.0,59.0,56.0,19.0,24
2022-08-17,59.0,51.291666666666664,53.0,52.0,53.0,59.0,55.0,19.0,24
2022-08-18,53.0,44.458333333333336,42.0,52.0,53.0,49.0,50.0,14.0,24
2022-08-19,56.0,54.416666666666664,48.0,53.0,54.0,56.0,51.0,16.0,24
2022-08-20,55.0,52.625,40.0,40.0,48.0,55.0,50.0,16.0,24
2022-08-21,51.0,44.82608695652174,34.0,37.0,49.0,51.0,45.0,12.0,23
2022-08-22,38.0,35.916666666666664,27.0,34.0,37.0,38.0,33.0,9.0,24
2022-08-23,52.0,39.083333333333336,42.0,41.0,30.0,52.0,36.0,13.0,24
2022-08-24,56.0,54.791666666666664,44.0,53.0,52.0,56.0,48.0,17.0,24
2022-08-25,52.0,47.166666666666664,37.0,46.0,52.0,52.0,44.0,13.0,24
2022-08-26,61.0,56.458333333333336,52.0,58.0,61.0,58.0,57.0,21.0,24
2022-08-27,68.0,65.91666666666667,54.0,59.0,68.0,65.0,59.0,27.0,24
2022-08-28,65.0,58.208333333333336,52.0,58.0,63.0,65.0,58.0,24.0,24
2022-08-29,59.0,57.208333333333336,48.0,54.0,59.0,54.0,55.0,19.0,24
2022-08-30,55.0,48.5,42.0,49.0,55.0,53.0,53.0,16.0,24
2022-08-31,45.0,36.333333333333336,33.0,35.0,31.0,45.0,32.0,11.0,24
2022-09-01,53.0,51.583333333333336,43.0,24.0,28.0,53.0,30.0,14.0,24
2022-09-02,56.0,54.25,53.0,38.0,39.0,56.0,54.0,16.0,24
2022-09-03,53.0,36.5,52.0,35.0,35.0,51.0,53.0,13.0,24
2022-09-04,40.0,32.625,33.0,36.0,39.0,40.0,37.0,10.0,24
2022-09-05,53.0,49.458333333333336,48.0,52.0,53.0,51.0,53.0,14.0,24
2022-09-06,57.0,54.875,53.0,50.0,53.0,57.0,53.0,17.0,24
2022-09-07,57.0,55.541666666666664,55.0,52.0,57.0,57.0,57.0,18.0,24
2022-09-08,55.0,53.75,53.0,53.0,55.0,55.0,53.0,16.0,24
2022-09-09,64.0,62.083333333333336,55.0,53.0,56.0,64.0,56.0,24.0,24
2022-09-10,62.0,50.166666666666664,52.0,34.0,40.0,62.0,53.0,21.0,24
2022-09-11,54.0,50.833333333333336,47.0,46.0,53.0,54.0,50.0,14.0,24
2022-09-12,58.0,54.541666666666664,53.0,56.0,58.0,54.0,54.0,19.0,24
2022-09-13,66.0,63.958333333333336,64.0,66.0,60.0,63.0,63.0,25.0,24
2022-09-14,61.0,52.333333333333336,60.0,61.0,57.0,57.0,59.0,21.0,24
2022-09-15,45.0,38.791666666666664,42.0,44.0,45.0,27.0,42.0,11.0,24
2022-09-16,59.0,55.375,59.0,55.0,58.0,48.0,58.0,19.0,24
2022-09-17,60.0,57.666666666666664,60.0,54.0,59.0,49.0,58.0,20.0,24
2022-09-18,56.0,48.333333333333336,56.0,46.0,53.0,39.0,44.0,17.0,24
2022-09-19,47.0,45.5,46.0,43.0,46.0,47.0,47.0,11.0,24
2022-09-20,52.0,45.166666666666664,50.0,46.0,52.0,49.0,50.0,13.0,24
2022-09-21,61.0,57.61904761904762,61.0,54.0,56.0,50.0,56.0,21.0,21
2022-09-22,56.0,47.625,56.0,45.0,50.0,52.0,53.0,17.0,24
2022-09-23,38.0,34.541666666666664,30.0,33.0,38.0,36.0,34.0,9.0,24
2022-09-24,56.0,48.458333333333336,54.0,53.0,56.0,47.0,51.0,17.0,24
2022-09-25,58.0,55.130434782608695,56.0,54.0,58.0,54.0,54.0,18.0,23
2022-09-26,57.0,54.17391304347826,57.0,51.0,54.0,55.0,53.0,17.0,23
2022-09-27,64.0,59.25,59.0,59.0,64.0,61.0,59.0,23.0,24
2022-09-28,69.0,66.45833333333333,65.0,63.0,69.0,61.0,64.0,28.0,24
2022-09-29,65.0,58.833333333333336,65.0,62.0,65.0,48.0,63.0,25.0,24
2022-09-30,61.0,58.666666666666664,60.0,59.0,60.0,37.0,61.0,21.0,24
2022-10-01,57.0,54.25,57.0,56.0,55.0,34.0,56.0,17.0,24
2022-10-02,53.0,41.541666666666664,51.0,51.0,53.0,30.0,50.0,14.0,24
2022-10-03,47.0,38.5,45.0,45.0,47.0,31.0,39.0,11.0,24
2022-10-04,55.0,52.5,53.0,54.0,54.0,32.0,55.0,16.0,24
2022-10-05,63.0,59.5,54.0,57.0,57.0,38.0,63.0,23.0,24
2022-10-06,56.0,53.791666666666664,46.0,52.0,53.0,32.0,56.0,17.0,24
2022-10-07,53.0,50.083333333333336,47.0,50.0,52.0,34.0,53.0,14.0,24
2022-10-08,40.0,38.333333333333336,35.0,31.0,40.0,32.0,40.0,10.0,24
2022-10-09,47.0,37.958333333333336,36.0,34.0,47.0,28.0,36.0,11.0,24
2022-10-10,53.0,48.5,43.0,43.0,53.0,25.0,46.0,14.0,24
2022-10-11,55.0,52.041666666666664,54.0,43.0,55.0,26.0,52.0,15.0,24
2022-10-12,54.0,44.958333333333336,53.0,47.0,54.0,27.0,51.0,15.0,24
2022-10-13,43.0,36.375,40.0,43.0,31.0,26.0,35.0,10.0,24
2022-10-14,52.0,49.041666666666664,48.0,49.0,52.0,30.0,41.0,13.0,24
2022-10-15,51.0,35.0,41.0,38.0,51.0,25.0,32.0,12.0,24
2022-10-16,35.0,29.166666666666668,28.0,35.0,28.0,21.0,21.0,9.0,24
2022-10-17,43.0,39.166666666666664,26.0,43.0,38.0,21.0,41.0,10.0,24
2022-10-18,52.0,47.541666666666664,32.0,50.0,52.0,26.0,51.0,13.0,24
2022-10-19,56.0,53.666666666666664,45.0,52.0,54.0,32.0,56.0,16.0,24
2022-10-20,55.0,54.5,52.0,55.0,53.0,38.0,55.0,16.0,24
2022-10-21,54.0,53.625,43.0,54.0,53.0,37.0,54.0,15.0,24
2022-10-22,57.0,55.333333333333336,29.0,56.0,53.0,36.0,57.0,17.0,24
2022-10-23,55.0,42.541666666666664,25.0,53.0,53.0,27.0,55.0,15.0,24
2022-10-24,39.0,33.916666666666664,29.0,28.0,39.0,23.0,27.0,9.0,24
2022-10-25,41.0,36.625,28.0,29.0,41.0,26.0,29.0,10.0,24
2022-10-26,33.0,29.833333333333332,23.0,27.0,33.0,22.0,27.0,8.0,24
2022-10-27,32.0,28.166666666666668,23.0,23.0,32.0,25.0,24.0,8.0,24
2022-10-28,40.0,34.625,26.0,35.0,40.0,22.0,35.0,10.0,24
2022-10-29,42.0,36.333333333333336,26.0,42.0,37.0,25.0,33.0,10.0,24
2022-10-30,43.0,39.875,27.0,43.0,41.0,26.0,36.0,10.0,24
2022-10-31,38.0,31.333333333333332,23.0,35.0,38.0,21.0,29.0,9.0,21
2022-11-01,49.0,38.791666666666664,26.0,40.0,49.0,31.0,27.0,12.0,24
2022-11-02,54.0,50.0,29.0,54.0,52.0,33.0,53.0,14.0,24
2022-11-03,56.0,54.5,27.0,56.0,56.0,31.0,56.0,16.0,24
2022-11-04,52.0,35.666666666666664,23.0,47.0,52.0,25.0,49.0,13.0,24
2022-11-05,32.0,30.833333333333332,22.0,29.0,32.0,30.0,26.0,8.0,24
2022-11-06,52.0,46.083333333333336,24.0,44.0,51.0,42.0,52.0,13.0,24
2022-11-07,52.0,48.833333333333336,30.0,39.0,52.0,30.0,47.0,13.0,24
2022-11-08,52.0,46.458333333333336,24.0,39.0,52.0,36.0,32.0,13.0,24
2022-11-09,52.0,46.375,22.0,42.0,52.0,35.0,43.0,13.0,24
2022-11-10,51.0,40.375,22.0,39.0,51.0,36.0,38.0,12.0,24
2022-11-11,43.0,37.166666666666664,31.0,34.0,43.0,29.0,30.0,10.0,24
2022-11-12,51.0,48.0,28.0,33.0,51.0,26.0,30.0,12.0,10
2022-11-13,,,,,,,,,0
2022-11-14,44.0,42.25,26.0,33.0,44.0,34.0,34.0,11.0,8
2022-11-15,44.0,36.5,32.0,36.0,44.0,31.0,39.0,11.0,24
2022-11-16,53.0,44.666666666666664,27.0,50.0,53.0,42.0,34.0,14.0,24
2022-11-17,52.0,46.791666666666664,26.0,51.0,52.0,43.0,33.0,13.0,24
2022-11-18,55.0,52.791666666666664,29.0,36.0,55.0,53.0,35.0,15.0,24
2022-11-19,55.0,51.25,21.0,36.0,55.0,53.0,36.0,15.0,24
2022-11-20,40.0,36.25,27.0,30.0,36.0,40.0,32.0,10.0,24
2022-11-21,40.0,36.333333333333336,31.0,31.0,40.0,24.0,28.0,10.0,24
2022-11-22,45.0,43.083333333333336,38.0,38.0,45.0,28.0,34.0,11.0,24
2022-11-23,52.0,50.041666666666664,28.0,41.0,52.0,30.0,33.0,13.0,24
2022-11-24,53.0,48.958333333333336,23.0,53.0,52.0,30.0,48.0,14.0,24
2022-11-25,53.0,44.291666666666664,23.0,53.0,52.0,35.0,49.0,14.0,24
2022-11-26,60.0,52.333333333333336,34.0,59.0,58.0,42.0,60.0,20.0,24
2022-11-27,61.0,57.583333333333336,27.0,58.0,57.0,45.0,61.0,21.0,24
2022-11-28,56.0,54.666666666666664,25.0,51.0,56.0,34.0,53.0,17.0,24
2022-11-29,53.0,52.125,27.0,44.0,53.0,33.0,51.0,14.0,24
2022-11-30,52.0,48.958333333333336,30.0,47.0,52.0,31.0,45.0,13.0,24
2022-12-01,50.0,39.916666666666664,26.0,42.0,50.0,31.0,44.0,12.0,24
2022-12-02,50.0,45.875,23.0,32.0,50.0,31.0,35.0,12.0,24
2022-12-03,50.0,47.04545454545455,24.0,37.0,50.0,28.0,36.0,12.0,22
2022-12-04,46.0,40.375,25.0,36.0,43.0,46.0,33.0,11.0,24
2022-12-05,57.0,54.25,27.0,49.0,53.0,57.0,41.0,18.0,24
2022-12-06,56.0,55.291666666666664,29.0,53.0,56.0,54.0,53.0,17.0,24
2022-12-07,56.0,55.416666666666664,27.0,49.0,56.0,32.0,49.0,17.0,24
2022-12-08,55.0,47.458333333333336,24.0,42.0,55.0,32.0,38.0,15.0,24
2022-12-09,38.0,31.458333333333332,22.0,35.0,38.0,31.0,30.0,9.0,24
2022-12-10,45.0,34.041666666666664,23.0,30.0,45.0,24.0,35.0,11.0,24
2022-12-11,49.0,43.833333333333336,23.0,35.0,49.0,24.0,36.0,12.0,24
2022-12-12,55.0,47.25,24.0,53.0,55.0,32.0,51.0,16.0,24
2022-12-13,55.0,42.916666666666664,23.0,53.0,55.0,32.0,52.0,15.0,24
2022-12-14,32.0,29.083333333333332,22.0,25.0,32.0,22.0,27.0,8.0,24
2022-12-15,33.0,31.083333333333332,26.0,27.0,33.0,21.0,21.0,8.0,24
2022-12-16,38.0,36.666666666666664,32.0,29.0,38.0,28.0,27.0,9.0,24
2022-12-17,36.0,33.111111111111114,29.0,33.0,36.0,28.0,24.0,9.0,9
2022-12-18,41.0,37.69565217391305,27.0,41.0,37.0,24.0,27.0,10.0,23
2022-12-19,44.0,40.125,24.0,44.0,41.0,26.0,25.0,11.0,24
2022-12-20,42.0,31.833333333333332,24.0,42.0,38.0,22.0,25.0,10.0,24
2022-12-21,52.0,44.5,25.0,38.0,52.0,30.0,25.0,13.0,24
2022-12-22,52.0,43.041666666666664,21.0,36.0,52.0,29.0,24.0,13.0,24
2022-12-23,43.0,37.416666666666664,24.0,39.0,43.0,30.0,26.0,10.0,24
2022-12-24,56.0,52.208333333333336,33.0,52.0,56.0,31.0,51.0,17.0,24
2022-12-25,58.0,55.291666666666664,33.0,52.0,58.0,37.0,52.0,18.0,24
2022-12-26,54.0,53.625,33.0,46.0,54.0,36.0,44.0,15.0,24
2022-12-27,55.0,54.291666666666664,31.0,53.0,55.0,41.0,47.0,16.0,24
2022-12-28,54.0,52.375,31.0,52.0,54.0,38.0,44.0,14.0,24
2022-12-29,56.0,55.416666666666664,33.0,52.0,56.0,37.0,47.0,17.0,24
2022-12-30,56.0,55.291666666666664,31.0,53.0,56.0,38.0,51.0,17.0,24
2022-12-31,56.0,55.541666666666664,30.0,53.0,56.0,37.0,52.0,17.0,24
2023-01-01,56.0,54.0,32.0,47.0,56.0,38.0,48.0,16.0,8
2023-01-02,,,,,,,,,0
2023-01-03,,,,,,,,,0
2023-01-04,,,,,,,,,0
2023-01-05,,,,,,,,,0
2023-01-06,,,,,,,,,0
2023-01-07,,,,,,,,,0
2023-01-08,,,,,,,,,0
2023-01-09,,,,,,,,,0
2023-01-10,56.0,54.38461538461539,36.0,49.0,53.0,56.0,55.0,16.0,13
2023-01-11,58.0,56.833333333333336,28.0,56.0,58.0,58.0,58.0,19.0,24
2023-01-12,57.0,55.916666666666664,43.0,56.0,57.0,56.0,53.0,18.0,24
2023-01-13,54.0,48.625,33.0,54.0,54.0,47.0,49.0,15.0,24
2023-01-14,79.0,58.458333333333336,48.0,61.0,61.0,44.0,79.0,21.0,24
2023-01-15,60.0,58.333333333333336,37.0,60.0,60.0,44.0,56.0,20.0,24
2023-01-16,59.0,56.875,27.0,53.0,59.0,39.0,48.0,19.0,24
2023-01-17,52.0,41.208333333333336,29.0,41.0,52.0,32.0,37.0,13.0,24
2023-01-18,48.0,45.208333333333336,24.0,40.0,48.0,31.0,32.0,12.0,24
2023-01-19,51.0,48.416666666666664,26.0,39.0,51.0,31.0,37.0,12.0,24
2023-01-20,46.0,33.833333333333336,23.0,33.0,46.0,28.0,32.0,11.0,24
2023-01-21,36.0,32.083333333333336,18.0,28.0,36.0,29.0,22.0,9.0,24
2023-01-22,31.0,28.416666666666668,20.0,26.0,31.0,31.0,21.0,7.0,24
2023-01-23,44.0,39.375,23.0,36.0,44.0,21.0,26.0,11.0,24
2023-01-24,44.0,37.291666666666664,21.0,34.0,44.0,20.0,25.0,11.0,24
2023-01-25,37.0,24.125,18.0,23.0,37.0,17.0,18.0,9.0,24
2023-01-26,49.0,44.791666666666664,21.0,34.0,49.0,21.0,23.0,12.0,24
2023-01-27,44.0,40.333333333333336,21.0,33.0,44.0,24.0,25.0,10.0,24
2023-01-28,42.0,28.5,19.0,26.0,42.0,24.0,24.0,10.0,24
2023-01-29,27.0,22.652173913043477,24.0,20.0,27.0,17.0,24.0,6.0,23
2023-01-30,47.0,39.541666666666664,26.0,42.0,47.0,23.0,31.0,11.0,24
2023-01-31,50.0,46.833333333333336,24.0,43.0,50.0,23.0,30.0,12.0,24
2023-02-01,51.0,46.041666666666664,23.0,41.0,51.0,27.0,35.0,12.0,24
2023-02-02,42.0,40.666666666666664,23.0,42.0,42.0,29.0,32.0,10.0,24
2023-02-03,52.0,49.166666666666664,21.0,45.0,52.0,28.0,26.0,13.0,24
2023-02-04,46.0,37.77777777777778,22.0,39.0,46.0,25.0,25.0,11.0,18
2023-02-05,46.0,42.041666666666664,23.0,45.0,46.0,22.0,23.0,11.0,24
2023-02-06,45.0,38.458333333333336,23.0,42.0,45.0,21.0,23.0,11.0,24
2023-02-07,38.0,33.0,21.0,33.0,38.0,26.0,23.0,9.0,24
2023-02-08,47.0,43.416666666666664,24.0,44.0,47.0,32.0,31.0,11.0,24
2023-02-09,49.0,46.166666666666664,24.0,44.0,49.0,31.0,31.0,12.0,24
2023-02-10,51.0,48.041666666666664,25.0,45.0,51.0,30.0,31.0,12.0,24
2023-02-11,49.0,41.541666666666664,24.0,38.0,49.0,25.0,23.0,12.0,24
2023-02-12,41.0,37.875,21.0,31.0,41.0,22.0,22.0,10.0,24
2023-02-13,52.0,46.666666666666664,22.0,42.0,52.0,27.0,30.0,13.0,24
2023-02-14,56.0,54.083333333333336,24.0,44.0,56.0,33.0,35.0,16.0,24
2023-02-15,55.0,51.208333333333336,23.0,45.0,55.0,34.0,29.0,16.0,24
2023-02-16,54.0,48.166666666666664,22.0,38.0,54.0,38.0,29.0,14.0,24
2023-02-17,57.0,55.625,29.0,49.0,57.0,42.0,43.0,17.0,24
2023-02-18,55.0,53.0625,31.0,52.0,55.0,34.0,44.0,16.0,16
2023-02-19,54.0,53.041666666666664,28.0,51.0,54.0,31.0,31.0,15.0,24
2023-02-20,52.0,48.708333333333336,22.0,43.0,52.0,28.0,33.0,13.0,24
2023-02-21,51.0,48.5,26.0,49.0,51.0,30.0,37.0,12.0,24
2023-02-22,53.0,52.0,28.0,49.0,53.0,34.0,40.0,14.0,24
2023-02-23,53.0,51.833333333333336,29.0,51.0,53.0,33.0,38.0,14.0,24
2023-02-24,54.0,53.0,31.0,52.0,54.0,33.0,40.0,15.0,24
2023-02-25,54.0,52.25,32.0,51.0,54.0,39.0,40.0,15.0,24
2023-02-26,55.0,53.56521739130435,30.0,44.0,55.0,40.0,42.0,16.0,23
2023-02-27,53.0,52.25,27.0,40.0,53.0,42.0,32.0,14.0,24
2023-02-28,52.0,47.541666666666664,22.0,36.0,52.0,41.0,28.0,13.0,24
2023-03-01,35.0,23.416666666666668,18.0,24.0,35.0,23.0,18.0,8.0,24
2023-03-02,33.0,23.5,19.0,19.0,33.0,23.0,16.0,8.0,24
2023-03-03,35.0,32.333333333333336,20.0,33.0,35.0,27.0,23.0,8.0,24
2023-03-04,43.0,38.625,21.0,35.0,43.0,24.0,25.0,10.0,24
2023-03-05,54.0,44.166666666666664,25.0,38.0,54.0,24.0,32.0,15.0,24
2023-03-06,57.0,55.291666666666664,28.0,52.0,57.0,31.0,42.0,17.0,24
2023-03-07,54.0,50.166666666666664,26.0,51.0,54.0,31.0,40.0,15.0,24
2023-03-08,56.0,55.166666666666664,31.0,48.0,56.0,31.0,43.0,17.0,24
2023-03-09,55.0,53.208333333333336,36.0,53.0,55.0,49.0,44.0,16.0,24
2023-03-10,55.0,53.541666666666664,34.0,52.0,55.0,53.0,47.0,16.0,24
2023-03-11,55.0,53.125,31.0,52.0,55.0,39.0,47.0,16.0,24
2023-03-12,54.0,52.25,31.0,52.0,54.0,31.0,53.0,14.0,24
2023-03-13,54.0,50.5,31.0,54.0,54.0,32.0,52.0,15.0,24
2023-03-14,57.0,56.291666666666664,34.0,55.0,57.0,35.0,52.0,18.0,24
2023-03-15,58.0,57.125,34.0,55.0,58.0,36.0,57.0,18.0,24
2023-03-16,58.0,56.583333333333336,33.0,57.0,58.0,35.0,56.0,18.0,24
2023-03-17,55.0,54.041666666666664,37.0,54.0,55.0,32.0,50.0,15.0,24
2023-03-18,53.0,53.0,46.0,53.0,53.0,30.0,49.0,14.0,24
2023-03-19,54.0,53.625,52.0,52.0,54.0,35.0,47.0,15.0,24
2023-03-20,53.0,52.291666666666664,51.0,53.0,53.0,27.0,42.0,14.0,24
2023-03-21,51.0,47.708333333333336,43.0,46.0,51.0,30.0,48.0,12.0,24
2023-03-22,43.0,40.5,39.0,41.0,43.0,31.0,41.0,10.0,24
2023-03-23,46.0,43.125,43.0,40.0,46.0,34.0,42.0,11.0,24
2023-03-24,52.0,46.333333333333336,44.0,45.0,52.0,28.0,35.0,13.0,24
2023-03-25,54.0,52.958333333333336,52.0,51.0,54.0,32.0,49.0,15.0,24
2023-03-26,55.0,54.0625,54.0,51.0,55.0,33.0,41.0,16.0,16
2023-03-27,55.0,50.916666666666664,54.0,46.0,55.0,33.0,41.0,15.0,24
2023-03-28,55.0,52.875,51.0,51.0,55.0,34.0,50.0,15.0,24
2023-03-29,50.0,45.458333333333336,50.0,35.0,47.0,29.0,34.0,12.0,24
2023-03-30,43.0,37.5,43.0,34.0,39.0,36.0,32.0,10.0,24
2023-03-31,52.0,42.75,37.0,52.0,52.0,37.0,40.0,13.0,20
2023-04-01,56.0,54.791666666666664,31.0,54.0,56.0,31.0,47.0,17.0,24
2023-04-02,56.0,53.208333333333336,39.0,53.0,56.0,31.0,45.0,17.0,24
2023-04-03,58.0,54.958333333333336,38.0,53.0,58.0,32.0,45.0,18.0,24
2023-04-04,54.0,51.208333333333336,45.0,49.0,54.0,31.0,45.0,15.0,24
2023-04-05,61.0,57.22727272727273,37.0,56.0,61.0,39.0,57.0,21.0,22
2023-04-06,61.0,60.333333333333336,37.0,57.0,61.0,40.0,57.0,21.0,12
2023-04-07,,,,,,,,,0
2023-04-08,,,,,,,,,0
2023-04-09,,,,,,,,,0
2023-04-10,,,,,,,,,0
2023-04-11,,,,,,,,,0
2023-04-12,72.0,71.66666666666667,43.0,63.0,72.0,52.0,59.0,31.0,3
2023-04-13,74.0,72.16666666666667,49.0,69.0,74.0,55.0,70.0,32.0,24
2023-04-14,71.0,69.16666666666667,48.0,66.0,71.0,53.0,67.0,30.0,24
2023-04-15,96.0,76.125,96.0,68.0,72.0,53.0,63.0,30.0,16
2023-04-16,73.0,70.58333333333333,51.0,72.0,73.0,52.0,65.0,32.0,24
2023-04-17,65.0,59.625,43.0,63.0,65.0,48.0,58.0,24.0,24
2023-04-18,79.0,61.666666666666664,79.0,58.0,61.0,51.0,60.0,21.0,24
2023-04-19,60.0,56.625,39.0,56.0,60.0,48.0,56.0,20.0,24
2023-04-20,53.0,46.916666666666664,34.0,47.0,49.0,41.0,53.0,14.0,24
2023-04-21,51.0,46.5,29.0,44.0,51.0,37.0,39.0,12.0,24
2023-04-22,46.0,41.25,27.0,38.0,46.0,37.0,34.0,11.0,24
2023-04-23,36.0,31.434782608695652,24.0,31.0,36.0,25.0,29.0,9.0,23
2023-04-24,52.0,33.25,52.0,34.0,35.0,33.0,32.0,8.0,24
2023-04-25,40.0,37.26086956521739,25.0,36.0,40.0,36.0,38.0,10.0,23
2023-04-26,55.0,48.333333333333336,36.0,55.0,49.0,32.0,44.0,16.0,24
2023-04-27,50.0,43.333333333333336,32.0,50.0,46.0,29.0,39.0,12.0,24
2023-04-28,49.0,43.333333333333336,27.0,42.0,49.0,31.0,43.0,12.0,24
2023-04-29,57.0,52.291666666666664,32.0,55.0,57.0,31.0,49.0,17.0,24
2023-04-30,59.0,56.125,31.0,55.0,59.0,29.0,48.0,19.0,24
2023-05-01,54.0,47.291666666666664,29.0,38.0,54.0,25.0,39.0,14.0,24
2023-05-02,48.0,42.833333333333336,24.0,40.0,48.0,27.0,32.0,12.0,24
2023-05-03,40.0,35.333333333333336,27.0,36.0,40.0,28.0,33.0,10.0,24
2023-05-04,53.0,50.125,27.0,51.0,53.0,31.0,51.0,14.0,24
2023-05-05,64.0,57.583333333333336,37.0,55.0,64.0,33.0,54.0,24.0,24
2023-05-06,64.0,58.541666666666664,38.0,56.0,64.0,30.0,55.0,23.0,24
2023-05-07,51.0,39.0,23.0,45.0,51.0,18.0,31.0,12.0,24
2023-05-08,28.0,25.833333333333332,17.0,28.0,27.0,17.0,19.0,7.0,24
2023-05-09,28.0,25.583333333333332,28.0,28.0,28.0,19.0,22.0,7.0,24
2023-05-10,33.0,26.791666666666668,24.0,32.0,33.0,21.0,25.0,8.0,24
2023-05-11,47.0,40.333333333333336,26.0,38.0,47.0,21.0,30.0,11.0,15
2023-05-12,,,,,,,,,0
2023-05-13,,,,,,,,,0
2023-05-14,,,,,,,,,0
2023-05-15,,,,,,,,,0
2023-05-16,54.0,53.45454545454545,35.0,48.0,53.0,34.0,54.0,15.0,11
2023-05-17,57.0,46.458333333333336,32.0,44.0,53.0,33.0,57.0,17.0,24
2023-05-18,64.0,61.541666666666664,44.0,58.0,62.0,41.0,64.0,24.0,24
2023-05-19,60.0,55.333333333333336,37.0,57.0,60.0,41.0,56.0,20.0,24
2023-05-20,54.0,50.875,26.0,51.0,54.0,26.0,47.0,15.0,24
2023-05-21,54.0,52.916666666666664,27.0,54.0,53.0,45.0,40.0,15.0,24
2023-05-22,57.0,54.375,32.0,53.0,50.0,57.0,43.0,18.0,24
2023-05-23,56.0,50.958333333333336,28.0,53.0,52.0,56.0,44.0,17.0,24
2023-05-24,52.0,46.666666666666664,27.0,44.0,45.0,52.0,43.0,13.0,24
2023-05-25,54.0,51.1578947368421,27.0,49.0,54.0,41.0,40.0,14.0,19
2023-05-26,54.0,53.266666666666666,32.0,53.0,54.0,32.0,38.0,15.0,15
2023-05-27,58.0,55.375,38.0,57.0,58.0,33.0,51.0,18.0,24
2023-05-28,56.0,51.375,35.0,55.0,56.0,41.0,45.0,16.0,24
2023-05-29,48.0,43.833333333333336,25.0,48.0,40.0,43.0,28.0,12.0,24
2023-05-30,51.0,47.375,26.0,47.0,51.0,51.0,32.0,12.0,24
2023-05-31,53.0,50.041666666666664,29.0,42.0,53.0,52.0,30.0,13.0,24
2023-06-01,57.0,52.625,32.0,53.0,57.0,29.0,41.0,17.0,24
2023-06-02,54.0,44.833333333333336,31.0,45.0,54.0,26.0,29.0,15.0,24
2023-06-03,59.0,56.916666666666664,33.0,53.0,59.0,36.0,45.0,19.0,24
2023-06-04,64.0,60.833333333333336,36.0,55.0,59.0,64.0,52.0,24.0,24
2023-06-05,62.0,53.875,38.0,51.0,54.0,62.0,42.0,22.0,24
2023-06-06,54.0,52.541666666666664,28.0,52.0,54.0,54.0,50.0,15.0,24
2023-06-07,54.0,53.708333333333336,29.0,53.0,54.0,37.0,51.0,15.0,24
2023-06-08,52.0,49.5,28.0,45.0,52.0,25.0,43.0,13.0,24
2023-06-09,45.0,38.25,27.0,39.0,45.0,23.0,33.0,11.0,24
2023-06-10,34.0,30.583333333333332,22.0,31.0,34.0,21.0,23.0,8.0,24
2023-06-11,40.0,37.458333333333336,21.0,35.0,40.0,21.0,27.0,10.0,24
2023-06-12,48.0,46.125,23.0,34.0,48.0,19.0,32.0,12.0,24
2023-06-13,52.0,49.333333333333336,30.0,48.0,52.0,20.0,49.0,13.0,24
2023-06-14,48.0,41.958333333333336,26.0,46.0,48.0,19.0,47.0,12.0,24
2023-06-15,45.0,42.291666666666664,34.0,43.0,45.0,32.0,36.0,11.0,24
2023-06-16,42.0,37.333333333333336,32.0,42.0,40.0,32.0,36.0,10.0,24
2023-06-17,43.0,37.791666666666664,31.0,43.0,43.0,18.0,32.0,10.0,24
2023-06-18,50.0,43.0,39.0,44.0,50.0,32.0,41.0,12.0,24
2023-06-19,63.0,59.708333333333336,40.0,55.0,63.0,30.0,50.0,23.0,24
2023-06-20,61.0,53.916666666666664,38.0,54.0,61.0,27.0,47.0,21.0,24
2023-06-21,52.0,49.0,30.0,43.0,52.0,28.0,34.0,13.0,23
2023-06-22,52.0,45.75,30.0,52.0,49.0,19.0,47.0,13.0,24
2023-06-23,54.0,52.916666666666664,40.0,51.0,54.0,24.0,52.0,15.0,24
2023-06-24,53.0,51.75,36.0,47.0,53.0,26.0,53.0,14.0,24
2023-06-25,60.0,57.30434782608695,36.0,52.0,57.0,53.0,60.0,20.0,23
2023-06-26,58.0,50.666666666666664,32.0,51.0,57.0,53.0,58.0,18.0,24
2023-06-27,46.0,42.375,24.0,42.0,46.0,42.0,44.0,11.0,24
2023-06-28,52.0,45.333333333333336,26.0,41.0,46.0,52.0,49.0,13.0,24
2023-06-29,56.0,55.291666666666664,30.0,52.0,54.0,56.0,56.0,17.0,24
2023-06-30,55.0,53.75,37.0,48.0,53.0,54.0,55.0,16.0,24
2023-07-01,54.0,45.0,41.0,48.0,53.0,35.0,54.0,15.0,24
2023-07-02,33.0,30.291666666666668,33.0,32.0,30.0,19.0,30.0,8.0,24
2023-07-03,40.0,38.458333333333336,33.0,40.0,35.0,18.0,40.0,10.0,24
2023-07-04,43.0,38.875,32.0,34.0,32.0,18.0,43.0,10.0,24
2023-07-05,32.0,29.208333333333332,29.0,31.0,30.0,19.0,32.0,8.0,24
2023-07-06,47.0,39.75,29.0,37.0,40.0,18.0,47.0,11.0,24
2023-07-07,44.0,40.333333333333336,33.0,41.0,40.0,20.0,44.0,11.0,24
2023-07-08,45.0,42.666666666666664,35.0,44.0,45.0,25.0,45.0,11.0,24
2023-07-09,42.0,36.041666666666664,30.0,41.0,42.0,22.0,41.0,10.0,24
2023-07-10,53.0,47.416666666666664,36.0,45.0,53.0,23.0,53.0,14.0,24
2023-07-11,52.0,35.458333333333336,31.0,38.0,52.0,22.0,49.0,13.0,24
2023-07-12,37.0,34.166666666666664,28.0,28.0,37.0,36.0,36.0,9.0,24
2023-07-13,58.0,50.041666666666664,44.0,37.0,39.0,58.0,49.0,19.0,24
2023-07-14,58.0,56.041666666666664,47.0,53.0,54.0,58.0,56.0,19.0,24
2023-07-15,55.0,52.291666666666664,46.0,49.0,53.0,53.0,55.0,15.0,24
2023-07-16,52.0,48.791666666666664,32.0,44.0,51.0,24.0,52.0,13.0,24
2023-07-17,58.0,55.833333333333336,41.0,52.0,56.0,31.0,58.0,18.0,24
2023-07-18,56.0,54.291666666666664,39.0,51.0,56.0,29.0,56.0,17.0,24
2023-07-19,53.0,46.416666666666664,32.0,40.0,52.0,25.0,53.0,14.0,24
2023-07-20,54.0,47.208333333333336,41.0,47.0,44.0,26.0,54.0,14.0,24
2023-07-21,62.0,57.25,52.0,58.0,62.0,50.0,62.0,22.0,20
2023-07-22,61.0,55.375,51.0,57.0,61.0,50.0,61.0,21.0,24
2023-07-23,57.0,55.291666666666664,42.0,57.0,56.0,35.0,56.0,17.0,24
2023-07-24,55.0,52.916666666666664,38.0,54.0,51.0,34.0,55.0,15.0,24
2023-07-25,49.0,38.875,31.0,42.0,39.0,23.0,49.0,12.0,24
2023-07-26,54.0,49.333333333333336,35.0,43.0,52.0,22.0,54.0,15.0,24
2023-07-27,65.0,60.208333333333336,52.0,59.0,61.0,43.0,65.0,25.0,24
2023-07-28,66.0,65.08333333333333,52.0,59.0,64.0,48.0,66.0,26.0,24
2023-07-29,68.0,66.875,54.0,62.0,65.0,48.0,68.0,27.0,24
2023-07-30,63.0,58.0,53.0,60.0,60.0,43.0,63.0,23.0,24
2023-07-31,53.0,51.5,37.0,47.0,53.0,33.0,47.0,14.0,24
2023-08-01,53.0,52.625,35.0,43.0,53.0,41.0,52.0,14.0,24
2023-08-02,61.0,56.375,51.0,55.0,56.0,43.0,61.0,21.0,24
2023-08-03,61.0,57.75,52.0,56.0,56.0,42.0,61.0,21.0,24
2023-08-04,53.0,51.583333333333336,38.0,36.0,47.0,27.0,53.0,14.0,24
2023-08-05,55.0,50.916666666666664,39.0,51.0,54.0,32.0,55.0,15.0,24
2023-08-06,56.0,55.583333333333336,41.0,53.0,55.0,34.0,56.0,17.0,24
2023-08-07,56.0,54.125,40.0,52.0,53.0,27.0,56.0,16.0,24
2023-08-08,52.0,48.083333333333336,34.0,46.0,51.0,23.0,52.0,13.0,24
2023-08-09,47.0,42.083333333333336,35.0,47.0,45.0,28.0,43.0,11.0,24
2023-08-10,55.0,51.875,38.0,53.0,55.0,29.0,55.0,15.0,24
2023-08-11,57.0,56.291666666666664,49.0,52.0,57.0,52.0,57.0,17.0,24
2023-08-12,62.0,57.0,50.0,57.0,62.0,60.0,61.0,22.0,24
2023-08-13,72.0,68.75,53.0,62.0,72.0,65.0,68.0,30.0,24
2023-08-14,65.0,61.583333333333336,51.0,59.0,65.0,56.0,63.0,24.0,24
2023-08-15,59.0,56.43478260869565,42.0,53.0,59.0,37.0,57.0,19.0,23
2023-08-16,60.0,60.0,50.0,52.0,60.0,46.0,60.0,20.0,13
2023-08-17,63.0,59.708333333333336,53.0,55.0,61.0,45.0,63.0,22.0,24
2023-08-18,68.0,65.58333333333333,54.0,55.0,64.0,46.0,68.0,27.0,24
2023-08-19,63.0,59.833333333333336,52.0,53.0,58.0,40.0,63.0,22.0,24
2023-08-20,58.0,54.27272727272727,46.0,46.0,57.0,34.0,58.0,18.0,22
2023-08-21,59.0,56.041666666666664,44.0,51.0,59.0,30.0,59.0,19.0,24
2023-08-22,63.0,57.541666666666664,57.0,54.0,63.0,42.0,59.0,23.0,24
2023-08-23,63.0,59.208333333333336,56.0,53.0,63.0,41.0,58.0,22.0,24
2023-08-24,59.0,57.25,40.0,52.0,59.0,35.0,55.0,19.0,24
2023-08-25,55.0,52.0,35.0,44.0,55.0,33.0,54.0,16.0,24
2023-08-26,55.0,52.875,46.0,44.0,54.0,31.0,55.0,16.0,24
2023-08-27,63.0,61.041666666666664,50.0,53.0,62.0,43.0,63.0,23.0,24
2023-08-28,61.0,56.5,52.0,55.0,61.0,37.0,57.0,21.0,24
2023-08-29,65.0,62.666666666666664,54.0,57.0,65.0,53.0,62.0,25.0,24
2023-08-30,62.0,60.833333333333336,47.0,56.0,62.0,54.0,59.0,22.0,24
2023-08-31,62.0,60.291666666666664,48.0,59.0,62.0,48.0,59.0,22.0,24
2023-09-01,68.0,63.708333333333336,52.0,57.0,68.0,39.0,62.0,27.0,24
2023-09-02,73.0,69.04166666666667,54.0,60.0,73.0,45.0,70.0,32.0,24
2023-09-03,76.0,74.41666666666667,56.0,63.0,76.0,49.0,71.0,35.0,24
2023-09-04,75.0,70.91666666666667,53.0,63.0,75.0,50.0,66.0,33.0,24
2023-09-05,75.0,72.625,53.0,63.0,75.0,51.0,67.0,34.0,24
2023-09-06,77.0,73.83333333333333,56.0,68.0,77.0,51.0,73.0,35.0,24
2023-09-07,66.0,56.208333333333336,52.0,59.0,66.0,47.0,63.0,25.0,24
2023-09-08,56.0,54.416666666666664,34.0,49.0,56.0,52.0,55.0,17.0,24
2023-09-09,61.0,59.25,43.0,53.0,61.0,56.0,58.0,21.0,24
2023-09-10,58.0,57.083333333333336,45.0,48.0,55.0,58.0,57.0,18.0,24
2023-09-11,73.0,62.30434782608695,55.0,64.0,73.0,58.0,66.0,31.0,23
2023-09-12,77.0,73.79166666666667,57.0,65.0,77.0,54.0,71.0,35.0,24
2023-09-13,66.0,58.541666666666664,52.0,55.0,66.0,47.0,64.0,25.0,24
2023-09-14,64.0,60.791666666666664,45.0,53.0,64.0,42.0,58.0,23.0,24
2023-09-15,63.0,60.833333333333336,47.0,54.0,63.0,53.0,59.0,23.0,24
2023-09-16,68.0,66.08333333333333,51.0,59.0,68.0,54.0,61.0,27.0,24
2023-09-17,68.0,65.375,51.0,59.0,68.0,39.0,61.0,27.0,24
2023-09-18,59.0,54.333333333333336,44.0,53.0,59.0,35.0,58.0,19.0,24
2023-09-19,55.0,54.083333333333336,44.0,47.0,55.0,32.0,53.0,16.0,24
2023-09-20,51.0,44.25,42.0,36.0,51.0,35.0,50.0,12.0,24
2023-09-21,55.0,53.291666666666664,38.0,40.0,55.0,28.0,54.0,15.0,24
2023-09-22,54.0,44.625,35.0,41.0,54.0,23.0,50.0,15.0,24
2023-09-23,64.0,54.125,45.0,60.0,62.0,38.0,64.0,23.0,24
2023-09-24,68.0,64.125,52.0,63.0,65.0,50.0,68.0,27.0,24
2023-09-25,62.0,53.666666666666664,49.0,55.0,61.0,39.0,62.0,22.0,24
2023-09-26,75.0,71.20833333333333,57.0,64.0,75.0,52.0,73.0,33.0,24
2023-09-27,72.0,64.0,56.0,61.0,72.0,47.0,69.0,30.0,24
2023-09-28,67.0,63.958333333333336,52.0,58.0,67.0,53.0,64.0,26.0,24
2023-09-29,82.0,77.375,60.0,71.0,82.0,56.0,79.0,40.0,24
2023-09-30,81.0,79.0,59.0,74.0,81.0,56.0,78.0,39.0,24
2023-10-01,80.0,78.0,62.0,73.0,76.0,57.0,80.0,37.0,24
2023-10-02,77.0,68.91666666666667,59.0,66.0,68.0,55.0,77.0,35.0,24
2023-10-03,74.0,69.625,57.0,68.0,74.0,54.0,67.0,33.0,24
2023-10-04,71.0,67.125,58.0,67.0,70.0,53.0,71.0,30.0,24
2023-10-05,71.0,68.25,57.0,66.0,70.0,53.0,71.0,30.0,20
2023-10-06,82.0,69.61904761904762,58.0,69.0,82.0,54.0,77.0,40.0,21
2023-10-07,109.0,96.45454545454545,68.0,87.0,109.0,62.0,99.0,63.0,11
2023-10-08,,,,,,,,,0
2023-10-09,75.0,71.5,59.0,66.0,75.0,56.0,73.0,33.0,14
2023-10-10,86.0,83.04166666666667,64.0,77.0,86.0,60.0,83.0,43.0,24
2023-10-11,86.0,83.58333333333333,63.0,77.0,86.0,60.0,86.0,43.0,24
2023-10-12,81.0,74.25,59.0,68.0,77.0,58.0,81.0,38.0,24
2023-10-13,66.0,62.625,54.0,59.0,63.0,54.0,66.0,26.0,24
2023-10-14,69.0,67.20833333333333,55.0,63.0,69.0,53.0,69.0,28.0,24
2023-10-15,80.0,74.91666666666667,56.0,65.0,80.0,53.0,73.0,38.0,24
2023-10-16,80.0,74.75,60.0,66.0,80.0,55.0,73.0,38.0,24
2023-10-17,69.0,66.70833333333333,57.0,60.0,69.0,53.0,68.0,28.0,24
2023-10-18,65.0,64.25,53.0,59.0,65.0,52.0,65.0,25.0,24
2023-10-19,63.0,62.166666666666664,51.0,57.0,62.0,50.0,63.0,23.0,24
2023-10-20,61.0,59.625,46.0,56.0,61.0,45.0,60.0,21.0,24
2023-10-21,59.0,58.208333333333336,51.0,55.0,57.0,41.0,59.0,19.0,24
2023-10-22,68.0,64.66666666666667,49.0,59.0,68.0,38.0,60.0,27.0,24
2023-10-23,66.0,64.79166666666667,52.0,58.0,66.0,50.0,61.0,26.0,24
2023-10-24,64.0,57.75,47.0,54.0,64.0,49.0,57.0,23.0,24
2023-10-25,55.0,52.541666666666664,46.0,52.0,55.0,31.0,53.0,16.0,24
2023-10-26,62.0,60.166666666666664,48.0,55.0,62.0,46.0,61.0,22.0,24
2023-10-27,62.0,61.416666666666664,49.0,58.0,61.0,53.0,62.0,22.0,24
2023-10-28,61.0,57.583333333333336,51.0,56.0,61.0,52.0,59.0,21.0,24
2023-10-29,58.0,56.0,39.0,53.0,57.0,43.0,58.0,18.0,24
2023-10-30,61.0,57.68181818181818,49.0,53.0,61.0,43.0,60.0,21.0,22
2023-10-31,,,,,,,,,0
2023-11-01,65.15413,63.58470375,41.222466,52.409485,65.15413,43.2719,62.604797,24.607632,4
2023-11-02,65.84551,60.93240029166666,45.0,53.15663,65.84551,42.63487,62.768143,25.218586,24
2023-11-03,74.0,69.29166666666667,54.0,63.0,66.0,56.0,74.0,32.0,24
2023-11-04,74.0,71.875,56.0,63.0,73.0,56.0,74.0,32.0,24
2023-11-05,69.0,62.541666666666664,52.0,57.0,69.0,53.0,65.0,28.0,24
2023-11-06,61.0,57.875,53.0,53.0,60.0,49.0,61.0,21.0,24
2023-11-07,57.0,55.833333333333336,36.0,54.0,57.0,51.0,56.0,17.0,24
2023-11-08,56.0,54.333333333333336,39.0,50.0,55.0,45.0,56.0,16.0,24
2023-11-09,65.0,59.875,46.0,56.0,65.0,55.0,59.0,25.0,24
2023-11-10,65.0,55.875,47.0,55.0,65.0,51.0,58.0,24.0,24
2023-11-11,61.0,57.25,38.0,53.0,61.0,51.0,59.0,21.0,24
2023-11-12,78.0,72.875,60.0,61.0,78.0,59.0,71.0,36.0,24
2023-11-13,74.0,63.541666666666664,59.0,61.0,74.0,60.0,70.0,32.0,24
2023-11-14,62.0,60.208333333333336,50.0,56.0,60.0,57.0,62.0,22.0,24
2023-11-15,58.0,53.791666666666664,47.0,55.0,57.0,53.0,58.0,18.0,24
2023-11-16,55.0,53.958333333333336,44.0,42.0,55.0,33.0,51.0,15.0,24
2023-11-17,54.0,52.583333333333336,36.0,46.0,54.0,41.0,51.0,15.0,24
2023-11-18,53.0,52.125,30.0,39.0,53.0,38.0,43.0,14.0,24
2023-11-19,44.0,33.625,28.0,30.0,44.0,37.0,36.0,11.0,24
2023-11-20,39.0,35.333333333333336,29.0,32.0,39.0,38.0,39.0,9.0,24
2023-11-21,46.0,43.416666666666664,28.0,35.0,46.0,37.0,37.0,11.0,24
2023-11-22,47.0,43.041666666666664,30.0,34.0,47.0,34.0,44.0,11.0,24
2023-11-23,51.0,48.333333333333336,36.0,41.0,50.0,39.0,51.0,12.0,24
2023-11-24,44.0,33.041666666666664,30.0,40.0,44.0,38.0,42.0,10.0,24
2023-11-25,40.0,30.75,28.0,30.0,40.0,34.0,40.0,10.0,24
2023-11-26,55.0,52.47826086956522,36.0,51.0,55.0,49.0,55.0,16.0,23
2023-11-27,55.0,51.208333333333336,31.0,49.0,52.0,44.0,55.0,15.0,24
2023-11-28,57.0,55.375,33.0,42.0,54.0,43.0,57.0,17.0,24
2023-11-29,47.0,39.458333333333336,26.0,35.0,45.0,39.0,47.0,11.0,24
2023-11-30,51.0,46.375,26.0,41.0,51.0,38.0,42.0,12.0,24
2023-12-01,45.0,32.916666666666664,32.0,35.0,45.0,28.0,35.0,11.0,24
2023-12-02,42.0,37.208333333333336,27.0,38.0,41.0,24.0,42.0,10.0,24
2023-12-03,44.0,40.875,27.0,40.0,44.0,37.0,43.0,11.0,24
2023-12-04,51.0,46.625,30.0,36.0,51.0,44.0,45.0,12.0,24
2023-12-05,58.0,53.541666666666664,42.0,48.0,53.0,58.0,54.0,18.0,24
2023-12-06,55.0,43.791666666666664,36.0,44.0,52.0,55.0,51.0,16.0,24
2023-12-07,47.0,39.666666666666664,32.0,36.0,47.0,31.0,43.0,11.0,24
2023-12-08,44.0,38.8421052631579,31.0,36.0,44.0,32.0,44.0,11.0,19
2023-12-09,32.0,29.916666666666668,22.0,28.0,32.0,27.0,28.0,8.0,24
2023-12-10,38.0,34.041666666666664,27.0,29.0,35.0,30.0,38.0,9.0,24
2023-12-11,42.0,40.041666666666664,28.0,34.0,37.0,38.0,42.0,10.0,24
2023-12-12,44.0,40.583333333333336,27.0,33.0,44.0,33.0,37.0,11.0,24
2023-12-13,44.0,40.791666666666664,26.0,35.0,44.0,35.0,31.0,11.0,24
2023-12-14,53.0,49.583333333333336,30.0,38.0,53.0,36.0,48.0,14.0,24
2023-12-15,54.0,52.958333333333336,34.0,38.0,54.0,49.0,48.0,15.0,24
2023-12-16,52.0,46.708333333333336,27.0,38.0,52.0,50.0,44.0,13.0,24
2023-12-17,47.0,45.125,25.0,31.0,47.0,34.0,44.0,11.0,24
2023-12-18,44.0,40.083333333333336,29.0,33.0,44.0,35.0,40.0,11.0,24
2023-12-19,48.0,42.958333333333336,32.0,37.0,48.0,39.0,41.0,12.0,24
2023-12-20,54.0,52.541666666666664,29.0,40.0,54.0,38.0,41.0,14.0,24
2023-12-21,53.0,49.583333333333336,30.0,34.0,53.0,32.0,40.0,14.0,24
2023-12-22,42.0,32.541666666666664,28.0,31.0,42.0,21.0,29.0,10.0,24
2023-12-23,50.0,46.75,28.0,33.0,50.0,31.0,34.0,12.0,24
2023-12-24,52.0,46.583333333333336,46.0,39.0,52.0,51.0,52.0,13.0,24
2023-12-25,51.0,44.833333333333336,31.0,38.0,50.0,43.0,51.0,12.0,24
2023-12-26,42.0,36.583333333333336,23.0,30.0,42.0,26.0,33.0,10.0,24
2023-12-27,44.0,36.125,26.0,34.0,44.0,21.0,30.0,11.0,24
2023-12-28,47.0,43.291666666666664,30.0,35.0,47.0,32.0,39.0,11.0,24
2023-12-29,41.0,38.666666666666664,26.0,33.0,39.0,34.0,41.0,10.0,24
2023-12-30,51.0,42.333333333333336,36.0,43.0,51.0,42.0,51.0,12.0,24
2023-12-31,54.0,50.708333333333336,41.0,51.0,52.0,41.0,54.0,15.0,24
2024-01-01,45.0,42.208333333333336,30.0,37.0,45.0,33.0,42.0,11.0,24
2024-01-02,38.0,31.25,29.0,34.0,38.0,33.0,35.0,9.0,24
2024-01-03,40.0,34.375,29.0,38.0,39.0,35.0,40.0,10.0,24
2024-01-04,42.0,39.07142857142857,29.0,39.0,42.0,30.0,40.0,10.0,14
2024-01-05,35.0,27.708333333333332,23.0,26.0,35.0,20.0,27.0,8.0,24
2024-01-06,36.0,33.25,28.0,35.0,36.0,30.0,35.0,9.0,24
2024-01-07,35.0,31.125,27.0,31.0,35.0,26.0,34.0,8.0,24
2024-01-08,38.0,28.333333333333332,26.0,30.0,38.0,26.0,33.0,9.0,24
2024-01-09,47.0,40.875,28.0,30.0,47.0,31.0,35.0,11.0,24
2024-01-10,34.0,27.666666666666668,22.0,26.0,34.0,20.0,25.0,8.0,24
2024-01-11,54.0,40.375,32.0,47.0,54.0,48.0,50.0,14.0,24
2024-01-12,54.0,48.875,34.0,47.0,54.0,52.0,50.0,15.0,24
2024-01-13,57.0,49.625,37.0,52.0,57.0,50.0,53.0,17.0,24
2024-01-14,58.0,57.208333333333336,48.0,53.0,58.0,52.0,54.0,19.0,24
2024-01-15,55.0,52.875,39.0,47.0,55.0,45.0,49.0,16.0,24
2024-01-16,50.0,39.916666666666664,33.0,36.0,50.0,27.0,35.0,12.0,24
2024-01-17,51.0,47.291666666666664,29.0,34.0,51.0,35.0,39.0,12.0,24
2024-01-18,59.0,55.43478260869565,38.0,41.0,59.0,34.0,43.0,20.0,23
2024-01-19,62.0,60.6,41.0,53.0,62.0,52.0,53.0,22.0,15
2024-01-20,59.0,48.625,40.0,51.0,59.0,47.0,52.0,19.0,24
2024-01-21,59.0,53.0,31.0,38.0,59.0,40.0,45.0,19.0,22
2024-01-22,57.0,51.125,27.0,36.0,57.0,29.0,50.0,18.0,24
2024-01-23,51.0,46.708333333333336,40.0,40.0,47.0,42.0,51.0,12.0,24
2024-01-24,55.0,49.541666666666664,44.0,42.0,55.0,45.0,52.0,16.0,24
2024-01-25,55.0,49.0,39.0,38.0,55.0,28.0,48.0,15.0,24
2024-01-26,52.0,47.791666666666664,47.0,46.0,52.0,33.0,52.0,13.0,24
2024-01-27,62.0,59.083333333333336,62.0,53.0,55.0,36.0,52.0,16.0,24
2024-01-28,56.0,55.583333333333336,47.0,52.0,56.0,40.0,52.0,17.0,24
2024-01-29,62.0,59.333333333333336,42.0,55.0,62.0,51.0,55.0,22.0,24
2024-01-30,62.0,60.541666666666664,45.0,55.0,62.0,52.0,56.0,22.0,24
2024-01-31,59.0,58.083333333333336,37.0,53.0,59.0,44.0,53.0,19.0,24
2024-02-01,55.0,52.90909090909091,32.0,47.0,55.0,38.0,53.0,16.0,22
2024-02-02,56.0,52.34782608695652,31.0,51.0,56.0,41.0,52.0,16.0,23
2024-02-03,56.0,54.541666666666664,31.0,51.0,56.0,46.0,53.0,17.0,24
2024-02-04,58.0,55.125,34.0,49.0,58.0,51.0,52.0,18.0,24
2024-02-05,58.0,54.583333333333336,32.0,51.0,58.0,51.0,52.0,18.0,24
2024-02-06,54.0,51.708333333333336,30.0,41.0,54.0,45.0,52.0,15.0,24
2024-02-07,54.0,49.333333333333336,30.0,42.0,54.0,45.0,52.0,15.0,24
2024-02-08,44.0,41.75,24.0,44.0,42.0,36.0,42.0,11.0,24
2024-02-09,54.0,49.208333333333336,29.0,47.0,54.0,41.0,52.0,14.0,24
2024-02-10,58.0,55.625,55.0,47.0,54.0,55.0,58.0,18.0,24
2024-02-11,62.0,57.583333333333336,58.0,57.0,62.0,53.0,55.0,22.0,24
2024-02-12,64.0,61.625,56.0,57.0,64.0,53.0,55.0,24.0,24
2024-02-13,59.0,57.875,52.0,52.0,59.0,42.0,52.0,19.0,24
2024-02-14,59.0,57.375,53.0,52.0,59.0,45.0,54.0,19.0,24
2024-02-15,57.0,55.5,46.0,45.0,57.0,48.0,53.0,17.0,24
2024-02-16,61.0,58.791666666666664,55.0,54.0,61.0,52.0,55.0,21.0,24
2024-02-17,71.0,62.708333333333336,71.0,54.0,60.0,51.0,56.0,20.0,24
2024-02-18,86.0,72.5,86.0,56.0,62.0,54.0,62.0,22.0,24
2024-02-19,95.0,79.54166666666667,95.0,55.0,62.0,54.0,60.0,21.0,24
2024-02-20,59.0,49.583333333333336,59.0,48.0,52.0,39.0,48.0,13.0,24
2024-02-21,49.0,46.875,49.0,41.0,49.0,40.0,46.0,12.0,24
2024-02-22,52.0,48.791666666666664,36.0,41.0,47.0,40.0,52.0,13.0,24
2024-02-23,52.0,48.625,41.0,51.0,52.0,41.0,52.0,13.0,24
2024-02-24,52.0,46.416666666666664,52.0,44.0,47.0,36.0,42.0,11.0,24
2024-02-25,55.0,49.94444444444444,43.0,46.0,55.0,41.0,46.0,16.0,18
2024-02-26,62.0,59.583333333333336,39.0,57.0,62.0,57.0,61.0,22.0,24
2024-02-27,62.0,61.083333333333336,40.0,57.0,62.0,58.0,60.0,22.0,24
2024-02-28,59.0,54.166666666666664,33.0,54.0,59.0,53.0,53.0,19.0,24
2024-02-29,54.0,53.041666666666664,35.0,46.0,54.0,46.0,50.0,15.0,24
2024-03-01,54.0,53.166666666666664,33.0,48.0,54.0,35.0,51.0,15.0,24
2024-03-02,54.0,53.0,36.0,51.0,54.0,36.0,52.0,15.0,24
2024-03-03,51.0,44.291666666666664,30.0,41.0,51.0,38.0,46.0,13.0,24
2024-03-04,67.0,59.833333333333336,37.0,54.0,67.0,55.0,56.0,26.0,24
2024-03-05,67.0,56.91304347826087,36.0,53.0,67.0,56.0,56.0,26.0,23
2024-03-06,54.0,50.291666666666664,28.0,48.0,54.0,33.0,45.0,15.0,24
2024-03-07,58.0,56.708333333333336,33.0,54.0,58.0,52.0,56.0,19.0,24
2024-03-08,56.0,53.714285714285715,33.0,53.0,56.0,50.0,55.0,17.0,21
2024-03-09,57.0,55.166666666666664,34.0,53.0,57.0,49.0,52.0,17.0,24
2024-03-10,58.0,50.208333333333336,36.0,46.0,58.0,51.0,58.0,19.0,24
2024-03-11,66.0,63.5,50.0,57.0,66.0,61.0,64.0,26.0,24
2024-03-12,63.0,61.375,44.0,55.0,63.0,59.0,61.0,22.0,24
2024-03-13,62.0,59.583333333333336,35.0,54.0,62.0,55.0,57.0,21.0,24
2024-03-14,61.0,60.166666666666664,38.0,53.0,61.0,53.0,56.0,21.0,24
2024-03-15,64.0,61.625,38.0,53.0,64.0,53.0,56.0,24.0,24
2024-03-16,60.0,56.916666666666664,34.0,48.0,60.0,50.0,55.0,20.0,24
2024-03-17,61.0,60.291666666666664,35.0,53.0,61.0,51.0,56.0,21.0,24
2024-03-18,61.0,56.083333333333336,34.0,52.0,61.0,51.0,54.0,21.0,24
2024-03-19,55.0,52.875,30.0,47.0,55.0,41.0,51.0,15.0,24
2024-03-20,57.0,53.25,36.0,53.0,57.0,55.0,57.0,17.0,24
2024-03-21,63.0,60.958333333333336,52.0,55.0,58.0,57.0,63.0,23.0,24
2024-03-22,64.0,62.791666666666664,55.0,59.0,64.0,55.0,64.0,24.0,24
2024-03-23,60.0,57.041666666666664,54.0,57.0,58.0,53.0,60.0,20.0,24
2024-03-24,58.0,57.291666666666664,56.0,51.0,54.0,55.0,58.0,18.0,24
2024-03-25,56.0,54.625,53.0,41.0,55.0,53.0,56.0,16.0,24
2024-03-26,57.0,55.52173913043478,50.0,48.0,57.0,50.0,54.0,17.0,23
2024-03-27,57.0,56.458333333333336,52.0,43.0,57.0,47.0,55.0,18.0,24
2024-03-28,56.0,55.625,48.0,45.0,56.0,45.0,53.0,17.0,24
2024-03-29,56.0,47.083333333333336,47.0,45.0,56.0,44.0,52.0,16.0,24
2024-03-30,36.0,32.166666666666664,36.0,25.0,28.0,32.0,29.0,9.0,24
2024-03-31,54.0,43.30434782608695,54.0,39.0,52.0,48.0,52.0,13.0,23
2024-04-01,55.0,53.791666666666664,53.0,51.0,55.0,51.0,52.0,16.0,24
2024-04-02,54.0,50.333333333333336,53.0,45.0,54.0,51.0,52.0,15.0,24
2024-04-03,45.0,42.041666666666664,43.0,31.0,45.0,39.0,45.0,11.0,24
2024-04-04,62.0,56.583333333333336,59.0,55.0,57.0,57.0,62.0,22.0,24
2024-04-05,62.0,61.041666666666664,56.0,56.0,62.0,56.0,60.0,22.0,24
2024-04-06,59.0,52.708333333333336,50.0,46.0,59.0,56.0,56.0,19.0,24
2024-04-07,49.0,47.166666666666664,42.0,34.0,44.0,49.0,49.0,12.0,24
2024-04-08,52.0,45.75,45.0,41.0,42.0,52.0,48.0,13.0,24
2024-04-09,59.0,56.0,58.0,53.0,55.0,53.0,59.0,19.0,24
2024-04-10,56.0,54.125,56.0,45.0,52.0,54.0,56.0,16.0,24
2024-04-11,52.0,43.041666666666664,36.0,40.0,45.0,47.0,52.0,13.0,24
2024-04-12,52.0,47.666666666666664,39.0,41.0,52.0,44.0,50.0,13.0,24
2024-04-13,45.0,40.291666666666664,45.0,33.0,40.0,39.0,39.0,11.0,24
2024-04-14,53.0,46.75,44.0,33.0,32.0,53.0,44.0,11.0,24
2024-04-15,53.0,48.083333333333336,32.0,31.0,39.0,53.0,45.0,11.0,24
2024-04-16,43.0,36.666666666666664,36.0,31.0,38.0,40.0,43.0,10.0,24
2024-04-17,50.0,47.791666666666664,44.0,34.0,50.0,40.0,50.0,12.0,24
2024-04-18,59.0,57.166666666666664,53.0,51.0,55.0,53.0,59.0,19.0,24
2024-04-19,61.0,58.791666666666664,57.0,50.0,55.0,56.0,61.0,21.0,24
2024-04-20,59.0,52.833333333333336,55.0,40.0,42.0,55.0,59.0,19.0,24
2024-04-21,54.0,51.52173913043478,47.0,52.0,54.0,48.0,53.0,15.0,23
2024-04-22,64.0,61.875,60.0,56.0,64.0,57.0,56.0,24.0,24
2024-04-23,62.0,60.666666666666664,59.0,54.0,61.0,62.0,61.0,22.0,24
2024-04-24,62.0,56.458333333333336,55.0,44.0,53.0,62.0,59.0,22.0,24
2024-04-25,53.0,47.5,53.0,30.0,41.0,46.0,52.0,13.0,24
2024-04-26,59.0,56.0,54.0,52.0,53.0,59.0,57.0,19.0,24
2024-04-27,60.0,58.05263157894737,46.0,51.0,52.0,60.0,55.0,20.0,19
2024-04-28,55.0,49.583333333333336,50.0,36.0,37.0,55.0,54.0,16.0,24
2024-04-29,38.0,33.458333333333336,35.0,24.0,35.0,38.0,36.0,9.0,24
2024-04-30,50.0,42.666666666666664,35.0,35.0,33.0,50.0,43.0,12.0,24
2024-05-01,50.0,44.333333333333336,36.0,35.0,35.0,50.0,45.0,12.0,24
2024-05-02,53.0,43.041666666666664,47.0,23.0,35.0,42.0,53.0,13.0,24
2024-05-03,60.0,57.958333333333336,56.0,41.0,42.0,57.0,60.0,20.0,24
2024-05-04,57.0,54.75,53.0,41.0,34.0,57.0,56.0,17.0,24
2024-05-05,52.0,49.5,42.0,31.0,52.0,40.0,52.0,13.0,24
2024-05-06,43.0,34.125,40.0,28.0,43.0,37.0,32.0,10.0,24
2024-05-07,52.0,46.125,42.0,34.0,37.0,52.0,46.0,13.0,24
2024-05-08,60.0,57.833333333333336,53.0,55.0,55.0,56.0,60.0,20.0,24
2024-05-09,59.0,53.708333333333336,54.0,52.0,54.0,54.0,59.0,19.0,24
2024-05-10,47.0,42.0,47.0,34.0,42.0,43.0,45.0,11.0,24
2024-05-11,56.0,54.208333333333336,52.0,41.0,53.0,53.0,56.0,17.0,24
2024-05-12,54.0,45.625,51.0,38.0,53.0,52.0,54.0,15.0,24
2024-05-13,53.0,45.958333333333336,53.0,31.0,52.0,51.0,48.0,14.0,24
2024-05-14,57.0,55.708333333333336,52.0,49.0,57.0,51.0,53.0,18.0,24
2024-05-15,61.0,59.375,51.0,52.0,61.0,55.0,57.0,21.0,24
2024-05-16,58.0,55.625,55.0,43.0,58.0,54.0,58.0,18.0,24
2024-05-17,56.0,52.416666666666664,52.0,51.0,54.0,48.0,56.0,17.0,24
2024-05-18,56.0,54.75,52.0,52.0,54.0,52.0,56.0,17.0,24
2024-05-19,54.0,44.625,51.0,40.0,54.0,51.0,53.0,14.0,24
2024-05-20,28.0,24.416666666666668,23.0,27.0,25.0,28.0,27.0,7.0,24
2024-05-21,36.0,31.166666666666668,30.0,28.0,30.0,36.0,36.0,9.0,24
2024-05-22,52.0,48.666666666666664,52.0,41.0,32.0,52.0,52.0,13.0,24
2024-05-23,52.0,50.625,51.0,39.0,36.0,49.0,52.0,13.0,24
2024-05-24,55.0,53.375,46.0,46.0,42.0,54.0,55.0,15.0,24
2024-05-25,95.0,61.166666666666664,44.0,50.0,48.0,56.0,95.0,17.0,24
2024-05-26,51.0,40.86363636363637,34.0,41.0,38.0,51.0,51.0,12.0,22
2024-05-27,41.0,36.916666666666664,25.0,29.0,31.0,41.0,33.0,10.0,24
2024-05-28,54.0,46.458333333333336,43.0,47.0,48.0,52.0,54.0,15.0,24
2024-05-29,59.0,57.166666666666664,54.0,53.0,51.0,57.0,59.0,20.0,24
2024-05-30,55.0,49.041666666666664,52.0,40.0,43.0,55.0,53.0,16.0,24
2024-05-31,52.0,48.291666666666664,42.0,42.0,35.0,52.0,47.0,13.0,24
2024-06-01,52.0,47.916666666666664,44.0,44.0,41.0,52.0,48.0,13.0,24
2024-06-02,56.0,44.541666666666664,39.0,36.0,33.0,48.0,56.0,11.0,24
2024-06-03,71.0,46.541666666666664,41.0,34.0,37.0,47.0,71.0,11.0,24
2024-06-04,54.0,52.5,44.0,45.0,52.0,53.0,54.0,15.0,24
2024-06-05,54.0,52.833333333333336,54.0,43.0,51.0,54.0,54.0,15.0,24
2024-06-06,51.0,42.041666666666664,50.0,36.0,44.0,51.0,47.0,12.0,24
2024-06-07,60.0,56.375,54.0,47.0,58.0,57.0,60.0,20.0,24
2024-06-08,60.0,57.541666666666664,54.0,48.0,54.0,59.0,60.0,20.0,24
2024-06-09,57.0,55.625,52.0,47.0,46.0,57.0,56.0,18.0,24
2024-06-10,53.0,52.041666666666664,40.0,38.0,38.0,53.0,53.0,14.0,24
2024-06-11,62.0,59.1578947368421,55.0,53.0,52.0,62.0,62.0,22.0,19
2024-06-12,61.0,59.791666666666664,52.0,52.0,52.0,61.0,57.0,21.0,24
2024-06-13,60.0,57.5,53.0,49.0,55.0,60.0,58.0,20.0,24
2024-06-14,60.0,58.791666666666664,54.0,49.0,55.0,60.0,59.0,20.0,24
2024-06-15,66.0,64.04166666666667,57.0,57.0,55.0,66.0,62.0,25.0,24
2024-06-16,61.0,55.958333333333336,55.0,54.0,53.0,61.0,61.0,21.0,24
2024-06-17,51.0,44.708333333333336,40.0,38.0,38.0,51.0,47.0,12.0,24
2024-06-18,52.0,42.125,46.0,36.0,41.0,43.0,52.0,13.0,24
2024-06-19,58.0,56.416666666666664,52.0,48.0,52.0,57.0,58.0,18.0,24
2024-06-20,59.0,56.791666666666664,55.0,49.0,51.0,57.0,59.0,19.0,24
2024-06-21,54.0,42.875,54.0,46.0,44.0,52.0,54.0,15.0,24
2024-06-22,46.0,40.625,29.0,46.0,34.0,41.0,43.0,11.0,24
2024-06-23,56.0,46.86363636363637,40.0,52.0,44.0,55.0,56.0,16.0,22
2024-06-24,60.0,58.125,51.0,54.0,46.0,60.0,57.0,20.0,24
2024-06-25,58.0,56.333333333333336,51.0,51.0,47.0,58.0,55.0,18.0,24
2024-06-26,55.0,49.75,41.0,34.0,36.0,55.0,42.0,15.0,24
2024-06-27,53.0,50.375,51.0,44.0,49.0,53.0,53.0,14.0,24
2024-06-28,54.0,52.583333333333336,45.0,39.0,42.0,54.0,53.0,15.0,24
2024-06-29,55.0,54.291666666666664,50.0,47.0,37.0,55.0,55.0,16.0,24
2024-06-30,54.0,48.625,50.0,47.0,38.0,54.0,54.0,15.0,24
2024-07-01,59.0,45.708333333333336,54.0,54.0,51.0,57.0,59.0,19.0,24
2024-07-02,70.0,65.91666666666667,55.0,56.0,53.0,70.0,67.0,29.0,24
2024-07-03,61.0,54.375,51.0,42.0,49.0,61.0,59.0,21.0,24
2024-07-04,55.0,53.208333333333336,40.0,40.0,42.0,54.0,55.0,15.0,24
2024-07-05,62.0,56.5,49.0,41.0,49.0,62.0,58.0,22.0,24
2024-07-06,66.0,65.125,59.0,61.0,59.0,66.0,66.0,26.0,24
2024-07-07,63.0,55.625,57.0,60.0,59.0,60.0,63.0,23.0,24
2024-07-08,56.0,54.375,44.0,43.0,52.0,56.0,48.0,16.0,24
2024-07-09,53.0,50.791666666666664,43.0,31.0,38.0,53.0,41.0,14.0,24
2024-07-10,51.0,41.208333333333336,41.0,29.0,39.0,51.0,41.0,12.0,24
2024-07-11,52.0,49.25,41.0,39.0,44.0,52.0,52.0,13.0,24
2024-07-12,53.0,52.166666666666664,43.0,41.0,51.0,53.0,52.0,14.0,24
2024-07-13,61.0,56.958333333333336,52.0,54.0,52.0,61.0,53.0,21.0,24
2024-07-14,64.0,62.875,55.0,59.0,57.0,64.0,63.0,24.0,24
2024-07-15,66.0,65.125,56.0,58.0,58.0,66.0,65.0,25.0,24
2024-07-16,64.0,61.125,54.0,56.0,58.0,64.0,63.0,24.0,24
2024-07-17,61.0,60.5,53.0,53.0,56.0,61.0,58.0,21.0,24
2024-07-18,62.0,60.708333333333336,54.0,54.0,56.0,62.0,60.0,22.0,24
2024-07-19,58.0,56.416666666666664,51.0,54.0,56.0,58.0,57.0,19.0,24
2024-07-20,57.0,56.291666666666664,49.0,52.0,57.0,56.0,56.0,18.0,24
2024-07-21,56.0,55.666666666666664,52.0,51.0,56.0,56.0,56.0,17.0,24
2024-07-22,64.0,59.333333333333336,55.0,54.0,60.0,64.0,63.0,24.0,24
2024-07-23,72.0,68.5,57.0,61.0,64.0,72.0,70.0,31.0,24
2024-07-24,74.0,73.16666666666667,60.0,63.0,65.0,74.0,73.0,32.0,24
2024-07-25,71.0,66.79166666666667,59.0,61.0,62.0,71.0,70.0,30.0,24
2024-07-26,77.0,74.125,59.0,67.0,65.0,76.0,77.0,35.0,24
2024-07-27,73.0,66.75,57.0,64.0,62.0,73.0,72.0,32.0,24
2024-07-28,61.0,58.916666666666664,53.0,55.0,57.0,61.0,58.0,21.0,24
2024-07-29,58.0,57.041666666666664,52.0,53.0,56.0,58.0,56.0,18.0,24
2024-07-30,61.0,59.583333333333336,56.0,56.0,56.0,61.0,57.0,21.0,24
2024-07-31,60.0,57.708333333333336,54.0,54.0,56.0,60.0,56.0,20.0,24
2024-08-01,57.0,56.041666666666664,57.0,46.0,57.0,55.0,51.0,18.0,24
2024-08-02,56.0,51.875,54.0,47.0,56.0,52.0,52.0,16.0,24
2024-08-03,52.0,48.25,45.0,43.0,44.0,52.0,45.0,13.0,24
2024-08-04,47.0,44.791666666666664,33.0,46.0,43.0,47.0,42.0,11.0,24
2024-08-05,59.0,53.875,55.0,54.0,59.0,57.0,56.0,19.0,24
2024-08-06,58.0,57.0,54.0,53.0,57.0,58.0,56.0,18.0,24
2024-08-07,57.0,54.916666666666664,54.0,52.0,54.0,57.0,53.0,17.0,24
2024-08-08,56.0,53.708333333333336,50.0,52.0,50.0,56.0,53.0,16.0,24
2024-08-09,47.0,35.708333333333336,28.0,33.0,38.0,47.0,39.0,11.0,24
2024-08-10,56.0,46.5,47.0,48.0,49.0,54.0,56.0,16.0,24
2024-08-11,57.0,55.083333333333336,49.0,50.0,52.0,56.0,57.0,18.0,24
2024-08-12,54.0,52.416666666666664,43.0,44.0,50.0,54.0,52.0,15.0,24
2024-08-13,59.0,55.166666666666664,54.0,55.0,59.0,56.0,57.0,19.0,24
2024-08-14,60.0,56.375,54.0,55.0,60.0,56.0,58.0,20.0,24
2024-08-15,61.0,58.166666666666664,51.0,46.0,54.0,61.0,56.0,21.0,24
2024-08-16,58.0,54.291666666666664,45.0,47.0,53.0,58.0,56.0,18.0,24
2024-08-17,54.0,52.583333333333336,44.0,41.0,54.0,53.0,52.0,15.0,24
2024-08-18,56.0,54.916666666666664,46.0,47.0,56.0,54.0,54.0,17.0,24
2024-08-19,57.0,54.708333333333336,43.0,38.0,57.0,55.0,53.0,17.0,24
2024-08-20,54.0,52.958333333333336,38.0,37.0,51.0,54.0,44.0,15.0,24
2024-08-21,53.0,50.708333333333336,47.0,42.0,51.0,53.0,46.0,14.0,24
2024-08-22,57.0,55.625,49.0,53.0,56.0,57.0,55.0,17.0,24
2024-08-23,58.0,54.041666666666664,48.0,53.0,55.0,58.0,56.0,18.0,24
2024-08-24,51.0,48.0,39.0,34.0,50.0,51.0,41.0,12.0,24
2024-08-25,57.0,51.416666666666664,52.0,41.0,54.0,56.0,57.0,18.0,24
2024-08-26,66.0,63.375,60.0,58.0,56.0,66.0,64.0,26.0,24
2024-08-27,66.0,64.41666666666667,62.0,59.0,57.0,66.0,65.0,25.0,24
2024-08-28,65.0,57.333333333333336,58.0,55.0,56.0,65.0,65.0,24.0,24
2024-08-29,64.0,55.833333333333336,55.0,58.0,57.0,60.0,64.0,23.0,24
2024-08-30,64.0,60.75,55.0,60.0,57.0,61.0,64.0,23.0,24
2024-08-31,59.0,57.625,51.0,54.0,57.0,59.0,56.0,19.0,24
2024-09-01,65.0,63.875,52.0,51.0,56.0,65.0,56.0,25.0,24
2024-09-02,63.0,59.416666666666664,55.0,56.0,54.0,63.0,60.0,22.0,24
2024-09-03,61.0,60.083333333333336,56.0,57.0,57.0,60.0,61.0,21.0,24
2024-09-04,67.0,64.41666666666667,63.0,60.0,62.0,66.0,67.0,26.0,24
2024-09-05,68.0,63.708333333333336,61.0,60.0,62.0,67.0,68.0,27.0,24
2024-09-06,68.0,66.25,60.0,60.0,62.0,68.0,68.0,27.0,24
2024-09-07,63.0,58.083333333333336,53.0,55.0,58.0,63.0,61.0,23.0,24
2024-09-08,62.0,59.75,47.0,54.0,62.0,57.0,56.0,22.0,24
2024-09-09,58.0,54.666666666666664,51.0,52.0,58.0,54.0,54.0,18.0,24
2024-09-10,53.0,46.083333333333336,51.0,35.0,52.0,52.0,53.0,14.0,24
2024-09-11,52.0,43.458333333333336,52.0,35.0,49.0,44.0,51.0,13.0,24
2024-09-12,53.0,50.291666666666664,53.0,35.0,50.0,49.0,52.0,14.0,24
2024-09-13,51.0,41.666666666666664,43.0,41.0,51.0,48.0,44.0,12.0,24
2024-09-14,55.0,53.208333333333336,49.0,46.0,55.0,53.0,51.0,15.0,24
2024-09-15,61.0,58.0,54.0,53.0,57.0,61.0,61.0,21.0,24
2024-09-16,61.0,59.666666666666664,54.0,55.0,56.0,61.0,60.0,21.0,24
2024-09-17,59.0,57.625,53.0,55.0,55.0,59.0,59.0,20.0,24
2024-09-18,54.0,40.416666666666664,45.0,49.0,51.0,54.0,52.0,14.0,24
2024-09-19,66.0,54.041666666666664,57.0,57.0,66.0,63.0,64.0,25.0,24
2024-09-20,73.0,70.29166666666667,58.0,61.0,73.0,66.0,64.0,31.0,24
2024-09-21,73.0,64.58333333333333,56.0,61.0,73.0,64.0,63.0,31.0,24
2024-09-22,67.0,64.08333333333333,56.0,56.0,57.0,67.0,62.0,27.0,24
2024-09-23,66.0,63.166666666666664,56.0,54.0,59.0,66.0,61.0,25.0,24
2024-09-24,61.0,58.166666666666664,56.0,54.0,58.0,61.0,59.0,21.0,24
2024-09-25,60.0,58.833333333333336,53.0,54.0,56.0,55.0,60.0,20.0,24
2024-09-26,59.0,53.041666666666664,54.0,53.0,51.0,56.0,59.0,20.0,24
2024-09-27,54.0,49.416666666666664,52.0,44.0,49.0,54.0,53.0,15.0,24
2024-09-28,55.0,54.625,48.0,45.0,50.0,55.0,54.0,16.0,24
2024-09-29,54.0,53.291666666666664,42.0,30.0,41.0,54.0,52.0,15.0,24
2024-09-30,53.0,51.0,40.0,39.0,44.0,53.0,51.0,14.0,24
2024-10-01,58.0,55.875,57.0,35.0,33.0,58.0,52.0,18.0,24
2024-10-02,56.0,53.541666666666664,56.0,39.0,42.0,55.0,53.0,16.0,24
2024-10-03,55.0,53.416666666666664,44.0,40.0,42.0,55.0,52.0,15.0,24
2024-10-04,62.0,58.541666666666664,57.0,55.0,53.0,60.0,62.0,22.0,24
2024-10-05,62.0,58.666666666666664,57.0,54.0,52.0,60.0,62.0,22.0,24
2024-10-06,55.0,53.083333333333336,55.0,46.0,39.0,52.0,54.0,16.0,24
2024-10-07,61.0,57.416666666666664,61.0,49.0,51.0,55.0,55.0,21.0,24
2024-10-08,59.0,55.333333333333336,59.0,50.0,51.0,56.0,56.0,19.0,24
2024-10-09,56.0,55.166666666666664,51.0,41.0,45.0,56.0,54.0,16.0,24
2024-10-10,57.0,54.416666666666664,52.0,40.0,36.0,57.0,52.0,17.0,24
2024-10-11,61.0,58.041666666666664,54.0,40.0,42.0,59.0,61.0,20.0,24
2024-10-12,63.0,62.041666666666664,61.0,54.0,45.0,63.0,63.0,23.0,24
2024-10-13,60.0,56.166666666666664,58.0,56.0,51.0,57.0,60.0,20.0,24
2024-10-14,53.0,41.666666666666664,49.0,53.0,44.0,44.0,52.0,14.0,24
2024-10-15,53.0,50.625,44.0,53.0,44.0,39.0,46.0,14.0,24
2024-10-16,52.0,42.958333333333336,40.0,50.0,41.0,45.0,52.0,13.0,24
2024-10-17,65.0,60.166666666666664,57.0,52.0,52.0,65.0,64.0,24.0,24
2024-10-18,70.0,67.58333333333333,59.0,59.0,54.0,66.0,70.0,29.0,24
2024-10-19,75.0,72.0,59.0,60.0,54.0,75.0,72.0,33.0,24
2024-10-20,75.0,61.75,57.0,59.0,53.0,75.0,66.0,33.0,24
2024-10-21,65.0,60.0,57.0,55.0,53.0,65.0,62.0,25.0,24
2024-10-22,65.0,61.125,56.0,56.0,52.0,65.0,62.0,24.0,24
2024-10-23,62.0,61.041666666666664,58.0,55.0,51.0,62.0,62.0,22.0,24
2024-10-24,72.0,66.95833333333333,61.0,62.0,58.0,72.0,71.0,31.0,24
2024-10-25,73.0,70.16666666666667,62.0,61.0,60.0,73.0,70.0,32.0,24
2024-10-26,62.0,55.708333333333336,56.0,53.0,55.0,62.0,59.0,22.0,24
2024-10-27,60.0,58.375,55.0,54.0,52.0,57.0,60.0,20.0,24
2024-10-28,56.0,53.333333333333336,53.0,52.0,52.0,53.0,56.0,16.0,24
2024-10-29,69.0,62.583333333333336,62.0,59.0,59.0,69.0,68.0,28.0,24
2024-10-30,72.0,69.41666666666667,65.0,59.0,61.0,70.0,72.0,31.0,24
2024-10-31,75.0,71.0,70.0,64.0,61.0,73.0,75.0,33.0,24
2024-11-01,74.0,61.583333333333336,67.0,59.0,59.0,74.0,70.0,33.0,24
2024-11-02,63.0,60.5,56.0,55.0,48.0,62.0,63.0,23.0,24
2024-11-03,59.0,53.166666666666664,54.0,52.0,42.0,59.0,58.0,19.0,24
2024-11-04,59.0,57.166666666666664,58.0,53.0,51.0,57.0,59.0,19.0,24
2024-11-05,58.0,56.666666666666664,56.0,51.0,51.0,58.0,58.0,18.0,18
2024-11-06,59.0,56.4,55.0,50.0,53.0,59.0,56.0,19.0,15
2024-11-07,54.0,53.083333333333336,54.0,51.0,53.0,54.0,54.0,15.0,24
2024-11-08,58.0,56.291666666666664,57.0,53.0,53.0,55.0,58.0,18.0,24
2024-11-09,57.0,54.583333333333336,55.0,50.0,51.0,56.0,57.0,17.0,24
2024-11-10,61.0,57.666666666666664,55.0,51.0,49.0,61.0,60.0,21.0,24
2024-11-11,60.0,50.166666666666664,55.0,44.0,46.0,55.0,60.0,20.0,24
2024-11-12,67.0,64.375,63.0,58.0,54.0,61.0,67.0,26.0,24
2024-11-13,63.0,59.708333333333336,62.0,58.0,54.0,56.0,63.0,23.0,24
2024-11-14,55.0,54.0,54.0,52.0,54.0,55.0,55.0,16.0,24
2024-11-15,61.0,56.958333333333336,61.0,49.0,52.0,53.0,60.0,21.0,24
2024-11-16,64.0,62.333333333333336,62.0,54.0,54.0,55.0,64.0,24.0,24
2024-11-17,56.0,53.958333333333336,53.0,46.0,45.0,52.0,56.0,17.0,24
2024-11-18,52.0,32.541666666666664,44.0,28.0,33.0,44.0,52.0,13.0,24
2024-11-19,34.0,29.833333333333332,31.0,25.0,33.0,31.0,34.0,8.0,24
2024-11-20,41.0,38.041666666666664,34.0,32.0,37.0,41.0,36.0,10.0,24
2024-11-21,42.0,39.625,42.0,32.0,42.0,40.0,40.0,10.0,24
2024-11-22,57.0,53.666666666666664,57.0,33.0,41.0,47.0,51.0,18.0,24
2024-11-23,57.0,43.416666666666664,57.0,30.0,36.0,32.0,50.0,18.0,24
2024-11-24,43.0,40.125,42.0,35.0,35.0,43.0,39.0,10.0,24
2024-11-25,52.0,44.25,52.0,35.0,41.0,45.0,52.0,13.0,24
2024-11-26,55.0,52.708333333333336,55.0,33.0,45.0,51.0,52.0,15.0,24
2024-11-27,52.0,50.416666666666664,51.0,44.0,48.0,47.0,52.0,13.0,24
2024-11-28,53.0,50.375,51.0,45.0,49.0,48.0,53.0,14.0,24
2024-11-29,54.0,48.541666666666664,44.0,44.0,39.0,51.0,54.0,14.0,24
2024-11-30,52.0,43.041666666666664,49.0,39.0,41.0,39.0,52.0,13.0,24
2024-12-01,52.0,47.208333333333336,48.0,39.0,44.0,41.0,52.0,13.0,24
2024-12-02,43.0,36.0,41.0,35.0,43.0,37.0,42.0,10.0,24
2024-12-03,51.0,48.625,45.0,45.0,44.0,46.0,51.0,13.0,24
2024-12-04,53.0,51.958333333333336,52.0,52.0,45.0,53.0,53.0,14.0,24
2024-12-05,52.0,46.458333333333336,52.0,40.0,41.0,51.0,51.0,13.0,24
2024-12-06,53.0,52.583333333333336,53.0,42.0,49.0,53.0,51.0,14.0,24
2024-12-07,54.0,49.666666666666664,43.0,38.0,48.0,54.0,49.0,15.0,24
2024-12-08,51.0,45.458333333333336,42.0,30.0,42.0,51.0,48.0,12.0,24
2024-12-09,39.0,33.375,39.0,25.0,38.0,28.0,27.0,9.0,24
2024-12-10,42.0,38.25,42.0,23.0,30.0,24.0,23.0,10.0,24
2024-12-11,48.0,42.916666666666664,47.0,30.0,38.0,48.0,44.0,12.0,24
2024-12-12,55.0,52.625,55.0,40.0,53.0,53.0,54.0,15.0,24
2024-12-13,56.0,55.208333333333336,55.0,45.0,56.0,54.0,55.0,17.0,24
2024-12-14,61.0,58.375,54.0,49.0,61.0,52.0,56.0,21.0,24
2024-12-15,60.0,57.833333333333336,54.0,47.0,60.0,55.0,57.0,20.0,24
2024-12-16,56.0,52.125,48.0,39.0,56.0,54.0,54.0,16.0,24
2024-12-17,48.0,43.416666666666664,48.0,36.0,48.0,44.0,42.0,12.0,24
2024-12-18,40.0,36.291666666666664,40.0,32.0,31.0,26.0,32.0,10.0,24
2024-12-19,42.0,37.166666666666664,42.0,32.0,34.0,39.0,38.0,10.0,24
2024-12-20,56.0,50.125,51.0,41.0,56.0,43.0,46.0,16.0,24
2024-12-21,59.0,56.583333333333336,54.0,53.0,59.0,54.0,56.0,19.0,24
2024-12-22,56.0,53.375,54.0,53.0,56.0,53.0,54.0,17.0,24
2024-12-23,58.0,56.291666666666664,49.0,52.0,54.0,56.0,58.0,19.0,24
2024-12-24,57.0,52.25,47.0,51.0,53.0,54.0,57.0,17.0,24
2024-12-25,55.0,53.458333333333336,44.0,42.0,52.0,55.0,53.0,15.0,24
2024-12-26,56.0,53.541666666666664,53.0,40.0,54.0,56.0,54.0,16.0,24
2024-12-27,59.0,57.5,53.0,44.0,55.0,59.0,55.0,19.0,24
2024-12-28,55.0,52.416666666666664,42.0,33.0,52.0,55.0,52.0,16.0,24
2024-12-29,47.0,38.541666666666664,38.0,28.0,47.0,45.0,41.0,11.0,24
2024-12-30,36.0,31.625,33.0,28.0,36.0,32.0,31.0,9.0,24
2024-12-31,36.0,33.583333333333336,36.0,31.0,35.0,30.0,33.0,9.0,24
2025-01-01,52.0,48.458333333333336,45.0,36.0,50.0,45.0,52.0,13.0,24
2025-01-02,55.0,50.25,46.0,40.0,53.0,55.0,54.0,15.0,24
2025-01-03,57.0,55.75,46.0,43.0,53.0,57.0,56.0,17.0,24
2025-01-04,56.0,54.833333333333336,49.0,41.0,54.0,56.0,53.0,16.0,24
2025-01-05,53.0,52.791666666666664,42.0,40.0,53.0,51.0,48.0,14.0,24
2025-01-06,54.0,51.916666666666664,47.0,41.0,54.0,38.0,42.0,15.0,24
2025-01-07,61.0,58.875,53.0,46.0,61.0,51.0,53.0,21.0,24
2025-01-08,59.0,53.291666666666664,52.0,43.0,59.0,52.0,53.0,19.0,24
2025-01-09,58.0,57.208333333333336,54.0,51.0,58.0,54.0,54.0,18.0,24
2025-01-10,65.0,62.041666666666664,55.0,53.0,65.0,61.0,60.0,24.0,24
2025-01-11,57.0,38.041666666666664,47.0,36.0,57.0,54.0,52.0,17.0,24
2025-01-12,52.0,43.75,30.0,33.0,47.0,52.0,30.0,13.0,24
2025-01-13,50.0,41.083333333333336,28.0,25.0,42.0,50.0,27.0,12.0,24
2025-01-14,53.0,46.125,31.0,22.0,36.0,53.0,29.0,14.0,24
2025-01-15,70.0,61.041666666666664,62.0,55.0,61.0,70.0,66.0,29.0,24
2025-01-16,71.0,61.25,62.0,58.0,62.0,71.0,70.0,30.0,24
2025-01-17,46.0,41.833333333333336,40.0,36.0,44.0,39.0,46.0,11.0,24
2025-01-18,40.0,37.791666666666664,40.0,38.0,40.0,27.0,36.0,10.0,24
2025-01-19,44.0,39.416666666666664,41.0,39.0,44.0,29.0,38.0,10.0,24
2025-01-20,53.0,51.291666666666664,48.0,43.0,53.0,37.0,46.0,14.0,24
2025-01-21,51.0,47.291666666666664,46.0,41.0,51.0,37.0,48.0,12.0,24
2025-01-22,57.0,53.25,54.0,55.0,57.0,57.0,56.0,18.0,24
2025-01-23,58.0,55.333333333333336,56.0,55.0,56.0,58.0,55.0,18.0,24
2025-01-24,51.0,46.375,49.0,39.0,48.0,48.0,51.0,12.0,24
2025-01-25,52.0,47.0,37.0,34.0,50.0,39.0,52.0,13.0,24
2025-01-26,49.0,46.875,43.0,40.0,45.0,39.0,49.0,12.0,24
2025-01-27,44.0,39.0,38.0,33.0,44.0,35.0,43.0,11.0,24
2025-01-28,54.0,45.25,53.0,52.0,54.0,51.0,53.0,15.0,24
2025-01-29,58.0,56.541666666666664,57.0,55.0,55.0,58.0,56.0,18.0,24
2025-01-30,56.0,52.208333333333336,53.0,52.0,52.0,56.0,52.0,16.0,24
2025-01-31,52.0,50.958333333333336,52.0,51.0,52.0,47.0,49.0,13.0,24
2025-02-01,52.0,49.833333333333336,49.0,47.0,51.0,52.0,51.0,13.0,24
2025-02-02,56.0,53.583333333333336,53.0,51.0,54.0,54.0,56.0,16.0,24
2025-02-03,62.0,59.125,56.0,56.0,59.0,59.0,62.0,22.0,24
2025-02-04,62.0,57.208333333333336,56.0,57.0,60.0,59.0,62.0,22.0,24
2025-02-05,46.0,34.958333333333336,40.0,36.0,45.0,43.0,46.0,11.0,24
2025-02-06,65.0,58.25,61.0,60.0,57.0,65.0,62.0,24.0,24
2025-02-07,65.0,57.0,61.0,60.0,57.0,65.0,61.0,25.0,24
2025-02-08,53.0,50.0,47.0,43.0,53.0,51.0,51.0,14.0,24
2025-02-09,50.0,48.416666666666664,44.0,44.0,50.0,46.0,49.0,12.0,24
2025-02-10,53.0,52.0,46.0,49.0,53.0,51.0,51.0,14.0,24
2025-02-11,51.0,37.541666666666664,43.0,45.0,51.0,47.0,47.0,12.0,24
2025-02-12,52.0,39.583333333333336,44.0,42.0,50.0,51.0,52.0,13.0,24
2025-02-13,57.0,55.583333333333336,52.0,48.0,53.0,56.0,57.0,17.0,24
2025-02-14,53.0,45.333333333333336,38.0,42.0,43.0,53.0,53.0,14.0,24
2025-02-15,49.0,44.916666666666664,30.0,31.0,38.0,49.0,44.0,12.0,24
2025-02-16,52.0,48.291666666666664,41.0,33.0,43.0,52.0,46.0,13.0,24
2025-02-17,54.0,51.791666666666664,49.0,41.0,53.0,53.0,54.0,15.0,24
2025-02-18,51.0,37.0,38.0,41.0,51.0,51.0,51.0,13.0,24
2025-02-19,48.0,40.833333333333336,37.0,44.0,47.0,48.0,43.0,11.0,24
2025-02-20,52.0,50.291666666666664,43.0,45.0,50.0,51.0,52.0,13.0,24
2025-02-21,52.0,50.708333333333336,44.0,44.0,52.0,49.0,52.0,13.0,24
2025-02-22,51.0,47.125,46.0,45.0,51.0,46.0,41.0,12.0,24
2025-02-23,47.0,44.791666666666664,41.0,33.0,47.0,42.0,40.0,11.0,24
2025-02-24,42.0,36.208333333333336,36.0,32.0,42.0,36.0,35.0,10.0,24
2025-02-25,34.0,30.333333333333332,30.0,28.0,33.0,34.0,34.0,8.0,24
2025-02-26,51.0,44.916666666666664,40.0,41.0,45.0,48.0,51.0,12.0,24
2025-02-27,51.0,50.041666666666664,40.0,46.0,51.0,48.0,51.0,12.0,24
2025-02-28,52.0,50.25,39.0,42.0,52.0,43.0,45.0,13.0,24
2025-03-01,52.0,50.25,40.0,52.0,52.0,44.0,48.0,13.0,24
2025-03-02,49.0,43.708333333333336,39.0,49.0,48.0,43.0,43.0,12.0,24
2025-03-03,54.0,47.416666666666664,42.0,37.0,50.0,54.0,52.0,15.0,24
2025-03-04,58.0,55.75,51.0,46.0,46.0,58.0,52.0,18.0,24
2025-03-05,57.0,54.75,51.0,48.0,52.0,57.0,55.0,17.0,24
2025-03-06,57.0,52.541666666666664,52.0,44.0,53.0,57.0,55.0,17.0,24
2025-03-07,54.0,40.333333333333336,41.0,30.0,44.0,54.0,47.0,15.0,24
2025-03-08,58.0,55.25,43.0,40.0,50.0,58.0,56.0,18.0,24
2025-03-09,52.0,44.458333333333336,32.0,38.0,44.0,49.0,52.0,13.0,24
2025-03-10,44.0,40.75,32.0,37.0,42.0,40.0,44.0,11.0,24
2025-03-11,38.0,36.166666666666664,28.0,29.0,27.0,38.0,35.0,9.0,24
2025-03-12,35.0,32.166666666666664,25.0,35.0,33.0,34.0,31.0,8.0,24
2025-03-13,45.0,41.791666666666664,38.0,38.0,45.0,42.0,42.0,11.0,24
2025-03-14,44.0,38.541666666666664,37.0,34.0,44.0,38.0,42.0,10.0,24
2025-03-15,43.0,39.791666666666664,37.0,34.0,39.0,43.0,43.0,10.0,24
2025-03-16,45.0,38.958333333333336,37.0,31.0,35.0,45.0,44.0,11.0,24
2025-03-17,39.0,36.75,31.0,30.0,39.0,36.0,37.0,9.0,24
2025-03-18,49.0,44.083333333333336,47.0,43.0,49.0,45.0,44.0,12.0,24
2025-03-19,53.0,52.166666666666664,48.0,52.0,53.0,51.0,51.0,14.0,24
2025-03-20,50.0,32.916666666666664,38.0,50.0,47.0,40.0,43.0,12.0,24
2025-03-21,55.0,46.166666666666664,54.0,51.0,55.0,52.0,55.0,16.0,24
2025-03-22,57.0,55.208333333333336,55.0,53.0,56.0,55.0,57.0,17.0,24
2025-03-23,52.0,35.875,41.0,44.0,33.0,52.0,51.0,13.0,24
2025-03-24,52.0,39.875,40.0,43.0,47.0,46.0,52.0,13.0,24
2025-03-25,66.0,57.625,55.0,60.0,61.0,60.0,66.0,25.0,24
2025-03-26,77.0,74.125,67.0,66.0,70.0,71.0,77.0,35.0,24
2025-03-27,77.0,73.91666666666667,67.0,65.0,69.0,70.0,77.0,35.0,24
2025-03-28,70.0,63.666666666666664,62.0,62.0,66.0,62.0,70.0,28.0,24
2025-03-29,66.0,61.166666666666664,56.0,57.0,60.0,66.0,66.0,25.0,24
2025-03-30,66.0,64.75,55.0,56.0,58.0,66.0,66.0,26.0,24
2025-03-31,71.0,68.16666666666667,59.0,53.0,59.0,71.0,60.0,30.0,24
2025-04-01,66.0,59.25,59.0,52.0,58.0,66.0,59.0,26.0,24
2025-04-02,59.0,54.125,52.0,49.0,54.0,59.0,56.0,19.0,24
2025-04-03,45.0,40.166666666666664,36.0,45.0,42.0,42.0,36.0,11.0,24
2025-04-04,49.0,43.791666666666664,32.0,40.0,39.0,48.0,49.0,12.0,24
2025-04-05,52.0,49.958333333333336,38.0,41.0,45.0,51.0,52.0,13.0,24
2025-04-06,51.0,47.416666666666664,39.0,34.0,34.0,51.0,47.0,12.0,24
2025-04-07,46.0,31.416666666666668,34.0,31.0,34.0,46.0,39.0,11.0,24
2025-04-08,52.0,39.458333333333336,33.0,34.0,38.0,52.0,42.0,13.0,24
2025-04-09,52.0,46.708333333333336,37.0,33.0,44.0,52.0,48.0,13.0,24
2025-04-10,56.0,47.75,53.0,48.0,46.0,56.0,55.0,17.0,24
2025-04-11,61.0,57.583333333333336,54.0,50.0,51.0,61.0,60.0,21.0,24
2025-04-12,50.0,36.25,42.0,32.0,39.0,50.0,47.0,12.0,24
2025-04-13,45.0,41.0,37.0,28.0,45.0,42.0,38.0,11.0,24
2025-04-14,43.0,36.416666666666664,39.0,33.0,35.0,43.0,37.0,10.0,24
2025-04-15,44.0,42.125,37.0,35.0,32.0,44.0,43.0,11.0,24
2025-04-16,57.0,48.833333333333336,47.0,53.0,56.0,48.0,57.0,17.0,24
2025-04-17,57.0,50.208333333333336,47.0,53.0,56.0,49.0,57.0,17.0,24
2025-04-18,53.0,46.5,50.0,40.0,52.0,52.0,53.0,14.0,24
2025-04-19,56.0,53.625,52.0,54.0,56.0,53.0,55.0,16.0,24
2025-04-20,47.0,41.875,40.0,47.0,43.0,38.0,39.0,11.0,24
2025-04-21,50.0,45.916666666666664,50.0,48.0,46.0,43.0,48.0,12.0,24
2025-04-22,56.0,53.041666666666664,52.0,40.0,54.0,56.0,54.0,17.0,24
2025-04-23,58.0,56.0,55.0,38.0,52.0,57.0,58.0,19.0,24
2025-04-24,65.0,60.625,59.0,57.0,59.0,56.0,65.0,24.0,24
2025-04-25,68.0,65.04166666666667,59.0,58.0,59.0,64.0,68.0,27.0,24
2025-04-26,63.0,57.708333333333336,54.0,51.0,54.0,62.0,63.0,23.0,24
2025-04-27,61.0,58.875,52.0,45.0,58.0,60.0,61.0,21.0,24
2025-04-28,58.0,55.75,51.0,41.0,55.0,58.0,58.0,18.0,24
2025-04-29,57.0,54.916666666666664,56.0,54.0,57.0,54.0,57.0,17.0,24
2025-04-30,57.0,54.75,54.0,55.0,55.0,54.0,57.0,18.0,24
2025-05-01,54.0,51.25,47.0,42.0,49.0,51.0,54.0,15.0,24
2025-05-02,62.0,58.5,57.0,52.0,56.0,56.0,62.0,22.0,24
2025-05-03,62.0,59.458333333333336,61.0,51.0,55.0,58.0,62.0,22.0,24
2025-05-04,56.0,43.166666666666664,56.0,42.0,51.0,51.0,54.0,17.0,24
2025-05-05,52.0,43.791666666666664,52.0,47.0,46.0,37.0,52.0,13.0,24
2025-05-06,52.0,46.375,52.0,45.0,44.0,42.0,52.0,13.0,24
2025-05-07,59.0,53.166666666666664,55.0,53.0,54.0,59.0,57.0,19.0,24
2025-05-08,62.0,60.375,56.0,53.0,54.0,61.0,62.0,21.0,24
2025-05-09,62.0,59.958333333333336,58.0,56.0,55.0,62.0,62.0,22.0,24
2025-05-10,64.0,57.083333333333336,57.0,55.0,58.0,58.0,64.0,23.0,24
2025-05-11,65.0,59.5,61.0,58.0,60.0,61.0,65.0,25.0,24
2025-05-12,56.0,51.208333333333336,54.0,42.0,55.0,52.0,56.0,16.0,24
2025-05-13,63.0,59.541666666666664,55.0,52.0,57.0,63.0,62.0,23.0,24
2025-05-14,64.0,60.291666666666664,52.0,52.0,56.0,64.0,61.0,24.0,24
2025-05-15,62.0,58.416666666666664,59.0,54.0,56.0,62.0,60.0,22.0,24
2025-05-16,64.0,60.375,59.0,52.0,59.0,64.0,61.0,23.0,24
2025-05-17,59.0,54.666666666666664,54.0,46.0,56.0,55.0,59.0,19.0,24
2025-05-18,54.0,44.791666666666664,50.0,33.0,34.0,54.0,46.0,15.0,24
2025-05-19,52.0,41.291666666666664,52.0,25.0,38.0,48.0,41.0,13.0,24
2025-05-20,59.0,56.583333333333336,59.0,29.0,44.0,56.0,57.0,19.0,24
2025-05-21,57.0,54.625,54.0,49.0,54.0,55.0,57.0,17.0,24
2025-05-22,62.0,57.666666666666664,57.0,54.0,61.0,59.0,62.0,21.0,24
2025-05-23,63.0,60.041666666666664,57.0,55.0,61.0,60.0,63.0,22.0,24
2025-05-24,63.0,54.5,52.0,63.0,55.0,53.0,52.0,22.0,24
2025-05-25,63.0,59.291666666666664,46.0,63.0,55.0,52.0,52.0,23.0,24
2025-05-26,51.0,49.458333333333336,42.0,47.0,50.0,51.0,51.0,12.0,24
2025-05-27,59.0,53.375,54.0,51.0,51.0,56.0,59.0,19.0,24
2025-05-28,86.0,62.625,86.0,55.0,57.0,60.0,60.0,20.0,24
2025-05-29,60.0,57.083333333333336,52.0,53.0,54.0,60.0,56.0,20.0,24
2025-05-30,60.0,58.083333333333336,55.0,55.0,53.0,60.0,59.0,20.0,24
2025-05-31,58.0,55.708333333333336,53.0,50.0,52.0,58.0,56.0,18.0,24
2025-06-01,54.0,51.708333333333336,52.0,43.0,48.0,54.0,52.0,15.0,24
2025-06-02,51.0,45.75,47.0,33.0,46.0,51.0,51.0,12.0,24
2025-06-03,57.0,54.708333333333336,51.0,45.0,52.0,57.0,54.0,18.0,24
2025-06-04,66.0,63.375,57.0,54.0,58.0,66.0,62.0,25.0,24
2025-06-05,65.0,64.0,60.0,55.0,59.0,65.0,64.0,25.0,24
2025-06-06,63.0,57.625,60.0,54.0,56.0,63.0,60.0,23.0,24
2025-06-07,52.0,47.708333333333336,52.0,40.0,45.0,52.0,51.0,13.0,24
2025-06-08,55.0,53.75,39.0,29.0,42.0,55.0,42.0,16.0,24
2025-06-09,59.0,55.0,52.0,38.0,52.0,55.0,59.0,19.0,24
2025-06-10,59.0,51.625,52.0,41.0,53.0,54.0,59.0,19.0,24
2025-06-11,50.0,36.583333333333336,46.0,37.0,44.0,48.0,50.0,12.0,24
2025-06-12,61.0,57.541666666666664,59.0,51.0,58.0,61.0,61.0,21.0,24
2025-06-13,60.0,55.708333333333336,59.0,51.0,57.0,60.0,60.0,20.0,24
2025-06-14,51.0,44.791666666666664,40.0,34.0,42.0,51.0,45.0,12.0,24
2025-06-15,39.0,33.833333333333336,34.0,28.0,38.0,39.0,33.0,9.0,24
2025-06-16,49.0,41.416666666666664,46.0,37.0,42.0,49.0,48.0,12.0,24
2025-06-17,58.0,55.5,56.0,53.0,56.0,52.0,58.0,18.0,24
2025-06-18,57.0,48.041666666666664,55.0,52.0,54.0,47.0,57.0,17.0,24
2025-06-19,53.0,51.291666666666664,48.0,48.0,53.0,51.0,52.0,13.0,24
2025-06-20,63.0,59.625,59.0,53.0,55.0,63.0,59.0,23.0,24
2025-06-21,64.0,62.583333333333336,60.0,58.0,60.0,63.0,64.0,23.0,24
2025-06-22,63.0,59.416666666666664,59.0,56.0,57.0,62.0,63.0,23.0,24
2025-06-23,58.0,55.958333333333336,54.0,50.0,51.0,56.0,58.0,18.0,24
2025-06-24,59.0,56.75,51.0,49.0,52.0,58.0,59.0,19.0,24
2025-06-25,54.0,51.833333333333336,52.0,45.0,47.0,53.0,54.0,15.0,24
2025-06-26,55.0,51.916666666666664,46.0,41.0,48.0,55.0,53.0,15.0,24
2025-06-27,67.0,60.458333333333336,59.0,57.0,62.0,67.0,67.0,26.0,24
2025-06-28,71.0,68.33333333333333,62.0,57.0,63.0,71.0,69.0,29.0,24
2025-06-29,64.0,56.125,57.0,52.0,57.0,64.0,59.0,23.0,24
2025-06-30,57.0,52.0,54.0,52.0,52.0,57.0,56.0,17.0,24
2025-07-01,58.0,56.583333333333336,54.0,52.0,53.0,58.0,57.0,18.0,24
2025-07-02,55.0,52.291666666666664,48.0,48.0,44.0,55.0,52.0,16.0,24
2025-07-03,65.0,60.916666666666664,55.0,60.0,61.0,65.0,62.0,25.0,24
2025-07-04,62.0,61.166666666666664,55.0,57.0,59.0,62.0,61.0,22.0,24
2025-07-05,59.0,56.208333333333336,52.0,52.0,52.0,59.0,57.0,19.0,24
2025-07-06,58.0,55.916666666666664,53.0,52.0,52.0,58.0,57.0,18.0,24
2025-07-07,54.0,53.541666666666664,53.0,35.0,42.0,54.0,53.0,15.0,24
2025-07-08,54.0,52.791666666666664,37.0,38.0,40.0,54.0,40.0,15.0,24
2025-07-09,55.0,51.916666666666664,46.0,42.0,45.0,55.0,52.0,15.0,24
2025-07-10,54.0,53.25,48.0,45.0,43.0,54.0,53.0,15.0,24
2025-07-11,55.0,53.75,52.0,51.0,54.0,55.0,55.0,16.0,24
2025-07-12,57.0,55.375,48.0,51.0,55.0,57.0,56.0,18.0,24
2025-07-13,58.0,56.208333333333336,56.0,47.0,52.0,58.0,56.0,18.0,24
2025-07-14,57.0,52.5,54.0,42.0,47.0,57.0,55.0,17.0,24
2025-07-15,60.0,57.666666666666664,53.0,45.0,51.0,60.0,57.0,20.0,24
2025-07-16,67.0,63.875,56.0,52.0,55.0,67.0,61.0,26.0,24
2025-07-17,61.0,57.541666666666664,56.0,52.0,55.0,61.0,60.0,21.0,24
2025-07-18,67.0,57.041666666666664,67.0,53.0,54.0,58.0,56.0,18.0,24
2025-07-19,62.0,60.625,59.0,58.0,57.0,62.0,61.0,22.0,24
2025-07-20,63.0,61.875,58.0,60.0,56.0,63.0,61.0,23.0,24
2025-07-21,61.0,60.333333333333336,55.0,56.0,56.0,61.0,60.0,21.0,24
2025-07-22,67.0,63.916666666666664,57.0,54.0,55.0,67.0,61.0,26.0,24
2025-07-23,69.0,66.375,61.0,57.0,65.0,69.0,66.0,28.0,24
2025-07-24,68.0,65.625,62.0,58.0,65.0,68.0,66.0,27.0,24
2025-07-25,63.0,60.791666666666664,58.0,53.0,59.0,63.0,58.0,23.0,24
2025-07-26,61.0,58.791666666666664,56.0,51.0,57.0,61.0,59.0,21.0,24
2025-07-27,55.0,51.541666666666664,52.0,44.0,54.0,54.0,55.0,16.0,24
2025-07-28,55.0,53.958333333333336,50.0,38.0,55.0,55.0,54.0,15.0,24
2025-07-29,58.0,55.583333333333336,54.0,47.0,54.0,58.0,55.0,19.0,24
2025-07-30,62.0,60.916666666666664,54.0,53.0,57.0,62.0,60.0,22.0,24
2025-07-31,61.0,59.791666666666664,54.0,53.0,61.0,61.0,59.0,21.0,24
2025-08-01,57.0,56.208333333333336,53.0,45.0,57.0,57.0,54.0,18.0,24
2025-08-02,71.0,56.208333333333336,71.0,48.0,55.0,56.0,54.0,17.0,24
2025-08-03,57.0,55.5,52.0,49.0,57.0,54.0,53.0,17.0,24
2025-08-04,58.0,55.958333333333336,56.0,48.0,52.0,58.0,52.0,18.0,24
2025-08-05,70.0,52.458333333333336,70.0,44.0,45.0,56.0,52.0,17.0,24
2025-08-06,49.0,45.416666666666664,38.0,34.0,38.0,49.0,39.0,12.0,24
2025-08-07,64.0,54.541666666666664,55.0,54.0,62.0,64.0,60.0,23.0,24
2025-08-08,69.0,67.54166666666667,61.0,57.0,66.0,69.0,66.0,28.0,24
2025-08-09,66.0,63.833333333333336,58.0,56.0,63.0,66.0,62.0,25.0,24
2025-08-10,66.0,64.91666666666667,60.0,55.0,62.0,66.0,56.0,26.0,24
2025-08-11,65.0,61.625,59.0,52.0,63.0,65.0,52.0,24.0,24
2025-08-12,59.0,57.125,55.0,45.0,59.0,59.0,53.0,19.0,24
2025-08-13,55.0,50.166666666666664,53.0,40.0,55.0,55.0,53.0,16.0,24
2025-08-14,46.0,43.458333333333336,43.0,34.0,46.0,45.0,43.0,11.0,24
2025-08-15,48.0,44.25,43.0,31.0,47.0,45.0,48.0,11.0,24
2025-08-16,58.0,54.333333333333336,47.0,49.0,54.0,58.0,55.0,19.0,24
2025-08-17,58.0,55.916666666666664,51.0,52.0,55.0,58.0,55.0,18.0,24
2025-08-18,59.0,56.583333333333336,55.0,44.0,52.0,59.0,52.0,19.0,24
2025-08-19,59.0,57.833333333333336,55.0,37.0,52.0,59.0,40.0,19.0,24
2025-08-20,55.0,51.208333333333336,51.0,35.0,47.0,55.0,45.0,16.0,24
2025-08-21,56.0,54.666666666666664,54.0,40.0,52.0,56.0,52.0,17.0,24
2025-08-22,67.0,64.54166666666667,59.0,54.0,56.0,67.0,60.0,27.0,24
2025-08-23,65.0,58.875,58.0,55.0,63.0,65.0,60.0,25.0,24
2025-08-24,73.0,68.375,65.0,61.0,73.0,68.0,69.0,32.0,24
2025-08-25,63.0,55.25,57.0,55.0,62.0,63.0,61.0,22.0,24
2025-08-26,60.0,54.833333333333336,54.0,52.0,60.0,57.0,58.0,20.0,24
2025-08-27,71.0,66.04166666666667,63.0,61.0,70.0,67.0,71.0,30.0,24
2025-08-28,71.0,64.70833333333333,62.0,61.0,69.0,68.0,71.0,30.0,24
2025-08-29,66.0,59.416666666666664,61.0,55.0,59.0,61.0,66.0,25.0,24
2025-08-30,69.0,63.666666666666664,63.0,57.0,62.0,66.0,69.0,28.0,24
2025-08-31,55.0,48.625,51.0,44.0,45.0,55.0,52.0,16.0,24
2025-09-01,58.0,55.0,53.0,48.0,52.0,58.0,53.0,18.0,24
2025-09-02,51.0,45.458333333333336,37.0,35.0,38.0,51.0,44.0,12.0,24
2025-09-03,42.0,37.458333333333336,41.0,30.0,31.0,41.0,42.0,10.0,24
2025-09-04,54.0,50.166666666666664,51.0,38.0,54.0,52.0,49.0,15.0,24
2025-09-05,54.0,49.208333333333336,50.0,40.0,54.0,45.0,49.0,15.0,24
2025-09-06,52.0,43.416666666666664,46.0,36.0,48.0,52.0,43.0,13.0,24
2025-09-07,58.0,55.875,53.0,43.0,56.0,58.0,48.0,18.0,24
2025-09-08,60.0,57.916666666666664,58.0,54.0,60.0,55.0,55.0,20.0,24
2025-09-09,58.0,55.291666666666664,55.0,51.0,58.0,54.0,55.0,18.0,24
2025-09-10,56.0,53.041666666666664,54.0,48.0,56.0,53.0,55.0,16.0,24
2025-09-11,62.0,60.708333333333336,56.0,56.0,62.0,55.0,58.0,22.0,24
2025-09-12,59.0,54.958333333333336,53.0,53.0,59.0,52.0,55.0,19.0,24
2025-09-13,54.0,52.791666666666664,48.0,47.0,53.0,54.0,52.0,15.0,24
2025-09-14,55.0,48.5,45.0,37.0,44.0,55.0,48.0,15.0,24
2025-09-15,58.0,56.291666666666664,54.0,43.0,55.0,58.0,56.0,18.0,24
2025-09-16,69.0,64.5,60.0,55.0,67.0,58.0,69.0,28.0,24
2025-09-17,64.0,50.791666666666664,56.0,53.0,64.0,57.0,63.0,24.0,24
2025-09-18,54.0,49.208333333333336,50.0,44.0,54.0,54.0,54.0,15.0,24
2025-09-19,55.0,53.833333333333336,51.0,48.0,54.0,54.0,55.0,15.0,24
2025-09-20,61.0,59.083333333333336,52.0,43.0,51.0,58.0,61.0,21.0,24
2025-09-21,59.0,52.0,44.0,42.0,47.0,57.0,59.0,19.0,24
2025-09-22,45.0,39.416666666666664,44.0,35.0,32.0,45.0,36.0,11.0,24
2025-09-23,57.0,54.625,54.0,40.0,41.0,57.0,55.0,17.0,24
2025-09-24,57.0,54.375,53.0,51.0,57.0,55.0,56.0,17.0,24
2025-09-25,58.0,57.041666666666664,54.0,52.0,58.0,54.0,58.0,18.0,24
2025-09-26,71.0,63.958333333333336,61.0,61.0,69.0,68.0,71.0,30.0,24
2025-09-27,72.0,68.25,62.0,64.0,69.0,70.0,72.0,30.0,24
2025-09-28,67.0,65.0,61.0,60.0,67.0,65.0,64.0,27.0,24
2025-09-29,63.0,51.041666666666664,60.0,58.0,63.0,63.0,63.0,23.0,24
2025-09-30,52.0,38.75,43.0,44.0,45.0,49.0,52.0,13.0,24
2025-10-01,55.0,52.583333333333336,53.0,43.0,46.0,54.0,55.0,16.0,24
2025-10-02,56.0,50.708333333333336,53.0,47.0,54.0,52.0,56.0,17.0,24
2025-10-03,56.0,55.0,54.0,51.0,54.0,55.0,56.0,17.0,24
2025-10-04,54.0,52.041666666666664,52.0,52.0,52.0,48.0,54.0,15.0,24
2025-10-05,58.0,54.916666666666664,54.0,52.0,58.0,56.0,57.0,18.0,24
2025-10-06,63.0,60.25,57.0,53.0,61.0,58.0,63.0,23.0,24
2025-10-07,63.0,60.208333333333336,59.0,53.0,59.0,57.0,63.0,23.0,24
2025-10-08,62.0,59.375,59.0,53.0,59.0,56.0,62.0,21.0,24
2025-10-09,56.0,53.625,52.0,48.0,54.0,53.0,56.0,17.0,24
2025-10-10,53.0,50.958333333333336,51.0,52.0,53.0,51.0,51.0,14.0,24
2025-10-11,60.0,57.375,56.0,55.0,60.0,52.0,56.0,20.0,24
2025-10-12,62.0,60.25,58.0,58.0,61.0,56.0,62.0,22.0,24
2025-10-13,59.0,56.208333333333336,54.0,56.0,58.0,54.0,59.0,19.0,24
2025-10-14,60.0,58.375,53.0,56.0,57.0,59.0,60.0,20.0,24
2025-10-15,59.0,56.75,53.0,49.0,51.0,59.0,55.0,19.0,24
2025-10-16,54.0,52.083333333333336,48.0,49.0,53.0,54.0,53.0,15.0,24
2025-10-17,62.0,56.625,51.0,54.0,58.0,56.0,62.0,22.0,24
2025-10-18,63.0,59.125,53.0,59.0,61.0,56.0,63.0,23.0,24
2025-10-19,53.0,52.625,50.0,52.0,53.0,53.0,52.0,14.0,24
2025-10-20,52.0,45.666666666666664,45.0,46.0,52.0,38.0,45.0,13.0,24
2025-10-21,54.0,46.625,47.0,51.0,54.0,54.0,52.0,15.0,24
2025-10-22,55.0,50.541666666666664,41.0,52.0,55.0,54.0,54.0,15.0,24
2025-10-23,43.0,35.875,34.0,37.0,43.0,24.0,31.0,10.0,24
2025-10-24,39.0,35.916666666666664,36.0,39.0,34.0,28.0,32.0,9.0,24
2025-10-25,39.0,35.541666666666664,32.0,39.0,35.0,31.0,32.0,9.0,24
2025-10-26,53.0,46.833333333333336,44.0,52.0,53.0,41.0,44.0,14.0,24
2025-10-27,54.0,53.666666666666664,53.0,53.0,54.0,53.0,53.0,15.0,24
2025-10-28,66.0,61.625,59.0,61.0,66.0,59.0,59.0,26.0,24
2025-10-29,69.0,64.25,58.0,62.0,69.0,59.0,58.0,28.0,24
2025-10-30,64.0,60.375,56.0,63.0,64.0,56.0,63.0,24.0,24
2025-10-31,66.0,65.16666666666667,59.0,63.0,65.0,63.0,66.0,26.0,24
2025-11-01,66.0,61.166666666666664,57.0,58.0,58.0,63.0,66.0,25.0,24
2025-11-02,58.0,55.458333333333336,55.0,54.0,56.0,56.0,58.0,18.0,24
2025-11-03,57.0,55.291666666666664,52.0,51.0,57.0,56.0,56.0,17.0,24
2025-11-04,66.0,60.416666666666664,56.0,59.0,66.0,57.0,62.0,25.0,24
2025-11-05,65.0,63.833333333333336,56.0,58.0,65.0,57.0,62.0,25.0,24
2025-11-06,65.0,62.916666666666664,57.0,59.0,65.0,56.0,62.0,24.0,24
2025-11-07,59.0,55.666666666666664,54.0,58.0,59.0,53.0,56.0,19.0,24
2025-11-08,58.0,56.375,57.0,57.0,58.0,57.0,57.0,18.0,24
2025-11-09,65.0,62.333333333333336,58.0,62.0,64.0,60.0,65.0,24.0,24
2025-11-10,66.0,60.458333333333336,54.0,63.0,65.0,60.0,66.0,26.0,24
2025-11-11,74.0,59.333333333333336,74.0,57.0,64.0,57.0,61.0,23.0,24
2025-11-12,64.0,59.833333333333336,57.0,59.0,64.0,59.0,63.0,23.0,24
2025-11-13,61.0,58.625,53.0,56.0,61.0,61.0,59.0,21.0,24
2025-11-14,62.0,59.708333333333336,54.0,55.0,59.0,59.0,62.0,22.0,24
2025-11-15,55.0,47.458333333333336,52.0,54.0,54.0,51.0,55.0,16.0,24
2025-11-16,53.0,50.666666666666664,45.0,47.0,53.0,42.0,52.0,14.0,24
2025-11-17,54.0,51.208333333333336,49.0,54.0,54.0,41.0,50.0,14.0,24
2025-11-18,58.0,54.95652173913044,53.0,55.0,55.0,51.0,58.0,18.0,23
2025-11-19,58.0,54.041666666666664,53.0,56.0,56.0,54.0,58.0,18.0,24
2025-11-20,52.0,46.541666666666664,41.0,44.0,48.0,49.0,52.0,13.0,24
2025-11-21,52.0,50.041666666666664,41.0,45.0,52.0,41.0,46.0,13.0,24
2025-11-22,51.0,42.833333333333336,38.0,42.0,51.0,41.0,42.0,12.0,24
2025-11-23,42.0,36.708333333333336,35.0,32.0,42.0,28.0,31.0,10.0,24
2025-11-24,44.0,38.458333333333336,30.0,33.0,44.0,28.0,31.0,11.0,24
2025-11-25,47.0,42.958333333333336,37.0,39.0,47.0,28.0,41.0,11.0,24
2025-11-26,56.0,50.583333333333336,51.0,51.0,56.0,45.0,54.0,16.0,24
2025-11-27,56.0,53.541666666666664,45.0,52.0,56.0,49.0,54.0,16.0,24
2025-11-28,51.0,38.208333333333336,39.0,38.0,39.0,39.0,51.0,12.0,24
2025-11-29,46.0,41.125,44.0,38.0,46.0,31.0,40.0,11.0,24
2025-11-30,114.0,66.83333333333333,114.0,56.0,59.0,57.0,62.0,22.0,24
2025-12-01,69.0,66.0,57.0,60.0,59.0,60.0,69.0,28.0,24
2025-12-02,69.0,63.0,55.0,60.0,59.0,60.0,69.0,28.0,24
2025-12-03,68.0,61.583333333333336,62.0,59.0,66.0,56.0,68.0,27.0,24
2025-12-04,66.0,58.5,55.0,58.0,63.0,57.0,66.0,26.0,24
2025-12-05,55.0,53.958333333333336,45.0,51.0,55.0,46.0,55.0,16.0,24
2025-12-06,55.0,48.25,41.0,51.0,55.0,42.0,55.0,15.0,24
2025-12-07,53.0,49.666666666666664,41.0,51.0,53.0,43.0,45.0,13.0,24
2025-12-08,53.0,50.791666666666664,52.0,52.0,53.0,44.0,52.0,14.0,24
2025-12-09,58.0,56.583333333333336,54.0,58.0,58.0,53.0,56.0,18.0,24
2025-12-10,55.0,51.166666666666664,53.0,54.0,55.0,52.0,54.0,16.0,24
2025-12-11,58.0,52.25,54.0,57.0,58.0,53.0,56.0,19.0,24
2025-12-12,61.0,58.458333333333336,54.0,57.0,61.0,56.0,56.0,21.0,24
2025-12-13,55.0,50.416666666666664,49.0,52.0,55.0,54.0,54.0,16.0,24
2025-12-14,48.0,39.208333333333336,34.0,48.0,40.0,31.0,38.0,10.0,24
2025-12-15,54.0,46.041666666666664,28.0,54.0,35.0,24.0,29.0,8.0,24
2025-12-16,34.0,31.0,27.0,30.0,34.0,24.0,30.0,8.0,24
2025-12-17,31.0,27.833333333333332,24.0,26.0,31.0,24.0,29.0,8.0,24
2025-12-18,26.0,24.791666666666668,24.0,26.0,25.0,19.0,26.0,6.0,24
2025-12-19,41.0,36.0,28.0,41.0,35.0,27.0,36.0,10.0,24
2025-12-20,51.0,43.625,37.0,45.0,51.0,37.0,46.0,12.0,24
2025-12-21,51.0,46.25,36.0,51.0,50.0,38.0,43.0,12.0,24
2025-12-22,44.0,40.416666666666664,36.0,37.0,44.0,28.0,38.0,10.0,24
2025-12-23,52.0,50.416666666666664,49.0,48.0,52.0,45.0,48.0,13.0,24
2025-12-24,53.0,47.333333333333336,49.0,46.0,53.0,45.0,44.0,13.0,24
2025-12-25,49.0,44.666666666666664,36.0,47.0,49.0,36.0,41.0,12.0,24
2025-12-26,48.0,41.833333333333336,36.0,46.0,48.0,36.0,41.0,11.0,24
2025-12-27,40.0,36.791666666666664,27.0,34.0,40.0,31.0,38.0,10.0,24
2025-12-28,38.0,34.458333333333336,28.0,31.0,37.0,28.0,38.0,9.0,24
2025-12-29,30.0,27.583333333333332,28.0,29.0,30.0,23.0,29.0,7.0,24
2025-12-30,52.0,43.875,47.0,52.0,52.0,44.0,52.0,13.0,24
2025-12-31,56.0,55.0,53.0,56.0,56.0,53.0,55.0,17.0,24
2026-01-01,56.0,55.541666666666664,53.0,55.0,55.0,56.0,56.0,17.0,24
2026-01-02,56.0,55.0,53.0,54.0,56.0,55.0,56.0,16.0,24
2026-01-03,58.0,56.625,54.0,55.0,56.0,55.0,58.0,18.0,24
2026-01-04,57.0,55.333333333333336,57.0,55.0,56.0,52.0,55.0,18.0,24
2026-01-05,56.0,52.708333333333336,56.0,54.0,55.0,52.0,54.0,17.0,24
2026-01-06,52.0,49.916666666666664,51.0,49.0,52.0,48.0,52.0,13.0,24
2026-01-07,43.0,36.083333333333336,42.0,36.0,43.0,36.0,40.0,10.0,24
2026-01-08,57.0,53.208333333333336,48.0,53.0,57.0,52.0,55.0,17.0,24
2026-01-09,56.0,55.041666666666664,51.0,53.0,56.0,51.0,56.0,17.0,24
2026-01-10,59.0,58.166666666666664,55.0,54.0,59.0,56.0,59.0,19.0,24
2026-01-11,59.0,57.875,55.0,56.0,59.0,55.0,59.0,19.0,24
2026-01-12,57.0,55.541666666666664,53.0,53.0,54.0,53.0,57.0,17.0,24
2026-01-13,60.0,57.625,54.0,54.0,58.0,55.0,60.0,20.0,24
2026-01-14,60.0,55.791666666666664,54.0,55.0,58.0,55.0,60.0,20.0,24
2026-01-15,62.0,58.625,56.0,54.0,59.0,55.0,62.0,21.0,24
2026-01-16,61.0,58.583333333333336,56.0,54.0,59.0,54.0,61.0,21.0,24
2026-01-17,58.0,57.416666666666664,51.0,51.0,58.0,54.0,58.0,18.0,24
2026-01-18,60.0,59.333333333333336,53.0,53.0,60.0,55.0,59.0,20.0,24
2026-01-19,59.0,55.916666666666664,52.0,53.0,56.0,53.0,59.0,19.0,24
2026-01-20,60.0,59.25,52.0,52.0,60.0,56.0,58.0,20.0,24
2026-01-21,59.0,56.458333333333336,51.0,52.0,59.0,55.0,56.0,19.0,24
2026-01-22,58.0,56.708333333333336,51.0,53.0,58.0,54.0,57.0,18.0,24
2026-01-23,57.0,55.166666666666664,52.0,54.0,55.0,53.0,57.0,17.0,24
2026-01-24,58.0,52.666666666666664,43.0,43.0,58.0,43.0,50.0,18.0,24
2026-01-25,59.0,56.458333333333336,47.0,45.0,59.0,39.0,57.0,19.0,24
2026-01-26,60.0,58.541666666666664,52.0,53.0,57.0,45.0,60.0,20.0,24
2026-01-27,61.0,59.791666666666664,45.0,55.0,61.0,46.0,54.0,21.0,24
2026-01-28,56.0,55.166666666666664,45.0,54.0,56.0,42.0,49.0,17.0,24
2026-01-29,52.0,49.0,43.0,49.0,52.0,45.0,49.0,13.0,24
2026-01-30,53.0,52.333333333333336,36.0,44.0,53.0,48.0,44.0,14.0,24
2026-01-31,53.0,52.875,41.0,47.0,53.0,48.0,51.0,14.0,24
2026-02-01,55.0,54.0,45.0,48.0,55.0,48.0,53.0,15.0,24
2026-02-02,59.0,56.083333333333336,52.0,54.0,54.0,53.0,59.0,19.0,24
2026-02-03,61.0,59.583333333333336,52.0,54.0,61.0,53.0,58.0,21.0,24
2026-02-04,59.0,54.75,47.0,54.0,59.0,44.0,57.0,19.0,24
2026-02-05,54.0,52.25,42.0,42.0,54.0,35.0,47.0,15.0,24
2026-02-06,60.0,58.291666666666664,52.0,51.0,60.0,44.0,51.0,20.0,24
2026-02-07,59.0,56.416666666666664,53.0,54.0,58.0,58.0,59.0,19.0,24
2026-02-08,68.0,64.375,56.0,59.0,63.0,58.0,68.0,27.0,24
2026-02-09,69.0,63.541666666666664,58.0,58.0,63.0,54.0,69.0,28.0,24
2026-02-10,54.0,53.291666666666664,52.0,50.0,54.0,47.0,53.0,15.0,24
2026-02-11,52.0,42.75,42.0,42.0,52.0,39.0,41.0,13.0,24
2026-02-12,48.0,38.458333333333336,40.0,38.0,40.0,41.0,48.0,12.0,24
2026-02-13,54.0,50.416666666666664,44.0,53.0,54.0,41.0,51.0,15.0,24
2026-02-14,59.0,54.958333333333336,51.0,54.0,59.0,42.0,55.0,19.0,24
2026-02-15,60.0,57.083333333333336,49.0,55.0,60.0,38.0,54.0,20.0,24
2026-02-16,41.0,30.875,30.0,36.0,41.0,29.0,38.0,10.0,24
2026-02-17,56.0,51.291666666666664,56.0,39.0,39.0,40.0,53.0,17.0,24
2026-02-18,54.0,29.541666666666668,54.0,34.0,30.0,39.0,52.0,15.0,24
2026-02-19,43.0,38.333333333333336,36.0,35.0,43.0,32.0,37.0,10.0,24
2026-02-20,52.0,40.125,52.0,38.0,47.0,32.0,46.0,13.0,24
2026-02-21,54.0,53.333333333333336,54.0,52.0,53.0,50.0,54.0,15.0,24
2026-02-22,54.0,53.416666666666664,51.0,48.0,54.0,51.0,52.0,15.0,24
2026-02-23,63.0,56.208333333333336,56.0,53.0,60.0,56.0,63.0,22.0,24
2026-02-24,65.0,62.208333333333336,56.0,54.0,62.0,58.0,65.0,25.0,24
2026-02-25,67.0,64.5,57.0,46.0,55.0,67.0,57.0,27.0,24
2026-02-26,64.0,56.416666666666664,55.0,45.0,55.0,64.0,55.0,24.0,24
2026-02-27,58.0,54.708333333333336,58.0,45.0,55.0,45.0,54.0,18.0,24
2026-02-28,65.0,59.5,52.0,54.0,59.0,57.0,65.0,24.0,24
2026-03-01,62.0,60.416666666666664,51.0,53.0,58.0,56.0,62.0,22.0,24
2026-03-02,61.0,59.291666666666664,53.0,48.0,54.0,54.0,61.0,21.0,24
2026-03-03,62.0,59.666666666666664,58.0,54.0,60.0,55.0,62.0,22.0,24
2026-03-04,62.0,59.0,59.0,55.0,59.0,55.0,62.0,21.0,24
2026-03-05,57.0,55.833333333333336,54.0,52.0,56.0,51.0,57.0,17.0,24
2026-03-06,56.0,54.333333333333336,51.0,46.0,55.0,52.0,56.0,16.0,24
2026-03-07,52.0,50.875,45.0,35.0,52.0,50.0,52.0,13.0,24
2026-03-08,54.0,53.375,50.0,41.0,54.0,47.0,53.0,15.0,24
2026-03-09,57.0,55.25,53.0,54.0,54.0,54.0,57.0,18.0,24
2026-03-10,59.0,58.291666666666664,54.0,53.0,59.0,55.0,57.0,19.0,24
2026-03-11,59.0,57.375,52.0,52.0,59.0,55.0,58.0,19.0,24
2026-03-12,60.0,58.625,52.0,53.0,60.0,54.0,59.0,20.0,24
2026-03-13,56.0,53.666666666666664,52.0,47.0,55.0,51.0,56.0,17.0,24
2026-03-14,52.0,49.083333333333336,45.0,47.0,48.0,47.0,52.0,13.0,24
2026-03-15,54.0,52.416666666666664,51.0,47.0,54.0,47.0,53.0,15.0,24
2026-03-16,60.0,58.291666666666664,52.0,51.0,60.0,54.0,57.0,20.0,24
2026-03-17,61.0,58.833333333333336,54.0,50.0,56.0,54.0,61.0,21.0,24
2026-03-18,62.0,60.458333333333336,54.0,51.0,51.0,55.0,62.0,22.0,24
2026-03-19,66.0,63.208333333333336,53.0,51.0,52.0,54.0,66.0,25.0,24
2026-03-20,65.0,59.541666666666664,52.0,50.0,57.0,53.0,65.0,24.0,24
2026-03-21,60.0,59.291666666666664,55.0,53.0,58.0,52.0,60.0,20.0,24
2026-03-22,62.0,59.916666666666664,54.0,52.0,62.0,49.0,56.0,22.0,24
2026-03-23,63.0,59.791666666666664,43.0,52.0,63.0,40.0,54.0,23.0,24
2026-03-24,71.0,67.375,43.0,53.0,71.0,48.0,57.0,30.0,24
2026-03-25,71.0,66.70833333333333,45.0,56.0,71.0,47.0,59.0,30.0,24
2026-03-26,65.0,62.708333333333336,50.0,55.0,65.0,51.0,63.0,25.0,24
2026-03-27,66.0,63.791666666666664,55.0,57.0,62.0,55.0,66.0,25.0,24
2026-03-28,64.0,62.625,58.0,54.0,55.0,59.0,64.0,24.0,24
2026-03-29,63.0,62.125,57.0,52.0,51.0,57.0,63.0,23.0,24
2026-03-30,73.0,67.79166666666667,62.0,58.0,59.0,64.0,73.0,32.0,24
2026-03-31,76.0,72.41666666666667,62.0,58.0,64.0,65.0,76.0,34.0,24
2026-04-01,66.0,61.0,56.0,52.0,58.0,57.0,66.0,25.0,24
2026-04-02,65.0,62.916666666666664,50.0,56.0,60.0,59.0,65.0,25.0,24
2026-04-03,65.0,63.666666666666664,51.0,55.0,61.0,60.0,65.0,24.0,24
2026-04-04,63.0,62.625,52.0,52.0,56.0,57.0,63.0,23.0,24
2026-04-05,71.0,66.41666666666667,56.0,53.0,60.0,65.0,71.0,29.0,24
2026-04-06,70.0,61.958333333333336,56.0,50.0,58.0,66.0,70.0,29.0,24
2026-04-07,62.0,57.5,55.0,47.0,51.0,58.0,62.0,22.0,24
2026-04-08,72.0,65.45833333333333,59.0,58.0,67.0,60.0,72.0,30.0,24
2026-04-09,70.0,64.75,60.0,57.0,67.0,57.0,70.0,29.0,24
2026-04-10,67.0,65.625,60.0,57.0,63.0,60.0,67.0,27.0,24
2026-04-11,64.0,62.875,56.0,54.0,60.0,55.0,64.0,24.0,24
2026-04-12,64.0,60.916666666666664,55.0,44.0,55.0,56.0,64.0,23.0,24
2026-04-13,56.0,54.333333333333336,48.0,37.0,48.0,55.0,56.0,16.0,24
2026-04-14,57.0,52.5,51.0,41.0,54.0,51.0,57.0,17.0,24
2026-04-15,60.0,58.541666666666664,54.0,49.0,58.0,54.0,60.0,20.0,24
2026-04-16,58.0,56.5,54.0,40.0,54.0,56.0,58.0,18.0,24
2026-04-17,57.0,49.166666666666664,52.0,36.0,46.0,55.0,57.0,17.0,24
2026-04-18,55.0,53.5,47.0,37.0,49.0,55.0,54.0,16.0,24
2026-04-19,60.0,58.541666666666664,53.0,41.0,54.0,57.0,60.0,20.0,24
2026-04-20,59.0,56.25,48.0,43.0,55.0,56.0,59.0,19.0,24
2026-04-21,55.0,52.458333333333336,34.0,41.0,52.0,38.0,55.0,15.0,24
2026-04-22,80.0,58.791666666666664,80.0,52.0,63.0,54.0,66.0,25.0,24
2026-04-23,66.0,62.166666666666664,54.0,52.0,63.0,57.0,66.0,26.0,24
2026-04-24,57.0,53.666666666666664,54.0,43.0,57.0,54.0,54.0,17.0,24
2026-04-25,56.0,54.708333333333336,51.0,36.0,51.0,52.0,56.0,17.0,24
2026-04-26,56.0,53.25,41.0,40.0,54.0,49.0,56.0,17.0,24
2026-04-27,60.0,58.458333333333336,51.0,48.0,56.0,43.0,60.0,20.0,24
2026-04-28,56.0,55.0,52.0,43.0,56.0,53.0,55.0,16.0,24
2026-04-29,56.0,55.25,52.0,43.0,56.0,55.0,56.0,17.0,24
2026-04-30,57.0,55.875,52.0,48.0,56.0,57.0,57.0,18.0,24
2026-05-01,58.0,56.916666666666664,48.0,54.0,56.0,58.0,58.0,18.0,24
2026-05-02,56.0,54.208333333333336,47.0,53.0,54.0,52.0,56.0,17.0,24
2026-05-03,54.0,53.416666666666664,52.0,47.0,53.0,52.0,54.0,15.0,24
2026-05-04,65.0,56.791666666666664,56.0,53.0,60.0,48.0,65.0,24.0,24
2026-05-05,70.0,68.41666666666667,56.0,63.0,65.0,54.0,70.0,29.0,24
2026-05-06,66.0,60.875,55.0,62.0,61.0,60.0,66.0,25.0,24
2026-05-07,70.0,67.25,59.0,62.0,68.0,62.0,70.0,29.0,24
2026-05-08,64.0,57.5,55.0,59.0,60.0,56.0,64.0,23.0,24
2026-05-09,53.0,43.708333333333336,41.0,45.0,40.0,48.0,53.0,14.0,24
2026-05-10,53.0,50.791666666666664,51.0,47.0,49.0,42.0,53.0,14.0,24
2026-05-11,61.0,56.416666666666664,54.0,43.0,55.0,53.0,61.0,21.0,24
2026-05-12,63.0,61.041666666666664,56.0,43.0,55.0,53.0,63.0,23.0,24
2026-05-13,56.0,45.458333333333336,53.0,41.0,38.0,52.0,56.0,17.0,24
2026-05-14,48.0,42.25,43.0,34.0,37.0,34.0,48.0,12.0,24
2026-05-15,54.0,51.333333333333336,53.0,41.0,54.0,51.0,53.0,14.0,24
2026-05-16,53.0,41.083333333333336,51.0,44.0,53.0,46.0,52.0,14.0,24
2026-05-17,59.0,46.25,59.0,25.0,52.0,37.0,52.0,13.0,24
2026-05-18,67.0,61.166666666666664,57.0,55.0,56.0,60.0,67.0,26.0,24
2026-05-19,66.0,63.958333333333336,58.0,60.0,57.0,60.0,66.0,25.0,24
2026-05-20,63.0,56.791666666666664,57.0,53.0,56.0,55.0,63.0,23.0,24
2026-05-21,54.0,53.125,51.0,52.0,53.0,54.0,54.0,15.0,24
2026-05-22,58.0,53.541666666666664,54.0,54.0,55.0,46.0,58.0,18.0,24
2026-05-23,65.0,62.791666666666664,57.0,55.0,62.0,64.0,65.0,25.0,24
2026-05-24,74.0,65.95833333333333,74.0,63.0,66.0,64.0,67.0,26.0,24
2026-05-25,71.0,67.58333333333333,56.0,64.0,66.0,60.0,71.0,30.0,24
2026-05-26,72.0,70.25,60.0,63.0,68.0,66.0,72.0,31.0,24
2026-05-27,70.0,68.625,61.0,62.0,62.0,61.0,70.0,29.0,24
2026-05-28,67.0,59.125,57.0,57.0,61.0,55.0,67.0,26.0,24
2026-05-29,60.0,58.125,53.0,55.0,57.0,52.0,60.0,20.0,24
2026-05-30,57.0,52.416666666666664,52.0,54.0,55.0,48.0,57.0,18.0,24
2026-05-31,60.0,55.708333333333336,52.0,57.0,55.0,51.0,60.0,20.0,24
2026-06-01,65.0,62.541666666666664,54.0,62.0,60.0,57.0,65.0,24.0,24
2026-06-02,60.0,56.083333333333336,51.0,60.0,57.0,57.0,58.0,20.0,24
2026-06-03,64.0,62.0,54.0,63.0,61.0,61.0,64.0,24.0,24
2026-06-04,63.0,59.75,54.0,60.0,61.0,57.0,63.0,23.0,24
2026-06-05,65.0,63.375,54.0,62.0,61.0,55.0,65.0,24.0,24
2026-06-06,60.0,54.958333333333336,51.0,57.0,56.0,53.0,60.0,20.0,24
2026-06-07,52.0,46.291666666666664,45.0,50.0,49.0,40.0,52.0,13.0,24
2026-06-08,46.0,36.458333333333336,35.0,37.0,34.0,35.0,46.0,11.0,24
2026-06-09,54.0,47.875,51.0,49.0,52.0,43.0,54.0,15.0,24
2026-06-10,57.0,55.041666666666664,52.0,53.0,55.0,52.0,57.0,17.0,24
2026-06-11,53.0,52.166666666666664,46.0,46.0,53.0,42.0,53.0,14.0,24
2026-06-12,61.0,57.958333333333336,53.0,54.0,60.0,53.0,61.0,21.0,24
2026-06-13,69.0,62.458333333333336,59.0,57.0,63.0,55.0,69.0,28.0,24
2026-06-14,70.0,64.79166666666667,59.0,57.0,63.0,54.0,70.0,29.0,24
2026-06-15,61.0,58.833333333333336,53.0,52.0,57.0,53.0,61.0,21.0,24
2026-06-16,60.0,52.916666666666664,53.0,51.0,56.0,47.0,60.0,20.0,24
2026-06-17,46.0,41.333333333333336,37.0,36.0,33.0,34.0,46.0,11.0,24
2026-06-18,53.0,49.0,50.0,46.0,48.0,46.0,53.0,14.0,24
2026-06-19,52.0,42.416666666666664,50.0,44.0,48.0,44.0,52.0,13.0,24
2026-06-20,53.0,46.041666666666664,42.0,36.0,52.0,40.0,53.0,14.0,24
2026-06-21,52.0,46.875,44.0,36.0,52.0,37.0,52.0,13.0,24
2026-06-22,53.0,51.541666666666664,49.0,34.0,51.0,29.0,53.0,13.0,24
2026-06-23,57.0,54.083333333333336,50.0,38.0,54.0,46.0,57.0,17.0,24
2026-06-24,56.0,54.625,51.0,41.0,52.0,45.0,56.0,17.0,24
2026-06-25,55.0,53.708333333333336,49.0,42.0,53.0,39.0,55.0,15.0,24
2026-06-26,52.0,51.083333333333336,47.0,40.0,52.0,38.0,52.0,13.0,24
2026-06-27,51.0,45.541666666666664,46.0,41.0,50.0,38.0,51.0,12.0,24
2026-06-28,48.0,45.375,44.0,35.0,48.0,46.0,48.0,11.0,24
2026-06-29,51.0,47.333333333333336,42.0,39.0,51.0,42.0,45.0,12.0,24
2026-06-30,42.0,40.041666666666664,42.0,37.0,42.0,35.0,42.0,10.0,24
2026-07-01,59.0,51.583333333333336,53.0,48.0,54.0,54.0,59.0,19.0,24
2026-07-02,62.0,60.291666666666664,54.0,53.0,58.0,60.0,62.0,22.0,24
2026-07-03,71.0,62.458333333333336,61.0,58.0,66.0,65.0,71.0,30.0,24
2026-07-04,73.0,67.33333333333333,61.0,59.0,65.0,68.0,73.0,31.0,24
2026-07-05,60.0,56.916666666666664,48.0,54.0,54.0,59.0,60.0,20.0,24
2026-07-06,55.0,54.583333333333336,54.0,53.0,54.0,55.0,55.0,16.0,24
2026-07-07,59.0,54.625,53.0,52.0,54.0,59.0,57.0,19.0,24
2026-07-08,60.0,59.208333333333336,54.0,53.0,59.0,60.0,60.0,20.0,24
2026-07-09,66.0,62.75,58.0,57.0,63.0,66.0,65.0,25.0,24
2026-07-10,64.0,59.041666666666664,57.0,55.0,61.0,61.0,64.0,23.0,24
2026-07-11,71.0,68.375,61.0,63.0,66.0,67.0,71.0,30.0,24
2026-07-12,71.0,68.25,59.0,61.0,67.0,65.0,71.0,30.0,24
2026-07-13,75.0,73.45833333333333,62.0,61.0,68.0,65.0,75.0,33.0,24
2026-07-14,72.0,68.25,61.0,60.0,65.0,64.0,72.0,31.0,24
2026-07-15,65.0,61.333333333333336,57.0,54.0,60.0,62.0,65.0,24.0,24
2026-07-16,60.0,59.25,57.0,51.0,60.0,56.0,59.0,20.0,24
2026-07-17,61.0,58.75,54.0,52.0,61.0,55.0,60.0,21.0,24
2026-07-18,57.0,55.666666666666664,51.0,52.0,53.0,54.0,57.0,17.0,24
2026-07-19,58.0,56.375,55.0,52.0,56.0,55.0,58.0,18.0,24
2026-07-20,63.0,61.166666666666664,55.0,56.0,60.0,60.0,63.0,22.0,24
2026-07-21,68.0,66.0,58.0,57.0,62.0,64.0,68.0,27.0,24
2026-07-22,68.0,64.66666666666667,58.0,57.0,62.0,63.0,68.0,27.0,24
2026-07-23,62.0,60.0,53.0,52.0,58.0,58.0,62.0,22.0,24
2026-07-24,70.0,67.58333333333333,59.0,60.0,65.0,63.0,70.0,29.0,24
2026-07-25,66.0,63.166666666666664,57.0,60.0,61.0,61.0,66.0,25.0,24
2026-07-26,64.0,63.708333333333336,55.0,55.0,59.0,58.0,64.0,24.0,24
2026-07-27,69.0,63.416666666666664,56.0,60.0,61.0,60.0,69.0,28.0,24
2026-07-28,70.0,67.66666666666667,57.0,60.0,61.0,62.0,70.0,29.0,24
2026-07-29,62.0,60.25,55.0,52.0,57.0,57.0,62.0,22.0,24
2026-07-30,60.0,59.166666666666664,53.0,53.0,56.0,57.0,60.0,20.0,24
2026-07-31,59.0,57.541666666666664,53.0,53.0,54.0,55.0,59.0,19.0,24
2026-08-01,62.0,60.791666666666664,56.0,56.0,57.0,56.0,62.0,22.0,24
2026-08-02,61.0,60.75,56.0,55.0,58.0,59.0,61.0,21.0,24
2026-08-03,67.0,63.583333333333336,56.0,56.0,59.0,62.0,67.0,26.0,24
2026-08-04,67.0,63.708333333333336,56.0,56.0,60.0,62.0,67.0,26.0,24
2026-08-05,62.0,60.0,55.0,55.0,59.0,59.0,62.0,22.0,24
2026-08-06,74.0,69.54166666666667,59.0,62.0,67.0,66.0,74.0,33.0,24
2026-08-07,74.0,67.25,58.0,62.0,67.0,66.0,74.0,32.0,24
2026-08-08,71.0,65.83333333333333,60.0,59.0,63.0,61.0,71.0,30.0,24
2026-08-09,81.0,76.54166666666667,65.0,64.0,71.0,71.0,81.0,38.0,24
2026-08-10,80.0,72.125,64.0,61.0,72.0,74.0,80.0,37.0,24
2026-08-11,80.0,79.45833333333333,65.0,62.0,72.0,74.0,80.0,38.0,24
2026-08-12,78.0,75.5,62.0,62.0,69.0,71.0,78.0,36.0,24
2026-08-13,77.0,74.79166666666667,63.0,63.0,68.0,69.0,77.0,35.0,24
2026-08-14,77.0,76.375,63.0,66.0,70.0,67.0,77.0,35.0,24
2026-08-15,81.0,78.91666666666667,63.0,68.0,69.0,70.0,81.0,39.0,24
2026-08-16,78.0,74.5,61.0,63.0,67.0,68.0,78.0,36.0,24
2026-08-17,73.0,70.875,60.0,61.0,65.0,66.0,73.0,32.0,24
2026-08-18,72.0,69.16666666666667,59.0,60.0,65.0,63.0,72.0,30.0,24
2026-08-19,75.0,74.08333333333333,61.0,62.0,67.0,65.0,75.0,34.0,24
2026-08-20,76.0,71.875,63.0,60.0,68.0,65.0,76.0,34.0,24
2026-08-21,74.0,70.54166666666667,60.0,63.0,64.0,64.0,74.0,32.0,24
2026-08-22,80.0,76.70833333333333,62.0,67.0,70.0,70.0,80.0,38.0,24
2026-08-23,82.0,79.375,64.0,66.0,71.0,71.0,82.0,39.0,24
2026-08-24,98.0,88.33333333333333,72.0,75.0,87.0,79.0,98.0,54.0,24
2026-08-25,99.0,94.33333333333333,71.0,74.0,87.0,80.0,99.0,54.0,24
2026-08-26,89.0,78.41666666666667,65.0,73.0,74.0,73.0,89.0,46.0,24
2026-08-27,75.0,66.58333333333333,63.0,63.0,66.0,68.0,75.0,33.0,24
2026-08-28,79.0,76.25,63.0,67.0,67.0,70.0,79.0,37.0,24
2026-08-29,84.0,80.95833333333333,63.0,71.0,71.0,72.0,84.0,41.0,24
2026-08-30,78.0,74.04166666666667,63.0,67.0,68.0,68.0,78.0,36.0,24
2026-08-31,69.0,65.375,58.0,62.0,64.0,64.0,69.0,28.0,24
2026-09-01,76.0,68.125,62.0,62.0,66.0,68.0,76.0,34.0,24
2026-09-02,77.0,74.54166666666667,62.0,65.0,68.0,69.0,77.0,35.0,24
2026-09-03,88.0,79.83333333333333,69.0,72.0,76.0,80.0,88.0,45.0,24
2026-09-04,123.0,105.70833333333333,88.0,87.0,104.0,99.0,123.0,76.0,24
2026-09-05,123.0,111.83333333333333,87.0,88.0,104.0,103.0,123.0,76.0,24
2026-09-06,93.0,87.70833333333333,75.0,79.0,91.0,86.0,93.0,49.0,24
2026-09-07,98.0,90.125,74.0,81.0,93.0,90.0,98.0,53.0,24
2026-09-08,83.0,72.41666666666667,66.0,69.0,75.0,76.0,83.0,40.0,24
2026-09-09,102.0,93.70833333333333,76.0,81.0,83.0,87.0,102.0,56.0,24
2026-09-10,106.0,103.75,77.0,80.0,87.0,87.0,106.0,60.0,24
2026-09-11,99.0,93.04166666666667,76.0,77.0,86.0,85.0,99.0,55.0,24
2026-09-12,82.0,78.125,70.0,72.0,80.0,79.0,82.0,39.0,24
2026-09-13,84.0,80.79166666666667,69.0,71.0,80.0,75.0,84.0,41.0,24
2026-09-14,141.0,103.54166666666667,97.0,106.0,121.0,117.0,141.0,93.0,24
2026-09-15,154.0,139.95833333333334,104.0,111.0,128.0,128.0,154.0,106.0,24
2026-09-16,112.0,97.41666666666667,83.0,80.0,93.0,96.0,112.0,66.0,24
2026-09-17,103.0,90.16666666666667,75.0,70.0,81.0,95.0,103.0,58.0,24
2026-09-18,102.0,90.58333333333333,74.0,70.0,80.0,93.0,102.0,56.0,24
2026-09-19,113.0,94.5,84.0,82.0,97.0,96.0,113.0,67.0,24
2026-09-20,123.0,110.70833333333333,85.0,89.0,102.0,106.0,123.0,77.0,24
2026-09-21,93.0,84.375,68.0,70.0,73.0,90.0,93.0,49.0,24
2026-09-22,84.0,79.45833333333333,65.0,69.0,74.0,77.0,84.0,41.0,24
2026-09-23,73.0,62.708333333333336,62.0,62.0,70.0,73.0,67.0,31.0,24
2026-09-24,84.0,78.79166666666667,68.0,69.0,79.0,84.0,78.0,41.0,24
2026-09-25,81.0,76.625,64.0,63.0,72.0,77.0,81.0,39.0,24
2026-09-26,115.0,90.625,80.0,84.0,99.0,97.0,115.0,69.0,24
2026-09-27,132.0,123.875,92.0,97.0,119.0,106.0,132.0,85.0,24
2026-09-28,117.0,86.91666666666667,79.0,111.0,98.0,107.0,117.0,71.0,24
2026-09-29,167.0,151.29166666666666,109.0,133.0,139.0,150.0,167.0,119.0,24
2026-09-30,138.0,117.58333333333333,104.0,112.0,128.0,135.0,138.0,91.0,24
2026-10-01,96.0,80.33333333333333,79.0,89.0,95.0,96.0,96.0,52.0,24
2026-10-02,91.0,78.04166666666667,71.0,77.0,80.0,80.0,91.0,47.0,24
2026-10-03,105.0,99.54166666666667,79.0,87.0,96.0,94.0,105.0,60.0,24
2026-10-04,103.0,98.875,79.0,83.0,94.0,89.0,103.0,57.0,24
2026-10-05,134.0,116.04166666666667,106.0,104.0,112.0,127.0,134.0,87.0,24
2026-10-06,136.0,131.91666666666666,111.0,103.0,119.0,125.0,136.0,89.0,24
2026-10-07,150.0,134.25,109.0,120.0,132.0,150.0,144.0,103.0,24
2026-10-08,162.0,152.20833333333334,114.0,124.0,133.0,162.0,148.0,114.0,24
